datetime,open,high,low,close,volume
2026-10-05 20:14:00,4139.00712,4139.118,4138.90154,4138.92169,0.0
2026-10-05 20:15:00,4138.97221,4139.00367,4138.90154,4139.00367,0.0
2026-10-05 20:16:00,4138.9313,4139.18633,4138.90154,4139.13188,0.0
2026-10-05 20:17:00,4139.01478,4139.11886,4139.01478,4139.10559,0.0
2026-10-05 20:18:00,4139.05805,4139.20725,4139.05805,4139.18525,0.0
2026-10-05 20:19:00,4139.07562,4139.24417,4139.07285,4139.21313,0.0
2026-10-05 20:20:00,4139.13672,4139.13672,4138.90154,4138.9487,0.0
2026-10-05 20:21:00,4138.95905,4140.17181,4138.00991,4138.32968,0.0
2026-10-05 20:22:00,4139.10072,4141.27322,4139.10072,4140.8278,0.0
2026-10-05 20:23:00,4140.18816,4141.98733,4140.18816,4141.77681,0.0
2026-10-05 20:24:00,4141.32401,4141.32401,4141.1035,4141.12438,0.0
2026-10-05 20:25:00,4141.14344,4141.14344,4140.78675,4140.87282,0.0
2026-10-05 20:26:00,4140.93539,4141.41923,4140.68526,4141.25252,0.0
2026-10-05 20:27:00,4141.02016,4141.58868,4140.84018,4141.49677,0.0
2026-10-05 20:28:00,4141.30085,4141.30085,4140.78675,4140.81743,0.0
2026-10-05 20:29:00,4140.88938,4141.32563,4140.78675,4141.17779,0.0
2026-10-05 20:30:00,4140.84598,4141.64423,4140.84598,4141.54941,0.0
2026-10-05 20:31:00,4141.32389,4141.32389,4140.56231,4140.67079,0.0
2026-10-05 20:32:00,4140.83841,4140.83841,4140.44386,4140.48812,0.0
2026-10-05 20:33:00,4140.54555,4140.54555,4139.94428,4140.14063,0.0
2026-10-05 20:34:00,4140.49239,4140.49239,4139.58687,4139.70155,0.0
2026-10-05 20:35:00,4139.88959,4139.88959,4139.46758,4139.56534,0.0
2026-10-05 20:36:00,4139.71363,4139.71363,4139.14267,4139.25085,0.0
2026-10-05 20:37:00,4139.41607,4139.41607,4138.90154,4138.96311,0.0
2026-10-05 20:38:00,4139.05404,4139.50354,4139.05404,4139.40306,0.0
2026-10-05 20:39:00,4139.10446,4139.58687,4139.10446,4139.53305,0.0
2026-10-05 20:40:00,4139.44418,4139.67005,4139.41551,4139.60756,0.0
2026-10-05 20:41:00,4139.33602,4140.58044,4138.95811,4140.27523,0.0
2026-10-05 20:42:00,4139.78273,4140.6153,4139.78273,4140.55673,0.0
2026-10-05 20:43:00,4140.40345,4140.40345,4140.07327,4140.14424,0.0
2026-10-05 20:44:00,4140.24561,4140.24561,4139.75824,4139.84298,0.0
2026-10-05 20:45:00,4139.96563,4140.61278,4139.92603,4140.41257,0.0
2026-10-05 20:46:00,4139.87841,4141.70539,4139.72505,4141.2913,0.0
2026-10-05 20:47:00,4140.71231,4141.98733,4140.71231,4141.85921,0.0
2026-10-05 20:48:00,4141.5499,4142.60882,4140.94742,4142.26572,0.0
2026-10-05 20:49:00,4141.47182,4143.16053,4141.47182,4142.90804,0.0
2026-10-05 20:50:00,4142.58108,4143.55282,4142.4963,4143.40279,0.0
2026-10-05 20:51:00,4143.12468,4143.12468,4142.09019,4142.24723,0.0
2026-10-05 20:52:00,4142.45458,4142.45458,4141.64423,4141.76973,0.0
2026-10-05 20:53:00,4141.86656,4142.15889,4141.86656,4142.13824,0.0
2026-10-05 20:54:00,4142.05506,4142.18164,4141.28784,4141.4809,0.0
2026-10-05 20:55:00,4141.82577,4141.87685,4140.98058,4141.09958,0.0
2026-10-05 20:56:00,4141.4125,4141.81577,4141.4125,4141.80036,0.0
2026-10-05 20:57:00,4141.68352,4141.81577,4141.46359,4141.79612,0.0
2026-10-05 20:58:00,4141.70258,4141.88968,4140.63334,4140.90249,0.0
2026-10-05 20:59:00,4141.4343,4141.4343,4140.44386,4140.51403,0.0
2026-10-05 21:00:00,4140.60736,4140.61794,4140.00657,4140.15235,0.0
2026-10-05 21:01:00,4140.38375,4140.42459,4139.87685,4139.93802,0.0
2026-10-05 21:02:00,4140.09054,4140.3553,4140.07422,4140.33977,0.0
2026-10-05 21:03:00,4140.26006,4140.26006,4140.08377,4140.09077,0.0
2026-10-05 21:04:00,4140.08712,4140.08712,4139.92962,4139.94977,0.0
2026-10-05 21:05:00,4139.9475,4140.07219,4139.92962,4140.05772,0.0
2026-10-05 21:06:00,4139.98763,4140.09264,4139.92962,4140.05855,0.0
2026-10-05 21:07:00,4139.99593,4140.08221,4139.92962,4140.08221,0.0
2026-10-05 21:08:00,4140.01067,4140.1371,4139.92962,4139.93838,0.0
2026-10-05 21:09:00,4139.98056,4140.07903,4139.92962,4140.07903,0.0
2026-10-05 21:10:00,4139.97629,4140.26959,4139.97629,4140.17766,0.0
2026-10-05 21:11:00,4140.04516,4140.18592,4139.92996,4140.18042,0.0
2026-10-05 21:12:00,4140.10096,4140.16567,4139.92962,4139.94556,0.0
2026-10-05 21:13:00,4139.98862,4140.05226,4139.92962,4140.05226,0.0
2026-10-05 21:14:00,4139.99288,4140.15091,4139.92962,4140.10444,0.0
2026-10-05 21:15:00,4139.99568,4140.10102,4139.92962,4140.08526,0.0
2026-10-05 21:16:00,4140.03088,4140.03088,4139.92962,4139.96249,0.0
2026-10-05 21:17:00,4139.96844,4140.07118,4139.92962,4139.93436,0.0
2026-10-05 21:18:00,4139.9543,4140.04231,4139.90357,4140.04231,0.0
2026-10-05 21:19:00,4139.96455,4140.07788,4139.89563,4139.89563,0.0
2026-10-05 21:20:00,4139.92183,4140.00391,4139.82566,4140.00391,0.0
2026-10-05 21:21:00,4139.91625,4140.09191,4139.856,4139.856,0.0
2026-10-05 21:22:00,4139.88754,4139.98559,4139.85779,4139.98559,0.0
2026-10-05 21:23:00,4139.90455,4140.08613,4139.9006,4140.02424,0.0
2026-10-05 21:24:00,4139.91399,4139.97669,4139.87529,4139.97669,0.0
2026-10-05 21:25:00,4139.92898,4139.99976,4139.87573,4139.88884,0.0
2026-10-05 21:26:00,4139.8816,4139.93277,4139.8816,4139.92554,0.0
2026-10-05 21:27:00,4139.89711,4139.97004,4139.89274,4139.9593,0.0
2026-10-05 21:28:00,4139.86045,4140.03137,4139.86045,4139.99399,0.0
2026-10-05 21:29:00,4139.93508,4139.98063,4139.8047,4139.98063,0.0
2026-10-05 21:30:00,4139.90115,4140.05735,4139.75824,4139.77678,0.0
2026-10-05 21:31:00,4139.84975,4139.96879,4139.84975,4139.96879,0.0
2026-10-05 21:32:00,4139.86204,4140.11937,4139.86204,4140.0627,0.0
2026-10-05 21:33:00,4139.97043,4140.00949,4139.88246,4140.00949,0.0
2026-10-05 21:34:00,4139.94426,4140.01223,4139.92806,4139.92806,0.0
2026-10-05 21:35:00,4139.91626,4139.9522,4139.89954,4139.90234,0.0
2026-10-05 21:36:00,4139.87649,4139.98251,4139.87649,4139.98251,0.0
2026-10-05 21:37:00,4139.93679,4139.93679,4139.89863,4139.89863,0.0
2026-10-05 21:38:00,4139.88876,4139.92962,4139.75824,4139.80336,0.0
2026-10-05 21:39:00,4139.8035,4140.09151,4139.75824,4139.99756,0.0
2026-10-05 21:40:00,4139.867,4140.02956,4139.85708,4140.02956,0.0
2026-10-05 21:41:00,4139.94127,4140.08838,4139.88344,4139.88344,0.0
2026-10-05 21:42:00,4139.91049,4139.98428,4139.88526,4139.98428,0.0
2026-10-05 21:43:00,4139.89544,4140.0698,4139.89544,4140.02253,0.0
2026-10-05 21:44:00,4139.93852,4140.01879,4139.72732,4140.0013,0.0
2026-10-05 21:45:00,4139.9223,4139.9223,4139.58687,4139.64856,0.0
2026-10-05 21:46:00,4139.74583,4139.8024,4139.74583,4139.8024,0.0
2026-10-05 21:47:00,4139.7768,4139.88254,4139.75824,4139.86099,0.0
2026-10-05 21:48:00,4139.75527,4139.9797,4139.75527,4139.92308,0.0
2026-10-05 21:49:00,4139.83616,4139.94832,4139.83616,4139.94832,0.0
2026-10-05 21:50:00,4139.8592,4140.051,4139.84078,4139.84078,0.0
2026-10-05 21:51:00,4139.87237,4139.96855,4139.81707,4139.96855,0.0
2026-10-05 21:52:00,4139.87615,4140.05205,4139.85436,4139.85436,0.0
2026-10-05 21:53:00,4139.87639,4139.9424,4139.82023,4139.9424,0.0
2026-10-05 21:54:00,4139.86792,4140.02717,4139.86001,4139.97276,0.0
2026-10-05 21:55:00,4139.86882,4139.92962,4139.86882,4139.92563,0.0
2026-10-05 21:56:00,4139.8782,4139.95822,4139.8782,4139.94465,0.0
2026-10-05 21:57:00,4139.8782,4139.9607,4139.8782,4139.93276,0.0
2026-10-05 21:58:00,4139.8782,4139.95312,4139.8782,4139.95312,0.0
2026-10-05 21:59:00,4139.8782,4140.55771,4139.46663,4139.59984,0.0
2026-10-05 22:00:00,4139.98399,4143.39786,4139.98399,4142.34129,0.0
2026-10-05 22:01:00,4140.99562,4144.73412,4140.99562,4144.32062,0.0
2026-10-05 22:02:00,4143.598,4143.598,4142.50207,4142.58334,0.0
2026-10-05 22:03:00,4142.75548,4143.46434,4142.67368,4143.2206,0.0
2026-10-05 22:04:00,4142.67013,4144.09827,4142.67013,4143.91858,0.0
2026-10-05 22:05:00,4143.48127,4144.21881,4143.48127,4144.13797,0.0
2026-10-05 22:06:00,4143.99316,4144.04708,4143.87535,4144.04499,0.0
2026-10-05 22:07:00,4143.95696,4143.95696,4143.58873,4143.71033,0.0
2026-10-05 22:08:00,4143.8724,4143.8724,4143.1886,4143.29855,0.0
2026-10-05 22:09:00,4143.43856,4143.43856,4143.1886,4143.2189,0.0
2026-10-05 22:10:00,4143.27635,4143.31033,4142.96863,4143.06936,0.0
2026-10-05 22:11:00,4143.19244,4143.19244,4142.76988,4142.84849,0.0
2026-10-05 22:12:00,4142.93975,4142.93975,4142.33048,4142.45246,0.0
2026-10-05 22:13:00,4142.55921,4143.04986,4142.55921,4142.92749,0.0
2026-10-05 22:14:00,4142.74584,4142.93178,4142.74584,4142.93178,0.0
2026-10-05 22:15:00,4142.85591,4143.0869,4142.84531,4143.038,0.0
2026-10-05 22:16:00,4142.93558,4143.01694,4142.93558,4143.00514,0.0
2026-10-05 22:17:00,4142.95174,4143.24131,4142.84531,4143.15669,0.0
2026-10-05 22:18:00,4142.91119,4143.61388,4142.91119,4143.45233,0.0
2026-10-05 22:19:00,4143.23505,4143.76301,4143.16236,4143.69767,0.0
2026-10-05 22:20:00,4143.5382,4143.5382,4142.95808,4143.03951,0.0
2026-10-05 22:21:00,4143.13792,4143.13792,4142.50207,4142.63037,0.0
2026-10-05 22:22:00,4142.81787,4143.01385,4142.3104,4142.39279,0.0
2026-10-05 22:23:00,4142.62718,4143.01694,4142.62718,4142.98383,0.0
2026-10-05 22:24:00,4142.83522,4143.42681,4142.44917,4143.22667,0.0
2026-10-05 22:25:00,4142.87355,4143.53195,4142.87355,4143.44557,0.0
2026-10-05 22:26:00,4143.25585,4143.36656,4143.25585,4143.36656,0.0
2026-10-05 22:27:00,4143.32525,4143.32525,4143.17717,4143.19663,0.0
2026-10-05 22:28:00,4143.2152,4143.24513,4142.73286,4142.8747,0.0
2026-10-05 22:29:00,4143.11082,4143.11082,4142.50207,4142.57369,0.0
2026-10-05 22:30:00,4142.73914,4143.24779,4142.73914,4143.14253,0.0
2026-10-05 22:31:00,4142.76986,4143.53195,4142.76986,4143.43163,0.0
2026-10-05 22:32:00,4143.2721,4143.93563,4143.1886,4143.71682,0.0
2026-10-05 22:33:00,4143.22244,4144.21881,4143.22244,4144.15275,0.0
2026-10-05 22:34:00,4143.99302,4144.06425,4143.89284,4144.06425,0.0
2026-10-05 22:35:00,4144.03612,4144.04879,4143.70364,4143.76883,0.0
2026-10-05 22:36:00,4143.79727,4144.17061,4143.79727,4144.10612,0.0
2026-10-05 22:37:00,4144.01162,4144.12999,4144.01162,4144.12804,0.0
2026-10-05 22:38:00,4144.00366,4144.43876,4144.00366,4144.33546,0.0
2026-10-05 22:39:00,4144.188,4144.40428,4144.05297,4144.38198,0.0
2026-10-05 22:40:00,4144.27899,4144.76462,4143.63313,4143.80378,0.0
2026-10-05 22:41:00,4144.14298,4145.26629,4144.14298,4145.02773,0.0
2026-10-05 22:42:00,4144.66625,4145.59323,4144.66625,4145.49168,0.0
2026-10-05 22:43:00,4145.2879,4145.2879,4144.56233,4144.62515,0.0
2026-10-05 22:44:00,4144.72636,4144.73412,4144.39394,4144.48325,0.0
2026-10-05 22:45:00,4144.60092,4144.60092,4144.1708,4144.24856,0.0
2026-10-05 22:46:00,4144.35469,4145.22654,4142.19803,4142.8329,0.0
2026-10-05 22:47:00,4143.75137,4143.75137,4141.47271,4141.75876,0.0
2026-10-05 22:48:00,4142.26373,4142.26373,4141.64423,4141.72281,0.0
2026-10-05 22:49:00,4141.875,4142.18594,4141.81577,4142.10602,0.0
2026-10-05 22:50:00,4141.93104,4142.33048,4141.93104,4142.2928,0.0
2026-10-05 22:51:00,4142.19091,4142.19091,4141.68799,4141.7795,0.0
2026-10-05 22:52:00,4141.91843,4141.91843,4141.44673,4141.52037,0.0
2026-10-05 22:53:00,4141.62285,4141.62285,4141.3012,4141.3373,0.0
2026-10-05 22:54:00,4141.38681,4141.38681,4141.26225,4141.29025,0.0
2026-10-05 22:55:00,4141.27727,4141.47591,4141.18208,4141.19596,0.0
2026-10-05 22:56:00,4141.26097,4141.43159,4141.26097,4141.43159,0.0
2026-10-05 22:57:00,4141.32294,4141.59971,4141.3012,4141.52611,0.0
2026-10-05 22:58:00,4141.41852,4141.76364,4141.03175,4141.67373,0.0
2026-10-05 22:59:00,4141.47803,4141.47803,4140.95822,4140.99603,0.0
2026-10-05 23:00:00,4141.08194,4141.2926,4140.95822,4141.22517,0.0
2026-10-05 23:01:00,4141.00569,4141.47271,4141.00569,4141.42781,0.0
2026-10-05 23:02:00,4141.31542,4141.31542,4140.95822,4141.00826,0.0
2026-10-05 23:03:00,4141.05688,4141.05688,4140.77263,4140.85819,0.0
2026-10-05 23:04:00,4140.98532,4140.98532,4140.44386,4140.53351,0.0
2026-10-05 23:05:00,4140.68257,4140.85241,4140.68257,4140.85241,0.0
2026-10-05 23:06:00,4140.80888,4140.80888,4140.54259,4140.59112,0.0
2026-10-05 23:07:00,4140.65618,4140.8662,4139.4891,4139.82726,0.0
2026-10-05 23:08:00,4140.39381,4140.39381,4139.07285,4139.22259,0.0
2026-10-05 23:09:00,4139.47837,4139.74009,4139.47837,4139.688,0.0
2026-10-05 23:10:00,4139.50622,4139.75824,4139.47573,4139.73477,0.0
2026-10-05 23:11:00,4139.65599,4139.65599,4139.08098,4139.19621,0.0
2026-10-05 23:12:00,4139.37323,4139.37323,4138.90154,4138.96274,0.0
2026-10-05 23:13:00,4139.05542,4139.05542,4138.73024,4138.8012,0.0
2026-10-05 23:14:00,4138.87012,4138.87012,4138.72542,4138.72542,0.0
2026-10-05 23:15:00,4138.71666,4138.73024,4138.55895,4138.59439,0.0
2026-10-05 23:16:00,4138.54371,4138.73024,4138.54371,4138.70439,0.0
2026-10-05 23:17:00,4138.6542,4138.6542,4138.38768,4138.46613,0.0
2026-10-05 23:18:00,4138.53014,4139.43558,4137.65316,4137.94751,0.0
2026-10-05 23:19:00,4138.50491,4139.58687,4138.50491,4139.476,0.0
2026-10-05 23:20:00,4139.26108,4139.61818,4139.24417,4139.56347,0.0
2026-10-05 23:21:00,4139.36074,4139.81497,4139.36074,4139.72617,0.0
2026-10-05 23:22:00,4139.60157,4139.76055,4139.58687,4139.76055,0.0
2026-10-05 23:23:00,4139.64513,4140.27361,4139.43945,4140.09358,0.0
2026-10-05 23:24:00,4139.8291,4140.32414,4139.8291,4140.25992,0.0
2026-10-05 23:25:00,4140.06749,4140.7803,4140.06749,4140.65065,0.0
2026-10-05 23:26:00,4140.34776,4140.92795,4140.34776,4140.8354,0.0
2026-10-05 23:27:00,4140.69493,4141.09827,4140.45285,4141.03044,0.0
2026-10-05 23:28:00,4140.87979,4140.87979,4140.27243,4140.33508,0.0
2026-10-05 23:29:00,4140.47794,4140.66476,4140.44386,4140.64043,0.0
2026-10-05 23:30:00,4140.46104,4140.78675,4139.6685,4140.75756,0.0
2026-10-05 23:31:00,4140.56741,4140.56741,4138.90154,4139.1273,0.0
2026-10-05 23:32:00,4139.52042,4139.82499,4138.79063,4138.8973,0.0
2026-10-05 23:33:00,4139.23916,4140.23704,4139.23916,4140.07411,0.0
2026-10-05 23:34:00,4139.61139,4140.6153,4139.61139,4140.506,0.0
2026-10-05 23:35:00,4140.30161,4140.45529,4140.27243,4140.42598,0.0
2026-10-05 23:36:00,4140.33887,4140.52723,4140.33887,4140.5161,0.0
2026-10-05 23:37:00,4140.44453,4140.4911,4139.98818,4140.4911,0.0
2026-10-05 23:38:00,4140.45778,4140.45778,4138.9737,4139.29214,0.0
2026-10-05 23:39:00,4139.77578,4139.77578,4138.55895,4138.69909,0.0
2026-10-05 23:40:00,4138.91238,4139.07285,4138.81675,4139.06894,0.0
2026-10-05 23:41:00,4139.03065,4139.03065,4138.19581,4138.40378,0.0
2026-10-05 23:42:00,4138.78201,4138.78201,4137.73149,4137.87742,0.0
2026-10-05 23:43:00,4138.08834,4138.08834,4137.35623,4137.47034,0.0
2026-10-05 23:44:00,4137.64347,4137.64347,4137.18919,4137.2529,0.0
2026-10-05 23:45:00,4137.34752,4137.34752,4136.87375,4136.9855,0.0
2026-10-05 23:46:00,4137.15695,4137.15695,4136.67577,4136.75129,0.0
2026-10-05 23:47:00,4136.87249,4136.9499,4136.31162,4136.50524,0.0
2026-10-05 23:48:00,4136.85318,4136.85318,4135.98962,4136.09063,0.0
2026-10-05 23:49:00,4136.23662,4136.23662,4135.37793,4135.57633,0.0
2026-10-05 23:50:00,4135.93806,4135.93806,4134.53706,4134.82233,0.0
2026-10-05 23:51:00,4135.18619,4135.18619,4133.93964,4134.12851,0.0
2026-10-05 23:52:00,4134.40288,4134.57112,4134.25627,4134.27585,0.0
2026-10-05 23:53:00,4134.33576,4134.51491,4134.21475,4134.49663,0.0
2026-10-05 23:54:00,4134.41263,4134.85933,4133.92344,4134.04893,0.0
2026-10-05 23:55:00,4134.2285,4135.39204,4134.2285,4135.14981,0.0
2026-10-05 23:56:00,4134.82437,4135.93767,4134.60902,4135.74356,0.0
2026-10-05 23:57:00,4135.39656,4135.39656,4134.28146,4134.40869,0.0
2026-10-05 23:58:00,4134.61537,4134.61537,4134.2495,4134.31462,0.0
2026-10-05 23:59:00,4134.3689,4134.82216,4133.92193,4134.03217,0.0
2026-10-06 00:00:00,4134.34628,4135.54472,4134.34628,4135.25176,0.0
2026-10-06 00:01:00,4134.61296,4136.16703,4134.61296,4135.99251,0.0
2026-10-06 00:02:00,4135.56012,4136.9501,4135.56012,4136.63244,0.0
2026-10-06 00:03:00,4136.22407,4137.99875,4135.65397,4137.61525,0.0
2026-10-06 00:04:00,4136.98318,4136.98318,4135.30725,4135.46504,0.0
2026-10-06 00:05:00,4135.69933,4135.69933,4134.83227,4134.98011,0.0
2026-10-06 00:06:00,4135.22819,4135.22819,4134.09774,4134.36802,0.0
2026-10-06 00:07:00,4134.84235,4134.84235,4133.59788,4133.74514,0.0
2026-10-06 00:08:00,4133.97626,4134.67875,4133.75524,4133.8032,0.0
2026-10-06 00:09:00,4134.04423,4134.96527,4134.04423,4134.86524,0.0
2026-10-06 00:10:00,4134.63492,4134.63492,4134.28146,4134.29454,0.0
2026-10-06 00:11:00,4134.34949,4134.43512,4134.28146,4134.43512,0.0
2026-10-06 00:12:00,4134.3259,4135.78743,4133.33687,4135.34454,0.0
2026-10-06 00:13:00,4134.39812,4136.19406,4134.39812,4135.98219,0.0
2026-10-06 00:14:00,4135.69936,4136.33355,4135.69936,4136.28133,0.0
2026-10-06 00:15:00,4136.09939,4136.71098,4135.54747,4135.7185,0.0
2026-10-06 00:16:00,4136.1342,4136.72295,4136.1342,4136.68192,0.0
2026-10-06 00:17:00,4136.5601,4137.35369,4135.56179,4135.84172,0.0
2026-10-06 00:18:00,4136.25643,4139.82287,4136.25643,4138.91455,0.0
2026-10-06 00:19:00,4137.19113,4140.96152,4137.19113,4140.51697,0.0
2026-10-06 00:20:00,4139.95677,4142.47378,4139.32262,4141.94103,0.0
2026-10-06 00:21:00,4141.00175,4141.00175,4138.73024,4138.9775,0.0
2026-10-06 00:22:00,4139.54327,4140.33538,4139.54327,4140.21871,0.0
2026-10-06 00:23:00,4139.82332,4141.39807,4139.52177,4141.05268,0.0
2026-10-06 00:24:00,4140.39997,4141.64423,4140.39997,4141.50518,0.0
2026-10-06 00:25:00,4141.21719,4141.21719,4140.68341,4140.8192,0.0
2026-10-06 00:26:00,4141.03907,4141.03907,4140.44386,4140.51228,0.0
2026-10-06 00:27:00,4140.63097,4140.78675,4140.60852,4140.77358,0.0
2026-10-06 00:28:00,4140.69749,4141.13157,4140.35378,4140.42474,0.0
2026-10-06 00:29:00,4140.66485,4141.38039,4140.59548,4141.2812,0.0
2026-10-06 00:30:00,4141.07454,4141.07454,4139.74434,4140.0636,0.0
2026-10-06 00:31:00,4140.56102,4141.04753,4139.07285,4139.27387,0.0
2026-10-06 00:32:00,4139.33015,4142.17838,4139.33015,4141.7974,0.0
2026-10-06 00:33:00,4140.96862,4143.1912,4140.96862,4142.76947,0.0
2026-10-06 00:34:00,4142.2274,4144.07249,4142.09872,4143.75769,0.0
2026-10-06 00:35:00,4143.2506,4143.2506,4141.62351,4141.81346,0.0
2026-10-06 00:36:00,4142.08029,4143.184,4139.03263,4139.86783,0.0
2026-10-06 00:37:00,4140.97923,4141.25338,4136.8512,4137.63332,0.0
2026-10-06 00:38:00,4139.0688,4139.0688,4135.9914,4136.35223,0.0
2026-10-06 00:39:00,4137.00637,4137.20465,4137.00637,4137.14465,0.0
2026-10-06 00:40:00,4136.92361,4137.36036,4136.92361,4137.28829,0.0
2026-10-06 00:41:00,4137.17311,4137.61099,4136.62514,4137.47684,0.0
2026-10-06 00:42:00,4137.22291,4137.50754,4136.07637,4136.27604,0.0
2026-10-06 00:43:00,4136.79993,4137.70275,4136.79993,4137.60886,0.0
2026-10-06 00:44:00,4137.40595,4138.3219,4135.85862,4136.2808,0.0
2026-10-06 00:45:00,4136.97684,4139.5263,4136.97684,4139.03181,0.0
2026-10-06 00:46:00,4138.39495,4141.13276,4138.39495,4140.53655,0.0
2026-10-06 00:47:00,4139.67234,4142.78024,4139.67234,4142.24537,0.0
2026-10-06 00:48:00,4141.03833,4143.53195,4141.03833,4143.27323,0.0
2026-10-06 00:49:00,4142.73886,4144.11879,4141.98733,4142.08889,0.0
2026-10-06 00:50:00,4142.67113,4145.10397,4142.67113,4144.78292,0.0
2026-10-06 00:51:00,4144.06524,4145.93277,4144.06524,4145.68787,0.0
2026-10-06 00:52:00,4145.08723,4146.37668,4145.08723,4146.17452,0.0
2026-10-06 00:53:00,4145.90924,4146.45271,4145.90924,4146.41074,0.0
2026-10-06 00:54:00,4146.21284,4146.45271,4146.21284,4146.41961,0.0
2026-10-06 00:55:00,4146.32902,4146.46303,4145.93698,4146.01214,0.0
2026-10-06 00:56:00,4146.03884,4146.7966,4145.40739,4146.68946,0.0
2026-10-06 00:57:00,4146.27298,4146.27298,4144.73412,4144.9498,0.0
2026-10-06 00:58:00,4145.21473,4146.70597,4145.12089,4146.38553,0.0
2026-10-06 00:59:00,4145.67376,4148.10467,4145.67376,4147.55626,0.0
2026-10-06 01:00:00,4146.80238,4151.07416,4146.80238,4149.99318,0.0
2026-10-06 01:01:00,4148.40669,4152.47903,4148.40669,4152.03254,0.0
2026-10-06 01:02:00,4151.40873,4151.40873,4148.68901,4148.95977,0.0
2026-10-06 01:03:00,4149.3767,4149.3767,4148.17273,4148.36501,0.0
2026-10-06 01:04:00,4148.67561,4148.67561,4147.13105,4147.61691,0.0
2026-10-06 01:05:00,4148.59241,4148.59241,4146.28079,4146.54444,0.0
2026-10-06 01:06:00,4146.97236,4148.26768,4146.97236,4147.94293,0.0
2026-10-06 01:07:00,4147.5268,4149.43396,4147.5268,4149.00902,0.0
2026-10-06 01:08:00,4148.13208,4150.68261,4148.13208,4150.29773,0.0
2026-10-06 01:09:00,4149.28377,4151.59204,4149.28377,4151.23996,0.0
2026-10-06 01:10:00,4150.71285,4151.78942,4150.71285,4151.68269,0.0
2026-10-06 01:11:00,4151.44632,4151.44632,4150.84877,4150.9497,0.0
2026-10-06 01:12:00,4151.08489,4151.53137,4149.68414,4150.07368,0.0
2026-10-06 01:13:00,4150.90107,4150.90107,4149.20543,4149.374,0.0
2026-10-06 01:14:00,4149.60973,4149.60973,4148.86114,4149.0006,0.0
2026-10-06 01:15:00,4149.12834,4149.54977,4148.33439,4149.48492,0.0
2026-10-06 01:16:00,4149.18233,4150.42208,4145.60311,4146.48616,0.0
2026-10-06 01:17:00,4147.67932,4147.67932,4144.39057,4144.86098,0.0
2026-10-06 01:18:00,4145.81439,4145.81439,4144.39057,4144.51083,0.0
2026-10-06 01:19:00,4144.68334,4145.82867,4142.85911,4143.39264,0.0
2026-10-06 01:20:00,4144.37576,4144.37576,4141.76391,4142.19307,0.0
2026-10-06 01:21:00,4143.0916,4143.0916,4140.6423,4140.9979,0.0
2026-10-06 01:22:00,4141.45109,4141.45109,4139.92962,4140.15821,0.0
2026-10-06 01:23:00,4140.55298,4141.04909,4139.42009,4139.68037,0.0
2026-10-06 01:24:00,4140.26273,4141.1297,4140.26273,4141.0566,0.0
2026-10-06 01:25:00,4140.86662,4140.86662,4138.86458,4139.54624,0.0
2026-10-06 01:26:00,4140.49499,4140.71292,4136.50575,4137.28463,0.0
2026-10-06 01:27:00,4138.39031,4138.39031,4135.47827,4135.84933,0.0
2026-10-06 01:28:00,4136.69463,4138.38768,4136.69463,4138.21677,0.0
2026-10-06 01:29:00,4137.83162,4137.83162,4137.16814,4137.37363,0.0
2026-10-06 01:30:00,4137.68761,4137.68761,4135.58145,4136.07892,0.0
2026-10-06 01:31:00,4136.82835,4136.82835,4134.79429,4135.09017,0.0
2026-10-06 01:32:00,4135.60115,4136.63076,4134.57299,4134.8638,0.0
2026-10-06 01:33:00,4135.14953,4137.63418,4135.14953,4137.2285,0.0
2026-10-06 01:34:00,4136.66087,4137.87396,4136.66087,4137.76518,0.0
2026-10-06 01:35:00,4137.54064,4137.54064,4136.10256,4136.44878,0.0
2026-10-06 01:36:00,4136.89621,4136.89621,4135.30725,4135.55802,0.0
2026-10-06 01:37:00,4135.87026,4136.90813,4135.77091,4136.68219,0.0
2026-10-06 01:38:00,4136.3069,4137.66654,4134.97046,4137.36873,0.0
2026-10-06 01:39:00,4137.05304,4137.05304,4134.11055,4134.40162,0.0
2026-10-06 01:40:00,4134.9116,4136.33823,4132.96401,4133.56563,0.0
2026-10-06 01:41:00,4134.61298,4134.61298,4131.62483,4132.14369,0.0
2026-10-06 01:42:00,4133.29157,4133.29157,4130.86583,4131.11485,0.0
2026-10-06 01:43:00,4131.62232,4132.73648,4131.62232,4132.46196,0.0
2026-10-06 01:44:00,4132.02868,4133.34312,4132.02868,4133.16562,0.0
2026-10-06 01:45:00,4132.62556,4133.59788,4132.62556,4133.49736,0.0
2026-10-06 01:46:00,4133.29964,4133.93066,4132.33228,4132.64217,0.0
2026-10-06 01:47:00,4133.26108,4133.26108,4131.76014,4131.98418,0.0
2026-10-06 01:48:00,4132.31272,4132.31272,4131.20714,4131.37129,0.0
2026-10-06 01:49:00,4131.53559,4132.42698,4131.48157,4132.22199,0.0
2026-10-06 01:50:00,4131.94211,4133.15695,4131.33005,4132.87145,0.0
2026-10-06 01:51:00,4132.41756,4133.39901,4129.4356,4130.13601,0.0
2026-10-06 01:52:00,4131.27153,4134.11055,4131.27153,4133.80522,0.0
2026-10-06 01:53:00,4133.20212,4133.20212,4131.07903,4131.65259,0.0
2026-10-06 01:54:00,4132.42196,4132.42196,4130.18338,4130.51446,0.0
2026-10-06 01:55:00,4131.17613,4131.17613,4129.69358,4129.91145,0.0
2026-10-06 01:56:00,4130.19825,4130.19825,4129.16013,4129.31322,0.0
2026-10-06 01:57:00,4129.39413,4131.16784,4129.19616,4130.80735,0.0
2026-10-06 01:58:00,4130.11895,4131.37781,4130.11895,4131.24424,0.0
2026-10-06 01:59:00,4130.99852,4131.50319,4130.21032,4131.37452,0.0
2026-10-06 02:00:00,4131.07727,4131.07727,4129.67169,4129.8561,0.0
2026-10-06 02:01:00,4130.22921,4131.11797,4129.47528,4130.93138,0.0
2026-10-06 02:02:00,4130.50206,4130.50206,4128.98964,4129.16533,0.0
2026-10-06 02:03:00,4129.47278,4129.78902,4129.47278,4129.75304,0.0
2026-10-06 02:04:00,4129.60932,4129.84224,4129.50807,4129.8079,0.0
2026-10-06 02:05:00,4129.70793,4129.70793,4129.02362,4129.16886,0.0
2026-10-06 02:06:00,4129.41191,4129.6335,4128.78032,4128.85509,0.0
2026-10-06 02:07:00,4129.11633,4129.67169,4129.11633,4129.64977,0.0
2026-10-06 02:08:00,4129.49582,4130.23888,4129.14676,4130.019,0.0
2026-10-06 02:09:00,4129.67767,4130.18338,4129.67767,4130.15581,0.0
2026-10-06 02:10:00,4130.04837,4130.18338,4130.0128,4130.17351,0.0
2026-10-06 02:11:00,4130.12902,4130.12902,4129.83533,4129.88419,0.0
2026-10-06 02:12:00,4129.94244,4129.94244,4129.07932,4129.33143,0.0
2026-10-06 02:13:00,4129.72088,4129.72088,4128.64869,4128.78957,0.0
2026-10-06 02:14:00,4129.00971,4129.75564,4128.98964,4129.54794,0.0
2026-10-06 02:15:00,4129.00735,4130.88019,4128.87549,4130.45143,0.0
2026-10-06 02:16:00,4129.85616,4131.20714,4129.85616,4131.06719,0.0
2026-10-06 02:17:00,4130.74329,4130.74329,4130.24035,4130.37859,0.0
2026-10-06 02:18:00,4130.56016,4130.78189,4129.84224,4129.94006,0.0
2026-10-06 02:19:00,4130.09251,4131.20714,4129.52624,4131.06605,0.0
2026-10-06 02:20:00,4130.59138,4130.59138,4128.81916,4129.05988,0.0
2026-10-06 02:21:00,4129.44612,4130.35397,4129.44612,4130.25337,0.0
2026-10-06 02:22:00,4130.02615,4130.12053,4128.63682,4130.12053,0.0
2026-10-06 02:23:00,4130.2893,4130.2893,4127.79658,4128.06355,0.0
2026-10-06 02:24:00,4128.57844,4128.84666,4128.57844,4128.84523,0.0
2026-10-06 02:25:00,4128.80068,4128.81916,4128.41089,4128.51337,0.0
2026-10-06 02:26:00,4128.66834,4128.66834,4127.72594,4127.95628,0.0
2026-10-06 02:27:00,4128.38896,4128.38896,4127.13473,4127.32642,0.0
2026-10-06 02:28:00,4127.58357,4127.58357,4126.60422,4126.76931,0.0
2026-10-06 02:29:00,4127.01514,4127.01514,4126.77451,4126.81318,0.0
2026-10-06 02:30:00,4126.87469,4126.95977,4126.42671,4126.56422,0.0
2026-10-06 02:31:00,4126.7887,4126.7887,4126.26367,4126.32693,0.0
2026-10-06 02:32:00,4126.43144,4126.85339,4126.26367,4126.29181,0.0
2026-10-06 02:33:00,4126.37158,4127.11515,4126.37158,4127.04558,0.0
2026-10-06 02:34:00,4126.84409,4126.94482,4125.67909,4126.93334,0.0
2026-10-06 02:35:00,4126.94555,4126.94555,4113.76141,4117.90774,0.0
2026-10-06 02:36:00,4127.02165,4127.02165,4107.78837,4109.84133,0.0
2026-10-06 02:37:00,4113.84282,4117.07373,4113.84282,4116.39619,0.0
2026-10-06 02:38:00,4115.55233,4122.90142,4115.55233,4120.89859,0.0
2026-10-06 02:39:00,4115.91601,4125.75295,4115.91601,4124.79555,0.0
2026-10-06 02:40:00,4123.12759,4123.12759,4119.8039,4120.17725,0.0
2026-10-06 02:41:00,4120.58068,4122.52133,4120.58068,4122.30918,0.0
2026-10-06 02:42:00,4121.92305,4122.45435,4121.84164,4121.86726,0.0
2026-10-06 02:43:00,4121.73314,4122.86127,4121.73314,4122.73893,0.0
2026-10-06 02:44:00,4122.51614,4123.13035,4121.50986,4122.96288,0.0
2026-10-06 02:45:00,4122.76247,4122.76247,4120.99233,4121.16502,0.0
2026-10-06 02:46:00,4121.48944,4121.50188,4121.33201,4121.37837,0.0
2026-10-06 02:47:00,4121.38235,4121.71076,4121.38235,4121.65545,0.0
2026-10-06 02:48:00,4121.53962,4122.78794,4121.50188,4122.35499,0.0
2026-10-06 02:49:00,4121.80074,4126.01474,4121.80074,4124.86413,0.0
2026-10-06 02:50:00,4123.41341,4129.20684,4123.41341,4128.10069,0.0
2026-10-06 02:51:00,4126.62868,4132.46337,4126.62868,4131.34249,0.0
2026-10-06 02:52:00,4129.66169,4134.80656,4129.66169,4133.99351,0.0
2026-10-06 02:53:00,4132.93607,4136.93991,4132.93607,4136.18782,0.0
2026-10-06 02:54:00,4135.23941,4138.04519,4135.23941,4137.70921,0.0
2026-10-06 02:55:00,4136.98554,4137.01804,4136.5672,4137.01088,0.0
2026-10-06 02:56:00,4136.90174,4137.0734,4135.67337,4135.95004,0.0
2026-10-06 02:57:00,4136.4891,4136.4891,4133.14238,4134.08099,0.0
2026-10-06 02:58:00,4136.27925,4136.27925,4131.63136,4132.10398,0.0
2026-10-06 02:59:00,4132.84416,4132.84416,4129.92521,4130.4533,0.0
2026-10-06 03:00:00,4131.23371,4131.23371,4129.33064,4129.54908,0.0
2026-10-06 03:01:00,4129.90988,4130.52458,4129.90988,4130.4536,0.0
2026-10-06 03:02:00,4130.26172,4131.76231,4129.9455,4131.27646,0.0
2026-10-06 03:03:00,4130.63949,4132.27526,4130.63949,4132.0761,0.0
2026-10-06 03:04:00,4131.62531,4132.57294,4131.62531,4132.49188,0.0
2026-10-06 03:05:00,4132.30565,4132.43422,4131.71921,4131.8008,0.0
2026-10-06 03:06:00,4131.98788,4132.62061,4131.9806,4132.56527,0.0
2026-10-06 03:07:00,4132.43957,4132.43957,4131.48481,4131.66535,0.0
2026-10-06 03:08:00,4131.96767,4131.96767,4130.54286,4130.83692,0.0
2026-10-06 03:09:00,4131.29006,4131.29006,4129.66507,4129.98194,0.0
2026-10-06 03:10:00,4130.62797,4130.62797,4129.33064,4129.45097,0.0
2026-10-06 03:11:00,4129.69546,4130.18338,4129.69546,4130.1371,0.0
2026-10-06 03:12:00,4130.01174,4130.0128,4129.43458,4129.60131,0.0
2026-10-06 03:13:00,4129.85814,4129.85814,4129.16013,4129.23137,0.0
2026-10-06 03:14:00,4129.36642,4129.89955,4129.14776,4129.85132,0.0
2026-10-06 03:15:00,4129.72677,4129.72677,4128.239,4128.57045,0.0
2026-10-06 03:16:00,4129.23368,4129.23368,4127.79658,4127.94727,0.0
2026-10-06 03:17:00,4128.16525,4129.03619,4128.16525,4128.92965,0.0
2026-10-06 03:18:00,4128.768,4129.10568,4128.7177,4129.07823,0.0
2026-10-06 03:19:00,4128.98301,4128.98301,4128.64213,4128.66927,0.0
2026-10-06 03:20:00,4128.69869,4128.88269,4128.30781,4128.40474,0.0
2026-10-06 03:21:00,4128.40735,4129.16013,4128.40735,4129.06416,0.0
2026-10-06 03:22:00,4128.90313,4130.21468,4128.81916,4128.83353,0.0
2026-10-06 03:23:00,4128.97253,4131.03648,4128.97253,4130.7767,0.0
2026-10-06 03:24:00,4130.24708,4130.24708,4128.98964,4129.12528,0.0
2026-10-06 03:25:00,4129.49039,4130.65506,4129.29244,4130.46522,0.0
2026-10-06 03:26:00,4130.11535,4130.11535,4128.63011,4128.88501,0.0
2026-10-06 03:27:00,4129.33594,4129.33594,4127.57952,4127.90385,0.0
2026-10-06 03:28:00,4128.37553,4128.37553,4126.64811,4126.98048,0.0
2026-10-06 03:29:00,4127.66797,4127.86405,4125.60179,4125.98805,0.0
2026-10-06 03:30:00,4126.67277,4128.13738,4126.67277,4128.00033,0.0
2026-10-06 03:31:00,4127.77322,4127.77322,4126.38697,4126.53226,0.0
2026-10-06 03:32:00,4126.73602,4126.7428,4125.92318,4126.0515,0.0
2026-10-06 03:33:00,4126.26255,4126.94482,4126.26255,4126.89548,0.0
2026-10-06 03:34:00,4126.77251,4126.77251,4125.71797,4126.01022,0.0
2026-10-06 03:35:00,4126.57127,4126.57127,4125.24236,4125.38244,0.0
2026-10-06 03:36:00,4125.59081,4125.59081,4124.90203,4125.00947,0.0
2026-10-06 03:37:00,4125.16171,4125.92795,4125.16171,4125.74463,0.0
2026-10-06 03:38:00,4125.27463,4127.31297,4124.96235,4126.79364,0.0
2026-10-06 03:39:00,4126.04559,4127.79658,4126.04559,4127.60651,0.0
2026-10-06 03:40:00,4127.22061,4127.22061,4125.42364,4125.926,0.0
2026-10-06 03:41:00,4126.60896,4126.9536,4124.56177,4124.8226,0.0
2026-10-06 03:42:00,4125.23342,4128.14411,4125.23342,4127.77382,0.0
2026-10-06 03:43:00,4126.79039,4130.69324,4125.49579,4129.8025,0.0
2026-10-06 03:44:00,4127.68959,4132.25309,4127.68959,4131.64713,0.0
2026-10-06 03:45:00,4130.62412,4132.91453,4130.62412,4132.64509,0.0
2026-10-06 03:46:00,4132.11063,4132.11063,4131.71921,4131.77039,0.0
2026-10-06 03:47:00,4131.83526,4131.88993,4131.69925,4131.87442,0.0
2026-10-06 03:48:00,4131.81751,4131.81751,4130.29444,4130.75799,0.0
2026-10-06 03:49:00,4131.40935,4131.40935,4129.50116,4129.78735,0.0
2026-10-06 03:50:00,4130.25607,4131.3075,4129.44912,4129.7256,0.0
2026-10-06 03:51:00,4130.06883,4131.5485,4129.96726,4131.43373,0.0
2026-10-06 03:52:00,4131.27742,4131.27742,4128.9262,4129.23653,0.0
2026-10-06 03:53:00,4129.64979,4129.86881,4127.71229,4128.12804,0.0
2026-10-06 03:54:00,4129.00848,4129.00848,4126.50729,4126.95562,0.0
2026-10-06 03:55:00,4127.73197,4127.73197,4125.58274,4125.85587,0.0
2026-10-06 03:56:00,4126.33279,4126.4268,4125.75295,4125.82391,0.0
2026-10-06 03:57:00,4126.02121,4127.04739,4126.02121,4126.83787,0.0
2026-10-06 03:58:00,4126.21784,4127.64899,4126.21784,4127.44432,0.0
2026-10-06 03:59:00,4127.11885,4128.0747,4127.11885,4127.86654,0.0
2026-10-06 04:00:00,4127.50034,4129.23396,4127.50034,4128.86517,0.0
2026-10-06 04:01:00,4127.8664,4129.67169,4127.8664,4129.49816,0.0
2026-10-06 04:02:00,4129.08849,4129.08849,4128.30781,4128.44549,0.0
2026-10-06 04:03:00,4128.58325,4130.02398,4127.61905,4129.59452,0.0
2026-10-06 04:04:00,4128.72908,4130.35397,4128.72908,4130.17031,0.0
2026-10-06 04:05:00,4129.90106,4130.58044,4129.90106,4130.49068,0.0
2026-10-06 04:06:00,4130.1555,4130.86583,4130.1555,4130.76544,0.0
2026-10-06 04:07:00,4130.54787,4130.80713,4129.77535,4129.99083,0.0
2026-10-06 04:08:00,4130.38988,4130.38988,4129.67169,4129.71936,0.0
2026-10-06 04:09:00,4129.86299,4130.48825,4129.84224,4130.32715,0.0
2026-10-06 04:10:00,4129.92023,4130.86583,4129.41893,4130.7437,0.0
2026-10-06 04:11:00,4130.30252,4131.24592,4127.36078,4128.05734,0.0
2026-10-06 04:12:00,4129.39989,4129.39989,4126.60422,4126.93704,0.0
2026-10-06 04:13:00,4127.55986,4127.55986,4126.26367,4126.40399,0.0
2026-10-06 04:14:00,4126.58938,4127.11515,4126.58021,4127.06742,0.0
2026-10-06 04:15:00,4126.94193,4126.94193,4126.26367,4126.35595,0.0
2026-10-06 04:16:00,4126.48646,4126.48646,4126.22742,4126.26195,0.0
2026-10-06 04:17:00,4126.30484,4126.33232,4126.09341,4126.13316,0.0
2026-10-06 04:18:00,4126.09367,4126.7701,4126.06915,4126.60288,0.0
2026-10-06 04:19:00,4126.38011,4127.0584,4126.38011,4126.92665,0.0
2026-10-06 04:20:00,4126.53575,4127.5313,4126.53575,4127.39386,0.0
2026-10-06 04:21:00,4127.13093,4127.61352,4127.13093,4127.53714,0.0
2026-10-06 04:22:00,4127.39403,4127.81689,4127.39403,4127.75959,0.0
2026-10-06 04:23:00,4127.5453,4127.98342,4127.5453,4127.9071,0.0
2026-10-06 04:24:00,4127.79869,4128.84967,4126.77339,4128.5138,0.0
2026-10-06 04:25:00,4127.92298,4127.92298,4126.26367,4126.4506,0.0
2026-10-06 04:26:00,4126.91391,4127.45584,4126.91391,4127.43027,0.0
2026-10-06 04:27:00,4127.31822,4127.31822,4126.9282,4126.99597,0.0
2026-10-06 04:28:00,4127.07196,4127.15261,4126.30256,4126.48842,0.0
2026-10-06 04:29:00,4126.81661,4127.14811,4125.72583,4125.94097,0.0
2026-10-06 04:30:00,4126.4612,4127.51764,4126.4612,4127.33793,0.0
2026-10-06 04:31:00,4126.96001,4127.79658,4126.96001,4127.72325,0.0
2026-10-06 04:32:00,4127.55638,4127.55638,4126.74058,4126.95093,0.0
2026-10-06 04:33:00,4127.32995,4127.32995,4126.43394,4126.52937,0.0
2026-10-06 04:34:00,4126.6805,4126.6805,4126.45989,4126.51605,0.0
2026-10-06 04:35:00,4126.58991,4126.58991,4126.23125,4126.3072,0.0
2026-10-06 04:36:00,4126.41606,4126.6175,4126.09341,4126.11655,0.0
2026-10-06 04:37:00,4126.22372,4126.77451,4126.22372,4126.72584,0.0
2026-10-06 04:38:00,4126.49948,4126.94482,4125.41715,4126.89547,0.0
2026-10-06 04:39:00,4126.75269,4126.75269,4124.39747,4124.69128,0.0
2026-10-06 04:40:00,4125.15051,4125.24485,4122.63794,4123.26699,0.0
2026-10-06 04:41:00,4124.66957,4124.66957,4121.84164,4122.11235,0.0
2026-10-06 04:42:00,4122.73732,4124.01922,4122.37065,4123.7838,0.0
2026-10-06 04:43:00,4123.4222,4123.4222,4121.9317,4122.08948,0.0
2026-10-06 04:44:00,4122.28346,4122.28346,4121.50188,4121.61975,0.0
2026-10-06 04:45:00,4121.72361,4122.02086,4121.72361,4121.95634,0.0
2026-10-06 04:46:00,4121.85738,4121.92179,4121.70061,4121.92004,0.0
2026-10-06 04:47:00,4121.8501,4121.8501,4121.67175,4121.69487,0.0
2026-10-06 04:48:00,4121.72359,4121.72359,4121.50188,4121.54081,0.0
2026-10-06 04:49:00,4121.55047,4121.67175,4121.12814,4121.66162,0.0
2026-10-06 04:50:00,4121.56846,4121.56846,4120.65271,4120.7991,0.0
2026-10-06 04:51:00,4121.01414,4121.16217,4120.99233,4121.13728,0.0
2026-10-06 04:52:00,4121.06649,4121.06649,4120.79578,4120.87504,0.0
2026-10-06 04:53:00,4120.99036,4122.35002,4120.64007,4120.71098,0.0
2026-10-06 04:54:00,4120.45163,4123.22449,4120.45163,4122.89839,0.0
2026-10-06 04:55:00,4122.32473,4123.37127,4122.32473,4123.27279,0.0
2026-10-06 04:56:00,4123.05841,4123.05841,4122.52133,4122.61359,0.0
2026-10-06 04:57:00,4122.73591,4123.03125,4122.27692,4123.00452,0.0
2026-10-06 04:58:00,4122.94174,4122.94174,4121.84164,4121.98066,0.0
2026-10-06 04:59:00,4122.18244,4122.52133,4122.07532,4122.47393,0.0
2026-10-06 05:00:00,4122.3521,4122.3521,4121.79344,4121.87575,0.0
2026-10-06 05:01:00,4121.99319,4122.44159,4121.579,4121.63145,0.0
2026-10-06 05:02:00,4121.86411,4123.96516,4121.86411,4123.40907,0.0
2026-10-06 05:03:00,4122.35108,4124.90203,4122.35108,4124.59404,0.0
2026-10-06 05:04:00,4123.95249,4123.95249,4122.86127,4123.01507,0.0
2026-10-06 05:05:00,4123.26057,4124.18072,4122.85373,4122.97778,0.0
2026-10-06 05:06:00,4122.96141,4124.56177,4122.96141,4124.40207,0.0
2026-10-06 05:07:00,4124.04151,4124.04151,4122.12285,4122.4224,0.0
2026-10-06 05:08:00,4122.90645,4122.90645,4121.67175,4121.83451,0.0
2026-10-06 05:09:00,4122.10296,4122.60698,4121.58535,4121.69279,0.0
2026-10-06 05:10:00,4121.738,4122.86127,4121.70854,4122.7468,0.0
2026-10-06 05:11:00,4122.49769,4122.49769,4121.00788,4121.20974,0.0
2026-10-06 05:12:00,4121.53757,4121.53757,4120.82252,4120.87252,0.0
2026-10-06 05:13:00,4120.96454,4122.52517,4120.96454,4122.08772,0.0
2026-10-06 05:14:00,4120.93785,4123.03125,4120.93785,4122.83801,0.0
2026-10-06 05:15:00,4122.49863,4123.18275,4121.6944,4122.9774,0.0
2026-10-06 05:16:00,4122.65636,4123.67206,4119.8307,4120.52031,0.0
2026-10-06 05:17:00,4121.51014,4125.12001,4121.51014,4124.54656,0.0
2026-10-06 05:18:00,4123.67148,4125.81767,4123.67148,4125.55707,0.0
2026-10-06 05:19:00,4125.2286,4125.2286,4123.20125,4123.3786,0.0
2026-10-06 05:20:00,4123.70237,4123.71134,4123.5413,4123.57551,0.0
2026-10-06 05:21:00,4123.52827,4124.08542,4123.52827,4123.96066,0.0
2026-10-06 05:22:00,4123.74457,4124.07535,4123.62076,4124.04189,0.0
2026-10-06 05:23:00,4123.94838,4123.94838,4123.14631,4123.30675,0.0
2026-10-06 05:24:00,4123.53558,4123.53558,4122.69129,4122.82058,0.0
2026-10-06 05:25:00,4123.02529,4123.77704,4123.02529,4123.68154,0.0
2026-10-06 05:26:00,4123.41276,4123.8814,4122.50666,4123.84255,0.0
2026-10-06 05:27:00,4123.83244,4123.83244,4121.36345,4121.70932,0.0
2026-10-06 05:28:00,4122.16173,4122.16173,4120.65271,4120.88874,0.0
2026-10-06 05:29:00,4121.24148,4122.04582,4120.71506,4121.78393,0.0
2026-10-06 05:30:00,4121.27419,4122.18146,4120.95399,4122.10182,0.0
2026-10-06 05:31:00,4122.0118,4122.0118,4120.48292,4120.63686,0.0
2026-10-06 05:32:00,4120.9028,4121.62086,4120.9028,4121.47838,0.0
2026-10-06 05:33:00,4121.25499,4121.67175,4121.25499,4121.66381,0.0
2026-10-06 05:34:00,4121.56796,4123.14389,4120.37481,4122.59699,0.0
2026-10-06 05:35:00,4121.72384,4123.71134,4121.72384,4123.45878,0.0
2026-10-06 05:36:00,4123.04242,4123.8814,4123.04242,4123.82755,0.0
2026-10-06 05:37:00,4123.63556,4124.28795,4123.42793,4124.08782,0.0
2026-10-06 05:38:00,4123.82424,4124.39165,4123.82424,4124.33229,0.0
2026-10-06 05:39:00,4124.12003,4124.22155,4123.14789,4124.20758,0.0
2026-10-06 05:40:00,4123.99504,4123.99504,4121.92157,4122.30589,0.0
2026-10-06 05:41:00,4123.03071,4123.03071,4121.50188,4121.6564,0.0
2026-10-06 05:42:00,4122.0254,4122.52133,4122.0254,4122.48726,0.0
2026-10-06 05:43:00,4122.32108,4122.36368,4122.20093,4122.36368,0.0
2026-10-06 05:44:00,4122.32034,4122.32034,4121.84164,4121.93582,0.0
2026-10-06 05:45:00,4122.0028,4122.23541,4122.0028,4122.17744,0.0
2026-10-06 05:46:00,4122.08795,4122.179,4122.01154,4122.15897,0.0
2026-10-06 05:47:00,4122.02696,4122.8982,4121.85777,4122.67869,0.0
2026-10-06 05:48:00,4122.21942,4123.03125,4122.21942,4122.9376,0.0
2026-10-06 05:49:00,4122.75207,4122.76887,4122.59129,4122.76887,0.0
2026-10-06 05:50:00,4122.7187,4122.7187,4122.33319,4122.41846,0.0
2026-10-06 05:51:00,4122.53998,4122.53998,4122.01154,4122.1069,0.0
2026-10-06 05:52:00,4122.19421,4122.60236,4122.13347,4122.478,0.0
2026-10-06 05:53:00,4122.30954,4123.97149,4120.91822,4123.45342,0.0
2026-10-06 05:54:00,4122.51602,4122.51602,4120.31314,4120.57453,0.0
2026-10-06 05:55:00,4121.03172,4121.03172,4120.14338,4120.25324,0.0
2026-10-06 05:56:00,4120.42191,4120.6167,4120.14338,4120.18906,0.0
2026-10-06 05:57:00,4120.31544,4120.95292,4119.93418,4120.82762,0.0
2026-10-06 05:58:00,4120.58661,4120.58661,4117.8241,4118.60112,0.0
2026-10-06 05:59:00,4120.39866,4120.39866,4116.36009,4116.84477,0.0
2026-10-06 06:00:00,4117.70502,4120.07809,4117.70502,4119.67048,0.0
2026-10-06 06:01:00,4119.15456,4122.16372,4117.86163,4121.41603,0.0
2026-10-06 06:02:00,4119.90931,4119.90931,4115.9012,4116.67596,0.0
2026-10-06 06:03:00,4118.40083,4118.40083,4114.88766,4115.22964,0.0
2026-10-06 06:04:00,4115.78852,4117.01687,4114.88766,4115.01225,0.0
2026-10-06 06:05:00,4115.07162,4117.93774,4115.07162,4117.63978,0.0
2026-10-06 06:06:00,4116.9954,4117.59862,4116.9954,4117.5504,0.0
2026-10-06 06:07:00,4117.46671,4117.53106,4117.42908,4117.53106,0.0
2026-10-06 06:08:00,4117.43563,4118.94571,4116.28039,4118.44218,0.0
2026-10-06 06:09:00,4117.62553,4119.3626,4117.62553,4119.15953,0.0
2026-10-06 06:10:00,4118.82114,4120.78686,4118.82114,4120.31641,0.0
2026-10-06 06:11:00,4119.11871,4121.50188,4119.11871,4121.23607,0.0
2026-10-06 06:12:00,4120.59278,4120.59278,4119.46447,4119.62888,0.0
2026-10-06 06:13:00,4119.79126,4122.15003,4119.76497,4121.63939,0.0
2026-10-06 06:14:00,4120.34335,4123.13853,4120.34335,4122.74405,0.0
2026-10-06 06:15:00,4122.14728,4124.72147,4122.14728,4124.09576,0.0
2026-10-06 06:16:00,4123.31106,4126.46335,4123.31106,4125.86519,0.0
2026-10-06 06:17:00,4124.84983,4127.45584,4124.84983,4127.16099,0.0
2026-10-06 06:18:00,4126.38619,4127.6262,4126.38619,4127.47901,0.0
2026-10-06 06:19:00,4127.1172,4127.69822,4126.26367,4126.39495,0.0
2026-10-06 06:20:00,4126.41969,4128.30781,4126.41969,4128.11139,0.0
2026-10-06 06:21:00,4127.73852,4128.60834,4127.72417,4127.72417,0.0
2026-10-06 06:22:00,4127.85781,4128.98964,4127.85781,4128.88248,0.0
2026-10-06 06:23:00,4128.54781,4129.52806,4128.26422,4129.27392,0.0
2026-10-06 06:24:00,4128.90975,4130.1575,4128.90975,4129.88046,0.0
2026-10-06 06:25:00,4129.37624,4130.55602,4129.37624,4130.45745,0.0
2026-10-06 06:26:00,4130.15297,4131.13661,4130.14384,4130.90857,0.0
2026-10-06 06:27:00,4130.60988,4132.34873,4130.60988,4131.87853,0.0
2026-10-06 06:28:00,4131.03574,4133.74046,4131.03574,4133.30713,0.0
2026-10-06 06:29:00,4132.15825,4134.28146,4132.15825,4134.06898,0.0
2026-10-06 06:30:00,4133.67966,4133.74405,4133.59788,4133.61826,0.0
2026-10-06 06:31:00,4133.56243,4133.93964,4133.11638,4133.88039,0.0
2026-10-06 06:32:00,4133.64662,4133.64662,4132.57294,4132.73327,0.0
2026-10-06 06:33:00,4132.94571,4133.76876,4132.94571,4133.68267,0.0
2026-10-06 06:34:00,4133.48507,4133.68848,4131.55726,4133.68848,0.0
2026-10-06 06:35:00,4134.0136,4134.0136,4130.52458,4130.85523,0.0
2026-10-06 06:36:00,4131.35348,4131.35348,4130.18338,4130.3661,0.0
2026-10-06 06:37:00,4130.6113,4130.6952,4130.44273,4130.66911,0.0
2026-10-06 06:38:00,4130.5769,4131.32599,4130.0128,4130.12409,0.0
2026-10-06 06:39:00,4130.14145,4131.88993,4130.14145,4131.72286,0.0
2026-10-06 06:40:00,4131.36952,4131.88993,4131.36952,4131.84489,0.0
2026-10-06 06:41:00,4131.73953,4131.78439,4131.05055,4131.25802,0.0
2026-10-06 06:42:00,4131.61137,4131.61137,4130.60492,4130.76538,0.0
2026-10-06 06:43:00,4131.03847,4131.08518,4130.35397,4130.44361,0.0
2026-10-06 06:44:00,4130.49495,4131.20714,4130.49495,4131.13638,0.0
2026-10-06 06:45:00,4130.96217,4131.12362,4130.35397,4130.45566,0.0
2026-10-06 06:46:00,4130.44493,4133.61586,4128.64661,4132.767,0.0
2026-10-06 06:47:00,4130.78133,4134.45239,4130.78133,4134.09017,0.0
2026-10-06 06:48:00,4133.39677,4133.39677,4132.96716,4133.07457,0.0
2026-10-06 06:49:00,4133.22322,4133.22322,4132.68553,4132.79058,0.0
2026-10-06 06:50:00,4132.92987,4132.92987,4132.2314,4132.36393,0.0
2026-10-06 06:51:00,4132.49428,4132.98878,4132.49378,4132.86134,0.0
2026-10-06 06:52:00,4132.68529,4134.18544,4131.43182,4133.7295,0.0
2026-10-06 06:53:00,4132.98488,4132.98488,4131.03648,4131.20673,0.0
2026-10-06 06:54:00,4131.5181,4131.5485,4131.31808,4131.37604,0.0
2026-10-06 06:55:00,4131.40221,4131.8661,4131.01402,4131.12355,0.0
2026-10-06 06:56:00,4131.41971,4132.4951,4131.41971,4132.22628,0.0
2026-10-06 06:57:00,4131.66734,4132.91453,4131.542,4132.78165,0.0
2026-10-06 06:58:00,4132.38199,4132.38199,4130.86583,4131.09783,0.0
2026-10-06 06:59:00,4131.46143,4132.00392,4131.27645,4131.84027,0.0
2026-10-06 07:00:00,4131.48744,4132.06066,4131.48744,4132.00538,0.0
2026-10-06 07:01:00,4131.87091,4131.87091,4130.57919,4130.9033,0.0
2026-10-06 07:02:00,4131.39822,4131.39822,4130.18338,4130.32247,0.0
2026-10-06 07:03:00,4130.53379,4133.0885,4129.36175,4129.759,0.0
2026-10-06 07:04:00,4130.11073,4134.11055,4130.11073,4133.72144,0.0
2026-10-06 07:05:00,4132.98584,4133.42238,4131.86892,4133.3582,0.0
2026-10-06 07:06:00,4133.39623,4133.41832,4130.38457,4130.91218,0.0
2026-10-06 07:07:00,4131.68962,4133.93964,4131.68962,4133.70299,0.0
2026-10-06 07:08:00,4133.22213,4133.22213,4129.96264,4130.85917,0.0
2026-10-06 07:09:00,4132.11385,4132.11385,4128.64869,4129.12454,0.0
2026-10-06 07:10:00,4129.80992,4130.6952,4129.80992,4130.60771,0.0
2026-10-06 07:11:00,4130.4388,4131.30459,4129.25047,4129.64738,0.0
2026-10-06 07:12:00,4130.4838,4130.69481,4128.02937,4128.47874,0.0
2026-10-06 07:13:00,4129.38561,4131.39769,4129.38561,4131.08341,0.0
2026-10-06 07:14:00,4130.64139,4135.60124,4130.64139,4134.11698,0.0
2026-10-06 07:15:00,4132.04092,4138.95247,4132.04092,4137.79279,0.0
2026-10-06 07:16:00,4135.87277,4140.44386,4135.87277,4139.92387,0.0
2026-10-06 07:17:00,4139.25311,4140.95822,4139.25311,4140.78181,0.0
2026-10-06 07:18:00,4140.34594,4140.44386,4139.6641,4140.43465,0.0
2026-10-06 07:19:00,4140.27346,4140.27346,4139.07285,4139.2451,0.0
2026-10-06 07:20:00,4139.35648,4140.44386,4138.53412,4140.34729,0.0
2026-10-06 07:21:00,4139.97931,4139.97931,4137.53155,4137.85471,0.0
2026-10-06 07:22:00,4138.23917,4139.24417,4137.94323,4139.15038,0.0
2026-10-06 07:23:00,4138.84698,4138.84698,4137.18919,4137.41163,0.0
2026-10-06 07:24:00,4137.78747,4138.73451,4136.79592,4137.03401,0.0
2026-10-06 07:25:00,4137.6977,4139.49441,4137.64334,4139.21377,0.0
2026-10-06 07:26:00,4138.77987,4138.77987,4137.18919,4137.35548,0.0
2026-10-06 07:27:00,4137.60137,4137.60137,4137.01804,4137.11931,0.0
2026-10-06 07:28:00,4137.18909,4137.36036,4137.16885,4137.34418,0.0
2026-10-06 07:29:00,4137.27298,4137.93104,4136.03658,4136.39832,0.0
2026-10-06 07:30:00,4137.1378,4137.1378,4134.92581,4135.3536,0.0
2026-10-06 07:31:00,4136.10797,4136.10797,4134.11055,4134.35502,0.0
2026-10-06 07:32:00,4134.74862,4135.51973,4134.54924,4135.26165,0.0
2026-10-06 07:33:00,4134.92693,4138.75092,4134.92693,4137.57117,0.0
2026-10-06 07:34:00,4136.05475,4140.27243,4136.05475,4139.79019,0.0
2026-10-06 07:35:00,4139.00641,4139.00641,4136.8554,4137.14876,0.0
2026-10-06 07:36:00,4137.61114,4137.61114,4136.16247,4136.3733,0.0
2026-10-06 07:37:00,4136.64719,4137.08497,4136.64719,4137.01652,0.0
2026-10-06 07:38:00,4136.91836,4137.42064,4136.39115,4137.27672,0.0
2026-10-06 07:39:00,4137.00778,4137.00778,4136.08604,4136.2017,0.0
2026-10-06 07:40:00,4136.51982,4137.1532,4136.51982,4137.06097,0.0
2026-10-06 07:41:00,4136.76983,4137.89109,4136.76983,4137.66823,0.0
2026-10-06 07:42:00,4137.19557,4138.04519,4137.19557,4137.95301,0.0
2026-10-06 07:43:00,4137.75086,4137.75086,4136.96223,4137.08103,0.0
2026-10-06 07:44:00,4137.26976,4138.05443,4136.67577,4136.74393,0.0
2026-10-06 07:45:00,4137.11443,4138.98312,4137.11443,4138.65951,0.0
2026-10-06 07:46:00,4137.91064,4140.64709,4137.91064,4140.11739,0.0
2026-10-06 07:47:00,4138.75125,4141.1297,4138.75125,4140.90955,0.0
2026-10-06 07:48:00,4140.53741,4140.6913,4140.38267,4140.67765,0.0
2026-10-06 07:49:00,4140.58465,4140.58465,4140.42118,4140.42118,0.0
2026-10-06 07:50:00,4140.42695,4140.96436,4139.65119,4140.78021,0.0
2026-10-06 07:51:00,4140.47383,4140.47383,4138.95033,4139.20266,0.0
2026-10-06 07:52:00,4139.52782,4139.52782,4137.96386,4138.26944,0.0
2026-10-06 07:53:00,4138.86233,4138.96591,4137.44473,4137.63388,0.0
2026-10-06 07:54:00,4138.17164,4140.09912,4138.17164,4139.65713,0.0
2026-10-06 07:55:00,4138.90696,4140.80013,4138.90696,4140.60668,0.0
2026-10-06 07:56:00,4140.04039,4141.31802,4140.04039,4141.11888,0.0
2026-10-06 07:57:00,4140.84458,4141.85561,4140.39074,4141.63714,0.0
2026-10-06 07:58:00,4141.27671,4141.27671,4140.10102,4140.21076,0.0
2026-10-06 07:59:00,4140.39932,4140.4082,4139.9756,4140.09137,0.0
2026-10-06 08:00:00,4140.24893,4141.27819,4138.89316,4139.30388,0.0
2026-10-06 08:01:00,4140.04444,4142.5516,4140.04444,4142.03058,0.0
2026-10-06 08:02:00,4141.37207,4143.1886,4141.37207,4142.96696,0.0
2026-10-06 08:03:00,4142.43044,4143.36027,4142.43044,4143.27778,0.0
2026-10-06 08:04:00,4143.08013,4143.13953,4142.50207,4142.58177,0.0
2026-10-06 08:05:00,4142.71712,4143.36027,4142.25222,4143.28715,0.0
2026-10-06 08:06:00,4143.05788,4143.05788,4141.81577,4141.95567,0.0
2026-10-06 08:07:00,4142.24179,4143.01694,4142.10561,4142.93439,0.0
2026-10-06 08:08:00,4142.74899,4142.74899,4139.86311,4140.67158,0.0
2026-10-06 08:09:00,4142.50262,4142.50262,4138.90154,4139.20626,0.0
2026-10-06 08:10:00,4139.80075,4140.8918,4139.75824,4140.5226,0.0
2026-10-06 08:11:00,4139.74249,4141.47271,4139.74249,4141.29043,0.0
2026-10-06 08:12:00,4140.88692,4141.12674,4138.89065,4139.4218,0.0
2026-10-06 08:13:00,4140.59867,4140.59867,4137.85088,4138.21807,0.0
2026-10-06 08:14:00,4138.96654,4140.73566,4138.96654,4140.41898,0.0
2026-10-06 08:15:00,4139.96865,4141.35393,4139.96865,4141.16484,0.0
2026-10-06 08:16:00,4140.59221,4143.53938,4139.24572,4142.81156,0.0
2026-10-06 08:17:00,4141.07026,4144.21881,4141.07026,4143.91715,0.0
2026-10-06 08:18:00,4143.2872,4143.2872,4141.47116,4141.88131,0.0
2026-10-06 08:19:00,4142.55062,4142.55062,4140.95822,4141.14721,0.0
2026-10-06 08:20:00,4141.46765,4141.71581,4141.46765,4141.67127,0.0
2026-10-06 08:21:00,4141.5205,4142.55194,4141.28795,4142.22699,0.0
2026-10-06 08:22:00,4141.81088,4144.29243,4141.81088,4143.64126,0.0
2026-10-06 08:23:00,4142.65905,4145.3634,4142.65905,4145.0414,0.0
2026-10-06 08:24:00,4144.16495,4145.93698,4144.16495,4145.7288,0.0
2026-10-06 08:25:00,4145.23376,4145.23376,4144.39057,4144.51653,0.0
2026-10-06 08:26:00,4144.60622,4146.02119,4144.60622,4145.73934,0.0
2026-10-06 08:27:00,4145.1382,4146.28079,4145.1382,4146.13839,0.0
2026-10-06 08:28:00,4145.86609,4146.20452,4145.7651,4146.09797,0.0
2026-10-06 08:29:00,4145.73966,4146.45271,4145.73966,4146.35462,0.0
2026-10-06 08:30:00,4146.15105,4146.30481,4145.7651,4145.85749,0.0
2026-10-06 08:31:00,4145.86279,4147.86318,4145.01018,4147.35745,0.0
2026-10-06 08:32:00,4146.24364,4148.34481,4146.24364,4148.10418,0.0
2026-10-06 08:33:00,4147.78509,4149.98984,4146.41757,4149.37334,0.0
2026-10-06 08:34:00,4148.16879,4148.16879,4145.7651,4146.03882,0.0
2026-10-06 08:35:00,4146.51609,4146.9408,4146.10888,4146.16712,0.0
2026-10-06 08:36:00,4146.09412,4147.88805,4146.09412,4147.52166,0.0
2026-10-06 08:37:00,4147.01916,4149.58232,4147.01916,4148.92553,0.0
2026-10-06 08:38:00,4148.07185,4150.5576,4148.07185,4150.25427,0.0
2026-10-06 08:39:00,4149.7185,4149.7185,4148.17273,4148.34964,0.0
2026-10-06 08:40:00,4148.69547,4149.00581,4148.31972,4148.9293,0.0
2026-10-06 08:41:00,4148.7635,4149.55506,4147.54419,4147.81805,0.0
2026-10-06 08:42:00,4148.52766,4151.03438,4148.52766,4150.45768,0.0
2026-10-06 08:43:00,4149.6824,4152.39204,4149.6824,4151.95349,0.0
2026-10-06 08:44:00,4150.94594,4153.4832,4150.94594,4153.14089,0.0
2026-10-06 08:45:00,4152.30872,4153.85893,4152.30872,4153.68487,0.0
2026-10-06 08:46:00,4153.30858,4153.44572,4152.47903,4152.63103,0.0
2026-10-06 08:47:00,4152.69713,4153.6864,4152.27675,4153.60387,0.0
2026-10-06 08:48:00,4153.34033,4153.34033,4151.4447,4151.69195,0.0
2026-10-06 08:49:00,4152.11126,4152.11126,4151.40104,4151.57312,0.0
2026-10-06 08:50:00,4151.8504,4152.1063,4150.92773,4151.08325,0.0
2026-10-06 08:51:00,4151.12932,4153.44944,4150.7995,4152.96988,0.0
2026-10-06 08:52:00,4152.14784,4153.85893,4152.14784,4153.67509,0.0
2026-10-06 08:53:00,4153.33251,4153.33251,4152.47903,4152.55136,0.0
2026-10-06 08:54:00,4152.65184,4152.65184,4152.1342,4152.23377,0.0
2026-10-06 08:55:00,4152.37664,4152.37664,4151.96871,4152.03394,0.0
2026-10-06 08:56:00,4152.12404,4152.12404,4151.78942,4151.81952,0.0
2026-10-06 08:57:00,4151.8448,4153.63765,4151.8448,4153.11746,0.0
2026-10-06 08:58:00,4151.76707,4154.37664,4151.76707,4154.09664,0.0
2026-10-06 08:59:00,4153.62392,4155.00285,4153.62392,4154.67125,0.0
2026-10-06 09:00:00,4154.19134,4155.41242,4154.19134,4155.29912,0.0
2026-10-06 09:01:00,4154.98815,4155.0671,4154.98815,4155.06085,0.0
2026-10-06 09:02:00,4155.03007,4155.42679,4154.72184,4154.78856,0.0
2026-10-06 09:03:00,4154.71932,4155.7578,4154.71932,4155.65024,0.0
2026-10-06 09:04:00,4155.35688,4155.68929,4153.99711,4154.32639,0.0
2026-10-06 09:05:00,4154.99992,4154.99992,4153.6864,4153.80638,0.0
2026-10-06 09:06:00,4153.96921,4153.96921,4153.16948,4153.34654,0.0
2026-10-06 09:07:00,4153.65399,4153.65399,4152.99639,4153.06603,0.0
2026-10-06 09:08:00,4153.17952,4153.31163,4152.62853,4152.78732,0.0
2026-10-06 09:09:00,4153.05087,4153.05087,4152.47903,4152.53998,0.0
2026-10-06 09:10:00,4152.64701,4152.73547,4152.22034,4152.35057,0.0
2026-10-06 09:11:00,4152.54335,4152.54335,4151.8645,4152.00078,0.0
2026-10-06 09:12:00,4152.17058,4152.27022,4151.03425,4151.28713,0.0
2026-10-06 09:13:00,4151.76795,4151.76795,4150.68371,4150.81315,0.0
2026-10-06 09:14:00,4151.18183,4152.50253,4150.64195,4152.20728,0.0
2026-10-06 09:15:00,4151.7236,4151.7236,4150.23864,4150.39794,0.0
2026-10-06 09:16:00,4150.78017,4152.67979,4150.78017,4152.09234,0.0
2026-10-06 09:17:00,4151.20065,4153.88045,4151.20065,4153.51189,0.0
2026-10-06 09:18:00,4152.53805,4155.57475,4152.4142,4155.01004,0.0
2026-10-06 09:19:00,4153.6849,4156.10324,4153.6849,4155.84803,0.0
2026-10-06 09:20:00,4155.44074,4156.28391,4155.44074,4156.07385,0.0
2026-10-06 09:21:00,4155.49575,4157.12294,4155.49575,4156.86173,0.0
2026-10-06 09:22:00,4156.32872,4157.31271,4156.32872,4157.2077,0.0
2026-10-06 09:23:00,4156.99633,4156.99633,4155.79371,4155.98245,0.0
2026-10-06 09:24:00,4156.26799,4156.26799,4155.41242,4155.52421,0.0
2026-10-06 09:25:00,4155.70421,4156.262,4155.70421,4156.18549,0.0
2026-10-06 09:26:00,4155.95485,4156.95445,4155.83742,4156.68074,0.0
2026-10-06 09:27:00,4156.32747,4157.13989,4156.32747,4157.06255,0.0
2026-10-06 09:28:00,4156.87272,4156.87272,4156.44873,4156.4868,0.0
2026-10-06 09:29:00,4156.52994,4156.64037,4156.10324,4156.19749,0.0
2026-10-06 09:30:00,4156.23432,4156.96708,4156.23432,4156.87289,0.0
2026-10-06 09:31:00,4156.69295,4156.86541,4156.21814,4156.38298,0.0
2026-10-06 09:32:00,4156.66802,4156.70318,4155.99288,4156.08482,0.0
2026-10-06 09:33:00,4156.23103,4156.93145,4156.23103,4156.80089,0.0
2026-10-06 09:34:00,4156.59512,4156.97566,4156.59512,4156.96973,0.0
2026-10-06 09:35:00,4156.85789,4156.97644,4156.45798,4156.97644,0.0
2026-10-06 09:36:00,4156.9021,4156.9021,4155.7178,4155.93706,0.0
2026-10-06 09:37:00,4156.33061,4156.33061,4155.13631,4155.35458,0.0
2026-10-06 09:38:00,4155.73128,4155.73128,4154.72184,4154.85262,0.0
2026-10-06 09:39:00,4154.99969,4155.41242,4154.99969,4155.38097,0.0
2026-10-06 09:40:00,4155.2846,4155.2846,4154.72184,4154.82743,0.0
2026-10-06 09:41:00,4154.89031,4155.95038,4154.65467,4155.68085,0.0
2026-10-06 09:42:00,4155.31298,4156.58893,4154.93094,4156.3379,0.0
2026-10-06 09:43:00,4155.93657,4155.93657,4154.44213,4154.62385,0.0
2026-10-06 09:44:00,4154.85782,4154.85782,4153.80276,4153.99002,0.0
2026-10-06 09:45:00,4154.32223,4154.32223,4153.6864,4153.73547,0.0
2026-10-06 09:46:00,4153.80738,4153.82389,4153.33191,4153.45854,0.0
2026-10-06 09:47:00,4153.64824,4153.64824,4153.26803,4153.29697,0.0
2026-10-06 09:48:00,4153.32504,4153.35833,4152.99639,4153.06315,0.0
2026-10-06 09:49:00,4153.03294,4154.05417,4152.91023,4153.82648,0.0
2026-10-06 09:50:00,4153.4621,4154.03149,4153.4621,4153.99294,0.0
2026-10-06 09:51:00,4153.87149,4153.87149,4153.75773,4153.79155,0.0
2026-10-06 09:52:00,4153.82869,4153.82869,4153.1597,4153.35267,0.0
2026-10-06 09:53:00,4153.69826,4153.69826,4152.82392,4152.92994,0.0
2026-10-06 09:54:00,4153.09249,4153.09249,4152.33811,4152.51519,0.0
2026-10-06 09:55:00,4152.82813,4152.82813,4152.1342,4152.20315,0.0
2026-10-06 09:56:00,4152.30644,4152.30644,4151.9618,4152.01741,0.0
2026-10-06 09:57:00,4152.07966,4152.30661,4151.98131,4152.28021,0.0
2026-10-06 09:58:00,4152.20025,4152.27818,4151.78942,4151.82975,0.0
2026-10-06 09:59:00,4151.93759,4152.33714,4151.93759,4152.32789,0.0
2026-10-06 10:00:00,4152.21139,4152.68034,4152.17757,4152.5497,0.0
2026-10-06 10:01:00,4152.37318,4152.65147,4152.37318,4152.63695,0.0
2026-10-06 10:02:00,4152.52896,4152.79959,4152.28513,4152.33783,0.0
2026-10-06 10:03:00,4152.48285,4153.09942,4152.47903,4152.94357,0.0
2026-10-06 10:04:00,4152.59751,4153.34136,4152.58954,4153.27225,0.0
2026-10-06 10:05:00,4153.08332,4153.08332,4151.47753,4151.86955,0.0
2026-10-06 10:06:00,4152.70161,4152.70161,4150.92773,4151.1211,0.0
2026-10-06 10:07:00,4151.51031,4152.30661,4151.51031,4152.21303,0.0
2026-10-06 10:08:00,4152.01141,4152.01141,4151.4447,4151.5143,0.0
2026-10-06 10:09:00,4151.61983,4151.61983,4151.27236,4151.34629,0.0
2026-10-06 10:10:00,4151.44805,4151.44805,4151.27236,4151.29972,0.0
2026-10-06 10:11:00,4151.31139,4151.6562,4151.22352,4151.2365,0.0
2026-10-06 10:12:00,4151.31416,4151.78942,4151.31416,4151.74578,0.0
2026-10-06 10:13:00,4151.55261,4152.0468,4151.52702,4151.91456,0.0
2026-10-06 10:14:00,4151.7334,4151.9618,4151.7334,4151.95869,0.0
2026-10-06 10:15:00,4151.84492,4152.1342,4151.70615,4152.08089,0.0
2026-10-06 10:16:00,4151.92131,4151.92131,4151.27236,4151.38958,0.0
2026-10-06 10:17:00,4151.51228,4151.78942,4151.09603,4151.76481,0.0
2026-10-06 10:18:00,4151.60136,4152.26656,4149.59696,4150.10222,0.0
2026-10-06 10:19:00,4151.17739,4151.17739,4148.89846,4149.15308,0.0
2026-10-06 10:20:00,4149.78604,4151.30421,4149.78604,4151.01485,0.0
2026-10-06 10:21:00,4150.48904,4152.67094,4150.48904,4152.24023,0.0
2026-10-06 10:22:00,4151.09679,4153.4999,4151.09679,4153.1986,0.0
2026-10-06 10:23:00,4152.68109,4153.6864,4152.68109,4153.57359,0.0
2026-10-06 10:24:00,4153.32766,4153.7767,4152.91905,4153.00508,0.0
2026-10-06 10:25:00,4153.03181,4154.03149,4153.03181,4153.91044,0.0
2026-10-06 10:26:00,4153.63904,4153.63904,4152.52405,4152.76434,0.0
2026-10-06 10:27:00,4153.1836,4153.7733,4152.1342,4152.25546,0.0
2026-10-06 10:28:00,4152.75015,4154.37664,4152.75015,4154.16811,0.0
2026-10-06 10:29:00,4153.63864,4154.37664,4153.63864,4154.29237,0.0
2026-10-06 10:30:00,4154.12446,4154.54229,4153.85893,4153.91135,0.0
2026-10-06 10:31:00,4154.01291,4155.36854,4154.01291,4155.11664,0.0
2026-10-06 10:32:00,4154.40943,4155.84306,4154.40943,4155.65438,0.0
2026-10-06 10:33:00,4155.39314,4156.15401,4155.39314,4156.00007,0.0
2026-10-06 10:34:00,4155.6226,4157.31867,4155.6226,4156.95886,0.0
2026-10-06 10:35:00,4156.04478,4157.75859,4156.04478,4157.5566,0.0
2026-10-06 10:36:00,4157.28865,4158.05625,4157.28865,4157.91895,0.0
2026-10-06 10:37:00,4157.53006,4158.63601,4157.53006,4158.4663,0.0
2026-10-06 10:38:00,4158.11626,4158.71828,4158.11626,4158.64142,0.0
2026-10-06 10:39:00,4158.51166,4159.05595,4157.87968,4158.92624,0.0
2026-10-06 10:40:00,4158.65652,4158.65652,4157.48555,4157.62975,0.0
2026-10-06 10:41:00,4157.87065,4159.26779,4157.65841,4157.70375,0.0
2026-10-06 10:42:00,4157.42172,4159.90682,4157.42172,4159.66273,0.0
2026-10-06 10:43:00,4159.2233,4159.74046,4159.21474,4159.56637,0.0
2026-10-06 10:44:00,4159.21505,4160.2473,4159.21505,4160.10659,0.0
2026-10-06 10:45:00,4159.71563,4160.50193,4159.71563,4160.38217,0.0
2026-10-06 10:46:00,4160.21872,4160.80574,4159.86409,4160.67834,0.0
2026-10-06 10:47:00,4160.43258,4160.43258,4158.74457,4159.16528,0.0
2026-10-06 10:48:00,4159.90366,4159.90366,4158.00416,4158.23062,0.0
2026-10-06 10:49:00,4158.48868,4159.59944,4158.48868,4159.41393,0.0
2026-10-06 10:50:00,4159.16836,4159.63682,4159.16836,4159.59742,0.0
2026-10-06 10:51:00,4159.3952,4159.94628,4159.3952,4159.85766,0.0
2026-10-06 10:52:00,4159.70847,4160.19579,4159.70847,4160.05796,0.0
2026-10-06 10:53:00,4159.78568,4160.68711,4159.78568,4160.54658,0.0
2026-10-06 10:54:00,4160.14405,4160.77224,4160.14405,4160.71854,0.0
2026-10-06 10:55:00,4160.60061,4160.7006,4160.03441,4160.19275,0.0
2026-10-06 10:56:00,4160.45929,4160.45929,4159.70996,4159.83356,0.0
2026-10-06 10:57:00,4160.00557,4160.00557,4159.38774,4159.47294,0.0
2026-10-06 10:58:00,4159.56192,4159.56192,4159.01305,4159.17422,0.0
2026-10-06 10:59:00,4159.40674,4159.40674,4158.52289,4158.66549,0.0
2026-10-06 11:00:00,4158.8581,4159.01953,4158.76321,4158.7693,0.0
2026-10-06 11:01:00,4158.81837,4159.46836,4158.22205,4159.28486,0.0
2026-10-06 11:02:00,4158.95747,4158.95747,4158.00416,4158.0891,0.0
2026-10-06 11:03:00,4158.30813,4158.57595,4158.24054,4158.55865,0.0
2026-10-06 11:04:00,4158.45924,4158.45924,4157.90249,4158.0319,0.0
2026-10-06 11:05:00,4158.18786,4158.34058,4157.07092,4157.32634,0.0
2026-10-06 11:06:00,4157.81702,4157.81702,4156.79428,4156.9031,0.0
2026-10-06 11:07:00,4157.08307,4157.08307,4156.72836,4156.80947,0.0
2026-10-06 11:08:00,4156.8863,4156.8863,4156.67147,4156.69809,0.0
2026-10-06 11:09:00,4156.72087,4156.72087,4156.27598,4156.38192,0.0
2026-10-06 11:10:00,4156.4407,4156.99888,4156.4407,4156.90296,0.0
2026-10-06 11:11:00,4156.75245,4157.37772,4156.75245,4157.1919,0.0
2026-10-06 11:12:00,4156.82384,4159.63997,4156.82384,4158.88277,0.0
2026-10-06 11:13:00,4157.1595,4160.59913,4157.1595,4160.26285,0.0
2026-10-06 11:14:00,4159.53,4160.59913,4159.53,4160.49021,0.0
2026-10-06 11:15:00,4160.2548,4161.22141,4159.73378,4159.83717,0.0
2026-10-06 11:16:00,4159.70369,4161.98158,4159.70369,4161.71375,0.0
2026-10-06 11:17:00,4161.23831,4162.35865,4161.23831,4162.16364,0.0
2026-10-06 11:18:00,4161.85741,4163.75507,4161.85741,4163.28475,0.0
2026-10-06 11:19:00,4162.11608,4164.41094,4162.11608,4164.19143,0.0
2026-10-06 11:20:00,4163.76443,4164.41094,4163.76443,4164.36633,0.0
2026-10-06 11:21:00,4164.26219,4164.26219,4163.54401,4163.61858,0.0
2026-10-06 11:22:00,4163.72944,4164.81992,4163.51896,4163.51896,0.0
2026-10-06 11:23:00,4163.79055,4165.45174,4163.79055,4165.24697,0.0
2026-10-06 11:24:00,4164.74939,4164.93128,4163.27283,4164.92728,0.0
2026-10-06 11:25:00,4164.79166,4164.79166,4162.15766,4162.51617,0.0
2026-10-06 11:26:00,4162.95164,4164.36283,4162.95164,4164.15683,0.0
2026-10-06 11:27:00,4163.86673,4164.41094,4163.86673,4164.35193,0.0
2026-10-06 11:28:00,4164.15273,4164.81427,4164.15273,4164.68998,0.0
2026-10-06 11:29:00,4164.42542,4165.0971,4164.42542,4164.9507,0.0
2026-10-06 11:30:00,4164.72994,4165.6008,4164.72994,4165.43448,0.0
2026-10-06 11:31:00,4164.91495,4166.47224,4164.88159,4166.17148,0.0
2026-10-06 11:32:00,4165.69121,4166.66667,4165.69121,4166.54923,0.0
2026-10-06 11:33:00,4166.28291,4168.45113,4165.78086,4167.73608,0.0
2026-10-06 11:34:00,4165.97167,4169.27246,4165.97167,4168.95786,0.0
2026-10-06 11:35:00,4168.3825,4169.09864,4168.3825,4169.02019,0.0
2026-10-06 11:36:00,4168.84073,4168.84073,4168.4035,4168.47995,0.0
2026-10-06 11:37:00,4168.58198,4169.07155,4168.54521,4168.90182,0.0
2026-10-06 11:38:00,4168.65942,4169.09864,4168.65942,4169.09339,0.0
2026-10-06 11:39:00,4168.9677,4170.1274,4168.25843,4169.77208,0.0
2026-10-06 11:40:00,4169.23353,4170.31569,4169.23353,4170.2109,0.0
2026-10-06 11:41:00,4169.97842,4169.97842,4169.09115,4169.29011,0.0
2026-10-06 11:42:00,4169.5525,4169.5525,4168.57726,4168.72195,0.0
2026-10-06 11:43:00,4168.92822,4170.85792,4168.92822,4170.44596,0.0
2026-10-06 11:44:00,4169.35842,4172.09005,4169.35842,4171.63278,0.0
2026-10-06 11:45:00,4170.85658,4172.40372,4170.85658,4172.24971,0.0
2026-10-06 11:46:00,4171.93788,4172.79268,4170.99292,4171.20991,0.0
2026-10-06 11:47:00,4171.33231,4173.27825,4171.33231,4173.05728,0.0
2026-10-06 11:48:00,4172.76184,4173.35513,4172.76184,4173.29504,0.0
2026-10-06 11:49:00,4173.06655,4174.01744,4173.06655,4173.81769,0.0
2026-10-06 11:50:00,4173.41542,4174.14534,4173.41542,4174.05548,0.0
2026-10-06 11:51:00,4173.86366,4173.86366,4173.60573,4173.66908,0.0
2026-10-06 11:52:00,4173.74656,4174.29048,4173.35176,4173.41664,0.0
2026-10-06 11:53:00,4173.68359,4174.95264,4173.40102,4174.71243,0.0
2026-10-06 11:54:00,4174.29668,4174.29668,4173.1002,4173.22128,0.0
2026-10-06 11:55:00,4173.40392,4173.40392,4172.92606,4173.00659,0.0
2026-10-06 11:56:00,4173.00368,4173.8844,4173.00368,4173.69543,0.0
2026-10-06 11:57:00,4173.43003,4174.10194,4173.24571,4173.99268,0.0
2026-10-06 11:58:00,4173.77533,4173.77533,4172.98495,4173.08346,0.0
2026-10-06 11:59:00,4173.19957,4173.19957,4172.57782,4172.68129,0.0
2026-10-06 12:00:00,4172.74879,4173.88149,4172.74879,4173.67813,0.0
2026-10-06 12:01:00,4173.24694,4174.98004,4173.24694,4174.5361,0.0
2026-10-06 12:02:00,4173.97415,4175.88167,4173.97415,4175.55295,0.0
2026-10-06 12:03:00,4174.86239,4176.741,4174.86239,4176.48943,0.0
2026-10-06 12:04:00,4175.83818,4176.93497,4175.83818,4176.82887,0.0
2026-10-06 12:05:00,4176.64382,4176.90465,4176.21363,4176.82391,0.0
2026-10-06 12:06:00,4176.6449,4176.6449,4175.60212,4175.83256,0.0
2026-10-06 12:07:00,4176.17554,4176.17554,4175.0167,4175.19404,0.0
2026-10-06 12:08:00,4175.30997,4177.25996,4174.89696,4176.83433,0.0
2026-10-06 12:09:00,4176.10156,4177.45843,4176.10156,4177.34436,0.0
2026-10-06 12:10:00,4177.11312,4177.11312,4176.14735,4176.3114,0.0
2026-10-06 12:11:00,4176.5452,4176.5452,4175.71405,4175.84235,0.0
2026-10-06 12:12:00,4176.02091,4178.84168,4175.15353,4177.91575,0.0
2026-10-06 12:13:00,4175.8477,4179.90303,4175.8477,4179.48578,0.0
2026-10-06 12:14:00,4178.57958,4178.57958,4177.45843,4177.63188,0.0
2026-10-06 12:15:00,4177.89831,4177.91548,4177.63295,4177.65537,0.0
2026-10-06 12:16:00,4177.70814,4178.36155,4176.79436,4178.17875,0.0
2026-10-06 12:17:00,4177.9279,4177.9279,4175.95372,4176.24291,0.0
2026-10-06 12:18:00,4176.61695,4176.61695,4175.36534,4175.53849,0.0
2026-10-06 12:19:00,4175.82853,4176.72987,4174.3622,4174.74502,0.0
2026-10-06 12:20:00,4175.58108,4177.10944,4175.58108,4176.92052,0.0
2026-10-06 12:21:00,4176.57686,4177.28393,4176.57686,4177.22946,0.0
2026-10-06 12:22:00,4177.07281,4177.73701,4176.69991,4176.79839,0.0
2026-10-06 12:23:00,4177.13077,4178.27028,4177.13077,4178.06644,0.0
2026-10-06 12:24:00,4177.52177,4179.08534,4177.52177,4178.83682,0.0
2026-10-06 12:25:00,4178.30634,4179.20428,4178.30634,4179.11631,0.0
2026-10-06 12:26:00,4178.928,4179.12229,4177.58617,4177.9869,0.0
2026-10-06 12:27:00,4178.60941,4178.60941,4176.96305,4177.19977,0.0
2026-10-06 12:28:00,4177.65,4177.65,4175.96411,4176.30409,0.0
2026-10-06 12:29:00,4176.73633,4176.73633,4175.19101,4175.43893,0.0
2026-10-06 12:30:00,4175.90245,4175.97305,4174.81476,4174.98133,0.0
2026-10-06 12:31:00,4175.39902,4177.44489,4174.04314,4176.89045,0.0
2026-10-06 12:32:00,4176.0007,4176.0007,4173.27435,4173.55833,0.0
2026-10-06 12:33:00,4174.05066,4174.42067,4172.69545,4173.07206,0.0
2026-10-06 12:34:00,4173.72574,4173.72574,4171.19384,4171.75567,0.0
2026-10-06 12:35:00,4173.01185,4173.01185,4170.48962,4170.70763,0.0
2026-10-06 12:36:00,4171.02732,4171.39103,4170.31569,4170.42147,0.0
2026-10-06 12:37:00,4170.48758,4172.05819,4170.48758,4171.86553,0.0
2026-10-06 12:38:00,4171.41727,4175.3782,4170.59758,4174.20399,0.0
2026-10-06 12:39:00,4171.43566,4176.7605,4171.43566,4176.23072,0.0
2026-10-06 12:40:00,4175.24485,4175.78844,4174.38241,4174.66704,0.0
2026-10-06 12:41:00,4175.2109,4175.2109,4174.14534,4174.24007,0.0
2026-10-06 12:42:00,4174.3999,4175.26093,4172.82966,4173.32253,0.0
2026-10-06 12:43:00,4174.1425,4174.1425,4172.08031,4172.37731,0.0
2026-10-06 12:44:00,4172.96673,4172.96673,4171.63328,4171.79319,0.0
2026-10-06 12:45:00,4172.04988,4172.92606,4172.04988,4172.82232,0.0
2026-10-06 12:46:00,4172.60033,4172.60033,4171.88152,4171.98763,0.0
2026-10-06 12:47:00,4172.1533,4172.1533,4170.16853,4170.81672,0.0
2026-10-06 12:48:00,4172.29031,4172.29031,4168.60646,4169.13638,0.0
2026-10-06 12:49:00,4170.01886,4170.01886,4167.5349,4167.85284,0.0
2026-10-06 12:50:00,4168.40362,4168.51437,4167.36123,4167.48599,0.0
2026-10-06 12:51:00,4167.85298,4169.508,4167.85298,4169.17037,0.0
2026-10-06 12:52:00,4168.3072,4172.67507,4167.13714,4171.60446,0.0
2026-10-06 12:53:00,4169.16946,4173.7969,4169.16946,4173.34582,0.0
2026-10-06 12:54:00,4172.24231,4172.24231,4169.62015,4169.96529,0.0
2026-10-06 12:55:00,4170.5375,4170.5375,4168.74614,4169.35935,0.0
2026-10-06 12:56:00,4170.62927,4170.62927,4167.70859,4168.03903,0.0
2026-10-06 12:57:00,4168.44452,4170.14178,4168.44452,4169.93466,0.0
2026-10-06 12:58:00,4169.55301,4170.3893,4169.4463,4169.48192,0.0
2026-10-06 12:59:00,4169.31449,4170.95417,4169.31449,4170.77593,0.0
2026-10-06 13:00:00,4170.44629,4171.01147,4170.38283,4170.95374,0.0
2026-10-06 13:01:00,4170.82471,4170.82471,4170.14178,4170.23012,0.0
2026-10-06 13:02:00,4170.3399,4170.66355,4170.3399,4170.65215,0.0
2026-10-06 13:03:00,4170.60382,4170.76136,4169.12396,4169.5604,0.0
2026-10-06 13:04:00,4170.21411,4170.21411,4168.57726,4168.77514,0.0
2026-10-06 13:05:00,4169.08842,4169.44213,4169.08842,4169.38096,0.0
2026-10-06 13:06:00,4169.22142,4169.97156,4169.22142,4169.74533,0.0
2026-10-06 13:07:00,4169.43936,4170.14178,4169.43936,4170.08386,0.0
2026-10-06 13:08:00,4169.92061,4169.92061,4169.53786,4169.58901,0.0
2026-10-06 13:09:00,4169.64645,4170.97225,4169.27246,4169.31571,0.0
2026-10-06 13:10:00,4169.34174,4172.84794,4169.34174,4172.23962,0.0
2026-10-06 13:11:00,4170.70364,4173.6227,4170.70364,4173.31931,0.0
2026-10-06 13:12:00,4172.74383,4173.05233,4172.40372,4172.47987,0.0
2026-10-06 13:13:00,4172.55761,4173.94486,4172.55761,4173.67578,0.0
2026-10-06 13:14:00,4172.97987,4174.14534,4172.97987,4174.03745,0.0
2026-10-06 13:15:00,4173.82425,4175.77962,4171.29354,4172.11252,0.0
2026-10-06 13:16:00,4173.25829,4173.25829,4169.699,4170.29876,0.0
2026-10-06 13:17:00,4171.57029,4171.57029,4167.17575,4168.10733,0.0
2026-10-06 13:18:00,4170.2881,4170.2881,4165.28003,4165.90154,0.0
2026-10-06 13:19:00,4167.04338,4167.04338,4164.23753,4164.53717,0.0
2026-10-06 13:20:00,4165.01945,4165.84421,4163.89074,4164.03651,0.0
2026-10-06 13:21:00,4164.6274,4166.49306,4164.6274,4166.29564,0.0
2026-10-06 13:22:00,4165.76654,4166.49306,4165.76654,4166.40566,0.0
2026-10-06 13:23:00,4166.21425,4167.66613,4164.17382,4164.82511,0.0
2026-10-06 13:24:00,4166.16982,4166.16982,4163.37066,4163.6585,0.0
2026-10-06 13:25:00,4164.29235,4165.5698,4163.60241,4165.25075,0.0
2026-10-06 13:26:00,4164.70412,4164.70412,4162.57729,4162.97235,0.0
2026-10-06 13:27:00,4163.7175,4163.7175,4161.98443,4162.14602,0.0
2026-10-06 13:28:00,4162.40687,4162.40687,4161.75927,4161.86423,0.0
2026-10-06 13:29:00,4162.02524,4162.28804,4161.58864,4161.66198,0.0
2026-10-06 13:30:00,4161.70188,4162.3568,4161.70188,4162.29256,0.0
2026-10-06 13:31:00,4162.19487,4163.77286,4162.15766,4163.25738,0.0
2026-10-06 13:32:00,4162.10081,4164.58437,4162.10081,4164.30032,0.0
2026-10-06 13:33:00,4163.59619,4163.71297,4161.70718,4162.09304,0.0
2026-10-06 13:34:00,4162.90099,4162.90099,4161.25875,4161.42667,0.0
2026-10-06 13:35:00,4161.84823,4162.5268,4161.84823,4162.45804,0.0
2026-10-06 13:36:00,4162.29509,4163.16322,4160.9541,4161.32124,0.0
2026-10-06 13:37:00,4161.89896,4164.08407,4161.89896,4163.6906,0.0
2026-10-06 13:38:00,4163.19043,4166.53251,4161.44316,4165.64382,0.0
2026-10-06 13:39:00,4163.79772,4163.79772,4160.59913,4161.00493,0.0
2026-10-06 13:40:00,4161.82683,4161.82683,4159.42447,4159.89095,0.0
2026-10-06 13:41:00,4160.53402,4160.63294,4157.64577,4158.21299,0.0
2026-10-06 13:42:00,4159.14999,4159.14999,4156.69703,4157.07173,0.0
2026-10-06 13:43:00,4157.85614,4158.66003,4154.95616,4155.58856,0.0
2026-10-06 13:44:00,4156.35652,4159.38774,4156.35652,4159.06472,0.0
2026-10-06 13:45:00,4158.44251,4159.70561,4156.69032,4157.23811,0.0
2026-10-06 13:46:00,4158.21313,4158.21313,4155.7987,4156.15397,0.0
2026-10-06 13:47:00,4156.87478,4156.87478,4155.23976,4155.42089,0.0
2026-10-06 13:48:00,4155.75077,4156.04866,4155.43726,4156.01928,0.0
2026-10-06 13:49:00,4155.94989,4155.94989,4155.23976,4155.30989,0.0
2026-10-06 13:50:00,4155.40632,4156.302,4155.40632,4156.04065,0.0
2026-10-06 13:51:00,4155.68729,4156.68798,4155.68729,4156.56203,0.0
2026-10-06 13:52:00,4156.14003,4156.96708,4156.0348,4156.87456,0.0
2026-10-06 13:53:00,4156.56454,4157.1816,4154.51302,4154.99781,0.0
2026-10-06 13:54:00,4155.91655,4155.91655,4153.85893,4154.09629,0.0
2026-10-06 13:55:00,4154.76074,4157.97873,4153.08442,4157.12493,0.0
2026-10-06 13:56:00,4155.36413,4155.36413,4152.30661,4152.65329,0.0
2026-10-06 13:57:00,4153.40016,4154.37664,4153.40016,4154.29767,0.0
2026-10-06 13:58:00,4154.01243,4154.39997,4154.01243,4154.3599,0.0
2026-10-06 13:59:00,4154.29702,4154.59304,4153.8164,4154.49482,0.0
2026-10-06 14:00:00,4154.28721,4154.28721,4153.6864,4153.74265,0.0
2026-10-06 14:01:00,4153.82371,4154.95888,4153.51387,4153.55576,0.0
2026-10-06 14:02:00,4153.61851,4155.7578,4153.61851,4155.50999,0.0
2026-10-06 14:03:00,4155.01815,4155.06178,4154.37664,4154.46437,0.0
2026-10-06 14:04:00,4154.67846,4155.33035,4154.67846,4155.24777,0.0
2026-10-06 14:05:00,4154.9377,4155.9126,4154.93351,4155.70439,0.0
2026-10-06 14:06:00,4155.41385,4156.35426,4155.41385,4156.15024,0.0
2026-10-06 14:07:00,4155.70849,4157.44867,4155.70849,4157.11402,0.0
2026-10-06 14:08:00,4156.23349,4157.83128,4156.15631,4157.67868,0.0
2026-10-06 14:09:00,4157.35658,4157.35658,4154.74354,4155.17025,0.0
2026-10-06 14:10:00,4155.77109,4155.77109,4154.20405,4154.39539,0.0
2026-10-06 14:11:00,4154.67844,4154.73125,4152.96793,4154.73125,0.0
2026-10-06 14:12:00,4154.4374,4154.4374,4152.1342,4152.41299,0.0
2026-10-06 14:13:00,4152.75547,4153.98293,4152.6559,4153.72555,0.0
2026-10-06 14:14:00,4153.31338,4154.35805,4153.31338,4154.16655,0.0
2026-10-06 14:15:00,4153.82802,4154.67062,4153.82802,4154.59158,0.0
2026-10-06 14:16:00,4154.3243,4154.72825,4152.55668,4154.72825,0.0
2026-10-06 14:17:00,4155.03582,4155.03582,4151.27236,4151.65699,0.0
2026-10-06 14:18:00,4152.30146,4153.75625,4150.01565,4150.68963,0.0
2026-10-06 14:19:00,4152.02428,4152.02428,4149.01137,4149.4164,0.0
2026-10-06 14:20:00,4150.223,4150.223,4148.34481,4148.5407,0.0
2026-10-06 14:21:00,4148.87729,4148.87729,4148.51691,4148.56873,0.0
2026-10-06 14:22:00,4148.63397,4148.86114,4148.63397,4148.84688,0.0
2026-10-06 14:23:00,4148.78504,4148.78504,4148.46125,4148.52117,0.0
2026-10-06 14:24:00,4148.60473,4148.82721,4146.5684,4147.1926,0.0
2026-10-06 14:25:00,4148.02337,4148.02337,4145.7651,4146.06642,0.0
2026-10-06 14:26:00,4146.61292,4146.61292,4145.93698,4145.99835,0.0
2026-10-06 14:27:00,4146.15776,4146.45271,4146.15776,4146.42107,0.0
2026-10-06 14:28:00,4146.29317,4146.29317,4145.1926,4145.57763,0.0
2026-10-06 14:29:00,4146.07117,4146.07117,4144.39057,4144.65483,0.0
2026-10-06 14:30:00,4145.02772,4145.24954,4144.93173,4145.23992,0.0
2026-10-06 14:31:00,4145.15758,4145.56571,4144.56233,4144.64428,0.0
2026-10-06 14:32:00,4144.75114,4145.9483,4144.75114,4145.85509,0.0
2026-10-06 14:33:00,4145.59571,4147.39729,4145.1333,4146.85918,0.0
2026-10-06 14:34:00,4146.10222,4149.11286,4146.10222,4148.45969,0.0
2026-10-06 14:35:00,4147.63143,4150.99219,4147.63143,4150.35153,0.0
2026-10-06 14:36:00,4149.27064,4151.9618,4149.27064,4151.6694,0.0
2026-10-06 14:37:00,4151.01512,4151.99722,4150.79487,4151.73171,0.0
2026-10-06 14:38:00,4151.38183,4153.28861,4150.39366,4152.80711,0.0
2026-10-06 14:39:00,4152.01516,4152.01516,4149.89418,4150.10528,0.0
2026-10-06 14:40:00,4150.46795,4150.75173,4149.44361,4149.72867,0.0
2026-10-06 14:41:00,4150.25151,4150.25151,4149.03328,4149.18531,0.0
2026-10-06 14:42:00,4149.45106,4149.99337,4149.20543,4149.27765,0.0
2026-10-06 14:43:00,4149.18714,4151.71987,4148.29909,4151.12686,0.0
2026-10-06 14:44:00,4149.94076,4152.73001,4149.94076,4152.30062,0.0
2026-10-06 14:45:00,4151.75741,4153.16887,4151.75741,4153.01813,0.0
2026-10-06 14:46:00,4152.6323,4152.82392,4152.51621,4152.78628,0.0
2026-10-06 14:47:00,4152.66737,4153.56973,4151.109,4151.56905,0.0
2026-10-06 14:48:00,4152.53879,4152.53879,4150.52035,4150.74639,0.0
2026-10-06 14:49:00,4151.08591,4151.21164,4149.89418,4150.08709,0.0
2026-10-06 14:50:00,4150.18173,4152.19446,4150.18173,4151.85334,0.0
2026-10-06 14:51:00,4151.26574,4153.98323,4151.26574,4153.28237,0.0
2026-10-06 14:52:00,4152.3771,4154.89447,4152.3771,4154.5856,0.0
2026-10-06 14:53:00,4153.92945,4155.07121,4153.92945,4154.93088,0.0
2026-10-06 14:54:00,4154.5867,4156.49056,4154.37378,4155.95256,0.0
2026-10-06 14:55:00,4155.21598,4157.46923,4155.17811,4157.1196,0.0
2026-10-06 14:56:00,4156.60043,4156.60043,4154.72184,4154.88796,0.0
2026-10-06 14:57:00,4155.29662,4156.48366,4154.72507,4156.21621,0.0
2026-10-06 14:58:00,4155.79501,4155.79501,4154.51248,4154.59498,0.0
2026-10-06 14:59:00,4154.69027,4155.47033,4154.20405,4154.26492,0.0
2026-10-06 15:00:00,4154.24863,4157.13728,4154.24863,4156.60672,0.0
2026-10-06 15:01:00,4155.22794,4158.43289,4155.22794,4157.95143,0.0
2026-10-06 15:02:00,4157.06694,4158.96808,4157.06694,4158.70992,0.0
2026-10-06 15:03:00,4158.34796,4162.67712,4158.34796,4161.35265,0.0
2026-10-06 15:04:00,4159.65882,4164.58437,4159.65882,4163.96036,0.0
2026-10-06 15:05:00,4162.84815,4162.84815,4161.0496,4161.38179,0.0
2026-10-06 15:06:00,4161.87691,4162.15852,4160.25294,4160.49551,0.0
2026-10-06 15:07:00,4160.65234,4162.85072,4160.65234,4162.60385,0.0
2026-10-06 15:08:00,4162.11618,4163.61255,4159.85975,4160.58379,0.0
2026-10-06 15:09:00,4162.06855,4162.06855,4159.04176,4159.33077,0.0
2026-10-06 15:10:00,4160.01452,4161.14892,4160.01452,4160.94092,0.0
2026-10-06 15:11:00,4160.39526,4162.59349,4160.36524,4162.13723,0.0
2026-10-06 15:12:00,4161.01739,4163.02402,4161.01739,4162.82186,0.0
2026-10-06 15:13:00,4162.38838,4162.4701,4161.63802,4161.77142,0.0
2026-10-06 15:14:00,4161.81369,4163.12984,4161.81369,4162.89889,0.0
2026-10-06 15:15:00,4162.553,4163.7114,4162.553,4163.44735,0.0
2026-10-06 15:16:00,4162.9856,4164.06413,4162.9856,4163.97551,0.0
2026-10-06 15:17:00,4163.73276,4163.89074,4162.86622,4163.87763,0.0
2026-10-06 15:18:00,4163.84087,4163.84087,4162.15766,4162.37837,0.0
2026-10-06 15:19:00,4162.69933,4163.19734,4162.69933,4163.13718,0.0
2026-10-06 15:20:00,4163.00631,4163.1536,4162.28354,4162.4918,0.0
2026-10-06 15:21:00,4162.8634,4163.96725,4161.66596,4161.87866,0.0
2026-10-06 15:22:00,4162.53534,4164.63758,4162.53534,4164.39798,0.0
2026-10-06 15:23:00,4164.04062,4164.04062,4162.50416,4162.65134,0.0
2026-10-06 15:24:00,4162.95123,4163.04025,4162.95123,4163.03459,0.0
2026-10-06 15:25:00,4162.93229,4163.58744,4162.83789,4163.42387,0.0
2026-10-06 15:26:00,4163.09832,4163.54401,4163.09832,4163.5148,0.0
2026-10-06 15:27:00,4163.44022,4163.52789,4163.37066,4163.5076,0.0
2026-10-06 15:28:00,4163.39386,4164.52625,4162.93205,4164.15335,0.0
2026-10-06 15:29:00,4163.66581,4164.84952,4163.66581,4164.72258,0.0
2026-10-06 15:30:00,4164.47828,4164.47828,4163.71737,4163.79382,0.0
2026-10-06 15:31:00,4163.88138,4164.63689,4162.44073,4162.85291,0.0
2026-10-06 15:32:00,4163.69342,4163.86095,4161.55137,4161.89306,0.0
2026-10-06 15:33:00,4162.70468,4165.46582,4162.70468,4164.83818,0.0
2026-10-06 15:34:00,4164.04807,4167.3931,4164.04807,4166.72916,0.0
2026-10-06 15:35:00,4165.6596,4168.4035,4165.6596,4168.08774,0.0
2026-10-06 15:36:00,4167.47831,4167.47831,4166.84029,4166.89942,0.0
2026-10-06 15:37:00,4166.98238,4166.98238,4166.66667,4166.72253,0.0
2026-10-06 15:38:00,4166.73074,4167.01392,4166.73074,4166.96343,0.0
2026-10-06 15:39:00,4166.83968,4166.85391,4166.49306,4166.55601,0.0
2026-10-06 15:40:00,4166.52011,4167.01392,4166.52011,4166.95681,0.0
2026-10-06 15:41:00,4166.84136,4166.97583,4166.49306,4166.58673,0.0
2026-10-06 15:42:00,4166.6206,4167.18757,4166.6206,4167.12932,0.0
2026-10-06 15:43:00,4166.99955,4167.43993,4166.66667,4166.71771,0.0
2026-10-06 15:44:00,4166.80345,4168.1168,4166.80345,4167.92139,0.0
2026-10-06 15:45:00,4167.37317,4168.4035,4167.37317,4168.27828,0.0
2026-10-06 15:46:00,4168.01805,4168.7411,4166.71035,4167.1013,0.0
2026-10-06 15:47:00,4167.84092,4168.72278,4166.10629,4166.3312,0.0
2026-10-06 15:48:00,4166.9794,4169.4463,4166.9794,4169.16964,0.0
2026-10-06 15:49:00,4168.61733,4169.09864,4168.61733,4169.04063,0.0
2026-10-06 15:50:00,4168.8966,4169.19298,4168.72721,4168.73965,0.0
2026-10-06 15:51:00,4168.82295,4169.27246,4168.82295,4169.24878,0.0
2026-10-06 15:52:00,4169.08465,4169.36023,4166.7,4169.36023,0.0
2026-10-06 15:53:00,4169.78315,4169.78315,4165.27824,4165.70187,0.0
2026-10-06 15:54:00,4166.35316,4166.55179,4164.80631,4165.14011,0.0
2026-10-06 15:55:00,4165.80689,4165.80689,4164.41094,4164.56317,0.0
2026-10-06 15:56:00,4164.90191,4165.10475,4164.88709,4165.10414,0.0
2026-10-06 15:57:00,4165.02182,4165.54192,4164.49879,4164.65067,0.0
2026-10-06 15:58:00,4165.00613,4165.63883,4164.97062,4165.56684,0.0
2026-10-06 15:59:00,4165.40845,4165.40845,4164.75782,4164.84021,0.0
2026-10-06 16:00:00,4164.98908,4164.99353,4164.78456,4164.85075,0.0
2026-10-06 16:01:00,4164.92592,4164.92592,4163.62703,4164.02548,0.0
2026-10-06 16:02:00,4164.542,4164.542,4162.85072,4163.10123,0.0
2026-10-06 16:03:00,4163.45606,4164.59112,4163.45606,4164.47655,0.0
2026-10-06 16:04:00,4164.21314,4164.58437,4163.37808,4164.57306,0.0
2026-10-06 16:05:00,4164.63408,4164.63408,4162.67743,4162.90022,0.0
2026-10-06 16:06:00,4163.30216,4163.96284,4163.30216,4163.80131,0.0
2026-10-06 16:07:00,4163.54597,4164.18337,4163.54597,4164.12304,0.0
2026-10-06 16:08:00,4163.87666,4164.23753,4163.87666,4164.2095,0.0
2026-10-06 16:09:00,4164.15258,4165.21595,4162.80326,4163.24597,0.0
2026-10-06 16:10:00,4164.10366,4164.10366,4162.33091,4162.50927,0.0
2026-10-06 16:11:00,4162.89359,4163.74853,4162.26889,4163.53286,0.0
2026-10-06 16:12:00,4163.14261,4163.14261,4161.79566,4161.98207,0.0
2026-10-06 16:13:00,4162.28727,4162.28727,4161.45612,4161.5484,0.0
2026-10-06 16:14:00,4161.68662,4162.08909,4161.28368,4161.32036,0.0
2026-10-06 16:15:00,4161.51781,4162.71352,4161.51781,4162.49337,0.0
2026-10-06 16:16:00,4161.87612,4164.01823,4161.77182,4163.59867,0.0
2026-10-06 16:17:00,4162.67181,4164.41094,4162.67181,4164.2162,0.0
2026-10-06 16:18:00,4163.82918,4163.95876,4163.54401,4163.59552,0.0
2026-10-06 16:19:00,4163.5387,4164.28049,4163.5387,4164.15562,0.0
2026-10-06 16:20:00,4163.98469,4165.79781,4162.4102,4165.22397,0.0
2026-10-06 16:21:00,4164.21763,4164.21763,4161.81122,4162.06565,0.0
2026-10-06 16:22:00,4162.64033,4163.5098,4162.64033,4163.35972,0.0
2026-10-06 16:23:00,4162.88945,4164.51797,4162.77519,4164.19224,0.0
2026-10-06 16:24:00,4163.56841,4164.75782,4163.56841,4164.62098,0.0
2026-10-06 16:25:00,4164.33856,4164.33856,4162.9307,4163.3631,0.0
2026-10-06 16:26:00,4163.97983,4163.97983,4162.33091,4162.5459,0.0
2026-10-06 16:27:00,4162.87831,4162.88392,4162.48857,4162.88392,0.0
2026-10-06 16:28:00,4162.82017,4163.22539,4161.23334,4161.65997,0.0
2026-10-06 16:29:00,4162.57822,4162.57822,4160.77224,4160.9324,0.0
2026-10-06 16:30:00,4161.1764,4161.1764,4160.59913,4160.71397,0.0
2026-10-06 16:31:00,4160.81409,4161.37662,4160.69704,4161.22454,0.0
2026-10-06 16:32:00,4160.98445,4161.29166,4160.98445,4161.27906,0.0
2026-10-06 16:33:00,4161.20245,4161.20245,4160.59986,4160.77448,0.0
2026-10-06 16:34:00,4161.02019,4161.02019,4160.25294,4160.34436,0.0
2026-10-06 16:35:00,4160.47104,4161.11851,4160.42052,4161.04957,0.0
2026-10-06 16:36:00,4160.87397,4160.87397,4160.07987,4160.17564,0.0
2026-10-06 16:37:00,4160.38541,4161.55869,4160.38541,4161.32521,0.0
2026-10-06 16:38:00,4160.64879,4161.98443,4160.27183,4161.83544,0.0
2026-10-06 16:39:00,4161.45225,4161.45225,4159.56075,4159.77155,0.0
2026-10-06 16:40:00,4160.05445,4160.42603,4160.05445,4160.36975,0.0
2026-10-06 16:41:00,4160.27703,4160.68871,4159.69085,4160.55293,0.0
2026-10-06 16:42:00,4160.2964,4160.2964,4159.56075,4159.61279,0.0
2026-10-06 16:43:00,4159.76086,4159.99593,4159.65743,4159.97808,0.0
2026-10-06 16:44:00,4159.87839,4160.96446,4158.55134,4158.96449,0.0
2026-10-06 16:45:00,4159.77051,4161.29166,4159.77051,4161.11565,0.0
2026-10-06 16:46:00,4160.79474,4161.26936,4160.4435,4161.20336,0.0
2026-10-06 16:47:00,4161.04993,4161.04993,4159.29164,4159.71457,0.0
2026-10-06 16:48:00,4160.60418,4160.60418,4158.17455,4158.53302,0.0
2026-10-06 16:49:00,4158.99139,4158.99139,4157.06577,4157.42484,0.0
2026-10-06 16:50:00,4158.14154,4158.14154,4156.79428,4156.90577,0.0
2026-10-06 16:51:00,4157.11136,4157.13989,4156.85076,4156.93454,0.0
2026-10-06 16:52:00,4157.02197,4157.02197,4156.79428,4156.81771,0.0
2026-10-06 16:53:00,4156.86906,4157.48724,4156.06084,4156.34155,0.0
2026-10-06 16:54:00,4156.89055,4156.89055,4155.7578,4155.87878,0.0
2026-10-06 16:55:00,4156.05239,4156.05239,4155.2523,4155.42859,0.0
2026-10-06 16:56:00,4155.73658,4155.73658,4154.96681,4155.07656,0.0
2026-10-06 16:57:00,4155.23019,4155.64739,4154.54923,4154.67445,0.0
2026-10-06 16:58:00,4154.65033,4156.10324,4154.65033,4155.94217,0.0
2026-10-06 16:59:00,4155.68569,4156.42987,4155.68569,4156.22994,0.0
2026-10-06 17:00:00,4155.84135,4157.32959,4155.84135,4157.05735,0.0
2026-10-06 17:01:00,4156.311,4157.66059,4156.311,4157.51544,0.0
2026-10-06 17:02:00,4157.31714,4157.65841,4157.31271,4157.62775,0.0
2026-10-06 17:03:00,4157.4923,4157.78743,4157.24087,4157.3031,0.0
2026-10-06 17:04:00,4157.44987,4158.52916,4157.44987,4158.20671,0.0
2026-10-06 17:05:00,4157.70995,4160.11367,4157.70995,4159.58967,0.0
2026-10-06 17:06:00,4158.34381,4160.94537,4158.34381,4160.67208,0.0
2026-10-06 17:07:00,4160.0866,4161.11851,4160.0866,4160.98604,0.0
2026-10-06 17:08:00,4160.78619,4162.05335,4160.78619,4161.70814,0.0
2026-10-06 17:09:00,4160.80761,4162.67743,4160.80761,4162.47183,0.0
2026-10-06 17:10:00,4162.09946,4163.65645,4162.09946,4163.198,0.0
2026-10-06 17:11:00,4162.61199,4164.1736,4162.61199,4164.01484,0.0
2026-10-06 17:12:00,4163.53549,4164.58437,4163.53549,4164.45378,0.0
2026-10-06 17:13:00,4164.19795,4165.10883,4162.74276,4163.22571,0.0
2026-10-06 17:14:00,4164.27274,4164.27274,4162.15766,4162.36406,0.0
2026-10-06 17:15:00,4162.74158,4162.74158,4162.50416,4162.5681,0.0
2026-10-06 17:16:00,4162.59018,4163.59746,4161.75332,4163.25856,0.0
2026-10-06 17:17:00,4162.65871,4163.89074,4162.65871,4163.73547,0.0
2026-10-06 17:18:00,4163.41331,4163.41331,4162.36417,4162.69508,0.0
2026-10-06 17:19:00,4163.17823,4163.17823,4161.81122,4162.00757,0.0
2026-10-06 17:20:00,4162.35025,4162.35025,4161.76917,4161.81678,0.0
2026-10-06 17:21:00,4161.87481,4161.87481,4161.38433,4161.49007,0.0
2026-10-06 17:22:00,4161.64023,4161.64023,4160.45709,4160.78133,0.0
2026-10-06 17:23:00,4161.19434,4161.63477,4158.98881,4159.4773,0.0
2026-10-06 17:24:00,4160.47199,4160.47199,4158.52289,4158.71723,0.0
2026-10-06 17:25:00,4159.16355,4159.93639,4159.16355,4159.77551,0.0
2026-10-06 17:26:00,4159.30208,4160.8239,4159.30208,4160.54628,0.0
2026-10-06 17:27:00,4159.9856,4160.94537,4159.741,4160.87009,0.0
2026-10-06 17:28:00,4160.77744,4160.77744,4159.21474,4159.38427,0.0
2026-10-06 17:29:00,4159.67137,4160.07987,4159.67137,4160.04374,0.0
2026-10-06 17:30:00,4159.94547,4160.83402,4159.56075,4159.61625,0.0
2026-10-06 17:31:00,4159.4012,4161.29166,4159.4012,4161.09887,0.0
2026-10-06 17:32:00,4160.81293,4161.11851,4160.81293,4161.10862,0.0
2026-10-06 17:33:00,4161.0019,4162.42506,4160.2526,4161.99417,0.0
2026-10-06 17:34:00,4160.9711,4163.08657,4160.9711,4162.79251,0.0
2026-10-06 17:35:00,4162.40938,4163.19734,4162.40938,4163.13584,0.0
2026-10-06 17:36:00,4162.90086,4163.37066,4162.90086,4163.31302,0.0
2026-10-06 17:37:00,4163.19805,4163.46943,4163.02402,4163.05578,0.0
2026-10-06 17:38:00,4163.08617,4163.71737,4163.08617,4163.64792,0.0
2026-10-06 17:39:00,4163.48771,4163.48771,4163.02402,4163.08394,0.0
2026-10-06 17:40:00,4163.16789,4163.16789,4162.70614,4162.82069,0.0
2026-10-06 17:41:00,4163.00271,4163.67376,4162.50416,4162.54888,0.0
2026-10-06 17:42:00,4162.8448,4164.12043,4162.8448,4163.96467,0.0
2026-10-06 17:43:00,4163.50588,4164.59752,4163.50588,4164.4557,0.0
2026-10-06 17:44:00,4164.1962,4165.3682,4164.1962,4165.03665,0.0
2026-10-06 17:45:00,4164.58083,4166.00013,4164.54879,4165.79104,0.0
2026-10-06 17:46:00,4165.4106,4165.4106,4164.23753,4164.35797,0.0
2026-10-06 17:47:00,4164.56401,4164.56401,4164.23554,4164.31756,0.0
2026-10-06 17:48:00,4164.41785,4164.5774,4164.1013,4164.14053,0.0
2026-10-06 17:49:00,4164.27694,4164.71125,4164.27694,4164.64523,0.0
2026-10-06 17:50:00,4164.36785,4165.63524,4164.04516,4165.33625,0.0
2026-10-06 17:51:00,4164.80332,4165.79879,4164.80332,4165.68456,0.0
2026-10-06 17:52:00,4165.45976,4166.09182,4165.45174,4165.95298,0.0
2026-10-06 17:53:00,4165.54148,4166.31947,4165.54148,4166.21705,0.0
2026-10-06 17:54:00,4166.04355,4166.66623,4165.29353,4166.46001,0.0
2026-10-06 17:55:00,4166.09715,4166.09715,4165.10475,4165.18339,0.0
2026-10-06 17:56:00,4165.30673,4165.34432,4164.75958,4164.90338,0.0
2026-10-06 17:57:00,4165.13612,4165.13612,4164.58437,4164.64815,0.0
2026-10-06 17:58:00,4164.81281,4165.30276,4164.75782,4165.18539,0.0
2026-10-06 17:59:00,4164.80076,4165.62526,4164.80076,4165.52669,0.0
2026-10-06 18:00:00,4165.33206,4165.33206,4164.98746,4165.07857,0.0
2026-10-06 18:01:00,4165.19463,4165.19463,4164.85131,4164.90742,0.0
2026-10-06 18:02:00,4164.97946,4165.66281,4164.58437,4164.62602,0.0
2026-10-06 18:03:00,4164.80442,4166.47085,4164.80442,4166.22891,0.0
2026-10-06 18:04:00,4165.52905,4167.09875,4165.52905,4166.87533,0.0
2026-10-06 18:05:00,4166.53277,4167.18757,4166.53277,4167.11277,0.0
2026-10-06 18:06:00,4166.91857,4166.95293,4166.84029,4166.84637,0.0
2026-10-06 18:07:00,4166.83974,4167.69643,4166.80968,4166.80968,0.0
2026-10-06 18:08:00,4166.96069,4168.05602,4166.96069,4167.95082,0.0
2026-10-06 18:09:00,4167.58945,4168.22975,4167.58945,4168.14649,0.0
2026-10-06 18:10:00,4167.94533,4167.94533,4167.36123,4167.48632,0.0
2026-10-06 18:11:00,4167.58341,4168.37835,4167.58341,4168.22285,0.0
2026-10-06 18:12:00,4167.95284,4168.67384,4167.95284,4168.51499,0.0
2026-10-06 18:13:00,4168.2383,4168.92483,4168.2383,4168.85594,0.0
2026-10-06 18:14:00,4168.67357,4169.43321,4168.15436,4168.29022,0.0
2026-10-06 18:15:00,4168.7201,4169.99231,4168.7201,4169.77322,0.0
2026-10-06 18:16:00,4169.23457,4170.34527,4169.23457,4170.25425,0.0
2026-10-06 18:17:00,4170.05532,4170.34513,4170.05532,4170.30588,0.0
2026-10-06 18:18:00,4170.22776,4172.1981,4170.22776,4171.55127,0.0
2026-10-06 18:19:00,4170.07641,4173.1002,4170.07641,4172.78784,0.0
2026-10-06 18:20:00,4172.18113,4172.57782,4171.7751,4172.53804,0.0
2026-10-06 18:21:00,4172.46376,4172.46376,4171.35945,4171.48446,0.0
2026-10-06 18:22:00,4171.67259,4171.67259,4170.66093,4170.90613,0.0
2026-10-06 18:23:00,4171.37656,4171.37656,4170.31569,4170.42943,0.0
2026-10-06 18:24:00,4170.5771,4171.28551,4168.94164,4169.40117,0.0
2026-10-06 18:25:00,4170.38604,4170.38604,4168.4035,4168.59695,0.0
2026-10-06 18:26:00,4168.98358,4169.16838,4168.92483,4169.12829,0.0
2026-10-06 18:27:00,4168.92271,4170.3999,4168.2777,4170.00719,0.0
2026-10-06 18:28:00,4169.18015,4170.66355,4169.18015,4170.53141,0.0
2026-10-06 18:29:00,4170.31138,4170.31138,4168.75104,4168.91845,0.0
2026-10-06 18:30:00,4169.17679,4169.17679,4168.57726,4168.64439,0.0
2026-10-06 18:31:00,4168.73651,4169.09864,4168.33878,4169.07678,0.0
2026-10-06 18:32:00,4168.96551,4168.96551,4167.8823,4168.03599,0.0
2026-10-06 18:33:00,4168.27967,4168.27967,4168.00134,4168.06951,0.0
2026-10-06 18:34:00,4168.16663,4168.16663,4167.70859,4167.78589,0.0
2026-10-06 18:35:00,4167.91027,4168.05602,4167.87934,4168.0433,0.0
2026-10-06 18:36:00,4167.97617,4167.97617,4167.51784,4167.63558,0.0
2026-10-06 18:37:00,4167.81793,4167.81793,4167.18757,4167.29336,0.0
2026-10-06 18:38:00,4167.37411,4168.62952,4167.05359,4168.289,0.0
2026-10-06 18:39:00,4167.83363,4168.92483,4167.83363,4168.79915,0.0
2026-10-06 18:40:00,4168.52613,4168.52613,4167.80373,4167.93473,0.0
2026-10-06 18:41:00,4168.09285,4168.2809,4167.36123,4167.47379,0.0
2026-10-06 18:42:00,4167.56475,4169.41031,4167.56475,4169.06369,0.0
2026-10-06 18:43:00,4168.2025,4170.12425,4168.2025,4169.82372,0.0
2026-10-06 18:44:00,4169.42609,4170.31569,4169.42609,4170.22189,0.0
2026-10-06 18:45:00,4169.94336,4170.38659,4169.94336,4170.30355,0.0
2026-10-06 18:46:00,4170.15267,4170.4775,4169.72218,4170.41535,0.0
2026-10-06 18:47:00,4170.29352,4170.74856,4169.1127,4169.34553,0.0
2026-10-06 18:48:00,4169.6206,4172.39059,4169.6206,4171.7653,0.0
2026-10-06 18:49:00,4170.80441,4173.1002,4170.80441,4172.81818,0.0
2026-10-06 18:50:00,4172.26228,4173.08007,4172.26228,4172.92945,0.0
2026-10-06 18:51:00,4172.51645,4173.13258,4172.51645,4173.08426,0.0
2026-10-06 18:52:00,4173.01126,4173.27283,4172.63461,4173.20186,0.0
2026-10-06 18:53:00,4173.03765,4173.03765,4172.57782,4172.60477,0.0
2026-10-06 18:54:00,4172.63422,4172.63434,4172.16429,4172.2872,0.0
2026-10-06 18:55:00,4172.46592,4173.71388,4170.8674,4171.34193,0.0
2026-10-06 18:56:00,4172.29813,4175.19905,4172.29813,4174.60592,0.0
2026-10-06 18:57:00,4173.86349,4176.08752,4173.86349,4175.78499,0.0
2026-10-06 18:58:00,4175.13115,4176.58606,4175.13115,4176.45208,0.0
2026-10-06 18:59:00,4176.12999,4176.58606,4176.12999,4176.53715,0.0
2026-10-06 19:00:00,4176.41423,4177.68315,4175.88842,4175.99519,0.0
2026-10-06 19:01:00,4175.86151,4178.33117,4175.86151,4178.09054,0.0
2026-10-06 19:02:00,4177.61387,4181.83502,4177.28393,4177.33611,0.0
2026-10-06 19:03:00,4176.74339,4183.92536,4176.74339,4183.23486,0.0
2026-10-06 19:04:00,4182.17005,4182.17005,4177.97683,4178.66453,0.0
2026-10-06 19:05:00,4179.75114,4179.75114,4176.93497,4177.27471,0.0
2026-10-06 19:06:00,4177.75452,4178.33117,4177.75452,4178.26653,0.0
2026-10-06 19:07:00,4178.10976,4178.56153,4177.02293,4177.32829,0.0
2026-10-06 19:08:00,4177.91677,4177.91677,4176.7605,4176.85914,0.0
2026-10-06 19:09:00,4177.13494,4177.63615,4177.12701,4177.58748,0.0
2026-10-06 19:10:00,4177.44744,4177.44744,4176.97215,4177.0364,0.0
2026-10-06 19:11:00,4177.10817,4177.4031,4176.14482,4176.39899,0.0
2026-10-06 19:12:00,4176.88557,4176.88557,4175.68217,4175.86227,0.0
2026-10-06 19:13:00,4176.12119,4176.12119,4175.19101,4175.33654,0.0
2026-10-06 19:14:00,4175.41763,4176.47089,4175.41763,4176.29669,0.0
2026-10-06 19:15:00,4176.04981,4176.47828,4176.04981,4176.43314,0.0
2026-10-06 19:16:00,4176.25804,4177.03882,4176.25804,4176.87385,0.0
2026-10-06 19:17:00,4176.51921,4177.10944,4176.51921,4177.04541,0.0
2026-10-06 19:18:00,4176.89953,4177.09619,4175.05905,4175.62298,0.0
2026-10-06 19:19:00,4176.39161,4176.39161,4174.08704,4174.4475,0.0
2026-10-06 19:20:00,4175.1988,4175.1988,4173.29087,4173.58554,0.0
2026-10-06 19:21:00,4174.23017,4175.36534,4174.23017,4175.22371,0.0
2026-10-06 19:22:00,4174.91246,4175.19101,4174.52473,4175.14041,0.0
2026-10-06 19:23:00,4174.98752,4174.98752,4173.98875,4174.16994,0.0
2026-10-06 19:24:00,4174.49169,4174.49169,4173.7969,4173.86903,0.0
2026-10-06 19:25:00,4173.98967,4174.14534,4173.97112,4174.13792,0.0
2026-10-06 19:26:00,4174.09301,4174.09301,4173.90085,4173.95064,0.0
2026-10-06 19:27:00,4174.00736,4174.00736,4173.76844,4173.79735,0.0
2026-10-06 19:28:00,4173.82953,4173.86949,4173.1649,4173.36019,0.0
2026-10-06 19:29:00,4173.69489,4173.69489,4172.37593,4172.66403,0.0
2026-10-06 19:30:00,4173.21375,4173.21375,4171.72241,4171.92071,0.0
2026-10-06 19:31:00,4172.1998,4172.1998,4171.35945,4171.46699,0.0
2026-10-06 19:32:00,4171.60242,4171.70748,4171.07609,4171.67417,0.0
2026-10-06 19:33:00,4171.52499,4171.52499,4170.45415,4170.65826,0.0
2026-10-06 19:34:00,4171.03209,4171.03209,4170.29613,4170.35483,0.0
2026-10-06 19:35:00,4170.4239,4170.83137,4169.35303,4169.6564,0.0
2026-10-06 19:36:00,4170.27078,4170.27078,4169.09864,4169.19408,0.0
2026-10-06 19:37:00,4169.36954,4169.80866,4168.64978,4168.88899,0.0
2026-10-06 19:38:00,4169.34545,4169.34545,4168.4035,4168.50134,0.0
2026-10-06 19:39:00,4168.72661,4169.05128,4168.72661,4168.98698,0.0
2026-10-06 19:40:00,4168.77131,4169.27246,4168.77131,4169.21668,0.0
2026-10-06 19:41:00,4169.09602,4169.21272,4168.92483,4168.9562,0.0
2026-10-06 19:42:00,4168.9987,4169.30397,4168.9987,4169.28752,0.0
2026-10-06 19:43:00,4169.18759,4169.59611,4169.14389,4169.47056,0.0
2026-10-06 19:44:00,4169.29673,4169.77865,4169.10153,4169.7006,0.0
2026-10-06 19:45:00,4169.52619,4169.54503,4168.92483,4168.99175,0.0
2026-10-06 19:46:00,4169.19285,4169.70539,4169.19285,4169.61741,0.0
2026-10-06 19:47:00,4169.31507,4169.96789,4169.31507,4169.88965,0.0
2026-10-06 19:48:00,4169.6783,4169.6783,4168.92483,4169.07076,0.0
2026-10-06 19:49:00,4169.30367,4169.30367,4168.38747,4168.58536,0.0
2026-10-06 19:50:00,4168.83117,4168.83117,4167.66734,4167.89265,0.0
2026-10-06 19:51:00,4168.31477,4168.31477,4167.5349,4167.59217,0.0
2026-10-06 19:52:00,4167.66588,4167.66588,4167.18757,4167.298,0.0
2026-10-06 19:53:00,4167.42397,4167.61541,4167.24018,4167.26673,0.0
2026-10-06 19:54:00,4167.35421,4167.57652,4167.35421,4167.54699,0.0
2026-10-06 19:55:00,4167.40926,4168.07296,4167.40926,4167.92813,0.0
2026-10-06 19:56:00,4167.61536,4168.90407,4167.61536,4168.55886,0.0
2026-10-06 19:57:00,4168.11624,4169.27246,4168.11624,4169.14937,0.0
2026-10-06 19:58:00,4168.7827,4169.33556,4168.7827,4169.23659,0.0
2026-10-06 19:59:00,4169.08371,4169.49195,4169.08371,4169.38893,0.0
2026-10-06 20:00:00,4169.13593,4169.81812,4169.13593,4169.73372,0.0
2026-10-06 20:01:00,4169.51669,4169.79401,4169.38952,4169.77834,0.0
2026-10-06 20:02:00,4169.71401,4169.71401,4168.76059,4168.95512,0.0
2026-10-06 20:03:00,4169.27973,4169.27973,4168.4035,4168.51637,0.0
2026-10-06 20:04:00,4168.7311,4168.96192,4168.7311,4168.9599,0.0
2026-10-06 20:05:00,4168.91027,4168.92488,4168.57726,4168.62327,0.0
2026-10-06 20:06:00,4168.73821,4168.88748,4168.67507,4168.88748,0.0
2026-10-06 20:07:00,4168.81572,4169.0274,4168.57113,4168.60917,0.0
2026-10-06 20:08:00,4168.73922,4169.21688,4168.73922,4169.11614,0.0
2026-10-06 20:09:00,4168.78901,4169.4463,4168.78901,4169.38402,0.0
2026-10-06 20:10:00,4169.2486,4169.53372,4168.92483,4168.97864,0.0
2026-10-06 20:11:00,4169.05882,4169.79401,4169.05882,4169.7217,0.0
2026-10-06 20:12:00,4169.55619,4169.55619,4168.70817,4168.88916,0.0
2026-10-06 20:13:00,4169.20377,4169.20377,4168.4035,4168.49755,0.0
2026-10-06 20:14:00,4168.64301,4168.64301,4168.27887,4168.36432,0.0
2026-10-06 20:15:00,4168.49154,4168.49154,4167.96664,4168.06708,0.0
2026-10-06 20:16:00,4168.22227,4168.22227,4167.70859,4167.78368,0.0
2026-10-06 20:17:00,4167.8977,4167.90242,4167.0921,4167.33794,0.0
2026-10-06 20:18:00,4167.74103,4167.74103,4166.66477,4166.81801,0.0
2026-10-06 20:19:00,4167.07868,4167.07868,4166.16529,4166.3277,0.0
2026-10-06 20:20:00,4166.56636,4166.91356,4164.74219,4165.23527,0.0
2026-10-06 20:21:00,4166.31748,4166.31748,4164.06413,4164.29478,0.0
2026-10-06 20:22:00,4164.70094,4165.18142,4163.79308,4164.06757,0.0
2026-10-06 20:23:00,4164.6062,4164.6062,4163.54401,4163.64244,0.0
2026-10-06 20:24:00,4163.83953,4163.89074,4163.6436,4163.88209,0.0
2026-10-06 20:25:00,4163.78626,4164.12566,4163.44985,4163.53304,0.0
2026-10-06 20:26:00,4163.74189,4164.74575,4162.96785,4164.49626,0.0
2026-10-06 20:27:00,4164.12631,4164.12631,4162.50416,4162.66835,0.0
2026-10-06 20:28:00,4162.97334,4163.24315,4162.85072,4162.87411,0.0
2026-10-06 20:29:00,4162.79913,4164.28973,4162.768,4163.96686,0.0
2026-10-06 20:30:00,4163.21305,4164.58437,4163.21305,4164.43214,0.0
2026-10-06 20:31:00,4164.12998,4164.12998,4163.83766,4163.90148,0.0
2026-10-06 20:32:00,4163.9548,4163.9548,4163.54073,4163.64593,0.0
2026-10-06 20:33:00,4163.78971,4163.78971,4163.03954,4163.18465,0.0
2026-10-06 20:34:00,4163.42443,4163.42443,4163.02402,4163.02848,0.0
2026-10-06 20:35:00,4163.06045,4163.18262,4162.90395,4163.17423,0.0
2026-10-06 20:36:00,4163.09175,4163.48393,4162.58087,4162.69934,0.0
2026-10-06 20:37:00,4163.01594,4163.8166,4163.01594,4163.65672,0.0
2026-10-06 20:38:00,4163.26152,4164.12558,4163.26152,4164.04959,0.0
2026-10-06 20:39:00,4163.87165,4164.25738,4163.87165,4164.17239,0.0
2026-10-06 20:40:00,4164.03331,4164.42962,4163.75863,4164.36475,0.0
2026-10-06 20:41:00,4164.2225,4164.2225,4163.54401,4163.61481,0.0
2026-10-06 20:42:00,4163.77287,4164.25904,4163.29854,4164.13724,0.0
2026-10-06 20:43:00,4163.9033,4163.9033,4163.02402,4163.12615,0.0
2026-10-06 20:44:00,4163.30432,4163.30432,4163.02402,4163.10204,0.0
2026-10-06 20:45:00,4163.14697,4163.2003,4163.14056,4163.2003,0.0
2026-10-06 20:46:00,4163.17842,4163.46016,4162.42519,4162.6435,0.0
2026-10-06 20:47:00,4163.04715,4163.16396,4161.99798,4162.15585,0.0
2026-10-06 20:48:00,4162.57834,4163.19734,4162.57834,4163.15677,0.0
2026-10-06 20:49:00,4163.00317,4163.1163,4162.85072,4162.88387,0.0
2026-10-06 20:50:00,4162.95503,4163.17014,4162.95503,4163.10669,0.0
2026-10-06 20:51:00,4162.9369,4164.1203,4162.9369,4163.82435,0.0
2026-10-06 20:52:00,4163.05356,4164.71837,4163.05356,4164.46868,0.0
2026-10-06 20:53:00,4164.13578,4164.96058,4164.114,4164.85052,0.0
2026-10-06 20:54:00,4164.62823,4164.62823,4164.06413,4164.0937,0.0
2026-10-06 20:55:00,4164.17275,4164.35455,4163.93312,4164.31912,0.0
2026-10-06 20:56:00,4164.20119,4164.20119,4163.79751,4163.85448,0.0
2026-10-06 20:57:00,4163.92224,4163.92224,4163.4837,4163.56211,0.0
2026-10-06 20:58:00,4163.6457,4164.07953,4163.20797,4163.3285,0.0
2026-10-06 20:59:00,4163.53768,4164.5542,4163.53768,4164.32978,0.0
2026-10-06 21:00:00,4164.00659,4164.75782,4164.00659,4164.70072,0.0
2026-10-06 21:01:00,4164.49332,4164.58767,4164.49332,4164.57397,0.0
2026-10-06 21:02:00,4164.54537,4164.54537,4164.31669,4164.38247,0.0
2026-10-06 21:03:00,4164.41823,4164.5099,4164.34536,4164.34536,0.0
2026-10-06 21:04:00,4164.36446,4164.45345,4164.14105,4164.43829,0.0
2026-10-06 21:05:00,4164.34473,4164.4648,4164.06413,4164.10788,0.0
2026-10-06 21:06:00,4164.21136,4164.41094,4164.21136,4164.38872,0.0
2026-10-06 21:07:00,4164.29162,4164.47123,4164.22294,4164.40918,0.0
2026-10-06 21:08:00,4164.26601,4164.41094,4164.23753,4164.39853,0.0
2026-10-06 21:09:00,4164.35228,4164.35228,4164.23753,4164.26903,0.0
2026-10-06 21:10:00,4164.26717,4164.38461,4164.23753,4164.24255,0.0
2026-10-06 21:11:00,4164.26503,4164.34997,4164.21416,4164.34997,0.0
2026-10-06 21:12:00,4164.26752,4164.33581,4164.21179,4164.21179,0.0
2026-10-06 21:13:00,4164.2259,4164.25618,4164.06413,4164.25618,0.0
2026-10-06 21:14:00,4164.1492,4164.44825,4164.1492,4164.36404,0.0
2026-10-06 21:15:00,4164.2376,4164.33852,4164.19514,4164.33852,0.0
2026-10-06 21:16:00,4164.26433,4164.4638,4164.19168,4164.21177,0.0
2026-10-06 21:17:00,4164.25008,4164.42193,4164.23753,4164.39442,0.0
2026-10-06 21:18:00,4164.30979,4164.51506,4164.30979,4164.497,0.0
2026-10-06 21:19:00,4164.4104,4164.49169,4164.4104,4164.47593,0.0
2026-10-06 21:20:00,4164.44274,4164.49085,4164.21534,4164.48076,0.0
2026-10-06 21:21:00,4164.41226,4164.48363,4164.06413,4164.10983,0.0
2026-10-06 21:22:00,4164.24191,4164.43251,4164.22993,4164.43251,0.0
2026-10-06 21:23:00,4164.35144,4164.63271,4164.10077,4164.15382,0.0
2026-10-06 21:24:00,4164.31274,4164.58437,4164.29489,4164.56644,0.0
2026-10-06 21:25:00,4164.46402,4164.47326,4164.23753,4164.2728,0.0
2026-10-06 21:26:00,4164.34475,4164.41094,4164.23753,4164.39351,0.0
2026-10-06 21:27:00,4164.2995,4164.45526,4164.23753,4164.4177,0.0
2026-10-06 21:28:00,4164.32628,4164.41094,4164.32628,4164.39249,0.0
2026-10-06 21:29:00,4164.33606,4164.41094,4164.23753,4164.40212,0.0
2026-10-06 21:30:00,4164.3247,4164.45245,4164.3247,4164.40863,0.0
2026-10-06 21:31:00,4164.33887,4164.42199,4164.33887,4164.42199,0.0
2026-10-06 21:32:00,4164.31492,4164.492,4164.31492,4164.45978,0.0
2026-10-06 21:33:00,4164.40721,4164.41094,4164.23753,4164.2968,0.0
2026-10-06 21:34:00,4164.308,4164.53284,4164.308,4164.45784,0.0
2026-10-06 21:35:00,4164.34393,4164.42128,4164.33368,4164.42128,0.0
2026-10-06 21:36:00,4164.34173,4164.62586,4164.31183,4164.54412,0.0
2026-10-06 21:37:00,4164.38983,4164.58437,4164.38062,4164.56129,0.0
2026-10-06 21:38:00,4164.48064,4164.48064,4164.23753,4164.29449,0.0
2026-10-06 21:39:00,4164.36316,4164.5214,4164.23753,4164.26825,0.0
2026-10-06 21:40:00,4164.33819,4164.58437,4164.33819,4164.56225,0.0
2026-10-06 21:41:00,4164.45375,4164.63314,4164.31532,4164.33151,0.0
2026-10-06 21:42:00,4164.4058,4164.58662,4164.32612,4164.58249,0.0
2026-10-06 21:43:00,4164.50221,4164.50286,4164.34868,4164.34868,0.0
2026-10-06 21:44:00,4164.36728,4164.41094,4164.23753,4164.4091,0.0
2026-10-06 21:45:00,4164.3119,4164.46113,4164.3119,4164.4148,0.0
2026-10-06 21:46:00,4164.33693,4164.34684,4164.23753,4164.34684,0.0
2026-10-06 21:47:00,4164.27689,4164.47176,4164.27689,4164.43829,0.0
2026-10-06 21:48:00,4164.35837,4164.41094,4164.34764,4164.39752,0.0
2026-10-06 21:49:00,4164.34684,4164.41094,4164.34684,4164.40907,0.0
2026-10-06 21:50:00,4164.35025,4164.56328,4164.30678,4164.31711,0.0
2026-10-06 21:51:00,4164.36505,4164.58437,4164.36505,4164.56883,0.0
2026-10-06 21:52:00,4164.45257,4164.62913,4164.42195,4164.42195,0.0
2026-10-06 21:53:00,4164.45291,4164.54755,4164.34452,4164.54755,0.0
2026-10-06 21:54:00,4164.46394,4164.76915,4164.21256,4164.27315,0.0
2026-10-06 21:55:00,4164.4348,4164.65283,4164.41094,4164.65283,0.0
2026-10-06 21:56:00,4164.58502,4164.74904,4164.53263,4164.54754,0.0
2026-10-06 21:57:00,4164.56639,4164.65108,4164.56639,4164.64694,0.0
2026-10-06 21:58:00,4164.6087,4164.68545,4164.58437,4164.68299,0.0
2026-10-06 21:59:00,4164.62795,4164.6363,4164.41172,4164.6363,0.0
2026-10-06 22:00:00,4164.60497,4167.11267,4164.23753,4164.26836,0.0
2026-10-06 22:01:00,4164.45256,4168.22975,4164.45256,4167.84627,0.0
2026-10-06 22:02:00,4167.10402,4167.10402,4166.66667,4166.69563,0.0
2026-10-06 22:03:00,4166.74947,4167.04828,4166.202,4166.95952,0.0
2026-10-06 22:04:00,4166.77708,4166.7942,4165.97234,4166.04454,0.0
2026-10-06 22:05:00,4166.2909,4167.36103,4165.96663,4167.15333,0.0
2026-10-06 22:06:00,4166.78544,4166.78544,4165.62526,4165.75403,0.0
2026-10-06 22:07:00,4166.01453,4166.36981,4165.97234,4166.27589,0.0
2026-10-06 22:08:00,4165.9289,4166.79653,4165.9289,4166.65702,0.0
2026-10-06 22:09:00,4166.44524,4166.73203,4166.43473,4166.71499,0.0
2026-10-06 22:10:00,4166.62978,4166.64619,4166.31947,4166.3747,0.0
2026-10-06 22:11:00,4166.47116,4166.61252,4166.47116,4166.584,0.0
2026-10-06 22:12:00,4166.50233,4166.91625,4166.49306,4166.82733,0.0
2026-10-06 22:13:00,4166.56575,4167.14733,4166.56575,4167.0377,0.0
2026-10-06 22:14:00,4166.88505,4167.10603,4166.88505,4167.10603,0.0
2026-10-06 22:15:00,4167.02136,4167.02136,4166.6599,4166.7614,0.0
2026-10-06 22:16:00,4166.88442,4166.88442,4166.31947,4166.40695,0.0
2026-10-06 22:17:00,4166.46009,4166.89577,4166.38395,4166.76716,0.0
2026-10-06 22:18:00,4166.58189,4166.87137,4166.49411,4166.84356,0.0
2026-10-06 22:19:00,4166.73567,4166.73567,4166.49306,4166.50799,0.0
2026-10-06 22:20:00,4166.54175,4166.57424,4166.49306,4166.57424,0.0
2026-10-06 22:21:00,4166.51857,4166.63979,4166.49306,4166.60919,0.0
2026-10-06 22:22:00,4166.5261,4166.66028,4166.49306,4166.6188,0.0
2026-10-06 22:23:00,4166.53427,4166.71547,4166.49306,4166.70279,0.0
2026-10-06 22:24:00,4166.59688,4166.95052,4166.59688,4166.85085,0.0
2026-10-06 22:25:00,4166.71199,4166.90104,4166.71199,4166.90104,0.0
2026-10-06 22:26:00,4166.78334,4167.21532,4166.78334,4167.10521,0.0
2026-10-06 22:27:00,4166.94567,4167.10418,4166.94567,4167.10418,0.0
2026-10-06 22:28:00,4167.01954,4167.49836,4166.87828,4167.35954,0.0
2026-10-06 22:29:00,4167.09731,4167.56376,4166.53151,4167.51363,0.0
2026-10-06 22:30:00,4167.46403,4167.46403,4165.74732,4165.99968,0.0
2026-10-06 22:31:00,4166.32192,4166.34847,4164.84022,4165.13771,0.0
2026-10-06 22:32:00,4165.73469,4165.73469,4164.58437,4164.68454,0.0
2026-10-06 22:33:00,4164.9213,4165.20594,4164.76649,4165.1685,0.0
2026-10-06 22:34:00,4165.04372,4165.04372,4164.75782,4164.77386,0.0
2026-10-06 22:35:00,4164.80573,4165.03969,4164.31184,4164.48092,0.0
2026-10-06 22:36:00,4164.77092,4164.77092,4164.23753,4164.27264,0.0
2026-10-06 22:37:00,4164.33213,4164.33213,4164.06413,4164.13673,0.0
2026-10-06 22:38:00,4164.20499,4164.2709,4164.20499,4164.2561,0.0
2026-10-06 22:39:00,4164.21319,4164.29159,4163.75329,4163.90906,0.0
2026-10-06 22:40:00,4164.17526,4164.17526,4163.09133,4163.30986,0.0
2026-10-06 22:41:00,4163.6153,4163.6153,4162.64114,4162.78593,0.0
2026-10-06 22:42:00,4163.02169,4163.02169,4162.50416,4162.56494,0.0
2026-10-06 22:43:00,4162.68362,4162.95373,4162.67743,4162.89676,0.0
2026-10-06 22:44:00,4162.76113,4163.3794,4162.76113,4163.25382,0.0
2026-10-06 22:45:00,4162.90235,4163.71396,4162.90235,4163.56576,0.0
2026-10-06 22:46:00,4163.36678,4163.72039,4163.36678,4163.70092,0.0
2026-10-06 22:47:00,4163.59986,4163.59986,4163.22386,4163.28551,0.0
2026-10-06 22:48:00,4163.35332,4163.35332,4162.85072,4162.94869,0.0
2026-10-06 22:49:00,4163.01978,4163.38977,4163.01978,4163.29113,0.0
2026-10-06 22:50:00,4163.1424,4163.45037,4162.89721,4163.39317,0.0
2026-10-06 22:51:00,4163.24768,4163.24768,4162.85072,4162.87834,0.0
2026-10-06 22:52:00,4162.92882,4163.05578,4162.55799,4162.68621,0.0
2026-10-06 22:53:00,4162.88789,4162.88789,4162.24598,4162.35714,0.0
2026-10-06 22:54:00,4162.50683,4162.50683,4161.81122,4161.92902,0.0
2026-10-06 22:55:00,4162.08678,4163.31795,4162.08678,4163.03766,0.0
2026-10-06 22:56:00,4162.31817,4163.54401,4162.31817,4163.42309,0.0
2026-10-06 22:57:00,4163.24332,4163.47153,4163.1061,4163.44875,0.0
2026-10-06 22:58:00,4163.34329,4163.34329,4163.02402,4163.06188,0.0
2026-10-06 22:59:00,4163.10067,4163.10067,4162.67743,4162.76848,0.0
2026-10-06 23:00:00,4162.80314,4163.19734,4162.80314,4163.15591,0.0
2026-10-06 23:01:00,4163.08304,4163.20151,4163.02402,4163.03624,0.0
2026-10-06 23:02:00,4162.9846,4163.37066,4162.9846,4163.33342,0.0
2026-10-06 23:03:00,4163.23995,4164.28644,4163.18389,4163.18389,0.0
2026-10-06 23:04:00,4163.40394,4164.75782,4163.40394,4164.60793,0.0
2026-10-06 23:05:00,4164.29336,4164.89505,4163.16147,4163.43333,0.0
2026-10-06 23:06:00,4164.0657,4165.10475,4164.0657,4164.98626,0.0
2026-10-06 23:07:00,4164.70215,4165.03307,4164.70215,4164.99812,0.0
2026-10-06 23:08:00,4164.90177,4164.97892,4164.38531,4164.97892,0.0
2026-10-06 23:09:00,4164.96479,4164.96479,4164.06413,4164.16643,0.0
2026-10-06 23:10:00,4164.32226,4165.00259,4164.32226,4164.76758,0.0
2026-10-06 23:11:00,4164.44446,4165.5853,4164.44446,4165.38897,0.0
2026-10-06 23:12:00,4164.80606,4165.97234,4164.80606,4165.84276,0.0
2026-10-06 23:13:00,4165.60569,4165.75085,4165.22329,4165.35497,0.0
2026-10-06 23:14:00,4165.55843,4165.55843,4165.10475,4165.16064,0.0
2026-10-06 23:15:00,4165.2745,4165.70873,4165.2745,4165.59002,0.0
2026-10-06 23:16:00,4165.35478,4165.97234,4165.35478,4165.89955,0.0
2026-10-06 23:17:00,4165.71789,4165.71789,4165.61969,4165.61969,0.0
2026-10-06 23:18:00,4165.6224,4166.20245,4165.6224,4166.02473,0.0
2026-10-06 23:19:00,4165.47846,4166.57117,4165.47846,4166.43737,0.0
2026-10-06 23:20:00,4166.24406,4166.92905,4165.78061,4166.77047,0.0
2026-10-06 23:21:00,4166.49183,4166.49183,4165.62526,4165.68631,0.0
2026-10-06 23:22:00,4165.75993,4165.75993,4165.27824,4165.37672,0.0
2026-10-06 23:23:00,4165.46679,4165.91912,4165.29795,4165.77896,0.0
2026-10-06 23:24:00,4165.54004,4166.28844,4165.54004,4166.10305,0.0
2026-10-06 23:25:00,4165.78456,4167.78649,4165.78456,4167.29095,0.0
2026-10-06 23:26:00,4166.03588,4168.54415,4166.03588,4168.28072,0.0
2026-10-06 23:27:00,4167.77697,4168.75104,4167.77697,4168.63141,0.0
2026-10-06 23:28:00,4168.37756,4168.91198,4168.05602,4168.10785,0.0
2026-10-06 23:29:00,4167.99852,4169.27497,4167.99852,4169.1135,0.0
2026-10-06 23:30:00,4168.89738,4169.27246,4168.89738,4169.24585,0.0
2026-10-06 23:31:00,4169.09222,4169.52367,4169.0299,4169.40315,0.0
2026-10-06 23:32:00,4169.20951,4169.67725,4168.8655,4169.58873,0.0
2026-10-06 23:33:00,4169.41557,4169.41557,4168.57726,4168.67902,0.0
2026-10-06 23:34:00,4168.8351,4168.9029,4168.1248,4168.30671,0.0
2026-10-06 23:35:00,4168.6282,4168.6282,4167.8823,4167.97519,0.0
2026-10-06 23:36:00,4168.14823,4168.2107,4167.88671,4168.18902,0.0
2026-10-06 23:37:00,4168.10176,4168.10176,4167.85064,4167.8716,0.0
2026-10-06 23:38:00,4167.89058,4167.89058,4167.70859,4167.72553,0.0
2026-10-06 23:39:00,4167.71624,4167.77267,4167.43371,4167.77267,0.0
2026-10-06 23:40:00,4167.73742,4167.73742,4166.33125,4166.71836,0.0
2026-10-06 23:41:00,4167.5293,4167.5293,4165.79879,4165.96453,0.0
2026-10-06 23:42:00,4166.21847,4166.48906,4165.62526,4165.72007,0.0
2026-10-06 23:43:00,4165.84231,4167.07503,4165.84231,4166.91142,0.0
2026-10-06 23:44:00,4166.48209,4167.18757,4166.48209,4167.11591,0.0
2026-10-06 23:45:00,4166.98012,4167.15646,4166.50555,4166.6623,0.0
2026-10-06 23:46:00,4166.9262,4166.9262,4166.31947,4166.38638,0.0
2026-10-06 23:47:00,4166.54154,4166.94086,4166.13765,4166.83933,0.0
2026-10-06 23:48:00,4166.63058,4166.63058,4165.97234,4166.03941,0.0
2026-10-06 23:49:00,4166.14153,4166.14153,4165.79879,4165.8759,0.0
2026-10-06 23:50:00,4165.8884,4166.51544,4165.8729,4166.36663,0.0
2026-10-06 23:51:00,4166.14741,4166.76023,4166.1459,4166.62437,0.0
2026-10-06 23:52:00,4166.30894,4167.87636,4166.30894,4167.53072,0.0
2026-10-06 23:53:00,4166.62699,4168.22975,4166.62699,4168.06627,0.0
2026-10-06 23:54:00,4167.7428,4167.7428,4167.36123,4167.45603,0.0
2026-10-06 23:55:00,4167.52589,4167.70859,4167.52589,4167.65999,0.0
2026-10-06 23:56:00,4167.55788,4167.55788,4167.21029,4167.3038,0.0
2026-10-06 23:57:00,4167.40745,4167.40745,4166.67858,4166.87611,0.0
2026-10-06 23:58:00,4167.12096,4167.12096,4166.1459,4166.30068,0.0
2026-10-06 23:59:00,4166.5348,4166.5348,4166.1459,4166.18684,0.0
2026-10-07 00:00:00,4166.28451,4167.3809,4165.11572,4167.0137,0.0
2026-10-07 00:01:00,4166.42223,4166.42223,4164.75782,4164.90427,0.0
2026-10-07 00:02:00,4165.23953,4166.01646,4165.23953,4165.81465,0.0
2026-10-07 00:03:00,4165.2831,4166.49306,4165.2831,4166.33947,0.0
2026-10-07 00:04:00,4165.94912,4166.26303,4164.35783,4164.73684,0.0
2026-10-07 00:05:00,4165.53405,4165.53405,4164.06413,4164.1738,0.0
2026-10-07 00:06:00,4164.43317,4165.05487,4164.01105,4164.91065,0.0
2026-10-07 00:07:00,4164.64521,4164.64521,4163.89074,4163.94239,0.0
2026-10-07 00:08:00,4164.02963,4164.02963,4163.71737,4163.79979,0.0
2026-10-07 00:09:00,4163.85835,4164.06413,4163.16039,4164.01497,0.0
2026-10-07 00:10:00,4163.76352,4164.22189,4162.50416,4162.68747,0.0
2026-10-07 00:11:00,4163.00358,4165.26862,4163.00358,4164.95584,0.0
2026-10-07 00:12:00,4164.10855,4168.1193,4162.35457,4167.13156,0.0
2026-10-07 00:13:00,4164.70998,4168.92483,4164.70998,4168.56878,0.0
2026-10-07 00:14:00,4167.99301,4168.52874,4167.99301,4168.44517,0.0
2026-10-07 00:15:00,4168.16869,4168.75104,4167.72305,4168.68378,0.0
2026-10-07 00:16:00,4168.38954,4168.38954,4167.01392,4167.23938,0.0
2026-10-07 00:17:00,4167.54408,4168.09572,4167.54408,4167.99343,0.0
2026-10-07 00:18:00,4167.81065,4168.26033,4167.25569,4168.17383,0.0
2026-10-07 00:19:00,4168.03711,4168.03711,4166.10724,4166.49568,0.0
2026-10-07 00:20:00,4166.995,4166.995,4164.98971,4165.35272,0.0
2026-10-07 00:21:00,4166.07546,4166.07546,4163.37053,4163.98551,0.0
2026-10-07 00:22:00,4165.30842,4165.30842,4162.33091,4162.6417,0.0
2026-10-07 00:23:00,4163.2069,4163.22322,4162.84183,4162.94693,0.0
2026-10-07 00:24:00,4163.10249,4163.17354,4162.67743,4162.74858,0.0
2026-10-07 00:25:00,4162.8515,4163.19734,4162.81019,4163.15627,0.0
2026-10-07 00:26:00,4163.04876,4163.04876,4162.14661,4162.36099,0.0
2026-10-07 00:27:00,4162.70255,4162.70255,4161.81122,4161.91885,0.0
2026-10-07 00:28:00,4162.08336,4162.15766,4161.90137,4162.13769,0.0
2026-10-07 00:29:00,4162.06937,4162.06937,4161.10143,4161.37755,0.0
2026-10-07 00:30:00,4161.90342,4161.90342,4160.20861,4160.49045,0.0
2026-10-07 00:31:00,4160.8677,4161.03978,4159.07827,4159.46418,0.0
2026-10-07 00:32:00,4160.27672,4160.27672,4158.41181,4158.65814,0.0
2026-10-07 00:33:00,4159.00167,4159.08462,4157.09218,4157.49989,0.0
2026-10-07 00:34:00,4158.22247,4158.22247,4156.21474,4156.55521,0.0
2026-10-07 00:35:00,4157.23754,4157.23754,4155.74827,4155.90649,0.0
2026-10-07 00:36:00,4156.12823,4157.53294,4156.12823,4157.2484,0.0
2026-10-07 00:37:00,4156.87871,4159.37566,4156.87871,4158.70162,0.0
2026-10-07 00:38:00,4157.59341,4160.42603,4157.59341,4160.10999,0.0
2026-10-07 00:39:00,4159.30403,4160.63965,4159.30403,4160.43571,0.0
2026-10-07 00:40:00,4160.14851,4161.23372,4160.14851,4160.97161,0.0
2026-10-07 00:41:00,4160.4603,4161.63802,4160.4603,4161.53744,0.0
2026-10-07 00:42:00,4161.24986,4161.63802,4161.24986,4161.60955,0.0
2026-10-07 00:43:00,4161.53981,4161.53981,4161.29166,4161.34708,0.0
2026-10-07 00:44:00,4161.34834,4162.20764,4160.85818,4161.931,0.0
2026-10-07 00:45:00,4161.54882,4162.33091,4161.54882,4162.25483,0.0
2026-10-07 00:46:00,4162.04856,4162.04856,4159.40351,4160.3035,0.0
2026-10-07 00:47:00,4162.01619,4162.01619,4158.00416,4158.43016,0.0
2026-10-07 00:48:00,4159.0492,4159.0492,4157.65841,4157.82822,0.0
2026-10-07 00:49:00,4158.06766,4158.52289,4158.06766,4158.49247,0.0
2026-10-07 00:50:00,4158.41063,4158.41063,4157.94449,4158.06208,0.0
2026-10-07 00:51:00,4158.24983,4158.24983,4157.79777,4157.84517,0.0
2026-10-07 00:52:00,4157.905,4157.905,4157.65841,4157.68041,0.0
2026-10-07 00:53:00,4157.70865,4157.84202,4157.65841,4157.84202,0.0
2026-10-07 00:54:00,4157.78185,4157.85104,4157.65841,4157.68742,0.0
2026-10-07 00:55:00,4157.75096,4158.00909,4157.34191,4157.93593,0.0
2026-10-07 00:56:00,4157.77499,4157.77499,4156.922,4157.07963,0.0
2026-10-07 00:57:00,4157.31515,4157.31515,4156.36069,4156.52394,0.0
2026-10-07 00:58:00,4156.80357,4157.29715,4156.02581,4156.13031,0.0
2026-10-07 00:59:00,4156.52206,4157.76494,4156.52206,4157.59564,0.0
2026-10-07 01:00:00,4157.29084,4157.29084,4155.55508,4155.94822,0.0
2026-10-07 01:01:00,4156.58656,4156.58656,4154.72184,4154.96011,0.0
2026-10-07 01:02:00,4155.37007,4155.37007,4153.53395,4153.98097,0.0
2026-10-07 01:03:00,4154.93505,4154.93505,4152.82392,4153.04468,0.0
2026-10-07 01:04:00,4153.42619,4153.42619,4152.99639,4153.08668,0.0
2026-10-07 01:05:00,4153.19943,4153.32604,4152.92754,4152.96926,0.0
2026-10-07 01:06:00,4153.04523,4153.22622,4153.04523,4153.22303,0.0
2026-10-07 01:07:00,4153.18034,4153.18034,4152.99639,4153.02194,0.0
2026-10-07 01:08:00,4153.03683,4153.17169,4152.82392,4152.85953,0.0
2026-10-07 01:09:00,4152.94362,4153.18123,4152.94362,4153.18123,0.0
2026-10-07 01:10:00,4153.10879,4153.21601,4152.99639,4153.01682,0.0
2026-10-07 01:11:00,4153.07641,4153.2126,4152.86302,4153.19213,0.0
2026-10-07 01:12:00,4153.09255,4153.37049,4152.62105,4152.71277,0.0
2026-10-07 01:13:00,4152.9653,4153.34136,4152.9653,4153.31563,0.0
2026-10-07 01:14:00,4153.17051,4153.34136,4152.85288,4153.32315,0.0
2026-10-07 01:15:00,4153.20157,4153.2372,4152.10947,4152.34722,0.0
2026-10-07 01:16:00,4152.80152,4152.80152,4151.92846,4152.0044,0.0
2026-10-07 01:17:00,4152.19465,4152.54364,4152.1463,4152.51128,0.0
2026-10-07 01:18:00,4152.4045,4152.4045,4152.1342,4152.14793,0.0
2026-10-07 01:19:00,4152.15727,4152.19806,4151.66966,4151.8072,0.0
2026-10-07 01:20:00,4152.03176,4152.03176,4151.58752,4151.62713,0.0
2026-10-07 01:21:00,4151.686,4152.08068,4150.57294,4152.02171,0.0
2026-10-07 01:22:00,4152.06085,4152.06085,4149.89418,4150.10978,0.0
2026-10-07 01:23:00,4150.49814,4150.49814,4150.13749,4150.23332,0.0
2026-10-07 01:24:00,4150.35473,4150.36688,4150.0664,4150.10673,0.0
2026-10-07 01:25:00,4150.18608,4150.62243,4150.18608,4150.48448,0.0
2026-10-07 01:26:00,4150.22173,4151.63423,4150.22173,4151.31394,0.0
2026-10-07 01:27:00,4150.4344,4152.44248,4150.4344,4152.14162,0.0
2026-10-07 01:28:00,4151.6807,4152.55895,4151.6807,4152.466,0.0
2026-10-07 01:29:00,4152.25079,4152.81985,4152.25079,4152.75469,0.0
2026-10-07 01:30:00,4152.56643,4153.5024,4152.47804,4153.22743,0.0
2026-10-07 01:31:00,4152.87234,4154.08456,4152.87234,4153.86813,0.0
2026-10-07 01:32:00,4153.2921,4154.54923,4153.2921,4154.41325,0.0
2026-10-07 01:33:00,4154.15271,4154.39367,4154.15271,4154.38972,0.0
2026-10-07 01:34:00,4154.34858,4154.34858,4153.49604,4153.72252,0.0
2026-10-07 01:35:00,4154.06994,4154.06994,4152.88493,4153.09773,0.0
2026-10-07 01:36:00,4153.49218,4153.52545,4152.51472,4152.65654,0.0
2026-10-07 01:37:00,4152.88163,4153.84914,4152.88163,4153.68001,0.0
2026-10-07 01:38:00,4153.43309,4154.25872,4153.12654,4154.11174,0.0
2026-10-07 01:39:00,4153.83465,4153.86865,4152.82392,4152.92764,0.0
2026-10-07 01:40:00,4153.26772,4154.03149,4153.26772,4153.96695,0.0
2026-10-07 01:41:00,4153.76299,4153.76299,4153.67665,4153.67665,0.0
2026-10-07 01:42:00,4153.66718,4155.66203,4151.34847,4152.11528,0.0
2026-10-07 01:43:00,4153.52411,4153.52411,4150.53936,4150.90821,0.0
2026-10-07 01:44:00,4151.65668,4151.65668,4150.0664,4150.21074,0.0
2026-10-07 01:45:00,4150.47092,4151.24105,4150.41089,4150.42797,0.0
2026-10-07 01:46:00,4150.56312,4152.19978,4149.80233,4151.86096,0.0
2026-10-07 01:47:00,4151.11175,4151.11175,4148.89358,4149.247,0.0
2026-10-07 01:48:00,4149.98035,4150.22251,4147.76838,4148.17817,0.0
2026-10-07 01:49:00,4148.78282,4150.58316,4148.78282,4150.39882,0.0
2026-10-07 01:50:00,4150.02698,4150.36118,4148.51946,4148.95434,0.0
2026-10-07 01:51:00,4149.64347,4149.64347,4147.82861,4148.09411,0.0
2026-10-07 01:52:00,4148.59977,4148.59977,4147.52583,4147.66528,0.0
2026-10-07 01:53:00,4147.89526,4148.51691,4147.89526,4148.47654,0.0
2026-10-07 01:54:00,4148.37247,4148.37247,4147.30218,4147.53205,0.0
2026-10-07 01:55:00,4147.88512,4147.88512,4146.7966,4146.95788,0.0
2026-10-07 01:56:00,4147.22671,4148.13124,4147.22671,4147.92182,0.0
2026-10-07 01:57:00,4147.35276,4148.34481,4147.35276,4148.23968,0.0
2026-10-07 01:58:00,4148.04868,4148.12843,4147.72863,4147.8392,0.0
2026-10-07 01:59:00,4147.98762,4147.98762,4147.65657,4147.68849,0.0
2026-10-07 02:00:00,4147.76499,4148.35165,4147.06317,4148.15842,0.0
2026-10-07 02:01:00,4147.81998,4147.81998,4146.30015,4146.58872,0.0
2026-10-07 02:02:00,4147.02332,4147.02332,4145.54944,4145.76615,0.0
2026-10-07 02:03:00,4146.15139,4146.15139,4145.24954,4145.35728,0.0
2026-10-07 02:04:00,4145.53608,4145.53608,4145.1297,4145.23299,0.0
2026-10-07 02:05:00,4145.38845,4145.38845,4143.97327,4144.39426,0.0
2026-10-07 02:06:00,4145.23496,4145.23496,4142.65233,4143.06294,0.0
2026-10-07 02:07:00,4143.59191,4143.9665,4141.09598,4141.62209,0.0
2026-10-07 02:08:00,4142.68621,4143.20769,4140.01924,4140.44434,0.0
2026-10-07 02:09:00,4141.3506,4143.87535,4141.3506,4143.61241,0.0
2026-10-07 02:10:00,4143.09277,4143.44581,4142.54885,4142.64642,0.0
2026-10-07 02:11:00,4142.70539,4143.77642,4142.70539,4143.6151,0.0
2026-10-07 02:12:00,4143.398,4144.51533,4142.74039,4144.23594,0.0
2026-10-07 02:13:00,4143.7487,4143.7487,4142.30884,4142.46725,0.0
2026-10-07 02:14:00,4142.94454,4143.87535,4142.94454,4143.79717,0.0
2026-10-07 02:15:00,4143.61444,4143.61444,4143.16942,4143.19798,0.0
2026-10-07 02:16:00,4143.22266,4143.74095,4142.84531,4142.91093,0.0
2026-10-07 02:17:00,4142.9386,4144.21881,4142.9386,4144.07604,0.0
2026-10-07 02:18:00,4143.77477,4144.38698,4143.1886,4143.26292,0.0
2026-10-07 02:19:00,4143.56771,4144.90591,4143.56771,4144.74395,0.0
2026-10-07 02:20:00,4144.42881,4144.42881,4143.70364,4143.78132,0.0
2026-10-07 02:21:00,4143.89645,4143.89645,4143.53195,4143.60205,0.0
2026-10-07 02:22:00,4143.61069,4143.87535,4143.31963,4143.84438,0.0
2026-10-07 02:23:00,4143.69959,4143.69959,4142.84531,4142.98039,0.0
2026-10-07 02:24:00,4143.03847,4144.0843,4143.03847,4143.92578,0.0
2026-10-07 02:25:00,4143.68489,4144.5466,4143.68489,4144.32795,0.0
2026-10-07 02:26:00,4143.91816,4145.56604,4143.91816,4145.25244,0.0
2026-10-07 02:27:00,4144.39216,4145.93698,4144.39216,4145.78069,0.0
2026-10-07 02:28:00,4145.52003,4145.96,4145.52003,4145.82827,0.0
2026-10-07 02:29:00,4145.45634,4146.9218,4145.45634,4146.62684,0.0
2026-10-07 02:30:00,4145.9554,4147.14055,4145.9554,4147.01088,0.0
2026-10-07 02:31:00,4146.80303,4147.12531,4146.7966,4147.07763,0.0
2026-10-07 02:32:00,4146.84453,4147.31254,4146.84453,4147.24751,0.0
2026-10-07 02:33:00,4147.11173,4147.24365,4146.7966,4146.87079,0.0
2026-10-07 02:34:00,4146.86624,4147.86391,4146.86624,4147.67438,0.0
2026-10-07 02:35:00,4147.32395,4147.82861,4147.32395,4147.79216,0.0
2026-10-07 02:36:00,4147.70262,4147.82861,4147.53431,4147.81675,0.0
2026-10-07 02:37:00,4147.76203,4147.76203,4146.57241,4146.9145,0.0
2026-10-07 02:38:00,4147.58669,4147.58669,4146.10888,4146.23995,0.0
2026-10-07 02:39:00,4146.43932,4146.45085,4145.46377,4145.7032,0.0
2026-10-07 02:40:00,4146.16134,4146.16134,4145.15494,4145.27268,0.0
2026-10-07 02:41:00,4145.49169,4146.42249,4145.49169,4146.21766,0.0
2026-10-07 02:42:00,4145.90621,4147.30907,4145.90621,4147.01881,0.0
2026-10-07 02:43:00,4146.21091,4147.92226,4146.21091,4147.71081,0.0
2026-10-07 02:44:00,4147.36331,4148.00066,4147.36331,4147.93111,0.0
2026-10-07 02:45:00,4147.7664,4148.25363,4147.12848,4147.2707,0.0
2026-10-07 02:46:00,4147.41747,4148.51691,4147.41747,4148.37745,0.0
2026-10-07 02:47:00,4148.13363,4148.46077,4147.71835,4148.37575,0.0
2026-10-07 02:48:00,4148.19847,4148.19847,4147.12934,4147.35013,0.0
2026-10-07 02:49:00,4147.70721,4147.70721,4146.61509,4146.75964,0.0
2026-10-07 02:50:00,4146.99982,4146.99982,4146.45271,4146.49519,0.0
2026-10-07 02:51:00,4146.61511,4147.28098,4146.17449,4147.14129,0.0
2026-10-07 02:52:00,4146.87491,4146.87491,4145.93698,4146.02662,0.0
2026-10-07 02:53:00,4146.17626,4146.17626,4145.93698,4145.99558,0.0
2026-10-07 02:54:00,4146.01442,4146.10888,4146.01442,4146.09509,0.0
2026-10-07 02:55:00,4146.05175,4146.1184,4145.53507,4145.67792,0.0
2026-10-07 02:56:00,4145.90749,4145.90749,4144.56796,4144.92866,0.0
2026-10-07 02:57:00,4145.54349,4145.54349,4143.35541,4143.71918,0.0
2026-10-07 02:58:00,4144.27034,4144.27034,4142.52415,4142.82969,0.0
2026-10-07 02:59:00,4143.44888,4143.44888,4142.15889,4142.28878,0.0
2026-10-07 03:00:00,4142.55439,4143.08733,4142.0672,4142.97524,0.0
2026-10-07 03:01:00,4142.78374,4142.78374,4141.81577,4141.90081,0.0
2026-10-07 03:02:00,4142.01817,4142.01817,4141.47271,4141.58174,0.0
2026-10-07 03:03:00,4141.71485,4142.31538,4141.35824,4142.11168,0.0
2026-10-07 03:04:00,4141.68992,4142.38868,4141.68992,4142.31289,0.0
2026-10-07 03:05:00,4142.18726,4143.06331,4140.97953,4142.80258,0.0
2026-10-07 03:06:00,4142.19009,4142.19009,4140.44386,4140.64705,0.0
2026-10-07 03:07:00,4140.9815,4141.89841,4140.76248,4141.59737,0.0
2026-10-07 03:08:00,4140.81697,4142.77212,4140.81697,4142.42731,0.0
2026-10-07 03:09:00,4141.95122,4143.01694,4141.95122,4142.89545,0.0
2026-10-07 03:10:00,4142.5832,4143.01694,4141.55595,4142.95385,0.0
2026-10-07 03:11:00,4142.58132,4142.58132,4140.78675,4141.04538,0.0
2026-10-07 03:12:00,4141.51256,4141.51256,4140.72985,4140.8259,0.0
2026-10-07 03:13:00,4140.93988,4141.21885,4139.84174,4140.11579,0.0
2026-10-07 03:14:00,4140.64657,4140.64657,4139.58687,4139.68508,0.0
2026-10-07 03:15:00,4139.92518,4140.13338,4139.92518,4140.13338,0.0
2026-10-07 03:16:00,4140.02783,4140.10102,4139.4734,4140.09386,0.0
2026-10-07 03:17:00,4139.95393,4139.95393,4138.90154,4139.06913,0.0
2026-10-07 03:18:00,4139.32384,4139.85586,4138.50358,4138.70904,0.0
2026-10-07 03:19:00,4139.1983,4139.92962,4139.1983,4139.8613,0.0
2026-10-07 03:20:00,4139.66387,4140.11337,4139.63453,4140.00097,0.0
2026-10-07 03:21:00,4139.75904,4140.10102,4139.75904,4140.07021,0.0
2026-10-07 03:22:00,4139.98452,4139.98452,4139.38344,4139.53419,0.0
2026-10-07 03:23:00,4139.78273,4139.78273,4139.07285,4139.16395,0.0
2026-10-07 03:24:00,4139.36953,4139.75824,4139.36953,4139.74126,0.0
2026-10-07 03:25:00,4139.6369,4140.4119,4139.04317,4139.22635,0.0
2026-10-07 03:26:00,4139.72285,4143.35219,4139.72285,4142.26104,0.0
2026-10-07 03:27:00,4140.78085,4144.56233,4140.78085,4144.17681,0.0
2026-10-07 03:28:00,4143.38773,4143.87535,4143.3245,4143.83515,0.0
2026-10-07 03:29:00,4143.70548,4143.70548,4142.69124,4142.90336,0.0
2026-10-07 03:30:00,4143.29661,4143.29661,4142.50207,4142.57204,0.0
2026-10-07 03:31:00,4142.69996,4143.06322,4142.67368,4142.96703,0.0
2026-10-07 03:32:00,4142.78095,4143.7855,4142.78095,4143.55856,0.0
2026-10-07 03:33:00,4142.91666,4144.04708,4142.91666,4143.93171,0.0
2026-10-07 03:34:00,4143.74008,4143.79925,4143.61108,4143.79925,0.0
2026-10-07 03:35:00,4143.71383,4143.71383,4143.09655,4143.2881,0.0
2026-10-07 03:36:00,4143.52596,4143.52596,4142.67368,4142.78786,0.0
2026-10-07 03:37:00,4142.84282,4143.53195,4142.84282,4143.44158,0.0
2026-10-07 03:38:00,4143.27429,4143.61815,4143.1886,4143.19878,0.0
2026-10-07 03:39:00,4143.16108,4144.20141,4143.16108,4144.0343,0.0
2026-10-07 03:40:00,4143.60438,4144.39057,4143.60438,4144.28762,0.0
2026-10-07 03:41:00,4144.14153,4144.39057,4144.14153,4144.37294,0.0
2026-10-07 03:42:00,4144.24261,4144.50623,4144.21881,4144.41491,0.0
2026-10-07 03:43:00,4144.28463,4144.62394,4144.21881,4144.54357,0.0
2026-10-07 03:44:00,4144.27364,4146.20912,4143.67455,4145.70416,0.0
2026-10-07 03:45:00,4144.45793,4146.62465,4144.45793,4146.41866,0.0
2026-10-07 03:46:00,4146.06157,4146.14363,4145.94443,4146.14363,0.0
2026-10-07 03:47:00,4146.06039,4146.10888,4145.33796,4145.5627,0.0
2026-10-07 03:48:00,4145.85971,4145.85971,4144.73412,4144.91211,0.0
2026-10-07 03:49:00,4145.04553,4147.18344,4144.32258,4146.6822,0.0
2026-10-07 03:50:00,4145.62321,4147.48455,4145.62321,4147.31301,0.0
2026-10-07 03:51:00,4147.00606,4148.19197,4145.30983,4147.78507,0.0
2026-10-07 03:52:00,4146.80608,4146.80608,4144.56233,4144.85374,0.0
2026-10-07 03:53:00,4145.35782,4145.35782,4144.90591,4144.95817,0.0
2026-10-07 03:54:00,4145.03717,4145.06597,4144.52939,4144.67009,0.0
2026-10-07 03:55:00,4144.90227,4145.04619,4144.2995,4144.395,0.0
2026-10-07 03:56:00,4144.53086,4145.30054,4144.53086,4145.16166,0.0
2026-10-07 03:57:00,4144.9536,4145.42138,4144.9536,4145.38088,0.0
2026-10-07 03:58:00,4145.25642,4145.25642,4144.06827,4144.41967,0.0
2026-10-07 03:59:00,4145.04001,4145.04001,4143.36027,4143.57027,0.0
2026-10-07 04:00:00,4143.91873,4143.91873,4143.47342,4143.60729,0.0
2026-10-07 04:01:00,4143.82225,4143.87599,4143.1886,4143.28367,0.0
2026-10-07 04:02:00,4143.31619,4144.44285,4143.31619,4144.21594,0.0
2026-10-07 04:03:00,4143.91784,4144.57433,4143.91784,4144.50648,0.0
2026-10-07 04:04:00,4144.33948,4144.33948,4143.735,4143.82619,0.0
2026-10-07 04:05:00,4143.93124,4144.20272,4142.8916,4143.15299,0.0
2026-10-07 04:06:00,4143.66075,4143.66075,4142.67368,4142.7609,0.0
2026-10-07 04:07:00,4142.9371,4143.61793,4142.12418,4143.38644,0.0
2026-10-07 04:08:00,4142.99094,4142.99094,4141.81577,4141.93607,0.0
2026-10-07 04:09:00,4142.15371,4142.28017,4141.98733,4142.02761,0.0
2026-10-07 04:10:00,4141.94904,4143.0515,4141.76513,4142.8015,0.0
2026-10-07 04:11:00,4142.38173,4143.01694,4142.38173,4142.97818,0.0
2026-10-07 04:12:00,4142.86822,4143.1061,4142.84531,4143.06196,0.0
2026-10-07 04:13:00,4142.92294,4143.5061,4142.90367,4143.33285,0.0
2026-10-07 04:14:00,4143.09516,4143.53217,4143.09516,4143.51857,0.0
2026-10-07 04:15:00,4143.43024,4143.43024,4142.92082,4143.03523,0.0
2026-10-07 04:16:00,4143.18177,4143.27767,4142.11234,4142.35796,0.0
2026-10-07 04:17:00,4142.81833,4142.81833,4141.74828,4141.89112,0.0
2026-10-07 04:18:00,4142.1053,4142.1053,4141.3012,4141.43329,0.0
2026-10-07 04:19:00,4141.61689,4141.81929,4141.44289,4141.46791,0.0
2026-10-07 04:20:00,4141.56478,4141.8871,4141.41883,4141.8455,0.0
2026-10-07 04:21:00,4141.71805,4142.15646,4140.94206,4141.11818,0.0
2026-10-07 04:22:00,4141.5593,4142.557,4141.5593,4142.36817,0.0
2026-10-07 04:23:00,4141.95801,4142.84531,4141.95801,4142.77565,0.0
2026-10-07 04:24:00,4142.60481,4142.67368,4142.60481,4142.65411,0.0
2026-10-07 04:25:00,4142.60731,4142.66653,4142.50207,4142.65447,0.0
2026-10-07 04:26:00,4142.54062,4143.04525,4142.46308,4142.89814,0.0
2026-10-07 04:27:00,4142.70125,4143.21932,4142.52815,4143.13686,0.0
2026-10-07 04:28:00,4142.95129,4142.95129,4142.50207,4142.5214,0.0
2026-10-07 04:29:00,4142.53919,4142.53919,4142.11492,4142.22719,0.0
2026-10-07 04:30:00,4142.37577,4142.37577,4142.1485,4142.1485,0.0
2026-10-07 04:31:00,4142.17832,4142.58863,4141.74696,4142.48031,0.0
2026-10-07 04:32:00,4142.26263,4142.26263,4140.72195,4141.09409,0.0
2026-10-07 04:33:00,4141.60745,4141.60745,4139.92962,4140.16975,0.0
2026-10-07 04:34:00,4140.59527,4140.59527,4139.92962,4140.00293,0.0
2026-10-07 04:35:00,4140.11943,4140.14149,4139.62357,4139.75533,0.0
2026-10-07 04:36:00,4139.96127,4139.96127,4139.0749,4139.27927,0.0
2026-10-07 04:37:00,4139.58676,4139.58676,4138.55895,4138.70877,0.0
2026-10-07 04:38:00,4138.92032,4139.39117,4138.57779,4138.66722,0.0
2026-10-07 04:39:00,4138.93929,4139.41784,4138.93929,4139.3878,0.0
2026-10-07 04:40:00,4139.20124,4139.58687,4139.16796,4139.53884,0.0
2026-10-07 04:41:00,4139.38438,4139.38438,4138.61861,4138.78141,0.0
2026-10-07 04:42:00,4139.05364,4139.05364,4138.51036,4138.56298,0.0
2026-10-07 04:43:00,4138.70098,4139.18752,4138.37878,4139.09238,0.0
2026-10-07 04:44:00,4138.90312,4138.90312,4137.77562,4137.98747,0.0
2026-10-07 04:45:00,4138.25214,4138.25214,4137.18919,4137.36852,0.0
2026-10-07 04:46:00,4137.64186,4138.48632,4136.53381,4136.86104,0.0
2026-10-07 04:47:00,4137.47513,4138.73024,4137.47513,4138.58225,0.0
2026-10-07 04:48:00,4138.33097,4138.73024,4138.33097,4138.71429,0.0
2026-10-07 04:49:00,4138.61641,4138.61641,4138.43874,4138.48394,0.0
2026-10-07 04:50:00,4138.54019,4138.55625,4138.21643,4138.27548,0.0
2026-10-07 04:51:00,4138.23763,4139.01463,4138.23763,4138.85275,0.0
2026-10-07 04:52:00,4138.62691,4139.29241,4138.33118,4139.16314,0.0
2026-10-07 04:53:00,4138.91843,4138.91843,4137.79551,4137.99201,0.0
2026-10-07 04:54:00,4138.2362,4138.2362,4137.18919,4137.36888,0.0
2026-10-07 04:55:00,4137.67737,4137.67737,4137.18919,4137.20719,0.0
2026-10-07 04:56:00,4137.28634,4137.43224,4137.28634,4137.43224,0.0
2026-10-07 04:57:00,4137.33102,4137.53155,4137.03,4137.48771,0.0
2026-10-07 04:58:00,4137.32337,4137.32337,4136.67577,4136.76799,0.0
2026-10-07 04:59:00,4136.84118,4137.01804,4135.86132,4136.99143,0.0
2026-10-07 05:00:00,4136.7282,4136.7282,4134.92619,4135.22446,0.0
2026-10-07 05:01:00,4135.80889,4135.80889,4134.62334,4134.74171,0.0
2026-10-07 05:02:00,4134.95322,4135.11751,4134.42957,4134.59068,0.0
2026-10-07 05:03:00,4134.86323,4134.86323,4134.28146,4134.34141,0.0
2026-10-07 05:04:00,4134.41558,4134.47019,4133.93964,4134.03618,0.0
2026-10-07 05:05:00,4134.04568,4136.32622,4132.7126,4135.70921,0.0
2026-10-07 05:06:00,4134.37426,4136.8469,4134.37426,4136.59119,0.0
2026-10-07 05:07:00,4136.20387,4136.67577,4136.20387,4136.64632,0.0
2026-10-07 05:08:00,4136.49986,4136.50465,4135.89851,4136.10182,0.0
2026-10-07 05:09:00,4136.37294,4136.58665,4134.68225,4135.05941,0.0
2026-10-07 05:10:00,4135.76095,4135.76095,4134.22043,4134.40675,0.0
2026-10-07 05:11:00,4134.72419,4134.87537,4133.76876,4133.92341,0.0
2026-10-07 05:12:00,4134.01934,4135.13625,4134.01934,4135.0151,0.0
2026-10-07 05:13:00,4134.75327,4134.75327,4134.28146,4134.37573,0.0
2026-10-07 05:14:00,4134.45477,4134.99284,4134.15972,4134.80822,0.0
2026-10-07 05:15:00,4134.55433,4135.61927,4133.98774,4135.36943,0.0
2026-10-07 05:16:00,4134.96519,4134.96519,4133.76369,4133.85192,0.0
2026-10-07 05:17:00,4133.95525,4134.05397,4133.07011,4133.27865,0.0
2026-10-07 05:18:00,4133.66066,4133.66066,4132.91453,4132.97787,0.0
2026-10-07 05:19:00,4133.1686,4133.72801,4132.92119,4133.62411,0.0
2026-10-07 05:20:00,4133.40922,4133.40922,4132.74373,4132.81792,0.0
2026-10-07 05:21:00,4132.98606,4133.25726,4132.69625,4133.19791,0.0
2026-10-07 05:22:00,4133.0456,4133.0456,4132.08416,4132.3067,0.0
2026-10-07 05:23:00,4132.58336,4132.70651,4131.5485,4131.6962,0.0
2026-10-07 05:24:00,4131.82334,4133.08535,4131.82334,4132.97932,0.0
2026-10-07 05:25:00,4132.76478,4133.56419,4132.69674,4132.69674,0.0
2026-10-07 05:26:00,4132.83821,4133.93964,4132.83821,4133.83044,0.0
2026-10-07 05:27:00,4133.44961,4134.11055,4133.44961,4134.0474,0.0
2026-10-07 05:28:00,4133.9282,4133.93964,4133.65916,4133.73845,0.0
2026-10-07 05:29:00,4133.81223,4134.02998,4133.58298,4133.62726,0.0
2026-10-07 05:30:00,4133.73694,4134.09002,4133.50838,4134.03286,0.0
2026-10-07 05:31:00,4133.89789,4133.89789,4133.25767,4133.34693,0.0
2026-10-07 05:32:00,4133.46607,4133.46607,4132.91453,4133.00054,0.0
2026-10-07 05:33:00,4133.09887,4133.42702,4133.09887,4133.41805,0.0
2026-10-07 05:34:00,4133.37061,4133.91059,4133.25618,4133.27618,0.0
2026-10-07 05:35:00,4133.40463,4134.29152,4133.40463,4134.1692,0.0
2026-10-07 05:36:00,4133.7548,4134.45239,4133.7548,4134.39622,0.0
2026-10-07 05:37:00,4134.3046,4135.10416,4134.27253,4134.27253,0.0
2026-10-07 05:38:00,4134.2236,4136.24036,4134.2236,4135.89432,0.0
2026-10-07 05:39:00,4134.97105,4136.67577,4134.97105,4136.48792,0.0
2026-10-07 05:40:00,4136.20345,4136.50465,4136.20345,4136.47601,0.0
2026-10-07 05:41:00,4136.31388,4136.93303,4136.29526,4136.79098,0.0
2026-10-07 05:42:00,4136.53645,4136.8469,4136.53645,4136.83332,0.0
2026-10-07 05:43:00,4136.77217,4136.78124,4136.67577,4136.78124,0.0
2026-10-07 05:44:00,4136.74056,4136.93976,4136.66695,4136.67558,0.0
2026-10-07 05:45:00,4136.71701,4136.94029,4136.71701,4136.94029,0.0
2026-10-07 05:46:00,4136.83942,4137.01804,4135.9763,4136.99964,0.0
2026-10-07 05:47:00,4136.89846,4136.89846,4135.30725,4135.51024,0.0
2026-10-07 05:48:00,4135.74328,4137.09362,4135.56327,4136.77288,0.0
2026-10-07 05:49:00,4136.33822,4137.36036,4136.33822,4137.2417,0.0
2026-10-07 05:50:00,4136.99436,4136.99436,4136.4215,4136.48074,0.0
2026-10-07 05:51:00,4136.62339,4136.8469,4136.62339,4136.84125,0.0
2026-10-07 05:52:00,4136.77529,4136.8469,4136.67774,4136.82487,0.0
2026-10-07 05:53:00,4136.75925,4136.75925,4136.07772,4136.27015,0.0
2026-10-07 05:54:00,4136.61627,4136.61627,4135.01592,4135.36852,0.0
2026-10-07 05:55:00,4135.82627,4136.16538,4133.62154,4134.0947,0.0
2026-10-07 05:56:00,4135.0802,4135.0802,4132.90018,4133.18935,0.0
2026-10-07 05:57:00,4133.66279,4133.66279,4132.2314,4132.42131,0.0
2026-10-07 05:58:00,4132.74477,4132.74477,4132.06066,4132.11764,0.0
2026-10-07 05:59:00,4132.24438,4132.9166,4131.53435,4132.75163,0.0
2026-10-07 06:00:00,4132.41138,4132.41138,4129.42525,4130.19568,0.0
2026-10-07 06:01:00,4131.94924,4131.94924,4128.30781,4128.67401,0.0
2026-10-07 06:02:00,4129.25579,4129.31225,4127.59299,4127.95041,0.0
2026-10-07 06:03:00,4128.59959,4128.70922,4127.11515,4127.28036,0.0
2026-10-07 06:04:00,4127.81901,4129.39748,4127.81901,4129.15169,0.0
2026-10-07 06:05:00,4128.54456,4131.75769,4128.20034,4130.98414,0.0
2026-10-07 06:06:00,4129.05141,4132.40217,4129.05141,4132.12948,0.0
2026-10-07 06:07:00,4131.65982,4132.06066,4131.65982,4132.01466,0.0
2026-10-07 06:08:00,4131.8832,4132.01124,4131.6145,4131.65841,0.0
2026-10-07 06:09:00,4131.71165,4132.53075,4131.71165,4132.30018,0.0
2026-10-07 06:10:00,4131.97719,4132.99139,4131.97719,4132.84194,0.0
2026-10-07 06:11:00,4132.3632,4133.66448,4132.3632,4133.43801,0.0
2026-10-07 06:12:00,4133.07893,4134.95753,4133.07893,4134.43142,0.0
2026-10-07 06:13:00,4133.75231,4135.6493,4133.75231,4135.44201,0.0
2026-10-07 06:14:00,4135.03296,4135.03296,4134.38636,4134.46113,0.0
2026-10-07 06:15:00,4134.55226,4134.55226,4133.97326,4134.08766,0.0
2026-10-07 06:16:00,4134.2486,4134.39739,4133.81107,4133.87219,0.0
2026-10-07 06:17:00,4134.0578,4134.31071,4134.0578,4134.31071,0.0
2026-10-07 06:18:00,4134.21465,4134.28146,4133.98789,4134.26788,0.0
2026-10-07 06:19:00,4134.18323,4134.18323,4133.59788,4133.70339,0.0
2026-10-07 06:20:00,4133.83417,4133.83417,4133.59788,4133.62637,0.0
2026-10-07 06:21:00,4133.68414,4133.82411,4133.34719,4133.77962,0.0
2026-10-07 06:22:00,4133.65638,4133.65638,4132.40222,4132.73333,0.0
2026-10-07 06:23:00,4133.15391,4133.15391,4131.48629,4131.78485,0.0
2026-10-07 06:24:00,4132.37871,4132.37871,4130.69251,4130.99657,0.0
2026-10-07 06:25:00,4131.47144,4131.47144,4130.0128,4130.21292,0.0
2026-10-07 06:26:00,4130.53038,4130.6292,4130.35321,4130.36502,0.0
2026-10-07 06:27:00,4130.42333,4130.61786,4130.42333,4130.60751,0.0
2026-10-07 06:28:00,4130.46258,4130.6952,4130.46258,4130.67247,0.0
2026-10-07 06:29:00,4130.6301,4130.87927,4130.35397,4130.43279,0.0
2026-10-07 06:30:00,4130.44627,4131.76357,4130.43222,4131.49147,0.0
2026-10-07 06:31:00,4130.90982,4131.88993,4130.90982,4131.79318,0.0
2026-10-07 06:32:00,4131.62169,4132.46285,4130.33714,4132.18423,0.0
2026-10-07 06:33:00,4131.55337,4132.25633,4129.67169,4129.89658,0.0
2026-10-07 06:34:00,4130.71494,4133.40727,4130.71494,4133.00748,0.0
2026-10-07 06:35:00,4132.28855,4134.11055,4132.28855,4133.91344,0.0
2026-10-07 06:36:00,4133.39347,4134.11055,4133.39347,4134.04059,0.0
2026-10-07 06:37:00,4133.84499,4134.17305,4132.0403,4132.49353,0.0
2026-10-07 06:38:00,4133.24676,4133.24676,4131.37781,4131.62869,0.0
2026-10-07 06:39:00,4132.059,4132.31295,4131.83065,4131.8725,0.0
2026-10-07 06:40:00,4131.85762,4133.08301,4131.85104,4132.77412,0.0
2026-10-07 06:41:00,4132.37749,4134.05033,4132.37749,4133.6836,0.0
2026-10-07 06:42:00,4132.92833,4134.62334,4132.92833,4134.45215,0.0
2026-10-07 06:43:00,4134.10328,4134.10328,4133.59788,4133.67311,0.0
2026-10-07 06:44:00,4133.82037,4134.1179,4133.78853,4134.10313,0.0
2026-10-07 06:45:00,4134.03925,4134.21349,4133.59788,4133.65063,0.0
2026-10-07 06:46:00,4133.82965,4134.28146,4133.82965,4134.24999,0.0
2026-10-07 06:47:00,4134.06955,4134.32896,4134.06955,4134.28864,0.0
2026-10-07 06:48:00,4134.22398,4134.30978,4133.92898,4134.28283,0.0
2026-10-07 06:49:00,4134.17216,4134.57722,4133.56351,4133.71245,0.0
2026-10-07 06:50:00,4134.03028,4134.62334,4134.03028,4134.56308,0.0
2026-10-07 06:51:00,4134.40884,4134.40884,4134.03122,4134.10843,0.0
2026-10-07 06:52:00,4134.22011,4134.22011,4133.58135,4133.72127,0.0
2026-10-07 06:53:00,4133.95417,4133.95417,4133.27759,4133.37837,0.0
2026-10-07 06:54:00,4133.52541,4133.55614,4132.44849,4132.7271,0.0
2026-10-07 06:55:00,4133.27845,4133.27845,4132.06066,4132.19058,0.0
2026-10-07 06:56:00,4132.40963,4132.61198,4131.66763,4131.88213,0.0
2026-10-07 06:57:00,4132.28173,4132.44226,4131.15287,4131.3516,0.0
2026-10-07 06:58:00,4131.72025,4133.19078,4131.72025,4132.86178,0.0
2026-10-07 06:59:00,4132.42139,4134.92921,4131.20147,4134.30549,0.0
2026-10-07 07:00:00,4132.94065,4132.94065,4130.35397,4130.68776,0.0
2026-10-07 07:01:00,4131.27252,4131.3655,4130.82488,4130.88898,0.0
2026-10-07 07:02:00,4130.97335,4131.87392,4130.97335,4131.64562,0.0
2026-10-07 07:03:00,4131.32933,4132.3506,4131.14735,4132.18369,0.0
2026-10-07 07:04:00,4131.87803,4132.38509,4130.52315,4130.74509,0.0
2026-10-07 07:05:00,4131.38004,4133.37674,4131.38004,4132.98769,0.0
2026-10-07 07:06:00,4132.32721,4133.93964,4132.32721,4133.78391,0.0
2026-10-07 07:07:00,4133.43201,4133.44962,4133.38506,4133.38506,0.0
2026-10-07 07:08:00,4133.38762,4133.72413,4133.25618,4133.61442,0.0
2026-10-07 07:09:00,4133.23054,4134.34102,4133.23054,4134.12978,0.0
2026-10-07 07:10:00,4133.81414,4134.47016,4133.81414,4134.37504,0.0
2026-10-07 07:11:00,4134.14112,4134.62334,4134.14112,4134.58655,0.0
2026-10-07 07:12:00,4134.48538,4134.48538,4133.86621,4133.9829,0.0
2026-10-07 07:13:00,4134.16908,4134.16908,4133.08918,4133.34539,0.0
2026-10-07 07:14:00,4133.71626,4133.71626,4132.62482,4132.78155,0.0
2026-10-07 07:15:00,4133.04695,4133.04695,4131.50944,4131.89827,0.0
2026-10-07 07:16:00,4132.39789,4132.39789,4130.4299,4130.78074,0.0
2026-10-07 07:17:00,4131.48014,4131.48014,4129.13949,4129.63229,0.0
2026-10-07 07:18:00,4130.6102,4130.6102,4128.30781,4128.55405,0.0
2026-10-07 07:19:00,4128.98795,4129.24275,4128.93878,4128.93878,0.0
2026-10-07 07:20:00,4128.95533,4129.92127,4128.95533,4129.70094,0.0
2026-10-07 07:21:00,4129.05822,4131.09342,4128.82112,4130.68203,0.0
2026-10-07 07:22:00,4129.98588,4132.9758,4129.98588,4132.24314,0.0
2026-10-07 07:23:00,4131.28594,4133.76876,4131.28594,4133.50864,0.0
2026-10-07 07:24:00,4132.93018,4133.42702,4132.93018,4133.36611,0.0
2026-10-07 07:25:00,4133.23853,4133.51462,4133.23853,4133.41928,0.0
2026-10-07 07:26:00,4133.24351,4133.72887,4133.24351,4133.67077,0.0
2026-10-07 07:27:00,4133.45554,4134.12765,4133.45554,4133.96819,0.0
2026-10-07 07:28:00,4133.75597,4135.01284,4133.75597,4134.66783,0.0
2026-10-07 07:29:00,4133.90275,4135.6493,4133.46351,4135.43705,0.0
2026-10-07 07:30:00,4134.73541,4134.73541,4132.57294,4132.8811,0.0
2026-10-07 07:31:00,4133.38909,4133.76168,4132.82223,4132.95413,0.0
2026-10-07 07:32:00,4133.27337,4135.51961,4133.27337,4134.82876,0.0
2026-10-07 07:33:00,4133.96464,4138.54701,4133.96464,4137.48904,0.0
2026-10-07 07:34:00,4136.16525,4140.35188,4136.16525,4139.75896,0.0
2026-10-07 07:35:00,4138.70846,4138.70846,4136.16247,4136.45932,0.0
2026-10-07 07:36:00,4137.02861,4137.84706,4136.00393,4137.59118,0.0
2026-10-07 07:37:00,4137.07703,4137.07703,4135.47827,4135.66899,0.0
2026-10-07 07:38:00,4136.04621,4136.34457,4136.04621,4136.34457,0.0
2026-10-07 07:39:00,4136.27622,4136.27622,4135.54478,4135.7892,0.0
2026-10-07 07:40:00,4136.18622,4136.18622,4134.96527,4135.14202,0.0
2026-10-07 07:41:00,4135.36744,4136.27816,4135.20075,4136.03105,0.0
2026-10-07 07:42:00,4135.70843,4136.58127,4135.70843,4136.4484,0.0
2026-10-07 07:43:00,4136.0627,4137.57052,4136.0627,4137.26487,0.0
2026-10-07 07:44:00,4136.58524,4137.70275,4136.58524,4137.60828,0.0
2026-10-07 07:45:00,4137.4052,4137.4052,4137.01804,4137.09302,0.0
2026-10-07 07:46:00,4137.15389,4137.23722,4136.01767,4137.23722,0.0
2026-10-07 07:47:00,4137.25598,4137.25598,4134.93645,4135.25618,0.0
2026-10-07 07:48:00,4135.70122,4135.70122,4134.28146,4134.50904,0.0
2026-10-07 07:49:00,4134.93595,4134.93595,4134.07083,4134.15546,0.0
2026-10-07 07:50:00,4134.25546,4134.25546,4133.54059,4133.69636,0.0
2026-10-07 07:51:00,4133.95222,4133.95222,4133.42702,4133.47983,0.0
2026-10-07 07:52:00,4133.59901,4134.47054,4133.59788,4134.17298,0.0
2026-10-07 07:53:00,4133.64956,4135.0027,4132.73404,4134.8207,0.0
2026-10-07 07:54:00,4134.16764,4134.16764,4131.88993,4132.20385,0.0
2026-10-07 07:55:00,4132.71825,4132.98196,4132.42231,4132.48889,0.0
2026-10-07 07:56:00,4132.63216,4133.63778,4131.29997,4133.38167,0.0
2026-10-07 07:57:00,4133.11318,4133.11318,4130.52458,4130.786,0.0
2026-10-07 07:58:00,4131.2083,4131.2083,4130.42971,4130.59747,0.0
2026-10-07 07:59:00,4130.88268,4132.60811,4128.47338,4129.19558,0.0
2026-10-07 08:00:00,4130.35667,4133.42702,4130.35667,4133.07224,0.0
2026-10-07 08:01:00,4132.46247,4133.75168,4131.29263,4133.37248,0.0
2026-10-07 08:02:00,4132.60745,4132.60745,4129.83477,4130.38842,0.0
2026-10-07 08:03:00,4131.62562,4132.96761,4126.61453,4127.75779,0.0
2026-10-07 08:04:00,4129.2305,4134.88202,4129.2305,4134.16053,0.0
2026-10-07 08:05:00,4132.40265,4136.1008,4132.40265,4135.6101,0.0
2026-10-07 08:06:00,4134.83769,4136.50465,4134.83769,4136.32103,0.0
2026-10-07 08:07:00,4135.93237,4135.9914,4134.66388,4135.10392,0.0
2026-10-07 08:08:00,4135.68249,4135.68249,4133.93964,4134.18359,0.0
2026-10-07 08:09:00,4134.52345,4135.13625,4133.53397,4135.07254,0.0
2026-10-07 08:10:00,4134.68084,4134.68084,4132.74373,4133.00285,0.0
2026-10-07 08:11:00,4133.49964,4133.49964,4131.47993,4131.96138,0.0
2026-10-07 08:12:00,4132.87221,4132.87221,4130.52458,4130.81549,0.0
2026-10-07 08:13:00,4131.31283,4132.15139,4131.24576,4131.86911,0.0
2026-10-07 08:14:00,4131.49966,4132.40217,4131.49966,4132.31817,0.0
2026-10-07 08:15:00,4132.0528,4132.2314,4131.74637,4132.19336,0.0
2026-10-07 08:16:00,4132.03789,4133.25735,4129.86355,4130.46795,0.0
2026-10-07 08:17:00,4131.55503,4131.55503,4129.16013,4129.44889,0.0
2026-10-07 08:18:00,4129.95442,4130.64327,4129.50116,4129.5718,0.0
2026-10-07 08:19:00,4129.43256,4131.03648,4129.43256,4130.8685,0.0
2026-10-07 08:20:00,4130.47982,4130.47982,4129.67169,4129.81302,0.0
2026-10-07 08:21:00,4129.96107,4130.7967,4129.54624,4130.54602,0.0
2026-10-07 08:22:00,4130.1832,4130.86583,4130.1832,4130.80387,0.0
2026-10-07 08:23:00,4130.63684,4130.63684,4130.21668,4130.29235,0.0
2026-10-07 08:24:00,4130.39054,4131.73538,4128.05646,4128.78276,0.0
2026-10-07 08:25:00,4130.28861,4130.28861,4126.37496,4127.00341,0.0
2026-10-07 08:26:00,4128.38731,4128.38731,4124.62585,4125.22293,0.0
2026-10-07 08:27:00,4125.90362,4128.98964,4125.90362,4128.65681,0.0
2026-10-07 08:28:00,4128.02902,4128.28067,4127.42206,4127.60944,0.0
2026-10-07 08:29:00,4127.94133,4127.94133,4126.67544,4126.95634,0.0
2026-10-07 08:30:00,4127.37606,4127.37606,4125.913,4126.13429,0.0
2026-10-07 08:31:00,4126.52953,4127.85918,4125.34642,4125.54276,0.0
2026-10-07 08:32:00,4126.15458,4128.64869,4126.15458,4128.34773,0.0
2026-10-07 08:33:00,4127.76954,4128.47824,4127.76954,4128.40147,0.0
2026-10-07 08:34:00,4128.22746,4128.22746,4127.12811,4127.39098,0.0
2026-10-07 08:35:00,4127.88786,4128.03676,4126.64953,4126.8211,0.0
2026-10-07 08:36:00,4126.96035,4128.30781,4126.96035,4128.16807,0.0
2026-10-07 08:37:00,4127.88348,4127.94863,4127.23339,4127.40436,0.0
2026-10-07 08:38:00,4127.70168,4127.70168,4127.11515,4127.15665,0.0
2026-10-07 08:39:00,4127.26141,4127.40173,4127.26141,4127.39639,0.0
2026-10-07 08:40:00,4127.26421,4127.45584,4126.6512,4127.4471,0.0
2026-10-07 08:41:00,4127.30499,4127.30499,4125.92318,4126.13822,0.0
2026-10-07 08:42:00,4126.51712,4126.51712,4125.77296,4125.87823,0.0
2026-10-07 08:43:00,4126.02797,4126.20218,4125.41254,4125.52115,0.0
2026-10-07 08:44:00,4125.51568,4127.28308,4125.23373,4126.90744,0.0
2026-10-07 08:45:00,4126.28983,4127.45584,4126.28983,4127.35388,0.0
2026-10-07 08:46:00,4127.14848,4127.14848,4126.43394,4126.51316,0.0
2026-10-07 08:47:00,4126.64028,4126.94965,4126.43394,4126.44916,0.0
2026-10-07 08:48:00,4126.4928,4127.11515,4126.4928,4127.0739,0.0
2026-10-07 08:49:00,4126.96451,4126.96451,4126.48777,4126.55326,0.0
2026-10-07 08:50:00,4126.64604,4126.64604,4125.73933,4125.9766,0.0
2026-10-07 08:51:00,4126.3863,4126.3863,4125.0252,4125.28879,0.0
2026-10-07 08:52:00,4125.78612,4125.78612,4124.56177,4124.72075,0.0
2026-10-07 08:53:00,4124.92833,4125.75295,4124.92833,4125.65404,0.0
2026-10-07 08:54:00,4125.43825,4125.43825,4124.75052,4124.90071,0.0
2026-10-07 08:55:00,4125.15331,4125.28026,4124.56177,4124.61314,0.0
2026-10-07 08:56:00,4124.80802,4125.5348,4124.77363,4125.4419,0.0
2026-10-07 08:57:00,4125.24847,4125.24847,4124.73189,4124.7515,0.0
2026-10-07 08:58:00,4124.82818,4126.24781,4123.50181,4125.78541,0.0
2026-10-07 08:59:00,4124.96186,4124.96186,4123.03125,4123.22723,0.0
2026-10-07 09:00:00,4123.56944,4123.9268,4123.37127,4123.40709,0.0
2026-10-07 09:01:00,4123.28006,4125.14427,4122.81302,4124.71597,0.0
2026-10-07 09:02:00,4124.01739,4125.41254,4124.01739,4125.2699,0.0
2026-10-07 09:03:00,4124.96305,4124.96403,4124.27773,4124.96403,0.0
2026-10-07 09:04:00,4124.87732,4124.87732,4123.14834,4123.54646,0.0
2026-10-07 09:05:00,4124.39676,4124.39676,4122.69129,4122.84875,0.0
2026-10-07 09:06:00,4123.17811,4124.69356,4121.63495,4124.22295,0.0
2026-10-07 09:07:00,4123.52104,4123.52104,4120.17538,4120.71971,0.0
2026-10-07 09:08:00,4121.81423,4121.81423,4119.29478,4119.56047,0.0
2026-10-07 09:09:00,4120.01067,4122.59531,4119.97858,4121.77821,0.0
2026-10-07 09:10:00,4120.45687,4123.5413,4120.45687,4123.18343,0.0
2026-10-07 09:11:00,4122.59016,4123.68449,4122.35822,4123.52802,0.0
2026-10-07 09:12:00,4123.20678,4123.20678,4122.01154,4122.13071,0.0
2026-10-07 09:13:00,4122.40571,4122.95034,4122.38327,4122.89568,0.0
2026-10-07 09:14:00,4122.76536,4123.56688,4121.70325,4121.9379,0.0
2026-10-07 09:15:00,4122.58622,4123.8814,4122.58622,4123.74871,0.0
2026-10-07 09:16:00,4123.41838,4123.5413,4123.12496,4123.52234,0.0
2026-10-07 09:17:00,4123.41996,4123.41996,4122.45724,4122.67022,0.0
2026-10-07 09:18:00,4123.06609,4123.06609,4122.18146,4122.2831,0.0
2026-10-07 09:19:00,4122.43844,4122.43844,4122.01154,4122.09049,0.0
2026-10-07 09:20:00,4122.14293,4122.69129,4121.81535,4122.61168,0.0
2026-10-07 09:21:00,4122.35005,4122.35005,4120.97592,4121.25808,0.0
2026-10-07 09:22:00,4121.82224,4121.82224,4120.65271,4120.77618,0.0
2026-10-07 09:23:00,4121.05705,4121.88831,4121.05705,4121.6825,0.0
2026-10-07 09:24:00,4121.29477,4122.18146,4121.29477,4122.10628,0.0
2026-10-07 09:25:00,4121.92426,4121.92426,4121.67175,4121.71251,0.0
2026-10-07 09:26:00,4121.78443,4122.64387,4121.67175,4122.35695,0.0
2026-10-07 09:27:00,4121.55435,4123.03125,4121.55435,4122.88754,0.0
2026-10-07 09:28:00,4122.604,4122.604,4122.25091,4122.33787,0.0
2026-10-07 09:29:00,4122.43303,4122.43303,4121.46989,4121.75254,0.0
2026-10-07 09:30:00,4122.10952,4122.1941,4120.40538,4120.74558,0.0
2026-10-07 09:31:00,4121.42504,4121.42504,4120.05758,4120.20092,0.0
2026-10-07 09:32:00,4120.40698,4120.40698,4119.18347,4119.45012,0.0
2026-10-07 09:33:00,4119.93016,4120.56721,4118.78578,4118.91744,0.0
2026-10-07 09:34:00,4119.44271,4121.68043,4119.28202,4121.28958,0.0
2026-10-07 09:35:00,4120.66797,4120.66797,4118.78578,4118.97861,0.0
2026-10-07 09:36:00,4119.33862,4119.33862,4119.1251,4119.19481,0.0
2026-10-07 09:37:00,4119.23604,4120.62509,4117.86877,4118.34642,0.0
2026-10-07 09:38:00,4119.24759,4120.99233,4119.24759,4120.81462,0.0
2026-10-07 09:39:00,4120.45668,4120.45668,4119.25066,4119.52981,0.0
2026-10-07 09:40:00,4119.93218,4119.93218,4118.78578,4118.93193,0.0
2026-10-07 09:41:00,4119.15163,4119.63418,4118.53175,4119.57937,0.0
2026-10-07 09:42:00,4119.33149,4119.33149,4117.90286,4118.12442,0.0
2026-10-07 09:43:00,4118.54125,4118.72363,4117.3356,4117.55335,0.0
2026-10-07 09:44:00,4117.95938,4119.6063,4117.95938,4119.22829,0.0
2026-10-07 09:45:00,4118.73667,4120.14338,4118.73667,4119.96945,0.0
2026-10-07 09:46:00,4119.6515,4119.6515,4118.15902,4118.47102,0.0
2026-10-07 09:47:00,4118.99091,4118.99091,4117.42908,4117.64046,0.0
2026-10-07 09:48:00,4118.00373,4119.05448,4117.25955,4117.34902,0.0
2026-10-07 09:49:00,4117.82476,4119.63418,4117.82476,4119.43718,0.0
2026-10-07 09:50:00,4118.99524,4118.99524,4118.91531,4118.91531,0.0
2026-10-07 09:51:00,4118.91025,4118.95605,4118.55796,4118.66459,0.0
2026-10-07 09:52:00,4118.81518,4118.81518,4118.44652,4118.49637,0.0
2026-10-07 09:53:00,4118.57846,4118.7517,4117.99528,4118.18379,0.0
2026-10-07 09:54:00,4118.52321,4118.52321,4117.76817,4117.84956,0.0
2026-10-07 09:55:00,4117.98712,4118.57928,4117.76817,4117.79716,0.0
2026-10-07 09:56:00,4117.90883,4119.1673,4117.35228,4118.96532,0.0
2026-10-07 09:57:00,4118.46923,4118.46923,4116.75106,4116.96498,0.0
2026-10-07 09:58:00,4117.35627,4118.44169,4117.35627,4118.21894,0.0
2026-10-07 09:59:00,4117.59071,4119.43001,4117.53695,4119.06562,0.0
2026-10-07 10:00:00,4118.52486,4119.63418,4118.52486,4119.52929,0.0
2026-10-07 10:01:00,4119.32424,4119.32424,4117.34744,4117.85553,0.0
2026-10-07 10:02:00,4118.56273,4118.56273,4116.41214,4116.71151,0.0
2026-10-07 10:03:00,4117.22861,4118.17912,4115.9576,4116.29231,0.0
2026-10-07 10:04:00,4117.0837,4119.52078,4117.0837,4118.98677,0.0
2026-10-07 10:05:00,4118.28138,4120.31314,4118.28138,4120.07141,0.0
2026-10-07 10:06:00,4119.62706,4119.62706,4117.31426,4117.92568,0.0
2026-10-07 10:07:00,4119.23094,4119.23094,4116.41214,4116.67217,0.0
2026-10-07 10:08:00,4117.12535,4117.40151,4116.09992,4116.39809,0.0
2026-10-07 10:09:00,4117.0007,4117.0007,4115.73445,4115.86928,0.0
2026-10-07 10:10:00,4116.15117,4116.94392,4116.15117,4116.7748,0.0
2026-10-07 10:11:00,4116.47635,4117.26693,4116.47635,4117.18117,0.0
2026-10-07 10:12:00,4116.89578,4117.50126,4116.89578,4117.40004,0.0
2026-10-07 10:13:00,4117.26058,4119.13243,4115.55281,4118.51551,0.0
2026-10-07 10:14:00,4117.32246,4117.32246,4114.88766,4115.16363,0.0
2026-10-07 10:15:00,4115.65944,4116.40051,4115.56507,4116.16917,0.0
2026-10-07 10:16:00,4115.51264,4116.75106,4115.51264,4116.60626,0.0
2026-10-07 10:17:00,4116.38025,4117.55949,4115.29867,4117.19182,0.0
2026-10-07 10:18:00,4116.59275,4116.59275,4114.88766,4115.05759,0.0
2026-10-07 10:19:00,4115.38787,4115.81817,4115.22634,4115.68052,0.0
2026-10-07 10:20:00,4115.24177,4116.07327,4115.24177,4115.99148,0.0
2026-10-07 10:21:00,4115.74627,4115.9878,4114.50552,4114.79668,0.0
2026-10-07 10:22:00,4115.3784,4115.44171,4113.82864,4114.0824,0.0
2026-10-07 10:23:00,4114.66833,4115.56507,4114.66833,4115.47315,0.0
2026-10-07 10:24:00,4115.24847,4116.24757,4115.24847,4116.03831,0.0
2026-10-07 10:25:00,4115.50254,4116.9932,4115.50254,4116.69205,0.0
2026-10-07 10:26:00,4116.29939,4117.13451,4116.29939,4117.06133,0.0
2026-10-07 10:27:00,4116.80259,4117.42908,4116.74895,4117.33908,0.0
2026-10-07 10:28:00,4117.09097,4117.09097,4116.13533,4116.3288,0.0
2026-10-07 10:29:00,4116.67748,4116.67748,4115.73904,4115.88325,0.0
2026-10-07 10:30:00,4116.0585,4116.68976,4114.43699,4114.85947,0.0
2026-10-07 10:31:00,4115.72934,4115.72934,4111.54691,4112.62416,0.0
2026-10-07 10:32:00,4115.13154,4115.13154,4109.98315,4110.48468,0.0
2026-10-07 10:33:00,4111.38367,4111.38367,4109.13872,4109.41541,0.0
2026-10-07 10:34:00,4109.67953,4111.16593,4109.67953,4110.99674,0.0
2026-10-07 10:35:00,4110.70596,4111.80821,4110.65894,4111.42708,0.0
2026-10-07 10:36:00,4110.63532,4112.34939,4110.63532,4112.19943,0.0
2026-10-07 10:37:00,4111.85457,4113.42393,4111.62206,4112.94523,0.0
2026-10-07 10:38:00,4112.31848,4114.98129,4112.31848,4114.39561,0.0
2026-10-07 10:39:00,4113.56104,4115.90385,4113.56104,4115.6325,0.0
2026-10-07 10:40:00,4114.9111,4115.98263,4114.9111,4115.86666,0.0
2026-10-07 10:41:00,4115.69292,4116.1833,4115.33776,4116.07873,0.0
2026-10-07 10:42:00,4115.87343,4115.87343,4114.52909,4114.81626,0.0
2026-10-07 10:43:00,4115.18011,4115.26512,4113.45039,4113.79425,0.0
2026-10-07 10:44:00,4114.47928,4114.47928,4113.02595,4113.18821,0.0
2026-10-07 10:45:00,4113.48796,4113.60148,4113.09198,4113.22147,0.0
2026-10-07 10:46:00,4113.4202,4113.4202,4112.06265,4112.44547,0.0
2026-10-07 10:47:00,4113.10464,4113.10464,4111.33495,4111.56308,0.0
2026-10-07 10:48:00,4111.68474,4113.9347,4111.68474,4113.58885,0.0
2026-10-07 10:49:00,4113.03247,4114.21048,4113.03247,4114.06412,0.0
2026-10-07 10:50:00,4113.74795,4114.78919,4113.62851,4114.47546,0.0
2026-10-07 10:51:00,4113.65671,4116.73675,4112.9562,4116.03753,0.0
2026-10-07 10:52:00,4114.68482,4117.42908,4114.68482,4117.12696,0.0
2026-10-07 10:53:00,4116.59603,4117.07726,4116.59603,4117.01234,0.0
2026-10-07 10:54:00,4116.75139,4117.56136,4116.75139,4117.38437,0.0
2026-10-07 10:55:00,4117.14342,4117.72315,4117.14342,4117.62846,0.0
2026-10-07 10:56:00,4117.3378,4117.93774,4117.3378,4117.8814,0.0
2026-10-07 10:57:00,4117.7479,4117.91597,4117.42908,4117.45852,0.0
2026-10-07 10:58:00,4117.50111,4118.10732,4117.20062,4118.04751,0.0
2026-10-07 10:59:00,4117.87513,4117.87513,4116.75106,4116.90276,0.0
2026-10-07 11:00:00,4117.15456,4117.25955,4117.04333,4117.24966,0.0
2026-10-07 11:01:00,4117.19819,4117.8405,4116.88615,4116.91077,0.0
2026-10-07 11:02:00,4117.12919,4118.2386,4117.12919,4118.10284,0.0
2026-10-07 11:03:00,4117.67077,4118.61614,4117.67077,4118.49867,0.0
2026-10-07 11:04:00,4118.29638,4118.50292,4118.27691,4118.45593,0.0
2026-10-07 11:05:00,4118.31277,4118.95405,4118.31277,4118.82353,0.0
2026-10-07 11:06:00,4118.50014,4119.52847,4118.50014,4119.28544,0.0
2026-10-07 11:07:00,4118.96828,4119.65617,4118.96828,4119.60453,0.0
2026-10-07 11:08:00,4119.36252,4119.88201,4119.36252,4119.81553,0.0
2026-10-07 11:09:00,4119.71056,4119.79746,4119.63418,4119.78578,0.0
2026-10-07 11:10:00,4119.68839,4120.05524,4119.68839,4119.98728,0.0
2026-10-07 11:11:00,4119.84016,4120.30016,4119.8039,4120.17133,0.0
2026-10-07 11:12:00,4119.96255,4121.14351,4119.96255,4120.86434,0.0
2026-10-07 11:13:00,4120.07772,4121.50188,4120.07772,4121.36515,0.0
2026-10-07 11:14:00,4121.07458,4121.07458,4120.54915,4120.67021,0.0
2026-10-07 11:15:00,4120.8416,4120.8416,4120.45476,4120.49878,0.0
2026-10-07 11:16:00,4120.54396,4120.90443,4119.62732,4119.88547,0.0
2026-10-07 11:17:00,4120.38913,4120.38913,4119.3915,4119.48472,0.0
2026-10-07 11:18:00,4119.59377,4119.72563,4118.95543,4119.07155,0.0
2026-10-07 11:19:00,4119.11362,4120.44392,4119.11362,4120.22085,0.0
2026-10-07 11:20:00,4119.79619,4120.48292,4119.79619,4120.42905,0.0
2026-10-07 11:21:00,4120.30449,4120.30449,4119.45207,4119.59184,0.0
2026-10-07 11:22:00,4119.80563,4119.80563,4119.1251,4119.21391,0.0
2026-10-07 11:23:00,4119.37045,4119.8039,4119.37045,4119.77265,0.0
2026-10-07 11:24:00,4119.67588,4119.67588,4119.30969,4119.37382,0.0
2026-10-07 11:25:00,4119.46446,4119.46446,4119.1251,4119.17706,0.0
2026-10-07 11:26:00,4119.22054,4119.22054,4118.76036,4118.88523,0.0
2026-10-07 11:27:00,4119.07345,4119.27547,4118.44652,4118.54363,0.0
2026-10-07 11:28:00,4118.51121,4119.63418,4118.51121,4119.49322,0.0
2026-10-07 11:29:00,4119.20455,4119.89276,4118.78578,4118.87232,0.0
2026-10-07 11:30:00,4118.8781,4120.48292,4118.8781,4120.2871,0.0
2026-10-07 11:31:00,4119.74571,4119.74571,4118.27691,4118.50941,0.0
2026-10-07 11:32:00,4118.83493,4119.29478,4118.45876,4119.25455,0.0
2026-10-07 11:33:00,4119.04208,4119.04208,4117.93774,4118.09981,0.0
2026-10-07 11:34:00,4118.31516,4119.40855,4117.68348,4119.0693,0.0
2026-10-07 11:35:00,4118.32751,4120.63131,4118.32751,4120.14044,0.0
2026-10-07 11:36:00,4119.49365,4121.16217,4119.49365,4120.96767,0.0
2026-10-07 11:37:00,4120.52733,4120.52733,4120.24275,4120.3339,0.0
2026-10-07 11:38:00,4120.44952,4120.44952,4119.8039,4119.92974,0.0
2026-10-07 11:39:00,4120.11224,4120.11224,4119.03457,4119.3281,0.0
2026-10-07 11:40:00,4119.69865,4120.9546,4116.79679,4117.53384,0.0
2026-10-07 11:41:00,4118.85164,4118.85164,4116.24269,4116.50397,0.0
2026-10-07 11:42:00,4116.99694,4117.25955,4116.99694,4117.24781,0.0
2026-10-07 11:43:00,4117.14857,4117.25955,4116.90939,4117.23066,0.0
2026-10-07 11:44:00,4117.13271,4117.13271,4116.58159,4116.67578,0.0
2026-10-07 11:45:00,4116.72294,4117.14018,4116.72294,4117.07338,0.0
2026-10-07 11:46:00,4116.97683,4117.49858,4116.41545,4117.34325,0.0
2026-10-07 11:47:00,4117.05835,4117.05835,4116.24269,4116.31409,0.0
2026-10-07 11:48:00,4116.50751,4116.82191,4116.50751,4116.78292,0.0
2026-10-07 11:49:00,4116.59764,4117.70737,4116.33581,4117.43245,0.0
2026-10-07 11:50:00,4116.86095,4117.93774,4116.85884,4117.82108,0.0
2026-10-07 11:51:00,4117.60233,4117.60233,4115.71731,4116.07957,0.0
2026-10-07 11:52:00,4116.56502,4116.56502,4115.05699,4115.27822,0.0
2026-10-07 11:53:00,4115.59974,4116.14174,4115.57523,4116.01301,0.0
2026-10-07 11:54:00,4115.76106,4116.66735,4115.76106,4116.42904,0.0
2026-10-07 11:55:00,4116.08633,4118.4542,4116.08633,4117.82942,0.0
2026-10-07 11:56:00,4116.55014,4119.58029,4116.55014,4119.22502,0.0
2026-10-07 11:57:00,4118.29618,4120.5388,4118.29618,4120.16759,0.0
2026-10-07 11:58:00,4119.62328,4120.82252,4119.62328,4120.67478,0.0
2026-10-07 11:59:00,4120.36011,4121.45733,4120.36011,4121.26626,0.0
2026-10-07 12:00:00,4120.7568,4122.4137,4120.69665,4122.04575,0.0
2026-10-07 12:01:00,4121.54818,4122.80994,4121.54818,4122.63464,0.0
2026-10-07 12:02:00,4122.23372,4123.20125,4122.23372,4123.08595,0.0
2026-10-07 12:03:00,4122.83508,4122.97079,4122.35139,4122.39185,0.0
2026-10-07 12:04:00,4122.50675,4123.33565,4122.50675,4123.23113,0.0
2026-10-07 12:05:00,4122.88047,4123.5413,4122.88047,4123.4598,0.0
2026-10-07 12:06:00,4123.24877,4123.42076,4122.69129,4122.77672,0.0
2026-10-07 12:07:00,4122.72955,4123.80008,4122.72955,4123.67728,0.0
2026-10-07 12:08:00,4123.48365,4123.71134,4123.48365,4123.6984,0.0
2026-10-07 12:09:00,4123.6145,4123.71134,4123.24802,4123.71059,0.0
2026-10-07 12:10:00,4123.64717,4123.64717,4122.50005,4122.7531,0.0
2026-10-07 12:11:00,4123.24445,4123.24445,4121.62871,4121.92688,0.0
2026-10-07 12:12:00,4122.30355,4123.11928,4119.81313,4120.40791,0.0
2026-10-07 12:13:00,4121.54157,4121.54157,4119.29478,4119.52132,0.0
2026-10-07 12:14:00,4119.97895,4120.31314,4119.97363,4120.28294,0.0
2026-10-07 12:15:00,4120.1396,4120.17882,4119.03408,4120.17882,0.0
2026-10-07 12:16:00,4120.13,4120.13,4116.93542,4117.59955,0.0
2026-10-07 12:17:00,4118.46806,4118.66972,4115.90385,4116.24622,0.0
2026-10-07 12:18:00,4117.08692,4119.63418,4117.08692,4119.34108,0.0
2026-10-07 12:19:00,4118.76471,4118.76471,4117.98174,4118.14372,0.0
2026-10-07 12:20:00,4118.39659,4120.67758,4117.59862,4117.69169,0.0
2026-10-07 12:21:00,4118.01113,4122.01154,4118.01113,4121.53733,0.0
2026-10-07 12:22:00,4120.55408,4120.81943,4117.13518,4118.01013,0.0
2026-10-07 12:23:00,4119.81857,4119.81857,4114.50012,4115.45196,0.0
2026-10-07 12:24:00,4117.64871,4117.64871,4113.02595,4113.49533,0.0
2026-10-07 12:25:00,4114.26904,4115.47062,4110.85491,4111.78823,0.0
2026-10-07 12:26:00,4113.01854,4122.76429,4098.98281,4103.14768,0.0
2026-10-07 12:27:00,4110.10163,4110.10163,4093.55841,4095.84089,0.0
2026-10-07 12:28:00,4100.61513,4100.61513,4084.81781,4087.90262,0.0
2026-10-07 12:29:00,4095.27342,4095.27342,4080.63331,4082.08679,0.0
2026-10-07 12:30:00,4085.2041,4085.2041,4078.72253,4079.8639,0.0
2026-10-07 12:31:00,4082.47085,4082.47085,4076.97326,4077.5191,0.0
2026-10-07 12:32:00,4078.51551,4085.37924,4078.30343,4078.31895,0.0
2026-10-07 12:33:00,4078.58749,4088.80893,4078.58749,4087.64303,0.0
2026-10-07 12:34:00,4085.41271,4085.46799,4081.33251,4085.46732,0.0
2026-10-07 12:35:00,4085.23172,4085.23172,4079.13522,4079.85251,0.0
2026-10-07 12:36:00,4081.40687,4084.53203,4081.40687,4083.74876,0.0
2026-10-07 12:37:00,4082.55107,4085.72834,4082.55107,4085.32,0.0
2026-10-07 12:38:00,4084.27009,4084.35513,4080.85599,4081.52678,0.0
2026-10-07 12:39:00,4082.92697,4084.03807,4078.85935,4079.59895,0.0
2026-10-07 12:40:00,4080.4501,4085.30109,4076.87593,4084.81653,0.0
2026-10-07 12:41:00,4083.54252,4083.54252,4073.15384,4074.39271,0.0
2026-10-07 12:42:00,4076.30933,4077.03198,4073.81757,4074.09852,0.0
2026-10-07 12:43:00,4075.11028,4078.42515,4075.11028,4077.97391,0.0
2026-10-07 12:44:00,4077.03676,4079.13522,4075.23822,4078.91822,0.0
2026-10-07 12:45:00,4078.53295,4078.53295,4072.8979,4073.67913,0.0
2026-10-07 12:46:00,4074.74986,4075.19584,4070.29409,4071.17195,0.0
2026-10-07 12:47:00,4072.37639,4072.37639,4069.17599,4069.58626,0.0
2026-10-07 12:48:00,4070.41976,4075.97356,4070.41976,4074.40353,0.0
2026-10-07 12:49:00,4072.33505,4077.9708,4072.33505,4077.29464,0.0
2026-10-07 12:50:00,4075.99022,4075.99022,4072.00375,4073.3477,0.0
2026-10-07 12:51:00,4076.53484,4076.53484,4068.29293,4069.56421,0.0
2026-10-07 12:52:00,4072.55871,4074.48563,4061.73421,4063.95567,0.0
2026-10-07 12:53:00,4069.26812,4081.09536,4069.26812,4078.66466,0.0
2026-10-07 12:54:00,4073.15067,4084.63361,4073.15067,4083.44746,0.0
2026-10-07 12:55:00,4080.77149,4083.96635,4080.77149,4083.64459,0.0
2026-10-07 12:56:00,4082.92082,4083.43499,4081.63265,4081.8353,0.0
2026-10-07 12:57:00,4081.99366,4086.83696,4081.4231,4085.67347,0.0
2026-10-07 12:58:00,4083.3354,4088.30744,4083.3354,4087.77071,0.0
2026-10-07 12:59:00,4086.63436,4087.4719,4086.31832,4087.41606,0.0
2026-10-07 13:00:00,4087.29952,4088.67517,4085.63491,4085.84748,0.0
2026-10-07 13:01:00,4085.93785,4091.77437,4085.93785,4090.68054,0.0
2026-10-07 13:02:00,4088.41577,4093.16033,4088.41577,4092.63481,0.0
2026-10-07 13:03:00,4091.44294,4091.44294,4087.4719,4088.00181,0.0
2026-10-07 13:04:00,4088.73832,4090.38225,4088.73832,4090.13023,0.0
2026-10-07 13:05:00,4089.75382,4090.48145,4089.75382,4090.39939,0.0
2026-10-07 13:06:00,4090.18554,4090.48145,4090.18554,4090.47109,0.0
2026-10-07 13:07:00,4090.42508,4090.93093,4090.28645,4090.28645,0.0
2026-10-07 13:08:00,4090.38151,4092.04161,4089.36556,4091.63851,0.0
2026-10-07 13:09:00,4090.76712,4090.76712,4088.54176,4088.86715,0.0
2026-10-07 13:10:00,4089.53136,4089.53136,4088.1403,4088.27303,0.0
2026-10-07 13:11:00,4088.52145,4088.89137,4087.86916,4088.77457,0.0
2026-10-07 13:12:00,4088.57388,4090.02866,4086.08489,4086.74687,0.0
2026-10-07 13:13:00,4087.50326,4091.09998,4087.50326,4090.66917,0.0
2026-10-07 13:14:00,4089.95992,4093.09319,4089.95992,4092.32386,0.0
2026-10-07 13:15:00,4091.31141,4094.16581,4091.31141,4093.80071,0.0
2026-10-07 13:16:00,4093.07383,4094.44919,4093.07383,4094.25388,0.0
2026-10-07 13:17:00,4093.73829,4094.66874,4093.73829,4094.56306,0.0
2026-10-07 13:18:00,4094.32876,4095.09933,4093.8306,4093.92393,0.0
2026-10-07 13:19:00,4093.82934,4096.5829,4093.82934,4096.0939,0.0
2026-10-07 13:20:00,4094.97087,4097.01737,4094.97087,4096.80658,0.0
2026-10-07 13:21:00,4096.38106,4097.49293,4095.84272,4095.95273,0.0
2026-10-07 13:22:00,4095.87157,4098.1927,4095.87157,4097.94023,0.0
2026-10-07 13:23:00,4097.35817,4097.91374,4095.60093,4096.03602,0.0
2026-10-07 13:24:00,4096.95417,4096.95417,4094.49862,4094.91314,0.0
2026-10-07 13:25:00,4095.63802,4095.63802,4091.35096,4092.39369,0.0
2026-10-07 13:26:00,4094.04278,4094.04278,4089.35253,4090.02464,0.0
2026-10-07 13:27:00,4090.94253,4090.94253,4088.47459,4088.81282,0.0
2026-10-07 13:28:00,4089.50466,4089.67505,4087.55759,4087.91452,0.0
2026-10-07 13:29:00,4088.63941,4090.69394,4088.63941,4090.26447,0.0
2026-10-07 13:30:00,4089.70398,4091.31822,4089.70398,4091.12427,0.0
2026-10-07 13:31:00,4090.56739,4093.10967,4089.71105,4092.50542,0.0
2026-10-07 13:32:00,4091.06147,4093.66301,4089.63954,4093.43652,0.0
2026-10-07 13:33:00,4093.45663,4093.45663,4087.00197,4087.90355,0.0
2026-10-07 13:34:00,4090.01146,4090.01146,4085.46799,4085.9418,0.0
2026-10-07 13:35:00,4086.70885,4087.29745,4085.80184,4085.92644,0.0
2026-10-07 13:36:00,4086.01829,4087.97318,4086.01829,4087.74512,0.0
2026-10-07 13:37:00,4087.07851,4087.07851,4085.30109,4085.56644,0.0
2026-10-07 13:38:00,4085.98197,4085.98197,4083.7886,4084.54539,0.0
2026-10-07 13:39:00,4085.93009,4085.93009,4082.46581,4082.89296,0.0
2026-10-07 13:40:00,4083.55371,4084.29995,4083.52292,4084.22139,0.0
2026-10-07 13:41:00,4084.01806,4084.01806,4082.96587,4083.13458,0.0
2026-10-07 13:42:00,4083.37955,4086.54345,4081.31486,4085.46245,0.0
2026-10-07 13:43:00,4082.91689,4088.05761,4082.91689,4087.48063,0.0
2026-10-07 13:44:00,4086.54199,4088.80628,4086.54199,4088.48644,0.0
2026-10-07 13:45:00,4088.0236,4090.66283,4088.0236,4090.02628,0.0
2026-10-07 13:46:00,4088.72137,4095.21042,4088.72137,4093.61574,0.0
2026-10-07 13:47:00,4091.55816,4098.1999,4091.55816,4097.1143,0.0
2026-10-07 13:48:00,4094.60808,4094.60808,4090.98347,4091.47008,0.0
2026-10-07 13:49:00,4092.39544,4092.97245,4090.53944,4090.95968,0.0
2026-10-07 13:50:00,4091.71174,4095.40159,4091.71174,4094.49219,0.0
2026-10-07 13:51:00,4092.93555,4098.09316,4092.93555,4097.13244,0.0
2026-10-07 13:52:00,4095.55113,4099.3687,4095.55113,4098.93988,0.0
2026-10-07 13:53:00,4098.18065,4098.18065,4097.01737,4097.12123,0.0
2026-10-07 13:54:00,4097.31777,4097.83938,4096.55673,4097.73673,0.0
2026-10-07 13:55:00,4097.6185,4097.6185,4096.17827,4096.29939,0.0
2026-10-07 13:56:00,4096.51138,4097.4968,4094.95623,4095.47477,0.0
2026-10-07 13:57:00,4096.60466,4096.60466,4092.44577,4093.36663,0.0
2026-10-07 13:58:00,4095.49457,4095.49457,4090.85794,4091.37288,0.0
2026-10-07 13:59:00,4092.13752,4096.0433,4092.13752,4095.21494,0.0
2026-10-07 14:00:00,4093.6773,4098.78756,4093.6773,4097.79403,0.0
2026-10-07 14:01:00,4095.96955,4100.041,4095.96955,4099.57283,0.0
2026-10-07 14:02:00,4098.97379,4102.3982,4097.49216,4101.54007,0.0
2026-10-07 14:03:00,4099.72911,4099.72911,4095.03,4095.97972,0.0
2026-10-07 14:04:00,4097.84428,4097.84428,4093.9982,4094.35124,0.0
2026-10-07 14:05:00,4095.09436,4095.67497,4095.09436,4095.61908,0.0
2026-10-07 14:06:00,4095.44062,4095.44062,4094.61948,4094.87433,0.0
2026-10-07 14:07:00,4095.24617,4096.56368,4093.9982,4094.166,0.0
2026-10-07 14:08:00,4094.41106,4097.6889,4094.41106,4097.29957,0.0
2026-10-07 14:09:00,4096.5077,4096.5077,4095.33392,4095.54128,0.0
2026-10-07 14:10:00,4095.92392,4096.6997,4094.45909,4094.79048,0.0
2026-10-07 14:11:00,4095.14621,4098.35416,4095.14621,4097.7293,0.0
2026-10-07 14:12:00,4096.6716,4099.54774,4096.6716,4099.06651,0.0
2026-10-07 14:13:00,4098.45597,4101.18914,4097.86756,4100.61916,0.0
2026-10-07 14:14:00,4099.53617,4099.53617,4097.18523,4097.46373,0.0
2026-10-07 14:15:00,4097.95142,4099.31628,4097.521,4097.61929,0.0
2026-10-07 14:16:00,4097.42626,4099.8729,4097.42626,4099.65063,0.0
2026-10-07 14:17:00,4099.18675,4099.18675,4098.69661,4098.77548,0.0
2026-10-07 14:18:00,4098.81451,4101.93502,4097.35186,4100.99107,0.0
2026-10-07 14:19:00,4098.75773,4102.90075,4098.75773,4102.50763,0.0
2026-10-07 14:20:00,4101.53122,4102.382,4097.63878,4098.51242,0.0
2026-10-07 14:21:00,4099.69409,4099.69409,4096.51387,4096.95087,0.0
2026-10-07 14:22:00,4097.70815,4098.00558,4097.17792,4097.29293,0.0
2026-10-07 14:23:00,4097.53145,4098.55847,4097.53145,4098.3043,0.0
2026-10-07 14:24:00,4097.91284,4099.11831,4097.59618,4098.92895,0.0
2026-10-07 14:25:00,4098.53835,4098.83088,4097.18523,4097.32044,0.0
2026-10-07 14:26:00,4097.83411,4099.3687,4097.83411,4099.19319,0.0
2026-10-07 14:27:00,4098.86015,4098.86015,4096.35984,4097.07754,0.0
2026-10-07 14:28:00,4098.57611,4098.62144,4094.83517,4095.33549,0.0
2026-10-07 14:29:00,4095.7731,4099.53675,4095.7731,4099.1624,0.0
2026-10-07 14:30:00,4098.39961,4100.13655,4097.6889,4097.78625,0.0
2026-10-07 14:31:00,4098.41077,4102.12875,4098.41077,4101.45331,0.0
2026-10-07 14:32:00,4100.3486,4104.17187,4100.3486,4103.49624,0.0
2026-10-07 14:33:00,4102.01063,4105.09031,4102.01063,4104.78441,0.0
2026-10-07 14:34:00,4104.10649,4104.9218,4104.10649,4104.86352,0.0
2026-10-07 14:35:00,4104.7308,4104.7308,4104.38665,4104.45477,0.0
2026-10-07 14:36:00,4104.52681,4105.66128,4103.57963,4103.85457,0.0
2026-10-07 14:37:00,4104.57626,4107.46753,4103.3675,4106.804,0.0
2026-10-07 14:38:00,4105.66307,4105.66307,4102.3958,4102.75489,0.0
2026-10-07 14:39:00,4103.3882,4104.48196,4102.90075,4102.98461,0.0
2026-10-07 14:40:00,4102.80032,4107.0706,4102.02968,4106.18806,0.0
2026-10-07 14:41:00,4103.96925,4107.95711,4103.96925,4107.58,0.0
2026-10-07 14:42:00,4106.94462,4108.53945,4105.61395,4108.09756,0.0
2026-10-07 14:43:00,4107.45332,4107.45332,4104.22565,4104.74098,0.0
2026-10-07 14:44:00,4105.73948,4105.73948,4103.23745,4103.53417,0.0
2026-10-07 14:45:00,4104.05819,4104.05819,4103.62108,4103.74373,0.0
2026-10-07 14:46:00,4103.9423,4104.85577,4103.36856,4103.47178,0.0
2026-10-07 14:47:00,4103.33744,4105.25884,4103.33744,4105.07898,0.0
2026-10-07 14:48:00,4104.72978,4105.24216,4103.84718,4104.12186,0.0
2026-10-07 14:49:00,4104.66041,4104.66041,4103.43449,4103.5958,0.0
2026-10-07 14:50:00,4103.81746,4103.95387,4102.90075,4103.05919,0.0
2026-10-07 14:51:00,4103.12331,4105.55328,4102.48571,4105.02046,0.0
2026-10-07 14:52:00,4103.87989,4107.00952,4103.87989,4106.4297,0.0
2026-10-07 14:53:00,4105.61892,4107.67318,4105.61892,4107.43637,0.0
2026-10-07 14:54:00,4107.07722,4107.07722,4105.13482,4105.44511,0.0
2026-10-07 14:55:00,4105.87153,4105.87153,4104.41635,4104.62903,0.0
2026-10-07 14:56:00,4105.00756,4107.54581,4102.35479,4103.14554,0.0
2026-10-07 14:57:00,4104.13101,4108.80105,4104.13101,4108.31537,0.0
2026-10-07 14:58:00,4107.3548,4107.3548,4104.5301,4105.2288,0.0
2026-10-07 14:59:00,4106.14724,4106.14724,4103.57421,4103.92987,0.0
2026-10-07 15:00:00,4104.63229,4104.63229,4103.3816,4103.5256,0.0
2026-10-07 15:01:00,4103.71187,4103.9706,4102.31983,4102.64871,0.0
2026-10-07 15:02:00,4103.27492,4104.35599,4101.46551,4101.77911,0.0
2026-10-07 15:03:00,4102.54203,4105.71783,4101.46241,4105.21534,0.0
2026-10-07 15:04:00,4104.33343,4104.33343,4100.041,4100.55779,0.0
2026-10-07 15:05:00,4101.53967,4101.68919,4100.041,4100.24281,0.0
2026-10-07 15:06:00,4100.37627,4103.0032,4100.37627,4102.50077,0.0
2026-10-07 15:07:00,4101.73063,4103.40583,4101.73063,4103.22105,0.0
2026-10-07 15:08:00,4102.84321,4103.23745,4102.6968,4103.21745,0.0
2026-10-07 15:09:00,4103.13813,4104.46538,4102.3958,4102.46838,0.0
2026-10-07 15:10:00,4102.97733,4105.52577,4102.97733,4105.17426,0.0
2026-10-07 15:11:00,4104.62226,4104.62226,4102.42579,4102.77153,0.0
2026-10-07 15:12:00,4103.33392,4103.33392,4101.24207,4101.59758,0.0
2026-10-07 15:13:00,4102.16613,4103.71398,4100.71352,4100.88521,0.0
2026-10-07 15:14:00,4101.56467,4106.19504,4101.56467,4105.31479,0.0
2026-10-07 15:15:00,4104.15036,4107.45092,4104.15036,4107.05089,0.0
2026-10-07 15:16:00,4106.43553,4106.43553,4103.71025,4104.19496,0.0
2026-10-07 15:17:00,4105.06836,4105.06836,4102.73242,4103.01515,0.0
2026-10-07 15:18:00,4103.47835,4103.75435,4100.73138,4101.49512,0.0
2026-10-07 15:19:00,4103.17234,4103.17234,4099.21202,4099.74594,0.0
2026-10-07 15:20:00,4100.7842,4103.23745,4100.7842,4102.95238,0.0
2026-10-07 15:21:00,4102.48558,4104.11123,4101.05707,4103.69043,0.0
2026-10-07 15:22:00,4102.62826,4102.62826,4099.76654,4100.25282,0.0
2026-10-07 15:23:00,4101.30665,4101.30665,4099.00448,4099.27943,0.0
2026-10-07 15:24:00,4099.91512,4100.88169,4099.91512,4100.78965,0.0
2026-10-07 15:25:00,4100.55724,4100.9376,4100.55724,4100.88686,0.0
2026-10-07 15:26:00,4100.75603,4100.89239,4100.12858,4100.89239,0.0
2026-10-07 15:27:00,4100.898,4100.898,4099.70482,4099.85014,0.0
2026-10-07 15:28:00,4099.99418,4101.26345,4099.99418,4101.04919,0.0
2026-10-07 15:29:00,4100.76851,4102.21403,4100.76851,4101.8568,0.0
2026-10-07 15:30:00,4101.0521,4103.53651,4101.0521,4103.12336,0.0
2026-10-07 15:31:00,4102.06812,4107.25467,4099.89444,4105.94641,0.0
2026-10-07 15:32:00,4102.735,4109.59406,4102.735,4108.74785,0.0
2026-10-07 15:33:00,4106.62574,4110.48997,4106.62574,4110.13553,0.0
2026-10-07 15:34:00,4109.63851,4109.63851,4106.10167,4106.47943,0.0
2026-10-07 15:35:00,4107.1385,4109.23494,4106.60753,4106.65995,0.0
2026-10-07 15:36:00,4107.18942,4110.48997,4107.18942,4110.07174,0.0
2026-10-07 15:37:00,4109.22269,4112.18552,4108.76095,4111.30701,0.0
2026-10-07 15:38:00,4109.29937,4113.36432,4109.29937,4112.90702,0.0
2026-10-07 15:39:00,4111.79523,4111.79523,4109.73328,4110.04858,0.0
2026-10-07 15:40:00,4110.66938,4110.66938,4108.47476,4108.95305,0.0
2026-10-07 15:41:00,4109.89143,4109.89143,4107.78837,4107.98533,0.0
2026-10-07 15:42:00,4108.32459,4108.32459,4108.29292,4108.30077,0.0
2026-10-07 15:43:00,4108.29478,4108.31443,4108.0154,4108.30949,0.0
2026-10-07 15:44:00,4108.26819,4108.29755,4107.78837,4107.85037,0.0
2026-10-07 15:45:00,4108.00938,4109.08124,4108.00938,4108.80646,0.0
2026-10-07 15:46:00,4108.04345,4109.47645,4108.04345,4109.33642,0.0
2026-10-07 15:47:00,4109.02,4109.5019,4107.81724,4108.14559,0.0
2026-10-07 15:48:00,4108.81878,4108.81878,4107.11175,4107.37517,0.0
2026-10-07 15:49:00,4107.74915,4107.74915,4106.3716,4106.58797,0.0
2026-10-07 15:50:00,4106.98092,4106.98092,4105.71282,4105.96105,0.0
2026-10-07 15:51:00,4106.39054,4106.39054,4105.12404,4105.29426,0.0
2026-10-07 15:52:00,4105.57025,4105.57025,4103.28485,4103.93942,0.0
2026-10-07 15:53:00,4105.42232,4105.42232,4102.3958,4102.68574,0.0
2026-10-07 15:54:00,4103.29841,4103.6942,4103.29841,4103.65632,0.0
2026-10-07 15:55:00,4103.49496,4105.54018,4102.7072,4104.94351,0.0
2026-10-07 15:56:00,4103.41794,4106.37844,4103.41794,4106.03643,0.0
2026-10-07 15:57:00,4105.50691,4106.60753,4105.50691,4106.47591,0.0
2026-10-07 15:58:00,4106.1918,4106.60753,4106.1918,4106.57278,0.0
2026-10-07 15:59:00,4106.47651,4106.47651,4105.93307,4106.00462,0.0
2026-10-07 16:00:00,4106.16224,4106.60753,4106.13962,4106.56442,0.0
2026-10-07 16:01:00,4106.45166,4107.03241,4105.72197,4105.85589,0.0
2026-10-07 16:02:00,4106.2905,4110.24756,4103.57466,4109.07106,0.0
2026-10-07 16:03:00,4106.36164,4107.19512,4102.3958,4102.913,0.0
2026-10-07 16:04:00,4104.25592,4108.96988,4104.25592,4108.37312,0.0
2026-10-07 16:05:00,4107.26185,4109.79298,4107.26185,4109.08794,0.0
2026-10-07 16:06:00,4107.47837,4112.426,4107.47837,4111.51832,0.0
2026-10-07 16:07:00,4109.35473,4113.53353,4109.35473,4113.11922,0.0
2026-10-07 16:08:00,4112.20993,4113.70274,4111.75672,4113.59348,0.0
2026-10-07 16:09:00,4113.57769,4113.57769,4110.82792,4111.11941,0.0
2026-10-07 16:10:00,4111.66235,4112.20095,4111.40337,4112.16438,0.0
2026-10-07 16:11:00,4112.10465,4112.10465,4110.99692,4111.12623,0.0
2026-10-07 16:12:00,4111.33373,4111.52969,4110.82792,4110.91072,0.0
2026-10-07 16:13:00,4111.0655,4111.89953,4111.0655,4111.79971,0.0
2026-10-07 16:14:00,4111.48969,4112.01118,4110.61936,4111.97527,0.0
2026-10-07 16:15:00,4111.93193,4111.93193,4109.81424,4110.06042,0.0
2026-10-07 16:16:00,4110.44769,4111.09785,4110.44769,4110.96891,0.0
2026-10-07 16:17:00,4110.78562,4111.2973,4110.60905,4111.21865,0.0
2026-10-07 16:18:00,4111.04827,4111.57928,4109.99568,4110.21321,0.0
2026-10-07 16:19:00,4110.78906,4112.27427,4110.78906,4111.9873,0.0
2026-10-07 16:20:00,4111.42752,4112.94521,4111.42752,4112.75647,0.0
2026-10-07 16:21:00,4112.24105,4113.19513,4112.24105,4113.07919,0.0
2026-10-07 16:22:00,4112.8556,4113.44281,4112.68764,4112.72472,0.0
2026-10-07 16:23:00,4112.57592,4114.06533,4112.57592,4113.8667,0.0
2026-10-07 16:24:00,4113.51172,4114.04122,4113.51172,4114.0044,0.0
2026-10-07 16:25:00,4113.9004,4113.9004,4113.70274,4113.74271,0.0
2026-10-07 16:26:00,4113.77832,4113.77832,4113.46744,4113.5708,0.0
2026-10-07 16:27:00,4113.73103,4113.73103,4113.19513,4113.2841,0.0
2026-10-07 16:28:00,4113.37781,4114.26884,4113.13536,4113.98596,0.0
2026-10-07 16:29:00,4113.62169,4114.54905,4113.62169,4114.44033,0.0
2026-10-07 16:30:00,4114.16974,4114.40853,4113.81282,4113.88109,0.0
2026-10-07 16:31:00,4114.05992,4114.53274,4113.84253,4114.45361,0.0
2026-10-07 16:32:00,4114.28138,4114.28138,4113.41617,4113.56915,0.0
2026-10-07 16:33:00,4113.75996,4113.75996,4112.85679,4113.02171,0.0
2026-10-07 16:34:00,4113.22689,4113.53353,4112.45946,4113.48014,0.0
2026-10-07 16:35:00,4113.19101,4113.73549,4110.87534,4111.39711,0.0
2026-10-07 16:36:00,4112.43161,4112.43161,4110.38323,4110.60897,0.0
2026-10-07 16:37:00,4110.9909,4111.37217,4109.98315,4110.1129,0.0
2026-10-07 16:38:00,4110.05205,4111.84211,4110.05205,4111.6488,0.0
2026-10-07 16:39:00,4111.25044,4111.25044,4110.82792,4110.90908,0.0
2026-10-07 16:40:00,4110.96252,4111.00979,4109.42659,4111.00979,0.0
2026-10-07 16:41:00,4110.89481,4110.89481,4107.92041,4108.37964,0.0
2026-10-07 16:42:00,4109.06082,4109.06082,4107.28221,4107.50395,0.0
2026-10-07 16:43:00,4107.91338,4109.01205,4107.91338,4108.85665,0.0
2026-10-07 16:44:00,4108.40846,4109.13872,4108.40597,4109.07941,0.0
2026-10-07 16:45:00,4108.89587,4109.00075,4107.95711,4108.08987,0.0
2026-10-07 16:46:00,4108.0925,4110.73064,4107.30468,4110.14306,0.0
2026-10-07 16:47:00,4108.90642,4110.99692,4108.90642,4110.84937,0.0
2026-10-07 16:48:00,4110.54337,4110.54337,4109.06794,4109.37204,0.0
2026-10-07 16:49:00,4109.8352,4109.8352,4108.55307,4108.73789,0.0
2026-10-07 16:50:00,4109.06908,4109.06908,4107.96013,4108.16142,0.0
2026-10-07 16:51:00,4108.42357,4108.80458,4107.45092,4107.58552,0.0
2026-10-07 16:52:00,4107.85149,4109.40863,4107.85149,4109.24436,0.0
2026-10-07 16:53:00,4108.7709,4109.69053,4108.7709,4109.56711,0.0
2026-10-07 16:54:00,4109.3996,4109.91138,4109.11158,4109.80841,0.0
2026-10-07 16:55:00,4109.59521,4109.74272,4108.75199,4108.8915,0.0
2026-10-07 16:56:00,4109.23863,4109.81424,4109.23863,4109.7462,0.0
2026-10-07 16:57:00,4109.53878,4110.46936,4109.46286,4110.24354,0.0
2026-10-07 16:58:00,4109.7272,4110.65894,4109.7209,4110.56184,0.0
2026-10-07 16:59:00,4110.35431,4110.35431,4109.30758,4109.42902,0.0
2026-10-07 17:00:00,4109.61652,4109.64534,4109.45773,4109.48209,0.0
2026-10-07 17:01:00,4109.50756,4109.50756,4109.30758,4109.35445,0.0
2026-10-07 17:02:00,4109.37902,4112.33848,4107.52423,4111.31328,0.0
2026-10-07 17:03:00,4108.99597,4113.96748,4108.99597,4113.35018,0.0
2026-10-07 17:04:00,4112.37807,4114.66036,4112.37807,4114.4025,0.0
2026-10-07 17:05:00,4114.11417,4114.11417,4111.84211,4112.03204,0.0
2026-10-07 17:06:00,4112.44857,4113.02911,4112.44857,4112.90474,0.0
2026-10-07 17:07:00,4112.58577,4114.74809,4112.44179,4114.19661,0.0
2026-10-07 17:08:00,4112.76905,4117.85569,4111.42524,4116.76276,0.0
2026-10-07 17:09:00,4114.05403,4118.95543,4114.05403,4118.46417,0.0
2026-10-07 17:10:00,4117.61276,4119.54732,4117.61276,4118.92996,0.0
2026-10-07 17:11:00,4118.12244,4123.75224,4118.12244,4122.2927,0.0
2026-10-07 17:12:00,4120.11882,4125.92318,4120.11882,4125.2051,0.0
2026-10-07 17:13:00,4124.07055,4124.07055,4120.65271,4121.03845,0.0
2026-10-07 17:14:00,4121.69896,4121.71636,4119.75774,4120.23251,0.0
2026-10-07 17:15:00,4120.95181,4120.95181,4119.1251,4119.36037,0.0
2026-10-07 17:16:00,4119.74509,4120.867,4119.33632,4120.49984,0.0
2026-10-07 17:17:00,4119.56651,4121.33201,4119.56651,4121.13803,0.0
2026-10-07 17:18:00,4120.7123,4120.7123,4119.29478,4119.47315,0.0
2026-10-07 17:19:00,4119.59103,4120.85404,4119.59103,4120.67833,0.0
2026-10-07 17:20:00,4120.43835,4121.42001,4120.43835,4121.17517,0.0
2026-10-07 17:21:00,4120.64259,4121.84164,4120.64259,4121.71214,0.0
2026-10-07 17:22:00,4121.38798,4121.38798,4120.31314,4120.48034,0.0
2026-10-07 17:23:00,4120.74322,4120.74322,4120.11234,4120.28302,0.0
2026-10-07 17:24:00,4120.5265,4120.59763,4119.18264,4119.49852,0.0
2026-10-07 17:25:00,4120.14526,4120.14526,4118.61181,4118.80936,0.0
2026-10-07 17:26:00,4119.05331,4120.18772,4116.67818,4117.30599,0.0
2026-10-07 17:27:00,4118.47508,4118.47508,4115.99529,4116.3052,0.0
2026-10-07 17:28:00,4116.90322,4116.90322,4115.07067,4115.3584,0.0
2026-10-07 17:29:00,4115.74409,4115.74409,4114.54905,4114.71867,0.0
2026-10-07 17:30:00,4114.97148,4114.97148,4114.71835,4114.75827,0.0
2026-10-07 17:31:00,4114.82843,4116.28292,4114.71295,4114.71295,0.0
2026-10-07 17:32:00,4115.02527,4117.75368,4114.81083,4117.25704,0.0
2026-10-07 17:33:00,4116.31052,4116.31052,4114.21048,4114.45081,0.0
2026-10-07 17:34:00,4114.86755,4114.86755,4114.37976,4114.42104,0.0
2026-10-07 17:35:00,4114.46045,4114.86789,4114.29314,4114.31162,0.0
2026-10-07 17:36:00,4114.42857,4115.05699,4114.42857,4114.99169,0.0
2026-10-07 17:37:00,4114.82102,4114.82102,4114.22175,4114.34625,0.0
2026-10-07 17:38:00,4114.51525,4114.52936,4113.41604,4113.66069,0.0
2026-10-07 17:39:00,4114.11184,4114.11184,4113.19513,4113.28241,0.0
2026-10-07 17:40:00,4113.41209,4113.5189,4112.27461,4112.57727,0.0
2026-10-07 17:41:00,4113.09899,4113.09899,4111.84211,4111.99585,0.0
2026-10-07 17:42:00,4112.26862,4112.37212,4112.26862,4112.37212,0.0
2026-10-07 17:43:00,4112.30542,4112.34939,4111.83516,4112.34475,0.0
2026-10-07 17:44:00,4112.28826,4112.28826,4111.50399,4111.59414,0.0
2026-10-07 17:45:00,4111.71861,4112.02758,4111.3734,4111.42418,0.0
2026-10-07 17:46:00,4111.60946,4112.66933,4111.60946,4112.43321,0.0
2026-10-07 17:47:00,4111.78701,4114.27898,4111.49216,4113.75881,0.0
2026-10-07 17:48:00,4112.51887,4114.71835,4112.51887,4114.50854,0.0
2026-10-07 17:49:00,4114.06138,4114.18919,4112.38116,4112.79249,0.0
2026-10-07 17:50:00,4113.47057,4113.47057,4111.84211,4112.05204,0.0
2026-10-07 17:51:00,4112.42767,4112.42767,4111.51316,4111.64535,0.0
2026-10-07 17:52:00,4111.83449,4111.83449,4111.16593,4111.26698,0.0
2026-10-07 17:53:00,4111.40739,4111.40739,4110.43531,4110.70984,0.0
2026-10-07 17:54:00,4111.0741,4111.0741,4109.81424,4110.01449,0.0
2026-10-07 17:55:00,4110.30525,4110.32259,4109.77772,4110.32259,0.0
2026-10-07 17:56:00,4110.21378,4110.21378,4109.27863,4109.43143,0.0
2026-10-07 17:57:00,4109.6817,4109.6817,4109.13872,4109.20033,0.0
2026-10-07 17:58:00,4109.32969,4109.66646,4109.30758,4109.55808,0.0
2026-10-07 17:59:00,4109.29575,4110.44823,4109.29575,4110.21279,0.0
2026-10-07 18:00:00,4109.61332,4110.65894,4109.61332,4110.54955,0.0
2026-10-07 18:01:00,4110.32298,4110.49019,4109.58632,4109.79054,0.0
2026-10-07 18:02:00,4110.16012,4110.64539,4109.03771,4109.22908,0.0
2026-10-07 18:03:00,4109.78699,4111.02387,4109.78699,4110.86453,0.0
2026-10-07 18:04:00,4110.4642,4113.02602,4110.23713,4112.37758,0.0
2026-10-07 18:05:00,4110.71864,4116.96387,4108.86135,4115.56795,0.0
2026-10-07 18:06:00,4112.5259,4118.10732,4112.5259,4117.61451,0.0
2026-10-07 18:07:00,4116.52175,4117.93774,4116.33911,4117.81128,0.0
2026-10-07 18:08:00,4117.6162,4117.6162,4115.56507,4115.78902,0.0
2026-10-07 18:09:00,4116.16367,4116.3563,4114.62428,4115.05999,0.0
2026-10-07 18:10:00,4116.00326,4116.00326,4114.04122,4114.23248,0.0
2026-10-07 18:11:00,4114.49574,4114.49574,4113.70274,4113.84055,0.0
2026-10-07 18:12:00,4114.04455,4114.04455,4113.70274,4113.72743,0.0
2026-10-07 18:13:00,4113.79384,4114.03844,4113.70274,4113.96537,0.0
2026-10-07 18:14:00,4113.72607,4114.21048,4113.58599,4114.16301,0.0
2026-10-07 18:15:00,4113.99068,4114.01141,4112.787,4113.05178,0.0
2026-10-07 18:16:00,4113.57367,4113.57367,4112.51851,4112.61696,0.0
2026-10-07 18:17:00,4112.79196,4112.79196,4112.51851,4112.58819,0.0
2026-10-07 18:18:00,4112.63752,4112.68764,4112.63084,4112.68506,0.0
2026-10-07 18:19:00,4112.66229,4112.79131,4112.34939,4112.40771,0.0
2026-10-07 18:20:00,4112.48071,4113.02595,4112.48071,4112.96464,0.0
2026-10-07 18:21:00,4112.80818,4112.85679,4112.30525,4112.47488,0.0
2026-10-07 18:22:00,4112.75933,4112.75933,4112.01118,4112.10173,0.0
2026-10-07 18:23:00,4112.20954,4112.34939,4111.52595,4112.34639,0.0
2026-10-07 18:24:00,4112.33098,4112.33098,4110.99692,4111.15297,0.0
2026-10-07 18:25:00,4111.41363,4111.41363,4110.99624,4111.07845,0.0
2026-10-07 18:26:00,4111.19988,4111.19988,4110.81636,4110.87426,0.0
2026-10-07 18:27:00,4110.94924,4111.39091,4110.65894,4110.68403,0.0
2026-10-07 18:28:00,4110.84326,4112.04477,4110.84326,4111.82115,0.0
2026-10-07 18:29:00,4111.18276,4112.51851,4111.18276,4112.35562,0.0
2026-10-07 18:30:00,4111.93863,4111.93863,4110.99692,4111.15492,0.0
2026-10-07 18:31:00,4111.38914,4111.38914,4110.59336,4110.7933,0.0
2026-10-07 18:32:00,4111.04278,4111.04278,4109.98315,4110.16415,0.0
2026-10-07 18:33:00,4110.35795,4111.01245,4110.35795,4110.89329,0.0
2026-10-07 18:34:00,4110.70734,4111.09774,4110.47384,4111.03187,0.0
2026-10-07 18:35:00,4110.88209,4110.88209,4110.32102,4110.37885,0.0
2026-10-07 18:36:00,4110.45275,4110.89991,4109.98315,4110.05677,0.0
2026-10-07 18:37:00,4110.20776,4111.33495,4110.20776,4111.2176,0.0
2026-10-07 18:38:00,4110.91421,4111.16593,4109.65256,4111.15429,0.0
2026-10-07 18:39:00,4111.23873,4111.23873,4108.59624,4108.90779,0.0
2026-10-07 18:40:00,4109.31209,4109.31209,4107.95711,4108.15443,0.0
2026-10-07 18:41:00,4108.41967,4110.32952,4108.41967,4109.92572,0.0
2026-10-07 18:42:00,4108.89512,4110.65894,4108.89512,4110.49552,0.0
2026-10-07 18:43:00,4110.2187,4110.54961,4110.15208,4110.45983,0.0
2026-10-07 18:44:00,4110.1371,4110.82792,4110.1371,4110.74694,0.0
2026-10-07 18:45:00,4110.60988,4111.25823,4109.75539,4111.06642,0.0
2026-10-07 18:46:00,4110.78186,4110.78186,4109.30758,4109.46347,0.0
2026-10-07 18:47:00,4109.74558,4109.81637,4109.33033,4109.45374,0.0
2026-10-07 18:48:00,4109.63597,4110.7747,4108.20188,4108.6353,0.0
2026-10-07 18:49:00,4109.27267,4111.55312,4109.27267,4111.21045,0.0
2026-10-07 18:50:00,4110.77108,4112.18461,4110.77108,4111.94228,0.0
2026-10-07 18:51:00,4111.37064,4112.51851,4111.37064,4112.42416,0.0
2026-10-07 18:52:00,4112.21293,4112.21293,4111.67304,4111.75858,0.0
2026-10-07 18:53:00,4111.87967,4112.01118,4111.84211,4112.00384,0.0
2026-10-07 18:54:00,4111.95603,4111.95603,4111.1392,4111.39827,0.0
2026-10-07 18:55:00,4111.88033,4111.88033,4110.65894,4110.81231,0.0
2026-10-07 18:56:00,4111.06619,4111.20242,4111.06619,4111.17619,0.0
2026-10-07 18:57:00,4111.11847,4111.22978,4110.91496,4111.21771,0.0
2026-10-07 18:58:00,4111.1597,4111.1597,4109.84596,4110.23288,0.0
2026-10-07 18:59:00,4110.99443,4110.99443,4109.13872,4109.35048,0.0
2026-10-07 19:00:00,4109.71713,4109.71713,4109.14468,4109.28307,0.0
2026-10-07 19:01:00,4109.51305,4110.07327,4108.7447,4108.90438,0.0
2026-10-07 19:02:00,4109.02312,4110.32102,4109.02312,4110.19619,0.0
2026-10-07 19:03:00,4109.91086,4110.13326,4107.76941,4108.32796,0.0
2026-10-07 19:04:00,4109.13227,4109.13227,4106.39897,4106.90644,0.0
2026-10-07 19:05:00,4108.0113,4108.0113,4105.13794,4105.59441,0.0
2026-10-07 19:06:00,4106.51599,4108.29465,4106.51599,4108.10458,0.0
2026-10-07 19:07:00,4107.80169,4107.80169,4105.58152,4106.01184,0.0
2026-10-07 19:08:00,4106.57716,4106.57716,4104.24669,4104.67753,0.0
2026-10-07 19:09:00,4105.50325,4106.06233,4103.67025,4103.88512,0.0
2026-10-07 19:10:00,4104.54132,4106.60753,4104.54132,4106.40727,0.0
2026-10-07 19:11:00,4106.00894,4106.52038,4105.00641,4105.23679,0.0
2026-10-07 19:12:00,4105.59061,4107.27634,4105.59061,4106.94765,0.0
2026-10-07 19:13:00,4106.52661,4107.61963,4106.52661,4107.49874,0.0
2026-10-07 19:14:00,4107.11519,4107.82809,4107.11519,4107.74944,0.0
2026-10-07 19:15:00,4107.61885,4108.30577,4106.74028,4108.11078,0.0
2026-10-07 19:16:00,4107.83185,4108.04645,4105.58539,4106.00949,0.0
2026-10-07 19:17:00,4106.73425,4108.52889,4106.73425,4108.28939,0.0
2026-10-07 19:18:00,4107.96549,4108.80105,4107.96549,4108.70987,0.0
2026-10-07 19:19:00,4108.48328,4108.78813,4107.96324,4108.06719,0.0
2026-10-07 19:20:00,4108.35284,4109.04628,4108.35284,4108.91693,0.0
2026-10-07 19:21:00,4108.5623,4109.30758,4108.5623,4109.235,0.0
2026-10-07 19:22:00,4109.06169,4109.06169,4108.4573,4108.5752,0.0
2026-10-07 19:23:00,4108.75852,4108.75852,4108.29465,4108.36277,0.0
2026-10-07 19:24:00,4108.47015,4108.90339,4108.46343,4108.79527,0.0
2026-10-07 19:25:00,4108.61301,4109.16045,4108.22588,4109.06792,0.0
2026-10-07 19:26:00,4108.87261,4108.87261,4107.10944,4107.52277,0.0
2026-10-07 19:27:00,4108.3804,4108.3804,4106.4389,4106.65229,0.0
2026-10-07 19:28:00,4107.04398,4107.2839,4107.04398,4107.26938,0.0
2026-10-07 19:29:00,4107.21703,4107.29224,4106.87541,4107.28911,0.0
2026-10-07 19:30:00,4107.25142,4107.25142,4106.60753,4106.68164,0.0
2026-10-07 19:31:00,4106.86167,4107.28221,4106.86167,4107.26561,0.0
2026-10-07 19:32:00,4107.17969,4107.17969,4106.84834,4106.90635,0.0
2026-10-07 19:33:00,4106.98086,4106.98086,4106.3716,4106.51238,0.0
2026-10-07 19:34:00,4106.74263,4106.74263,4106.27027,4106.30441,0.0
2026-10-07 19:35:00,4106.42398,4107.08338,4105.97805,4106.92537,0.0
2026-10-07 19:36:00,4106.63663,4106.63663,4105.76449,4105.84943,0.0
2026-10-07 19:37:00,4105.99872,4105.99872,4105.75253,4105.8177,0.0
2026-10-07 19:38:00,4105.85575,4106.29842,4105.46441,4105.57452,0.0
2026-10-07 19:39:00,4105.85903,4106.27027,4105.85903,4106.24123,0.0
2026-10-07 19:40:00,4106.10701,4106.27027,4106.10167,4106.23808,0.0
2026-10-07 19:41:00,4106.17104,4106.59216,4105.20305,4106.45809,0.0
2026-10-07 19:42:00,4106.28803,4106.28803,4104.7533,4104.9068,0.0
2026-10-07 19:43:00,4105.21481,4105.42737,4105.21481,4105.41149,0.0
2026-10-07 19:44:00,4105.33189,4105.42737,4104.65419,4105.42328,0.0
2026-10-07 19:45:00,4105.30479,4105.30479,4103.83542,4104.12083,0.0
2026-10-07 19:46:00,4104.69308,4104.69308,4103.57421,4103.66586,0.0
2026-10-07 19:47:00,4103.80708,4103.80708,4103.28624,4103.41342,0.0
2026-10-07 19:48:00,4103.60423,4103.60423,4102.71823,4102.92454,0.0
2026-10-07 19:49:00,4103.18024,4103.18024,4102.22751,4102.36451,0.0
2026-10-07 19:50:00,4102.47547,4103.40583,4102.47547,4103.28867,0.0
2026-10-07 19:51:00,4103.01698,4103.01698,4102.3958,4102.49717,0.0
2026-10-07 19:52:00,4102.61772,4102.73242,4102.06461,4102.73116,0.0
2026-10-07 19:53:00,4102.61918,4102.61918,4101.55449,4101.7205,0.0
2026-10-07 19:54:00,4101.99282,4102.17002,4101.38574,4101.49256,0.0
2026-10-07 19:55:00,4101.69249,4102.22751,4101.69249,4102.16906,0.0
2026-10-07 19:56:00,4102.03196,4102.26705,4101.50658,4101.58375,0.0
2026-10-07 19:57:00,4101.61499,4102.3958,4101.61499,4102.31993,0.0
2026-10-07 19:58:00,4102.1368,4102.1368,4100.82179,4101.13607,0.0
2026-10-07 19:59:00,4101.66293,4101.66293,4100.37723,4100.53054,0.0
2026-10-07 20:00:00,4100.81982,4102.17536,4100.81982,4101.81164,0.0
2026-10-07 20:01:00,4100.8265,4103.93044,4100.4268,4103.32976,0.0
2026-10-07 20:02:00,4101.99818,4104.41635,4101.99818,4104.18965,0.0
2026-10-07 20:03:00,4103.72668,4103.72668,4102.73242,4102.88058,0.0
2026-10-07 20:04:00,4103.07213,4103.66331,4103.05074,4103.50479,0.0
2026-10-07 20:05:00,4103.29249,4103.74261,4103.29249,4103.70058,0.0
2026-10-07 20:06:00,4103.50493,4104.44559,4102.9977,4104.16922,0.0
2026-10-07 20:07:00,4103.72354,4104.61864,4103.72354,4104.50219,0.0
2026-10-07 20:08:00,4104.26871,4105.03325,4104.26871,4104.91566,0.0
2026-10-07 20:09:00,4104.57328,4105.09031,4104.57328,4105.04721,0.0
2026-10-07 20:10:00,4104.95409,4104.95409,4104.64691,4104.72698,0.0
2026-10-07 20:11:00,4104.80977,4105.31995,4104.22449,4104.37438,0.0
2026-10-07 20:12:00,4104.77049,4105.47225,4104.77049,4105.38192,0.0
2026-10-07 20:13:00,4105.10732,4106.63276,4104.93522,4106.2709,0.0
2026-10-07 20:14:00,4105.4033,4106.77618,4105.4033,4106.67393,0.0
2026-10-07 20:15:00,4106.49208,4107.09756,4106.4389,4106.89666,0.0
2026-10-07 20:16:00,4106.30546,4107.65401,4106.30546,4107.47221,0.0
2026-10-07 20:17:00,4107.17065,4107.78328,4107.17065,4107.68552,0.0
2026-10-07 20:18:00,4107.48264,4107.95711,4107.48264,4107.91524,0.0
2026-10-07 20:19:00,4107.78689,4108.01825,4107.69787,4107.71386,0.0
2026-10-07 20:20:00,4107.7808,4108.08011,4107.7808,4108.05343,0.0
2026-10-07 20:21:00,4107.87521,4108.64983,4107.72493,4108.45171,0.0
2026-10-07 20:22:00,4108.17439,4109.54081,4108.17439,4109.17011,0.0
2026-10-07 20:23:00,4108.53281,4110.23247,4108.53281,4110.03907,0.0
2026-10-07 20:24:00,4109.47602,4110.48997,4109.47602,4110.38194,0.0
2026-10-07 20:25:00,4110.13416,4110.26291,4109.64534,4109.73299,0.0
2026-10-07 20:26:00,4109.7133,4111.75842,4109.01103,4111.27113,0.0
2026-10-07 20:27:00,4110.21882,4112.18028,4110.21882,4111.96464,0.0
2026-10-07 20:28:00,4111.61546,4111.88324,4111.61546,4111.88324,0.0
2026-10-07 20:29:00,4111.81026,4112.64983,4110.96617,4111.22351,0.0
2026-10-07 20:30:00,4111.84242,4112.85679,4111.84242,4112.74705,0.0
2026-10-07 20:31:00,4112.47583,4112.51851,4112.47583,4112.50685,0.0
2026-10-07 20:32:00,4112.47103,4112.6891,4111.68762,4111.95455,0.0
2026-10-07 20:33:00,4112.47593,4112.47593,4110.96709,4111.20504,0.0
2026-10-07 20:34:00,4111.50814,4111.50814,4110.24349,4110.47627,0.0
2026-10-07 20:35:00,4110.91882,4110.91882,4109.69178,4109.89715,0.0
2026-10-07 20:36:00,4110.16128,4110.16128,4109.13872,4109.2999,0.0
2026-10-07 20:37:00,4109.46166,4110.40611,4109.19702,4110.1672,0.0
2026-10-07 20:38:00,4109.79729,4110.48997,4109.79729,4110.41673,0.0
2026-10-07 20:39:00,4110.22822,4110.22822,4109.5276,4109.73815,0.0
2026-10-07 20:40:00,4110.0305,4110.0305,4109.13872,4109.25335,0.0
2026-10-07 20:41:00,4109.39554,4109.64534,4109.19258,4109.6152,0.0
2026-10-07 20:42:00,4109.50768,4109.56957,4108.29975,4108.60192,0.0
2026-10-07 20:43:00,4109.21338,4109.21338,4107.80397,4107.98651,0.0
2026-10-07 20:44:00,4108.33545,4109.13872,4108.33545,4109.03921,0.0
2026-10-07 20:45:00,4108.83312,4108.97025,4108.80105,4108.96516,0.0
2026-10-07 20:46:00,4108.89486,4108.96988,4108.89486,4108.95188,0.0
2026-10-07 20:47:00,4108.90802,4108.90802,4108.80105,4108.82596,0.0
2026-10-07 20:48:00,4108.76718,4109.41618,4108.57449,4109.22637,0.0
2026-10-07 20:49:00,4108.97187,4109.47645,4108.97187,4109.4277,0.0
2026-10-07 20:50:00,4109.28431,4109.69943,4108.55728,4108.73045,0.0
2026-10-07 20:51:00,4109.10007,4110.55207,4107.6725,4110.22012,0.0
2026-10-07 20:52:00,4109.84273,4109.84273,4106.77618,4107.09291,0.0
2026-10-07 20:53:00,4107.5984,4107.5984,4106.27027,4106.43312,0.0
2026-10-07 20:54:00,4106.70292,4106.94626,4106.20074,4106.25974,0.0
2026-10-07 20:55:00,4106.47586,4108.66175,4106.47586,4108.02877,0.0
2026-10-07 20:56:00,4106.91317,4109.64534,4106.91317,4109.35092,0.0
2026-10-07 20:57:00,4108.55234,4110.17171,4108.55234,4109.94246,0.0
2026-10-07 20:58:00,4109.61656,4110.27317,4109.61656,4110.1932,0.0
2026-10-07 20:59:00,4109.96445,4111.10987,4109.96445,4110.85544,0.0
2026-10-07 21:00:00,4110.24128,4111.33495,4110.24128,4111.2147,0.0
2026-10-07 21:01:00,4110.97416,4110.97416,4110.65894,4110.73761,0.0
2026-10-07 21:02:00,4110.77869,4111.21664,4110.76207,4111.09582,0.0
2026-10-07 21:03:00,4110.93067,4111.16593,4110.93067,4111.15374,0.0
2026-10-07 21:04:00,4111.02151,4111.29741,4111.02151,4111.24679,0.0
2026-10-07 21:05:00,4111.1623,4111.18993,4111.04496,4111.18993,0.0
2026-10-07 21:06:00,4111.12892,4111.24605,4110.99692,4111.03042,0.0
2026-10-07 21:07:00,4111.07991,4111.16593,4111.07991,4111.15782,0.0
2026-10-07 21:08:00,4111.11344,4111.16593,4111.09639,4111.15941,0.0
2026-10-07 21:09:00,4111.09717,4111.18444,4111.08258,4111.08258,0.0
2026-10-07 21:10:00,4111.08758,4111.16593,4110.99692,4111.16517,0.0
2026-10-07 21:11:00,4111.08338,4111.21227,4110.99692,4111.01702,0.0
2026-10-07 21:12:00,4111.07571,4111.23349,4110.99692,4111.20158,0.0
2026-10-07 21:13:00,4111.00457,4111.3824,4111.00457,4111.34028,0.0
2026-10-07 21:14:00,4111.27155,4111.27496,4111.16593,4111.27496,0.0
2026-10-07 21:15:00,4111.19389,4111.33495,4111.16593,4111.30118,0.0
2026-10-07 21:16:00,4111.23349,4111.23349,4111.16593,4111.18433,0.0
2026-10-07 21:17:00,4111.17384,4111.33495,4111.16593,4111.31231,0.0
2026-10-07 21:18:00,4111.23594,4111.23594,4111.16593,4111.17512,0.0
2026-10-07 21:19:00,4111.1813,4111.23091,4111.16593,4111.23091,0.0
2026-10-07 21:20:00,4111.15785,4111.24688,4111.15785,4111.21866,0.0
2026-10-07 21:21:00,4111.17214,4111.19463,4110.99692,4111.19463,0.0
2026-10-07 21:22:00,4111.11615,4111.23686,4110.99692,4111.00689,0.0
2026-10-07 21:23:00,4111.05708,4111.15115,4110.99692,4111.15115,0.0
2026-10-07 21:24:00,4111.05141,4111.22765,4111.05141,4111.17929,0.0
2026-10-07 21:25:00,4111.10076,4111.12121,4110.9674,4111.12121,0.0
2026-10-07 21:26:00,4111.05254,4111.19312,4110.98634,4110.9973,0.0
2026-10-07 21:27:00,4111.0149,4111.08433,4110.99692,4111.08433,0.0
2026-10-07 21:28:00,4111.04618,4111.17682,4110.99692,4111.14361,0.0
2026-10-07 21:29:00,4111.0326,4111.21595,4110.99692,4111.17426,0.0
2026-10-07 21:30:00,4111.10262,4111.20316,4111.10262,4111.20316,0.0
2026-10-07 21:31:00,4111.12127,4111.30125,4111.11176,4111.11176,0.0
2026-10-07 21:32:00,4111.13952,4111.29422,4111.13952,4111.27311,0.0
2026-10-07 21:33:00,4111.1016,4111.50399,4111.1016,4111.44027,0.0
2026-10-07 21:34:00,4111.32961,4111.35601,4111.08751,4111.17221,0.0
2026-10-07 21:35:00,4111.26488,4111.26488,4111.1297,4111.1297,0.0
2026-10-07 21:36:00,4111.13234,4111.16593,4110.99692,4111.1564,0.0
2026-10-07 21:37:00,4111.08343,4111.16892,4110.99692,4111.01923,0.0
2026-10-07 21:38:00,4111.03953,4111.08891,4110.99692,4111.08315,0.0
2026-10-07 21:39:00,4111.05084,4111.10086,4110.99692,4111.10086,0.0
2026-10-07 21:40:00,4111.05068,4111.05068,4110.97975,4110.97975,0.0
2026-10-07 21:41:00,4110.97518,4110.99692,4110.82792,4110.99089,0.0
2026-10-07 21:42:00,4110.90641,4111.06725,4110.82412,4110.82815,0.0
2026-10-07 21:43:00,4110.87208,4111.00151,4110.82792,4111.00151,0.0
2026-10-07 21:44:00,4110.91343,4111.17341,4110.77557,4110.80537,0.0
2026-10-07 21:45:00,4110.90588,4111.1098,4110.90588,4111.0921,0.0
2026-10-07 21:46:00,4110.96593,4111.24153,4110.96593,4111.21515,0.0
2026-10-07 21:47:00,4111.15703,4111.16593,4110.99692,4111.04703,0.0
2026-10-07 21:48:00,4111.10011,4111.16593,4111.10011,4111.15516,0.0
2026-10-07 21:49:00,4111.09748,4111.12638,4110.99692,4111.02195,0.0
2026-10-07 21:50:00,4111.06172,4111.12109,4110.99692,4111.12109,0.0
2026-10-07 21:51:00,4111.04998,4111.1878,4110.99692,4111.0057,0.0
2026-10-07 21:52:00,4111.04424,4111.13516,4110.99811,4111.13516,0.0
2026-10-07 21:53:00,4111.04457,4111.2227,4110.99692,4111.00217,0.0
2026-10-07 21:54:00,4111.04221,4111.12894,4110.96946,4111.12894,0.0
2026-10-07 21:55:00,4111.04274,4111.20688,4110.99692,4111.0029,0.0
2026-10-07 21:56:00,4111.03072,4111.09485,4110.99731,4111.09485,0.0
2026-10-07 21:57:00,4111.03072,4111.15899,4111.03072,4111.11932,0.0
2026-10-07 21:58:00,4111.03072,4111.20373,4110.45056,4111.16545,0.0
2026-10-07 21:59:00,4111.09563,4111.09563,4110.15208,4110.24815,0.0
2026-10-07 22:00:00,4110.40729,4115.20421,4110.15208,4110.22037,0.0
2026-10-07 22:01:00,4109.2745,4117.59862,4109.2745,4116.74632,0.0
2026-10-07 22:02:00,4115.06149,4115.06149,4114.21048,4114.34979,0.0
2026-10-07 22:03:00,4114.56355,4114.56355,4114.21048,4114.22402,0.0
2026-10-07 22:04:00,4114.26705,4115.16262,4113.2685,4114.86107,0.0
2026-10-07 22:05:00,4114.36841,4114.36841,4112.2193,4112.6247,0.0
2026-10-07 22:06:00,4113.3282,4113.3282,4111.33495,4111.59542,0.0
2026-10-07 22:07:00,4112.04829,4112.04829,4110.52108,4110.94158,0.0
2026-10-07 22:08:00,4111.82634,4111.82634,4109.81424,4110.03017,0.0
2026-10-07 22:09:00,4110.32103,4110.32103,4109.47645,4109.59381,0.0
2026-10-07 22:10:00,4109.70875,4110.47146,4109.6666,4110.29834,0.0
2026-10-07 22:11:00,4109.95718,4110.48997,4109.95718,4110.44249,0.0
2026-10-07 22:12:00,4110.32376,4110.32376,4109.98315,4110.04596,0.0
2026-10-07 22:13:00,4110.11087,4110.15208,4109.75255,4110.14851,0.0
2026-10-07 22:14:00,4110.10543,4110.10543,4108.93768,4109.19216,0.0
2026-10-07 22:15:00,4109.61019,4109.61019,4108.46343,4108.63296,0.0
2026-10-07 22:16:00,4108.92058,4108.92058,4108.29465,4108.38418,0.0
2026-10-07 22:17:00,4108.5243,4108.5243,4108.29465,4108.31648,0.0
2026-10-07 22:18:00,4108.33658,4108.53416,4108.29465,4108.50392,0.0
2026-10-07 22:19:00,4108.37277,4108.48561,4108.36286,4108.48561,0.0
2026-10-07 22:20:00,4108.46096,4108.92693,4107.13929,4107.53033,0.0
2026-10-07 22:21:00,4108.20092,4108.20092,4106.57191,4106.79441,0.0
2026-10-07 22:22:00,4107.20494,4107.20494,4106.27027,4106.36837,0.0
2026-10-07 22:23:00,4106.52973,4106.60753,4106.4389,4106.58518,0.0
2026-10-07 22:24:00,4106.52406,4106.65716,4106.00096,4106.62754,0.0
2026-10-07 22:25:00,4106.53558,4106.53558,4105.52094,4105.69152,0.0
2026-10-07 22:26:00,4105.98767,4105.98767,4105.25884,4105.33904,0.0
2026-10-07 22:27:00,4105.45863,4105.45863,4105.0548,4105.11649,0.0
2026-10-07 22:28:00,4105.19702,4105.19702,4104.86792,4104.93269,0.0
2026-10-07 22:29:00,4105.02277,4105.04933,4104.7533,4104.76786,0.0
2026-10-07 22:30:00,4104.81026,4106.04665,4104.81026,4105.70933,0.0
2026-10-07 22:31:00,4104.78986,4106.60753,4104.78986,4106.4053,0.0
2026-10-07 22:32:00,4106.07527,4106.4389,4106.07527,4106.41027,0.0
2026-10-07 22:33:00,4106.30825,4106.30825,4105.90775,4105.98935,0.0
2026-10-07 22:34:00,4106.10273,4106.34611,4104.90755,4105.24302,0.0
2026-10-07 22:35:00,4105.93753,4105.93753,4104.58482,4104.69236,0.0
2026-10-07 22:36:00,4104.84641,4104.84757,4104.18006,4104.33532,0.0
2026-10-07 22:37:00,4104.59103,4104.59103,4104.07945,4104.12769,0.0
2026-10-07 22:38:00,4104.23801,4104.31338,4104.23801,4104.31338,0.0
2026-10-07 22:39:00,4104.24467,4104.4075,4104.24467,4104.36629,0.0
2026-10-07 22:40:00,4104.27653,4104.47988,4104.27653,4104.41525,0.0
2026-10-07 22:41:00,4104.28348,4104.72331,4104.28348,4104.65415,0.0
2026-10-07 22:42:00,4104.42207,4104.80859,4104.42207,4104.75798,0.0
2026-10-07 22:43:00,4104.68216,4104.80887,4104.58482,4104.79047,0.0
2026-10-07 22:44:00,4104.6263,4105.08281,4104.6263,4104.99253,0.0
2026-10-07 22:45:00,4104.86138,4104.97565,4104.86138,4104.97504,0.0
2026-10-07 22:46:00,4104.87879,4105.27037,4104.87879,4105.18869,0.0
2026-10-07 22:47:00,4105.03848,4105.27187,4105.03848,4105.22846,0.0
2026-10-07 22:48:00,4105.11984,4105.69749,4105.11984,4105.56954,0.0
2026-10-07 22:49:00,4105.2105,4105.88203,4105.2105,4105.78852,0.0
2026-10-07 22:50:00,4105.65774,4105.96084,4105.65774,4105.91539,0.0
2026-10-07 22:51:00,4105.68545,4106.60562,4105.56249,4106.3941,0.0
2026-10-07 22:52:00,4106.06425,4106.60753,4106.06425,4106.56107,0.0
2026-10-07 22:53:00,4106.41951,4106.65742,4106.41951,4106.59906,0.0
2026-10-07 22:54:00,4106.4567,4106.60753,4106.32661,4106.59759,0.0
2026-10-07 22:55:00,4106.54853,4106.54853,4105.70269,4105.90336,0.0
2026-10-07 22:56:00,4106.2305,4106.2305,4105.40012,4105.50231,0.0
2026-10-07 22:57:00,4105.66011,4105.66011,4105.25884,4105.31187,0.0
2026-10-07 22:58:00,4105.3652,4105.67144,4105.3652,4105.59423,0.0
2026-10-07 22:59:00,4105.47139,4106.28521,4105.47139,4106.07329,0.0
2026-10-07 23:00:00,4105.44624,4107.2002,4105.44624,4106.88459,0.0
2026-10-07 23:01:00,4106.36082,4107.28221,4106.36082,4107.1988,0.0
2026-10-07 23:02:00,4107.01739,4107.31672,4107.01739,4107.30126,0.0
2026-10-07 23:03:00,4107.21487,4107.77579,4107.08863,4107.58683,0.0
2026-10-07 23:04:00,4107.33313,4108.78772,4107.33313,4108.41752,0.0
2026-10-07 23:05:00,4107.54421,4109.47645,4107.54421,4109.26751,0.0
2026-10-07 23:06:00,4108.81913,4109.47645,4108.81913,4109.41812,0.0
2026-10-07 23:07:00,4109.28027,4109.28027,4108.09484,4108.32254,0.0
2026-10-07 23:08:00,4108.68108,4108.82823,4107.61963,4107.76056,0.0
2026-10-07 23:09:00,4108.12738,4109.29282,4108.12738,4109.15885,0.0
2026-10-07 23:10:00,4108.72052,4109.80429,4108.72052,4109.6225,0.0
2026-10-07 23:11:00,4109.36183,4109.95548,4109.22335,4109.86801,0.0
2026-10-07 23:12:00,4109.68239,4109.70332,4109.01139,4109.10153,0.0
2026-10-07 23:13:00,4109.29492,4109.64534,4109.29492,4109.62244,0.0
2026-10-07 23:14:00,4109.53589,4109.58373,4109.4575,4109.47198,0.0
2026-10-07 23:15:00,4109.46437,4110.26788,4109.44482,4109.98681,0.0
2026-10-07 23:16:00,4109.61347,4110.5867,4109.61347,4110.48284,0.0
2026-10-07 23:17:00,4110.11523,4110.89924,4110.11523,4110.79979,0.0
2026-10-07 23:18:00,4110.64711,4111.04444,4110.64711,4110.94643,0.0
2026-10-07 23:19:00,4110.69983,4111.16593,4110.69983,4111.14711,0.0
2026-10-07 23:20:00,4111.0814,4111.10401,4110.99692,4111.01025,0.0
2026-10-07 23:21:00,4111.02515,4111.28774,4110.99692,4111.22907,0.0
2026-10-07 23:22:00,4111.00875,4111.70982,4111.00875,4111.5437,0.0
2026-10-07 23:23:00,4111.32309,4112.64833,4110.46108,4112.29134,0.0
2026-10-07 23:24:00,4111.69365,4111.69365,4109.98315,4110.1856,0.0
2026-10-07 23:25:00,4110.50193,4110.50193,4109.47645,4109.64116,0.0
2026-10-07 23:26:00,4109.82852,4110.15208,4109.82852,4110.12674,0.0
2026-10-07 23:27:00,4110.07307,4110.12385,4109.81424,4109.88796,0.0
2026-10-07 23:28:00,4109.8849,4110.32102,4109.8849,4110.25773,0.0
2026-10-07 23:29:00,4110.12028,4111.18219,4108.65235,4109.12182,0.0
2026-10-07 23:30:00,4110.08836,4110.08836,4108.12587,4108.34123,0.0
2026-10-07 23:31:00,4108.72947,4109.02064,4108.46343,4108.53266,0.0
2026-10-07 23:32:00,4108.47344,4109.41959,4108.47344,4109.28735,0.0
2026-10-07 23:33:00,4109.08723,4110.34153,4109.08723,4109.95441,0.0
2026-10-07 23:34:00,4109.35505,4111.46781,4109.35505,4111.11679,0.0
2026-10-07 23:35:00,4110.17355,4112.01118,4110.17355,4111.81753,0.0
2026-10-07 23:36:00,4111.48531,4112.4753,4111.48531,4112.16265,0.0
2026-10-07 23:37:00,4111.65965,4113.19057,4111.65965,4112.98106,0.0
2026-10-07 23:38:00,4112.36422,4114.02574,4112.36422,4113.72738,0.0
2026-10-07 23:39:00,4113.27047,4114.21048,4113.27047,4114.10835,0.0
2026-10-07 23:40:00,4113.9068,4113.9068,4113.14812,4113.2318,0.0
2026-10-07 23:41:00,4113.33937,4113.33937,4112.74693,4112.86036,0.0
2026-10-07 23:42:00,4113.02508,4113.4054,4112.40117,4112.54494,0.0
2026-10-07 23:43:00,4112.79275,4113.53353,4112.79275,4113.44879,0.0
2026-10-07 23:44:00,4113.26314,4113.26314,4112.3136,4112.50584,0.0
2026-10-07 23:45:00,4112.80287,4112.80287,4111.62429,4111.86318,0.0
2026-10-07 23:46:00,4112.31887,4112.31887,4111.33495,4111.43566,0.0
2026-10-07 23:47:00,4111.62013,4111.84244,4111.20551,4111.79156,0.0
2026-10-07 23:48:00,4111.68005,4111.68005,4110.73914,4110.89422,0.0
2026-10-07 23:49:00,4111.10906,4111.10906,4110.32102,4110.44371,0.0
2026-10-07 23:50:00,4110.6074,4110.65894,4110.56083,4110.65283,0.0
2026-10-07 23:51:00,4110.61949,4110.61949,4110.13238,4110.25877,0.0
2026-10-07 23:52:00,4110.46342,4110.46342,4109.76049,4109.88527,0.0
2026-10-07 23:53:00,4110.06831,4110.06831,4109.47645,4109.55213,0.0
2026-10-07 23:54:00,4109.64634,4109.81424,4109.12026,4109.77483,0.0
2026-10-07 23:55:00,4109.63111,4109.63111,4108.79543,4108.89946,0.0
2026-10-07 23:56:00,4109.05448,4109.71528,4108.38353,4108.55271,0.0
2026-10-07 23:57:00,4108.71082,4109.98315,4108.71082,4109.84992,0.0
2026-10-07 23:58:00,4109.55497,4109.55497,4108.80105,4108.92326,0.0
2026-10-07 23:59:00,4108.97548,4109.81424,4108.97548,4109.71224,0.0
2026-10-08 00:00:00,4109.44152,4109.44152,4108.62867,4108.74632,0.0
2026-10-08 00:01:00,4108.92135,4110.06756,4107.57384,4107.95046,0.0
2026-10-08 00:02:00,4108.81376,4110.48997,4108.81376,4110.30629,0.0
2026-10-08 00:03:00,4109.914,4110.06375,4109.79864,4109.82585,0.0
2026-10-08 00:04:00,4109.84659,4110.714,4109.84659,4110.4396,0.0
2026-10-08 00:05:00,4110.06935,4110.99692,4110.06935,4110.90841,0.0
2026-10-08 00:06:00,4110.6568,4110.69552,4108.7787,4110.69552,0.0
2026-10-08 00:07:00,4110.81088,4110.81088,4107.61963,4107.96654,0.0
2026-10-08 00:08:00,4108.58773,4108.65696,4107.72524,4107.99316,0.0
2026-10-08 00:09:00,4108.51372,4108.51372,4107.28221,4107.42282,0.0
2026-10-08 00:10:00,4107.62728,4107.76115,4106.55899,4106.82294,0.0
2026-10-08 00:11:00,4107.34289,4107.34289,4106.27027,4106.37634,0.0
2026-10-08 00:12:00,4106.58444,4107.52928,4106.55074,4106.55074,0.0
2026-10-08 00:13:00,4106.6216,4110.35082,4106.6216,4109.38042,0.0
2026-10-08 00:14:00,4107.74605,4111.67304,4107.74605,4111.22972,0.0
2026-10-08 00:15:00,4110.32932,4110.48997,4109.83129,4110.45944,0.0
2026-10-08 00:16:00,4110.34858,4110.34858,4109.43209,4109.54044,0.0
2026-10-08 00:17:00,4109.70926,4109.70926,4109.30758,4109.33941,0.0
2026-10-08 00:18:00,4109.41458,4109.76137,4109.41458,4109.6892,0.0
2026-10-08 00:19:00,4109.40377,4109.98315,4109.40377,4109.90086,0.0
2026-10-08 00:20:00,4109.7565,4111.34197,4107.99262,4108.59599,0.0
2026-10-08 00:21:00,4109.75836,4109.75836,4107.45092,4107.69002,0.0
2026-10-08 00:22:00,4108.15335,4108.57169,4107.717,4108.4719,0.0
2026-10-08 00:23:00,4108.27377,4108.27377,4107.45092,4107.54947,0.0
2026-10-08 00:24:00,4107.70626,4108.69768,4107.28221,4107.37714,0.0
2026-10-08 00:25:00,4107.2569,4109.30758,4107.2569,4109.09595,0.0
2026-10-08 00:26:00,4108.72379,4109.40287,4108.04781,4109.26929,0.0
2026-10-08 00:27:00,4109.09313,4109.09313,4107.48104,4107.66765,0.0
2026-10-08 00:28:00,4107.89842,4107.89842,4106.94484,4107.10491,0.0
2026-10-08 00:29:00,4107.34766,4107.83935,4106.54792,4106.74918,0.0
2026-10-08 00:30:00,4107.17815,4108.13014,4106.81359,4107.99414,0.0
2026-10-08 00:31:00,4107.80433,4107.80433,4106.4389,4106.56877,0.0
2026-10-08 00:32:00,4106.83106,4107.2176,4106.53003,4107.15015,0.0
2026-10-08 00:33:00,4107.00802,4107.98899,4105.58865,4105.9492,0.0
2026-10-08 00:34:00,4106.33694,4108.55511,4106.33694,4108.2964,0.0
2026-10-08 00:35:00,4107.95429,4109.09939,4107.95429,4108.87128,0.0
2026-10-08 00:36:00,4108.35006,4109.47645,4108.35006,4109.3785,0.0
2026-10-08 00:37:00,4109.15638,4109.69016,4109.13872,4109.54158,0.0
2026-10-08 00:38:00,4109.32362,4110.29416,4108.69354,4110.07086,0.0
2026-10-08 00:39:00,4109.64521,4109.64521,4107.68852,4108.07188,0.0
2026-10-08 00:40:00,4108.84775,4108.84775,4107.11352,4107.29422,0.0
2026-10-08 00:41:00,4107.6109,4107.95711,4107.6109,4107.91238,0.0
2026-10-08 00:42:00,4107.81317,4107.99676,4107.21898,4107.94966,0.0
2026-10-08 00:43:00,4107.8228,4107.8228,4106.62523,4106.8405,0.0
2026-10-08 00:44:00,4107.23372,4107.23372,4106.09207,4106.2592,0.0
2026-10-08 00:45:00,4106.50095,4106.50095,4105.76449,4105.85125,0.0
2026-10-08 00:46:00,4105.97868,4108.44159,4105.97868,4107.73906,0.0
2026-10-08 00:47:00,4106.05893,4110.4858,4106.05893,4109.77999,0.0
2026-10-08 00:48:00,4107.99004,4110.99692,4107.99004,4110.7567,0.0
2026-10-08 00:49:00,4110.21157,4112.90192,4109.30758,4109.40912,0.0
2026-10-08 00:50:00,4110.29129,4116.4844,4110.29129,4115.24068,0.0
2026-10-08 00:51:00,4113.48768,4118.27691,4113.48768,4117.69993,0.0
2026-10-08 00:52:00,4116.62035,4116.62035,4115.90385,4115.97237,0.0
2026-10-08 00:53:00,4116.11461,4117.91924,4116.11461,4117.32061,0.0
2026-10-08 00:54:00,4116.57328,4118.61614,4116.57328,4118.40217,0.0
2026-10-08 00:55:00,4117.86183,4119.22873,4117.50875,4118.90319,0.0
2026-10-08 00:56:00,4118.25205,4119.46447,4118.25205,4119.34312,0.0
2026-10-08 00:57:00,4119.13022,4119.22749,4117.83393,4118.00194,0.0
2026-10-08 00:58:00,4118.12333,4119.46447,4118.12333,4119.3358,0.0
2026-10-08 00:59:00,4119.08544,4119.59122,4118.11527,4118.42019,0.0
2026-10-08 01:00:00,4118.99232,4122.31663,4116.42054,4117.05756,0.0
2026-10-08 01:01:00,4117.3374,4126.85558,4117.3374,4125.2419,0.0
2026-10-08 01:02:00,4122.10814,4129.84531,4122.10814,4128.65589,0.0
2026-10-08 01:03:00,4126.68669,4131.37781,4126.68669,4130.84542,0.0
2026-10-08 01:04:00,4129.5323,4131.71921,4129.5323,4131.48621,0.0
2026-10-08 01:05:00,4131.08534,4132.82394,4131.08534,4132.27651,0.0
2026-10-08 01:06:00,4131.57935,4133.42702,4131.57935,4133.25169,0.0
2026-10-08 01:07:00,4132.79068,4133.14818,4129.40327,4133.14818,0.0
2026-10-08 01:08:00,4133.80977,4133.80977,4127.28548,4127.97367,0.0
2026-10-08 01:09:00,4129.22516,4129.22516,4126.75832,4127.02269,0.0
2026-10-08 01:10:00,4127.4316,4128.17197,4124.01558,4124.96933,0.0
2026-10-08 01:11:00,4126.82565,4126.82565,4122.69129,4123.15567,0.0
2026-10-08 01:12:00,4124.00868,4125.29297,4123.8814,4124.84823,0.0
2026-10-08 01:13:00,4123.71186,4125.92318,4123.71186,4125.69015,0.0
2026-10-08 01:14:00,4125.11788,4125.84025,4123.03151,4123.54661,0.0
2026-10-08 01:15:00,4124.58622,4124.58622,4119.80606,4121.00243,0.0
2026-10-08 01:16:00,4123.54876,4123.54876,4117.93774,4118.53979,0.0
2026-10-08 01:17:00,4119.65733,4121.03978,4119.46447,4119.52429,0.0
2026-10-08 01:18:00,4119.42122,4122.16001,4119.42122,4121.80296,0.0
2026-10-08 01:19:00,4120.93579,4123.23475,4120.93579,4122.80718,0.0
2026-10-08 01:20:00,4122.21635,4123.58372,4122.21635,4123.44193,0.0
2026-10-08 01:21:00,4123.18832,4123.18832,4121.04059,4121.57476,0.0
2026-10-08 01:22:00,4122.40204,4122.40204,4119.89636,4120.2416,0.0
2026-10-08 01:23:00,4120.83119,4120.83119,4119.46447,4119.61329,0.0
2026-10-08 01:24:00,4119.94512,4121.84007,4119.94512,4121.3421,0.0
2026-10-08 01:25:00,4120.14601,4126.1591,4118.80841,4124.6488,0.0
2026-10-08 01:26:00,4122.32557,4128.27155,4122.32557,4127.49169,0.0
2026-10-08 01:27:00,4126.03467,4129.33064,4126.03467,4128.98042,0.0
2026-10-08 01:28:00,4128.28349,4128.30781,4127.44232,4127.73511,0.0
2026-10-08 01:29:00,4128.27923,4128.31127,4126.94482,4127.11224,0.0
2026-10-08 01:30:00,4127.2059,4129.05883,4127.2059,4128.7541,0.0
2026-10-08 01:31:00,4128.3451,4129.7134,4128.0617,4129.46075,0.0
2026-10-08 01:32:00,4129.05416,4129.05416,4127.79658,4127.89828,0.0
2026-10-08 01:33:00,4128.04604,4129.25908,4127.6262,4127.68002,0.0
2026-10-08 01:34:00,4127.78937,4130.0128,4127.78937,4129.79927,0.0
2026-10-08 01:35:00,4129.21413,4131.78832,4128.3363,4131.14604,0.0
2026-10-08 01:36:00,4129.96725,4133.68183,4129.96725,4132.9537,0.0
2026-10-08 01:37:00,4131.94325,4134.62334,4131.94325,4134.30586,0.0
2026-10-08 01:38:00,4133.69336,4133.69336,4132.75156,4132.92439,0.0
2026-10-08 01:39:00,4133.14038,4133.14038,4132.2314,4132.38263,0.0
2026-10-08 01:40:00,4132.55474,4133.68165,4132.21048,4133.38891,0.0
2026-10-08 01:41:00,4132.77266,4133.93964,4132.77266,4133.80793,0.0
2026-10-08 01:42:00,4133.53629,4133.53629,4132.11625,4132.40334,0.0
2026-10-08 01:43:00,4132.83328,4132.83328,4131.26471,4131.56826,0.0
2026-10-08 01:44:00,4132.18312,4132.18312,4130.8247,4130.98708,0.0
2026-10-08 01:45:00,4131.31021,4131.89072,4131.31021,4131.85745,0.0
2026-10-08 01:46:00,4131.77299,4131.77299,4131.20714,4131.26372,0.0
2026-10-08 01:47:00,4131.32714,4134.70949,4131.23432,4133.62712,0.0
2026-10-08 01:48:00,4131.36307,4136.16247,4131.36307,4135.62244,0.0
2026-10-08 01:49:00,4134.66676,4135.68275,4134.66676,4135.41941,0.0
2026-10-08 01:50:00,4134.68818,4136.19007,4134.68818,4136.0241,0.0
2026-10-08 01:51:00,4135.74303,4137.39858,4133.3738,4136.93254,0.0
2026-10-08 01:52:00,4136.17874,4136.17874,4132.2314,4132.62582,0.0
2026-10-08 01:53:00,4133.39214,4133.6501,4133.39214,4133.63744,0.0
2026-10-08 01:54:00,4133.49603,4133.79402,4133.49603,4133.74152,0.0
2026-10-08 01:55:00,4133.66286,4134.70261,4132.52733,4134.34837,0.0
2026-10-08 01:56:00,4133.75753,4133.75753,4132.2314,4132.35745,0.0
2026-10-08 01:57:00,4132.70435,4133.84019,4132.70435,4133.57758,0.0
2026-10-08 01:58:00,4132.9581,4134.28146,4132.9581,4134.15259,0.0
2026-10-08 01:59:00,4133.88973,4134.0932,4132.63637,4133.04206,0.0
2026-10-08 02:00:00,4133.90511,4133.90511,4132.06066,4132.25351,0.0
2026-10-08 02:01:00,4132.63903,4134.27694,4132.63903,4133.76759,0.0
2026-10-08 02:02:00,4133.11269,4134.96527,4133.11269,4134.75846,0.0
2026-10-08 02:03:00,4134.25381,4136.56502,4132.27481,4135.83982,0.0
2026-10-08 02:04:00,4134.1547,4137.92614,4134.1547,4137.37973,0.0
2026-10-08 02:05:00,4136.54952,4138.38768,4136.54952,4138.1829,0.0
2026-10-08 02:06:00,4137.79308,4138.55895,4137.79308,4138.48171,0.0
2026-10-08 02:07:00,4138.28278,4138.28278,4137.92925,4138.05187,0.0
2026-10-08 02:08:00,4138.24063,4138.24063,4137.53155,4137.65656,0.0
2026-10-08 02:09:00,4137.79608,4138.6621,4137.5489,4138.40597,0.0
2026-10-08 02:10:00,4138.07218,4138.73024,4138.07218,4138.68662,0.0
2026-10-08 02:11:00,4138.51646,4138.55895,4138.43478,4138.45346,0.0
2026-10-08 02:12:00,4138.46668,4138.46668,4138.07315,4138.16618,0.0
2026-10-08 02:13:00,4138.27767,4139.02675,4137.44715,4137.69654,0.0
2026-10-08 02:14:00,4138.1186,4139.24417,4138.1186,4139.11957,0.0
2026-10-08 02:15:00,4138.85719,4138.85719,4138.38768,4138.46356,0.0
2026-10-08 02:16:00,4138.55958,4139.55968,4138.17561,4138.27314,0.0
2026-10-08 02:17:00,4138.68059,4140.43036,4138.49319,4140.1206,0.0
2026-10-08 02:18:00,4139.61072,4139.61072,4137.97247,4138.17639,0.0
2026-10-08 02:19:00,4138.7017,4139.58687,4138.7017,4139.48877,0.0
2026-10-08 02:20:00,4139.21489,4139.41551,4139.05891,4139.40319,0.0
2026-10-08 02:21:00,4139.32341,4139.69948,4137.95254,4138.32261,0.0
2026-10-08 02:22:00,4139.1027,4139.1027,4137.53155,4137.68035,0.0
2026-10-08 02:23:00,4137.96487,4138.27324,4137.44877,4138.16735,0.0
2026-10-08 02:24:00,4137.95194,4137.95194,4136.94791,4137.13282,0.0
2026-10-08 02:25:00,4137.36094,4137.36094,4136.33355,4136.51703,0.0
2026-10-08 02:26:00,4136.79177,4138.10289,4135.2146,4135.72047,0.0
2026-10-08 02:27:00,4136.63227,4138.55895,4136.63227,4138.3468,0.0
2026-10-08 02:28:00,4137.92291,4138.17722,4137.36036,4137.44848,0.0
2026-10-08 02:29:00,4137.45534,4138.38768,4137.45534,4138.29212,0.0
2026-10-08 02:30:00,4138.05293,4138.05293,4136.78381,4136.99513,0.0
2026-10-08 02:31:00,4137.36077,4137.36077,4136.50465,4136.59317,0.0
2026-10-08 02:32:00,4136.7989,4138.27911,4136.7989,4137.87422,0.0
2026-10-08 02:33:00,4136.84332,4140.17429,4136.79162,4139.54636,0.0
2026-10-08 02:34:00,4137.98491,4141.24495,4137.98491,4140.8115,0.0
2026-10-08 02:35:00,4140.14351,4141.94742,4140.14351,4141.64053,0.0
2026-10-08 02:36:00,4141.16274,4142.5095,4140.98917,4142.32595,0.0
2026-10-08 02:37:00,4141.93791,4141.93791,4140.6153,4140.74193,0.0
2026-10-08 02:38:00,4141.0798,4141.81577,4141.0798,4141.77343,0.0
2026-10-08 02:39:00,4141.60974,4141.64423,4140.55186,4141.63528,0.0
2026-10-08 02:40:00,4141.55236,4141.55236,4139.75824,4139.9848,0.0
2026-10-08 02:41:00,4140.37094,4140.37094,4138.21186,4138.80219,0.0
2026-10-08 02:42:00,4140.13137,4140.3285,4136.0035,4136.78538,0.0
2026-10-08 02:43:00,4137.8498,4141.50611,4137.8498,4141.02555,0.0
2026-10-08 02:44:00,4140.30601,4142.10473,4140.30601,4141.84313,0.0
2026-10-08 02:45:00,4141.40085,4142.50207,4141.40085,4142.39753,0.0
2026-10-08 02:46:00,4142.10036,4142.33048,4141.65946,4142.32372,0.0
2026-10-08 02:47:00,4142.24701,4142.24701,4140.41731,4140.79952,0.0
2026-10-08 02:48:00,4141.40894,4141.40894,4139.79888,4140.03406,0.0
2026-10-08 02:49:00,4140.48002,4140.48002,4138.82015,4139.14901,0.0
2026-10-08 02:50:00,4139.56741,4140.36294,4136.98449,4137.59426,0.0
2026-10-08 02:51:00,4138.78224,4138.78224,4136.16571,4136.52542,0.0
2026-10-08 02:52:00,4137.22323,4137.22323,4135.27819,4135.54446,0.0
2026-10-08 02:53:00,4135.91052,4136.82556,4133.32213,4133.99197,0.0
2026-10-08 02:54:00,4135.38755,4135.38755,4132.40217,4132.72918,0.0
2026-10-08 02:55:00,4133.41237,4134.27966,4132.93159,4134.07726,0.0
2026-10-08 02:56:00,4133.72136,4133.72136,4132.74373,4132.8234,0.0
2026-10-08 02:57:00,4132.93062,4132.93062,4132.40217,4132.50644,0.0
2026-10-08 02:58:00,4132.59276,4133.07661,4132.50382,4132.93582,0.0
2026-10-08 02:59:00,4132.74249,4133.01042,4132.73304,4133.00192,0.0
2026-10-08 03:00:00,4132.91684,4134.27771,4131.45543,4131.94339,0.0
2026-10-08 03:01:00,4132.68644,4134.62334,4132.68644,4134.43376,0.0
2026-10-08 03:02:00,4134.13174,4134.45239,4134.13174,4134.42869,0.0
2026-10-08 03:03:00,4134.31125,4134.80925,4133.79962,4133.93633,0.0
2026-10-08 03:04:00,4134.29727,4134.79429,4134.29727,4134.76777,0.0
2026-10-08 03:05:00,4134.65203,4134.65203,4133.77285,4134.02627,0.0
2026-10-08 03:06:00,4134.34358,4134.46886,4132.73716,4133.06922,0.0
2026-10-08 03:07:00,4133.73536,4133.73536,4132.40217,4132.53603,0.0
2026-10-08 03:08:00,4132.79853,4133.13502,4132.30465,4133.02759,0.0
2026-10-08 03:09:00,4132.81008,4132.81008,4132.14058,4132.20897,0.0
2026-10-08 03:10:00,4132.29015,4133.57029,4130.25756,4130.86009,0.0
2026-10-08 03:11:00,4131.87409,4131.87409,4129.50116,4129.8065,0.0
2026-10-08 03:12:00,4130.38983,4130.38983,4129.33064,4129.42847,0.0
2026-10-08 03:13:00,4129.59283,4129.99889,4129.33064,4129.37112,0.0
2026-10-08 03:14:00,4129.47458,4130.35397,4129.47458,4130.24441,0.0
2026-10-08 03:15:00,4130.01593,4130.01593,4129.33064,4129.3966,0.0
2026-10-08 03:16:00,4129.52036,4129.61359,4129.47565,4129.61359,0.0
2026-10-08 03:17:00,4129.54945,4129.83006,4129.31653,4129.36173,0.0
2026-10-08 03:18:00,4129.51394,4130.22764,4129.50116,4130.06586,0.0
2026-10-08 03:19:00,4129.58515,4131.78212,4129.0802,4131.28231,0.0
2026-10-08 03:20:00,4130.11566,4132.2314,4130.11566,4132.01048,0.0
2026-10-08 03:21:00,4131.60682,4133.39728,4131.5485,4131.55867,0.0
2026-10-08 03:22:00,4131.53598,4134.28146,4131.53598,4134.01302,0.0
2026-10-08 03:23:00,4133.33099,4136.20922,4132.34038,4135.47504,0.0
2026-10-08 03:24:00,4134.04967,4136.8469,4134.04967,4136.58632,0.0
2026-10-08 03:25:00,4136.10594,4136.10594,4134.07942,4134.48968,0.0
2026-10-08 03:26:00,4135.02363,4136.25312,4131.68769,4132.49644,0.0
2026-10-08 03:27:00,4133.95,4133.95,4130.86583,4131.20914,0.0
2026-10-08 03:28:00,4131.94177,4133.16804,4131.94177,4132.9361,0.0
2026-10-08 03:29:00,4132.26843,4134.77512,4131.74281,4134.24332,0.0
2026-10-08 03:30:00,4133.06854,4135.30725,4133.06854,4135.04811,0.0
2026-10-08 03:31:00,4134.70077,4135.89034,4134.70077,4135.65117,0.0
2026-10-08 03:32:00,4135.03219,4136.33355,4135.03219,4136.20331,0.0
2026-10-08 03:33:00,4135.95376,4136.50834,4134.59934,4136.37539,0.0
2026-10-08 03:34:00,4136.32618,4136.32618,4133.93964,4134.15077,0.0
2026-10-08 03:35:00,4134.49971,4134.75642,4133.93964,4134.05463,0.0
2026-10-08 03:36:00,4134.13471,4135.80737,4134.13471,4135.48395,0.0
2026-10-08 03:37:00,4134.72391,4136.16247,4134.72391,4135.98429,0.0
2026-10-08 03:38:00,4135.7072,4137.36344,4135.7072,4136.84945,0.0
2026-10-08 03:39:00,4135.787,4138.21643,4135.787,4137.95998,0.0
2026-10-08 03:40:00,4137.31982,4138.38768,4137.31982,4138.26848,0.0
2026-10-08 03:41:00,4138.04326,4138.72243,4136.98249,4137.33042,0.0
2026-10-08 03:42:00,4137.98432,4137.98432,4136.50465,4136.67765,0.0
2026-10-08 03:43:00,4137.07781,4138.33445,4136.27311,4138.01207,0.0
2026-10-08 03:44:00,4137.41852,4137.41852,4135.82034,4135.98388,0.0
2026-10-08 03:45:00,4136.43823,4137.18919,4136.43823,4137.14592,0.0
2026-10-08 03:46:00,4136.92811,4138.26525,4136.25681,4137.90057,0.0
2026-10-08 03:47:00,4137.23938,4138.55895,4137.23938,4138.39265,0.0
2026-10-08 03:48:00,4138.1145,4138.55895,4138.1145,4138.54227,0.0
2026-10-08 03:49:00,4138.46788,4139.62681,4137.48772,4137.74617,0.0
2026-10-08 03:50:00,4138.45704,4140.10102,4138.45704,4139.91399,0.0
2026-10-08 03:51:00,4139.49649,4139.49649,4138.88172,4139.08672,0.0
2026-10-08 03:52:00,4139.35637,4140.00138,4137.42469,4137.91497,0.0
2026-10-08 03:53:00,4138.96038,4138.96038,4136.8469,4137.05625,0.0
2026-10-08 03:54:00,4137.48044,4137.77842,4137.18736,4137.71424,0.0
2026-10-08 03:55:00,4137.55305,4137.55305,4136.8712,4136.99354,0.0
2026-10-08 03:56:00,4137.14304,4137.55884,4135.77903,4136.12046,0.0
2026-10-08 03:57:00,4136.78921,4136.78921,4135.47827,4135.5942,0.0
2026-10-08 03:58:00,4135.84835,4136.29132,4135.82034,4136.19513,0.0
2026-10-08 03:59:00,4135.8439,4136.80463,4135.8439,4136.63662,0.0
2026-10-08 04:00:00,4136.37672,4136.79303,4136.37672,4136.74944,0.0
2026-10-08 04:01:00,4136.61058,4137.59913,4136.61058,4137.35097,0.0
2026-10-08 04:02:00,4136.72649,4137.87396,4136.72649,4137.73709,0.0
2026-10-08 04:03:00,4137.4981,4137.72356,4137.15013,4137.66373,0.0
2026-10-08 04:04:00,4137.51562,4137.51562,4137.01804,4137.06852,0.0
2026-10-08 04:05:00,4137.20751,4137.36036,4137.18919,4137.36015,0.0
2026-10-08 04:06:00,4137.25955,4138.09359,4136.66508,4137.82082,0.0
2026-10-08 04:07:00,4137.36385,4138.67218,4137.36385,4138.40388,0.0
2026-10-08 04:08:00,4137.9959,4139.19616,4137.9959,4139.04275,0.0
2026-10-08 04:09:00,4138.55795,4140.03282,4138.50266,4139.73931,0.0
2026-10-08 04:10:00,4139.29088,4140.70047,4139.29088,4140.4033,0.0
2026-10-08 04:11:00,4139.92336,4141.1297,4139.92336,4141.01259,0.0
2026-10-08 04:12:00,4140.72253,4140.78675,4139.8898,4140.77045,0.0
2026-10-08 04:13:00,4140.69719,4140.69719,4139.09289,4139.32479,0.0
2026-10-08 04:14:00,4139.70131,4139.70131,4138.20064,4138.52242,0.0
2026-10-08 04:15:00,4139.1731,4139.1731,4137.15342,4137.50049,0.0
2026-10-08 04:16:00,4137.94258,4137.94258,4136.50465,4136.70424,0.0
2026-10-08 04:17:00,4136.91203,4137.87396,4136.91203,4137.75882,0.0
2026-10-08 04:18:00,4137.46895,4137.47355,4136.48019,4136.69582,0.0
2026-10-08 04:19:00,4137.09713,4137.09713,4136.33355,4136.39448,0.0
2026-10-08 04:20:00,4136.5223,4137.15,4135.73395,4136.95159,0.0
2026-10-08 04:21:00,4136.63187,4136.63187,4135.16661,4135.37004,0.0
2026-10-08 04:22:00,4135.62481,4135.62481,4134.62334,4134.78156,0.0
2026-10-08 04:23:00,4134.98442,4134.98442,4134.31196,4134.53534,0.0
2026-10-08 04:24:00,4134.8277,4134.8277,4133.73349,4133.89976,0.0
2026-10-08 04:25:00,4134.18396,4134.70654,4133.0778,4133.31429,0.0
2026-10-08 04:26:00,4133.91238,4134.96527,4133.91238,4134.83816,0.0
2026-10-08 04:27:00,4134.51499,4135.25447,4134.51499,4135.11418,0.0
2026-10-08 04:28:00,4134.80678,4135.50294,4134.80678,4135.3698,0.0
2026-10-08 04:29:00,4135.17178,4135.6493,4135.17178,4135.60138,0.0
2026-10-08 04:30:00,4135.40854,4135.49263,4135.37721,4135.49263,0.0
2026-10-08 04:31:00,4135.4608,4135.4608,4134.96527,4135.08011,0.0
2026-10-08 04:32:00,4135.23276,4135.23276,4134.96527,4134.98336,0.0
2026-10-08 04:33:00,4135.01552,4135.74662,4134.02662,4134.35612,0.0
2026-10-08 04:34:00,4135.015,4135.015,4133.53002,4133.72832,0.0
2026-10-08 04:35:00,4134.02322,4134.02322,4132.78072,4133.00228,0.0
2026-10-08 04:36:00,4133.39655,4133.39655,4132.46102,4132.58074,0.0
2026-10-08 04:37:00,4132.769,4132.769,4132.2314,4132.29613,0.0
2026-10-08 04:38:00,4132.37784,4132.37784,4132.06066,4132.10528,0.0
2026-10-08 04:39:00,4132.1929,4132.41628,4131.84096,4132.36258,0.0
2026-10-08 04:40:00,4132.23612,4132.23612,4131.71921,4131.75631,0.0
2026-10-08 04:41:00,4131.88665,4132.70421,4131.35421,4132.50491,0.0
2026-10-08 04:42:00,4132.15065,4132.15065,4131.17965,4131.24708,0.0
2026-10-08 04:43:00,4131.46058,4132.10082,4131.27465,4131.99352,0.0
2026-10-08 04:44:00,4131.77488,4132.38494,4130.41513,4130.73377,0.0
2026-10-08 04:45:00,4131.44269,4132.57294,4131.44269,4132.45697,0.0
2026-10-08 04:46:00,4132.19854,4133.67295,4132.19854,4133.28283,0.0
2026-10-08 04:47:00,4132.24715,4134.11055,4132.24715,4133.92057,0.0
2026-10-08 04:48:00,4133.61641,4134.09582,4133.25914,4133.98687,0.0
2026-10-08 04:49:00,4133.76594,4134.15404,4132.6091,4132.85802,0.0
2026-10-08 04:50:00,4133.38239,4134.56706,4133.38239,4134.36004,0.0
2026-10-08 04:51:00,4134.01512,4134.91233,4134.01512,4134.82044,0.0
2026-10-08 04:52:00,4134.50762,4135.13625,4134.34977,4135.05105,0.0
2026-10-08 04:53:00,4134.81345,4134.81345,4133.76876,4133.93869,0.0
2026-10-08 04:54:00,4134.20623,4134.2527,4133.91032,4133.93052,0.0
2026-10-08 04:55:00,4134.01486,4134.4408,4134.01486,4134.35497,0.0
2026-10-08 04:56:00,4134.03142,4134.64636,4134.03142,4134.58562,0.0
2026-10-08 04:57:00,4134.48887,4134.59121,4134.28815,4134.57398,0.0
2026-10-08 04:58:00,4134.48587,4134.89825,4133.99714,4134.12246,0.0
2026-10-08 04:59:00,4134.33622,4134.96527,4134.33622,4134.90179,0.0
2026-10-08 05:00:00,4134.75335,4134.75335,4132.7384,4133.31429,0.0
2026-10-08 05:01:00,4134.06463,4134.06463,4131.71921,4132.08029,0.0
2026-10-08 05:02:00,4132.80208,4132.80208,4131.38394,4131.55608,0.0
2026-10-08 05:03:00,4131.99719,4132.74373,4131.99719,4132.65168,0.0
2026-10-08 05:04:00,4132.38512,4133.29207,4132.38512,4133.12304,0.0
2026-10-08 05:05:00,4132.75005,4134.05172,4132.75005,4133.7327,0.0
2026-10-08 05:06:00,4133.32268,4134.57253,4133.32268,4134.38733,0.0
2026-10-08 05:07:00,4133.86427,4134.96527,4133.82414,4134.83717,0.0
2026-10-08 05:08:00,4134.43802,4134.43802,4133.25618,4133.42723,0.0
2026-10-08 05:09:00,4133.61298,4134.28146,4133.61298,4134.19071,0.0
2026-10-08 05:10:00,4133.98498,4134.42432,4133.59788,4133.63604,0.0
2026-10-08 05:11:00,4133.71955,4135.22791,4133.71955,4134.9897,0.0
2026-10-08 05:12:00,4134.31846,4135.47827,4134.31846,4135.36709,0.0
2026-10-08 05:13:00,4135.16492,4136.66095,4133.45766,4134.03473,0.0
2026-10-08 05:14:00,4135.13582,4135.13582,4132.49125,4132.8984,0.0
2026-10-08 05:15:00,4133.72558,4133.72558,4131.88993,4132.0734,0.0
2026-10-08 05:16:00,4132.40072,4132.71131,4132.40072,4132.63482,0.0
2026-10-08 05:17:00,4132.49003,4132.90946,4131.94477,4132.83535,0.0
2026-10-08 05:18:00,4132.65164,4132.65164,4131.54019,4131.68894,0.0
2026-10-08 05:19:00,4131.94012,4131.94012,4131.37781,4131.43341,0.0
2026-10-08 05:20:00,4131.49739,4131.60334,4131.49739,4131.59608,0.0
2026-10-08 05:21:00,4131.57076,4131.69092,4131.13707,4131.65061,0.0
2026-10-08 05:22:00,4131.55005,4131.55005,4130.44255,4130.69463,0.0
2026-10-08 05:23:00,4131.14927,4131.14927,4130.0128,4130.14428,0.0
2026-10-08 05:24:00,4130.34555,4130.43517,4129.84982,4130.43517,0.0
2026-10-08 05:25:00,4130.41372,4130.41372,4129.19799,4129.39784,0.0
2026-10-08 05:26:00,4129.70601,4129.70601,4128.54832,4128.7732,0.0
2026-10-08 05:27:00,4129.19587,4129.30169,4128.08548,4128.26065,0.0
2026-10-08 05:28:00,4128.52446,4129.50116,4128.52446,4129.3881,0.0
2026-10-08 05:29:00,4129.14616,4129.14616,4128.38473,4128.54219,0.0
2026-10-08 05:30:00,4128.80269,4128.80269,4125.87406,4126.7644,0.0
2026-10-08 05:31:00,4128.73319,4128.73319,4124.56177,4124.99742,0.0
2026-10-08 05:32:00,4125.97547,4128.36902,4125.97547,4127.89657,0.0
2026-10-08 05:33:00,4127.25776,4130.16002,4127.25776,4129.55219,0.0
2026-10-08 05:34:00,4128.36159,4131.49488,4128.36159,4131.07363,0.0
2026-10-08 05:35:00,4129.95514,4131.88993,4129.95514,4131.71732,0.0
2026-10-08 05:36:00,4131.45271,4131.89972,4131.21091,4131.81816,0.0
2026-10-08 05:37:00,4131.63616,4131.63616,4130.45888,4130.73135,0.0
2026-10-08 05:38:00,4131.07842,4131.75189,4128.80934,4129.33832,0.0
2026-10-08 05:39:00,4130.32208,4130.32208,4128.13738,4128.39721,0.0
2026-10-08 05:40:00,4128.86319,4129.15685,4128.64869,4128.71993,0.0
2026-10-08 05:41:00,4128.70441,4129.65085,4128.70441,4129.46065,0.0
2026-10-08 05:42:00,4129.20637,4129.67169,4129.20637,4129.63325,0.0
2026-10-08 05:43:00,4129.44422,4130.51804,4129.18136,4130.2527,0.0
2026-10-08 05:44:00,4129.72077,4130.6952,4127.35618,4130.59734,0.0
2026-10-08 05:45:00,4130.61202,4130.61202,4125.75295,4126.30959,0.0
2026-10-08 05:46:00,4127.37429,4127.37429,4124.20795,4124.88554,0.0
2026-10-08 05:47:00,4125.81819,4125.81819,4123.20125,4123.54688,0.0
2026-10-08 05:48:00,4124.10942,4124.99121,4123.2435,4123.519,0.0
2026-10-08 05:49:00,4124.15617,4125.53085,4124.15617,4125.28481,0.0
2026-10-08 05:50:00,4124.84785,4125.92318,4124.62955,4125.79791,0.0
2026-10-08 05:51:00,4125.48255,4125.48255,4122.74481,4123.42408,0.0
2026-10-08 05:52:00,4124.94209,4124.94209,4120.26842,4121.1613,0.0
2026-10-08 05:53:00,4123.21447,4123.21447,4119.1251,4119.45406,0.0
2026-10-08 05:54:00,4120.01806,4122.12388,4117.27345,4118.13052,0.0
2026-10-08 05:55:00,4119.64321,4119.64321,4116.24269,4116.63167,0.0
2026-10-08 05:56:00,4117.43801,4118.47437,4117.12646,4118.29391,0.0
2026-10-08 05:57:00,4117.95327,4118.02557,4116.75106,4116.87948,0.0
2026-10-08 05:58:00,4117.30099,4118.27691,4117.30099,4118.18651,0.0
2026-10-08 05:59:00,4117.88879,4118.60324,4117.84968,4118.43982,0.0
2026-10-08 06:00:00,4118.17711,4119.81614,4118.17711,4119.32098,0.0
2026-10-08 06:01:00,4118.66992,4120.48292,4118.66992,4120.28495,0.0
2026-10-08 06:02:00,4119.86569,4119.86569,4119.46447,4119.51288,0.0
2026-10-08 06:03:00,4119.61051,4119.63418,4119.38133,4119.62681,0.0
2026-10-08 06:04:00,4119.53641,4119.71936,4119.3381,4119.36522,0.0
2026-10-08 06:05:00,4119.45764,4119.97579,4119.0409,4119.85264,0.0
2026-10-08 06:06:00,4119.61861,4119.83263,4118.5013,4118.7102,0.0
2026-10-08 06:07:00,4119.13462,4119.97363,4119.03049,4119.88649,0.0
2026-10-08 06:08:00,4119.73713,4120.39399,4118.11771,4118.45891,0.0
2026-10-08 06:09:00,4118.83613,4120.85922,4118.83613,4120.6353,0.0
2026-10-08 06:10:00,4120.34166,4120.99233,4120.34166,4120.9246,0.0
2026-10-08 06:11:00,4120.73647,4120.73647,4120.48292,4120.4989,0.0
2026-10-08 06:12:00,4120.51119,4120.72029,4119.88331,4120.06764,0.0
2026-10-08 06:13:00,4120.3924,4120.3924,4119.8039,4119.84461,0.0
2026-10-08 06:14:00,4119.95483,4121.21321,4119.95483,4120.79565,0.0
2026-10-08 06:15:00,4120.14848,4121.84164,4120.14848,4121.662,0.0
2026-10-08 06:16:00,4121.27008,4121.27008,4120.46381,4120.70949,0.0
2026-10-08 06:17:00,4121.1117,4121.1117,4119.97363,4120.12548,0.0
2026-10-08 06:18:00,4120.18582,4121.33201,4120.18582,4121.2122,0.0
2026-10-08 06:19:00,4120.98748,4122.61889,4119.09407,4119.72303,0.0
2026-10-08 06:20:00,4120.8761,4120.8761,4118.39869,4118.70964,0.0
2026-10-08 06:21:00,4119.31512,4119.31512,4117.30194,4117.65122,0.0
2026-10-08 06:22:00,4118.10398,4118.10398,4116.58159,4116.80928,0.0
2026-10-08 06:23:00,4117.12777,4118.10732,4117.12777,4118.02668,0.0
2026-10-08 06:24:00,4117.85208,4117.8632,4117.46176,4117.86112,0.0
2026-10-08 06:25:00,4117.83005,4117.83005,4117.25955,4117.32619,0.0
2026-10-08 06:26:00,4117.41419,4117.47991,4115.88292,4117.47991,0.0
2026-10-08 06:27:00,4117.6849,4117.6849,4115.05699,4115.31588,0.0
2026-10-08 06:28:00,4115.81979,4115.98595,4115.81979,4115.96503,0.0
2026-10-08 06:29:00,4115.86336,4116.44322,4115.86336,4116.30955,0.0
2026-10-08 06:30:00,4115.99671,4116.8949,4115.99671,4116.69198,0.0
2026-10-08 06:31:00,4116.41748,4117.31693,4116.21135,4117.16251,0.0
2026-10-08 06:32:00,4116.87886,4116.94956,4115.82501,4115.96522,0.0
2026-10-08 06:33:00,4116.36427,4117.09004,4116.36427,4117.01965,0.0
2026-10-08 06:34:00,4116.82368,4116.82368,4115.33258,4115.79801,0.0
2026-10-08 06:35:00,4116.48866,4116.48866,4114.54905,4114.79115,0.0
2026-10-08 06:36:00,4115.0986,4115.56507,4115.0986,4115.50881,0.0
2026-10-08 06:37:00,4115.41551,4115.74989,4114.89983,4115.63775,0.0
2026-10-08 06:38:00,4115.41213,4116.84911,4113.12146,4113.78115,0.0
2026-10-08 06:39:00,4114.87781,4117.42908,4114.87781,4117.15427,0.0
2026-10-08 06:40:00,4116.75027,4118.80371,4116.75027,4118.23874,0.0
2026-10-08 06:41:00,4117.12054,4120.07603,4117.12054,4119.67841,0.0
2026-10-08 06:42:00,4118.62247,4122.12655,4117.91082,4121.40389,0.0
2026-10-08 06:43:00,4119.82399,4123.02248,4119.82399,4122.63438,0.0
2026-10-08 06:44:00,4122.13262,4124.05787,4122.13262,4123.66195,0.0
2026-10-08 06:45:00,4122.93521,4125.88562,4122.93521,4125.29569,0.0
2026-10-08 06:46:00,4123.83178,4126.77451,4123.83178,4126.44052,0.0
2026-10-08 06:47:00,4125.7937,4127.45911,4123.3969,4124.17181,0.0
2026-10-08 06:48:00,4125.71346,4125.71346,4122.52133,4122.83242,0.0
2026-10-08 06:49:00,4123.52217,4124.85396,4123.52217,4124.54685,0.0
2026-10-08 06:50:00,4123.78205,4125.41254,4123.78205,4125.24131,0.0
2026-10-08 06:51:00,4124.9119,4125.97088,4124.90203,4125.64449,0.0
2026-10-08 06:52:00,4125.20355,4127.27107,4124.42604,4126.81032,0.0
2026-10-08 06:53:00,4125.88103,4125.88103,4123.71134,4123.97162,0.0
2026-10-08 06:54:00,4124.55309,4125.41254,4124.55309,4125.33062,0.0
2026-10-08 06:55:00,4125.11854,4125.11854,4124.2776,4124.5219,0.0
2026-10-08 06:56:00,4124.903,4124.903,4123.23435,4123.54964,0.0
2026-10-08 06:57:00,4124.08178,4124.08178,4122.86127,4122.98587,0.0
2026-10-08 06:58:00,4123.26966,4123.8814,4123.26966,4123.83269,0.0
2026-10-08 06:59:00,4123.71058,4123.71058,4122.94175,4123.09711,0.0
2026-10-08 07:00:00,4123.33836,4123.43734,4121.072,4121.6723,0.0
2026-10-08 07:01:00,4122.49424,4122.49424,4119.75086,4120.23547,0.0
2026-10-08 07:02:00,4121.27027,4121.27027,4119.1251,4119.35107,0.0
2026-10-08 07:03:00,4119.87384,4120.31639,4119.87384,4120.29386,0.0
2026-10-08 07:04:00,4120.14309,4120.48292,4120.14309,4120.4437,0.0
2026-10-08 07:05:00,4120.36864,4121.08915,4120.31314,4120.31408,0.0
2026-10-08 07:06:00,4120.38496,4121.50188,4120.38496,4121.38199,0.0
2026-10-08 07:07:00,4121.127,4123.16154,4119.6474,4120.06128,0.0
2026-10-08 07:08:00,4120.85269,4124.22155,4120.85269,4123.80832,0.0
2026-10-08 07:09:00,4123.07502,4123.65752,4123.07502,4123.58774,0.0
2026-10-08 07:10:00,4123.31927,4125.13033,4122.36684,4124.61757,0.0
2026-10-08 07:11:00,4123.76042,4125.58274,4123.76042,4125.38466,0.0
2026-10-08 07:12:00,4124.99461,4124.99461,4124.39165,4124.45453,0.0
2026-10-08 07:13:00,4124.55248,4125.33465,4124.4858,4124.4858,0.0
2026-10-08 07:14:00,4124.62464,4125.75295,4124.62464,4125.62659,0.0
2026-10-08 07:15:00,4125.28535,4125.41254,4124.78939,4125.39951,0.0
2026-10-08 07:16:00,4125.27705,4125.27705,4124.22155,4124.38976,0.0
2026-10-08 07:17:00,4124.52404,4126.29944,4123.85207,4125.86352,0.0
2026-10-08 07:18:00,4125.08328,4126.60422,4125.08328,4126.44795,0.0
2026-10-08 07:19:00,4126.12644,4126.12644,4125.52242,4125.62883,0.0
2026-10-08 07:20:00,4125.79173,4126.19786,4125.24236,4125.30548,0.0
2026-10-08 07:21:00,4125.53666,4128.01458,4125.53666,4127.38406,0.0
2026-10-08 07:22:00,4126.09689,4129.0025,4126.09689,4128.69408,0.0
2026-10-08 07:23:00,4127.89172,4129.33064,4127.89172,4129.17555,0.0
2026-10-08 07:24:00,4128.91732,4129.01339,4128.91732,4129.01339,0.0
2026-10-08 07:25:00,4128.89559,4129.16013,4127.84582,4129.11999,0.0
2026-10-08 07:26:00,4128.88099,4128.88099,4126.45516,4126.88371,0.0
2026-10-08 07:27:00,4127.61061,4127.61061,4125.92318,4126.13146,0.0
2026-10-08 07:28:00,4126.49142,4126.49142,4125.48924,4125.69621,0.0
2026-10-08 07:29:00,4126.00127,4126.00127,4124.92229,4125.11339,0.0
2026-10-08 07:30:00,4125.45855,4125.45855,4124.73189,4124.80233,0.0
2026-10-08 07:31:00,4124.92603,4125.20883,4124.23613,4124.47366,0.0
2026-10-08 07:32:00,4124.92762,4124.92762,4122.84266,4123.32624,0.0
2026-10-08 07:33:00,4123.98307,4124.14487,4121.06236,4121.6351,0.0
2026-10-08 07:34:00,4122.5994,4122.5994,4119.99536,4120.41364,0.0
2026-10-08 07:35:00,4121.30724,4121.30724,4119.46447,4119.63656,0.0
2026-10-08 07:36:00,4119.97392,4120.57191,4119.97363,4120.38623,0.0
2026-10-08 07:37:00,4120.0361,4121.85496,4120.0361,4121.44571,0.0
2026-10-08 07:38:00,4120.351,4122.66711,4120.351,4122.36817,0.0
2026-10-08 07:39:00,4121.87396,4123.14781,4121.19492,4122.94721,0.0
2026-10-08 07:40:00,4122.73915,4122.73915,4120.48292,4120.72035,0.0
2026-10-08 07:41:00,4121.07238,4121.24872,4120.31314,4120.4341,0.0
2026-10-08 07:42:00,4120.48996,4121.67175,4120.48996,4121.54779,0.0
2026-10-08 07:43:00,4121.31286,4121.81257,4120.25202,4121.69013,0.0
2026-10-08 07:44:00,4121.58618,4121.58618,4119.42368,4119.69717,0.0
2026-10-08 07:45:00,4120.04457,4120.04457,4118.78578,4118.97903,0.0
2026-10-08 07:46:00,4119.30011,4119.30011,4118.78578,4118.84094,0.0
2026-10-08 07:47:00,4118.94838,4119.54559,4118.78578,4118.82914,0.0
2026-10-08 07:48:00,4118.76226,4119.97363,4118.76226,4119.8358,0.0
2026-10-08 07:49:00,4119.42713,4119.42713,4118.27691,4118.42334,0.0
2026-10-08 07:50:00,4118.61859,4119.91134,4118.61859,4119.72987,0.0
2026-10-08 07:51:00,4119.27578,4120.34296,4119.27578,4120.15038,0.0
2026-10-08 07:52:00,4119.89613,4120.7696,4119.89613,4120.60378,0.0
2026-10-08 07:53:00,4120.11529,4121.16217,4120.11529,4121.04292,0.0
2026-10-08 07:54:00,4120.82941,4120.99192,4120.82252,4120.95867,0.0
2026-10-08 07:55:00,4120.85203,4121.0043,4120.46702,4121.0043,0.0
2026-10-08 07:56:00,4120.94627,4120.94627,4119.72259,4119.98147,0.0
2026-10-08 07:57:00,4120.48425,4120.48425,4119.46447,4119.54644,0.0
2026-10-08 07:58:00,4119.65755,4119.65755,4119.1251,4119.22515,0.0
2026-10-08 07:59:00,4119.35556,4119.67312,4119.00641,4119.0916,0.0
2026-10-08 08:00:00,4119.22812,4119.63418,4119.22812,4119.60798,0.0
2026-10-08 08:01:00,4119.53017,4120.10904,4119.29478,4119.3477,0.0
2026-10-08 08:02:00,4119.23933,4121.52763,4118.80008,4121.01342,0.0
2026-10-08 08:03:00,4120.17119,4122.47877,4120.17119,4122.07939,0.0
2026-10-08 08:04:00,4121.54041,4125.32181,4121.54041,4124.31677,0.0
2026-10-08 08:05:00,4122.96447,4127.72061,4122.96447,4126.89368,0.0
2026-10-08 08:06:00,4125.62918,4128.98964,4125.62918,4128.58663,0.0
2026-10-08 08:07:00,4127.78267,4127.78267,4127.22216,4127.36543,0.0
2026-10-08 08:08:00,4127.57592,4127.57592,4126.77451,4126.90697,0.0
2026-10-08 08:09:00,4127.06638,4127.18401,4127.06638,4127.15509,0.0
2026-10-08 08:10:00,4127.10783,4127.33255,4126.66522,4127.25549,0.0
2026-10-08 08:11:00,4127.0821,4127.0821,4125.6913,4126.05539,0.0
2026-10-08 08:12:00,4126.66465,4127.35117,4124.90203,4125.14508,0.0
2026-10-08 08:13:00,4125.25433,4128.27044,4125.25433,4127.95266,0.0
2026-10-08 08:14:00,4127.2701,4128.47824,4127.2701,4128.36074,0.0
2026-10-08 08:15:00,4128.1082,4128.8959,4127.28548,4127.43303,0.0
2026-10-08 08:16:00,4127.36858,4129.50116,4127.36858,4129.26387,0.0
2026-10-08 08:17:00,4128.8774,4129.37109,4128.8774,4129.27206,0.0
2026-10-08 08:18:00,4129.01327,4129.67169,4129.01327,4129.58364,0.0
2026-10-08 08:19:00,4129.38177,4129.38177,4128.81916,4128.89327,0.0
2026-10-08 08:20:00,4129.02784,4129.50116,4129.02784,4129.46117,0.0
2026-10-08 08:21:00,4129.35472,4129.35472,4128.20557,4128.52229,0.0
2026-10-08 08:22:00,4129.12731,4129.12731,4127.6262,4127.79846,0.0
2026-10-08 08:23:00,4128.08335,4128.82716,4127.6262,4127.6649,0.0
2026-10-08 08:24:00,4127.9267,4129.75836,4127.9267,4129.45709,0.0
2026-10-08 08:25:00,4128.66209,4131.38796,4128.54644,4130.8576,0.0
2026-10-08 08:26:00,4129.58604,4131.88993,4129.58604,4131.66403,0.0
2026-10-08 08:27:00,4131.18644,4131.18644,4129.84224,4130.02517,0.0
2026-10-08 08:28:00,4130.33587,4130.33587,4129.22118,4129.49654,0.0
2026-10-08 08:29:00,4130.01052,4130.01052,4128.5708,4128.76624,0.0
2026-10-08 08:30:00,4129.05202,4129.05202,4128.13738,4128.26556,0.0
2026-10-08 08:31:00,4128.46336,4128.81916,4128.46336,4128.81863,0.0
2026-10-08 08:32:00,4128.78269,4128.78269,4127.30123,4127.80382,0.0
2026-10-08 08:33:00,4128.89555,4128.89555,4126.52399,4126.75881,0.0
2026-10-08 08:34:00,4127.05215,4127.05215,4126.09341,4126.21651,0.0
2026-10-08 08:35:00,4126.34011,4126.43394,4126.34011,4126.43147,0.0
2026-10-08 08:36:00,4126.40828,4126.68208,4126.09341,4126.15105,0.0
2026-10-08 08:37:00,4126.18359,4126.94482,4126.03462,4126.86584,0.0
2026-10-08 08:38:00,4126.62296,4126.62296,4125.58274,4125.7287,0.0
2026-10-08 08:39:00,4125.94429,4125.94429,4124.2726,4124.8312,0.0
2026-10-08 08:40:00,4125.56771,4125.56771,4123.1381,4123.51613,0.0
2026-10-08 08:41:00,4124.25836,4124.25836,4122.16633,4122.54215,0.0
2026-10-08 08:42:00,4123.25416,4123.25416,4121.50188,4121.71951,0.0
2026-10-08 08:43:00,4121.84181,4124.11603,4121.84181,4123.76136,0.0
2026-10-08 08:44:00,4123.24708,4124.22155,4123.24708,4124.14623,0.0
2026-10-08 08:45:00,4123.94082,4124.55313,4123.6879,4124.36089,0.0
2026-10-08 08:46:00,4123.93955,4125.97087,4123.93955,4125.42104,0.0
2026-10-08 08:47:00,4124.69254,4126.84903,4124.69254,4126.51785,0.0
2026-10-08 08:48:00,4125.91675,4127.45584,4125.34968,4127.25289,0.0
2026-10-08 08:49:00,4126.61507,4126.61507,4124.56177,4124.8447,0.0
2026-10-08 08:50:00,4125.2804,4126.71856,4125.05509,4126.35207,0.0
2026-10-08 08:51:00,4125.45378,4127.39143,4125.45378,4127.10244,0.0
2026-10-08 08:52:00,4126.72275,4127.69291,4126.72275,4127.56726,0.0
2026-10-08 08:53:00,4127.32444,4127.32444,4126.28218,4126.46223,0.0
2026-10-08 08:54:00,4126.68711,4126.68711,4125.75295,4125.90455,0.0
2026-10-08 08:55:00,4126.02559,4127.04845,4126.02559,4126.84766,0.0
2026-10-08 08:56:00,4126.51437,4127.73515,4126.51437,4127.43002,0.0
2026-10-08 08:57:00,4126.97471,4128.13738,4126.97471,4128.02454,0.0
2026-10-08 08:58:00,4127.74357,4127.74357,4127.08726,4127.29673,0.0
2026-10-08 08:59:00,4127.61506,4127.61506,4126.60422,4126.73787,0.0
2026-10-08 09:00:00,4126.95562,4126.95562,4126.43394,4126.4931,0.0
2026-10-08 09:01:00,4126.60624,4129.09286,4126.56822,4126.56822,0.0
2026-10-08 09:02:00,4126.77814,4130.35397,4126.77814,4129.94811,0.0
2026-10-08 09:03:00,4129.07559,4129.8374,4129.0298,4129.651,0.0
2026-10-08 09:04:00,4129.40321,4129.90492,4129.40321,4129.85202,0.0
2026-10-08 09:05:00,4129.62661,4130.19062,4129.62661,4130.11177,0.0
2026-10-08 09:06:00,4129.97335,4131.49281,4127.48366,4130.99921,0.0
2026-10-08 09:07:00,4130.20796,4130.20796,4126.26367,4126.68358,0.0
2026-10-08 09:08:00,4127.55521,4128.13738,4127.55521,4128.07982,0.0
2026-10-08 09:09:00,4127.83273,4128.30781,4127.83273,4128.23093,0.0
2026-10-08 09:10:00,4128.10148,4128.3587,4127.67599,4128.27776,0.0
2026-10-08 09:11:00,4128.09526,4128.09526,4127.48878,4127.56388,0.0
2026-10-08 09:12:00,4127.6494,4128.06635,4126.54891,4126.84639,0.0
2026-10-08 09:13:00,4127.44355,4127.44355,4126.26367,4126.37413,0.0
2026-10-08 09:14:00,4126.56033,4127.08044,4125.63669,4125.91968,0.0
2026-10-08 09:15:00,4126.47563,4126.47563,4124.27142,4124.78625,0.0
2026-10-08 09:16:00,4125.77215,4125.77215,4123.18524,4123.49966,0.0
2026-10-08 09:17:00,4123.93996,4123.93996,4122.52133,4122.73793,0.0
2026-10-08 09:18:00,4123.07555,4124.70148,4123.07555,4124.30319,0.0
2026-10-08 09:19:00,4123.26373,4125.07219,4123.26373,4124.89939,0.0
2026-10-08 09:20:00,4124.62607,4125.86375,4123.52177,4125.48079,0.0
2026-10-08 09:21:00,4124.8507,4124.8507,4123.03125,4123.2309,0.0
2026-10-08 09:22:00,4123.63494,4123.94936,4123.33392,4123.88109,0.0
2026-10-08 09:23:00,4123.71768,4124.40614,4122.51905,4122.81833,0.0
2026-10-08 09:24:00,4123.50455,4124.8117,4123.44675,4124.63872,0.0
2026-10-08 09:25:00,4124.37067,4124.37067,4123.20125,4123.28661,0.0
2026-10-08 09:26:00,4123.42081,4123.42081,4123.03125,4123.1136,0.0
2026-10-08 09:27:00,4123.17087,4124.30282,4122.91751,4124.01268,0.0
2026-10-08 09:28:00,4123.36079,4124.79086,4123.36079,4124.56242,0.0
2026-10-08 09:29:00,4124.2624,4125.29165,4124.03606,4125.10624,0.0
2026-10-08 09:30:00,4124.77648,4124.77648,4123.8814,4123.94547,0.0
2026-10-08 09:31:00,4124.07584,4125.58369,4122.40792,4122.97826,0.0
2026-10-08 09:32:00,4123.98997,4123.98997,4121.67175,4121.94061,0.0
2026-10-08 09:33:00,4122.58106,4124.0029,4122.25826,4123.73783,0.0
2026-10-08 09:34:00,4123.25912,4123.25912,4121.84164,4121.99876,0.0
2026-10-08 09:35:00,4122.29656,4122.5594,4122.29656,4122.49381,0.0
2026-10-08 09:36:00,4122.22525,4123.14727,4122.1628,4122.93827,0.0
2026-10-08 09:37:00,4122.64719,4123.20125,4122.64719,4123.14832,0.0
2026-10-08 09:38:00,4122.99519,4122.99519,4122.27336,4122.44663,0.0
2026-10-08 09:39:00,4122.6622,4122.6622,4121.84164,4121.95871,0.0
2026-10-08 09:40:00,4122.05545,4122.69129,4122.04677,4122.62355,0.0
2026-10-08 09:41:00,4122.41709,4122.41709,4121.67175,4121.78158,0.0
2026-10-08 09:42:00,4121.93718,4121.93718,4121.16627,4121.34834,0.0
2026-10-08 09:43:00,4121.58074,4121.88493,4120.11843,4120.46283,0.0
2026-10-08 09:44:00,4121.17486,4121.17486,4119.79656,4119.92005,0.0
2026-10-08 09:45:00,4120.07342,4120.07342,4119.29478,4119.43785,0.0
2026-10-08 09:46:00,4119.52655,4120.95788,4119.33239,4120.65344,0.0
2026-10-08 09:47:00,4120.10621,4121.16217,4120.10621,4121.03892,0.0
2026-10-08 09:48:00,4120.77856,4120.88586,4120.65271,4120.68898,0.0
2026-10-08 09:49:00,4120.69029,4121.34909,4120.63682,4121.15591,0.0
2026-10-08 09:50:00,4120.89795,4121.50188,4120.89795,4121.44152,0.0
2026-10-08 09:51:00,4121.22979,4121.33201,4120.92943,4121.30135,0.0
2026-10-08 09:52:00,4121.17165,4121.79383,4120.48292,4120.59477,0.0
2026-10-08 09:53:00,4120.64714,4122.35139,4120.64714,4122.18799,0.0
2026-10-08 09:54:00,4121.84785,4122.18146,4121.84785,4122.13919,0.0
2026-10-08 09:55:00,4122.05282,4122.59248,4122.01154,4122.43679,0.0
2026-10-08 09:56:00,4121.96284,4123.11826,4121.96284,4122.91854,0.0
2026-10-08 09:57:00,4122.64546,4123.18558,4122.64546,4123.13095,0.0
2026-10-08 09:58:00,4122.9844,4123.21984,4122.3663,4122.48559,0.0
2026-10-08 09:59:00,4122.74304,4123.20125,4122.74304,4123.16201,0.0
2026-10-08 10:00:00,4123.04365,4123.0614,4123.02123,4123.0614,0.0
2026-10-08 10:01:00,4123.03212,4123.03212,4122.80768,4122.85908,0.0
2026-10-08 10:02:00,4122.926,4123.48305,4122.69129,4122.74205,0.0
2026-10-08 10:03:00,4122.63036,4123.71134,4122.63036,4123.60588,0.0
2026-10-08 10:04:00,4123.37176,4123.84344,4122.23177,4122.55091,0.0
2026-10-08 10:05:00,4123.16409,4123.16409,4121.84164,4121.98689,0.0
2026-10-08 10:06:00,4122.2948,4123.07461,4122.2948,4122.86444,0.0
2026-10-08 10:07:00,4122.25501,4124.7921,4121.61346,4124.22931,0.0
2026-10-08 10:08:00,4122.9266,4125.67093,4122.9266,4125.2927,0.0
2026-10-08 10:09:00,4124.79092,4126.70646,4124.34829,4126.32522,0.0
2026-10-08 10:10:00,4125.73071,4125.73071,4122.95233,4123.47607,0.0
2026-10-08 10:11:00,4124.47817,4124.47817,4122.01154,4122.29618,0.0
2026-10-08 10:12:00,4122.77629,4123.03125,4122.08817,4123.00692,0.0
2026-10-08 10:13:00,4122.97647,4122.97647,4121.50188,4121.68514,0.0
2026-10-08 10:14:00,4122.00075,4122.75145,4121.95556,4121.95556,0.0
2026-10-08 10:15:00,4122.09093,4123.03125,4122.09093,4122.94861,0.0
2026-10-08 10:16:00,4122.66964,4123.50929,4122.38229,4123.2796,0.0
2026-10-08 10:17:00,4122.94783,4124.49379,4121.99847,4124.11579,0.0
2026-10-08 10:18:00,4123.56459,4123.56459,4121.33201,4121.56899,0.0
2026-10-08 10:19:00,4122.01178,4122.97853,4120.82367,4121.22511,0.0
2026-10-08 10:20:00,4122.02612,4122.02612,4120.45218,4120.61159,0.0
2026-10-08 10:21:00,4120.85519,4121.38168,4119.97363,4120.12452,0.0
2026-10-08 10:22:00,4120.10606,4121.84164,4120.10606,4121.66779,0.0
2026-10-08 10:23:00,4121.37093,4121.79192,4120.91623,4121.68069,0.0
2026-10-08 10:24:00,4121.46445,4121.46445,4120.60915,4120.72212,0.0
2026-10-08 10:25:00,4120.85797,4122.65161,4118.21576,4119.00317,0.0
2026-10-08 10:26:00,4120.43973,4120.43973,4116.73159,4117.34134,0.0
2026-10-08 10:27:00,4118.71926,4118.71926,4115.90385,4116.17397,0.0
2026-10-08 10:28:00,4116.72029,4118.26667,4116.72029,4117.94488,0.0
2026-10-08 10:29:00,4117.49063,4118.61614,4117.49063,4118.51427,0.0
2026-10-08 10:30:00,4118.3012,4118.3012,4117.76817,4117.80576,0.0
2026-10-08 10:31:00,4117.86107,4118.74327,4116.40648,4116.86508,0.0
2026-10-08 10:32:00,4117.67276,4117.67276,4115.5945,4115.91418,0.0
2026-10-08 10:33:00,4116.54904,4116.54904,4114.85723,4115.08759,0.0
2026-10-08 10:34:00,4115.39015,4116.07394,4113.33104,4113.8455,0.0
2026-10-08 10:35:00,4114.93676,4114.93676,4112.31826,4112.70108,0.0
2026-10-08 10:36:00,4113.376,4113.376,4111.50399,4111.75356,0.0
2026-10-08 10:37:00,4112.14103,4112.34939,4111.919,4112.34337,0.0
2026-10-08 10:38:00,4112.28923,4112.28923,4111.50399,4111.62991,0.0
2026-10-08 10:39:00,4111.79815,4111.8335,4110.94729,4111.8335,0.0
2026-10-08 10:40:00,4111.81253,4111.81253,4110.32102,4110.52467,0.0
2026-10-08 10:41:00,4110.65257,4112.18028,4110.65257,4112.01085,0.0
2026-10-08 10:42:00,4111.64084,4111.69968,4110.74576,4110.95322,0.0
2026-10-08 10:43:00,4111.33218,4111.33218,4110.48997,4110.58346,0.0
2026-10-08 10:44:00,4110.847,4112.17211,4110.847,4111.80886,0.0
2026-10-08 10:45:00,4111.03164,4115.91986,4111.03164,4114.62954,0.0
2026-10-08 10:46:00,4112.58588,4117.42908,4112.58588,4116.89744,0.0
2026-10-08 10:47:00,4115.60551,4117.76817,4115.60551,4117.55472,0.0
2026-10-08 10:48:00,4117.17443,4118.04552,4117.17443,4117.80323,0.0
2026-10-08 10:49:00,4117.42056,4118.35885,4117.42056,4118.26357,0.0
2026-10-08 10:50:00,4118.06881,4118.06881,4117.09004,4117.21278,0.0
2026-10-08 10:51:00,4117.49228,4119.42839,4117.49228,4118.84576,0.0
2026-10-08 10:52:00,4117.61845,4122.81825,4117.61845,4121.64902,0.0
2026-10-08 10:53:00,4119.55434,4124.39165,4119.55434,4123.79863,0.0
2026-10-08 10:54:00,4122.43917,4122.66044,4119.56468,4120.14485,0.0
2026-10-08 10:55:00,4121.36772,4121.36772,4118.95543,4119.1779,0.0
2026-10-08 10:56:00,4119.60291,4120.57157,4119.46447,4120.23936,0.0
2026-10-08 10:57:00,4119.41128,4120.99233,4119.41128,4120.85018,0.0
2026-10-08 10:58:00,4120.39074,4120.39074,4118.95543,4119.17045,0.0
2026-10-08 10:59:00,4119.45634,4121.17077,4118.34607,4120.66071,0.0
2026-10-08 11:00:00,4119.49534,4121.67175,4119.49534,4121.4271,0.0
2026-10-08 11:01:00,4121.0692,4122.55849,4120.1599,4122.15864,0.0
2026-10-08 11:02:00,4121.45516,4121.45516,4119.61379,4119.83493,0.0
2026-10-08 11:03:00,4120.21254,4120.21254,4118.74756,4119.01188,0.0
2026-10-08 11:04:00,4119.426,4119.42715,4117.22589,4117.7704,0.0
2026-10-08 11:05:00,4118.98222,4118.98222,4116.41214,4116.68545,0.0
2026-10-08 11:06:00,4117.11123,4117.55394,4115.71159,4116.06173,0.0
2026-10-08 11:07:00,4116.75192,4116.75192,4115.3957,4115.52621,0.0
2026-10-08 11:08:00,4115.72016,4115.72016,4115.05699,4115.15578,0.0
2026-10-08 11:09:00,4115.28684,4115.51651,4114.97256,4115.02052,0.0
2026-10-08 11:10:00,4115.18199,4115.68786,4115.025,4115.6108,0.0
2026-10-08 11:11:00,4115.43516,4115.8734,4114.44097,4114.65702,0.0
2026-10-08 11:12:00,4115.1821,4116.08936,4115.1821,4115.96755,0.0
2026-10-08 11:13:00,4115.67437,4116.98853,4115.67437,4116.71511,0.0
2026-10-08 11:14:00,4116.01776,4117.8991,4116.01776,4117.53936,0.0
2026-10-08 11:15:00,4117.05199,4118.93487,4117.05199,4118.52125,0.0
2026-10-08 11:16:00,4117.84216,4120.53421,4117.84216,4120.02008,0.0
2026-10-08 11:17:00,4118.74562,4121.66055,4118.74562,4121.28052,0.0
2026-10-08 11:18:00,4120.44537,4122.01154,4120.44537,4121.8472,0.0
2026-10-08 11:19:00,4121.52725,4121.52725,4120.31314,4120.43821,0.0
2026-10-08 11:20:00,4120.63818,4120.63818,4120.14338,4120.21021,0.0
2026-10-08 11:21:00,4120.30424,4120.4404,4120.14338,4120.18495,0.0
2026-10-08 11:22:00,4120.18354,4120.74596,4120.18354,4120.61017,0.0
2026-10-08 11:23:00,4120.42346,4121.54404,4120.42346,4121.24836,0.0
2026-10-08 11:24:00,4120.48475,4122.01154,4120.48475,4121.85959,0.0
2026-10-08 11:25:00,4121.54887,4122.92911,4121.16217,4121.20053,0.0
2026-10-08 11:26:00,4121.60449,4123.71134,4121.60449,4123.47866,0.0
2026-10-08 11:27:00,4122.90357,4123.37127,4122.50771,4123.30742,0.0
2026-10-08 11:28:00,4123.05087,4123.05087,4121.84164,4122.04283,0.0
2026-10-08 11:29:00,4122.28137,4123.09684,4122.13374,4122.8978,0.0
2026-10-08 11:30:00,4122.59156,4123.26249,4122.59156,4123.15248,0.0
2026-10-08 11:31:00,4122.90623,4123.5413,4122.4147,4123.44868,0.0
2026-10-08 11:32:00,4123.16265,4123.16265,4122.01154,4122.13573,0.0
2026-10-08 11:33:00,4122.35552,4123.48455,4122.35552,4123.29781,0.0
2026-10-08 11:34:00,4122.77223,4123.71134,4122.451,4123.62296,0.0
2026-10-08 11:35:00,4123.40152,4123.40152,4121.1418,4121.53853,0.0
2026-10-08 11:36:00,4122.12892,4122.12892,4119.92687,4120.36968,0.0
2026-10-08 11:37:00,4121.32989,4121.52766,4118.41123,4118.96247,0.0
2026-10-08 11:38:00,4119.90658,4122.59915,4119.90658,4122.14844,0.0
2026-10-08 11:39:00,4121.57727,4123.24843,4121.57727,4123.01282,0.0
2026-10-08 11:40:00,4122.45649,4126.98464,4121.74456,4125.70254,0.0
2026-10-08 11:41:00,4123.53458,4129.14553,4123.53458,4128.36669,0.0
2026-10-08 11:42:00,4126.75676,4130.18338,4126.75676,4129.80488,0.0
2026-10-08 11:43:00,4128.75519,4129.0051,4124.60382,4125.40709,0.0
2026-10-08 11:44:00,4126.54194,4126.54194,4123.5413,4123.96008,0.0
2026-10-08 11:45:00,4124.83731,4124.83731,4123.20125,4123.35884,0.0
2026-10-08 11:46:00,4123.63108,4124.3502,4123.37127,4123.40717,0.0
2026-10-08 11:47:00,4123.37072,4124.74657,4123.37072,4124.646,0.0
2026-10-08 11:48:00,4124.39956,4124.73189,4123.66283,4124.72464,0.0
2026-10-08 11:49:00,4124.75516,4124.75516,4123.20125,4123.33028,0.0
2026-10-08 11:50:00,4123.53978,4124.25668,4123.20125,4123.21978,0.0
2026-10-08 11:51:00,4123.40886,4124.83103,4123.40886,4124.66129,0.0
2026-10-08 11:52:00,4124.13429,4126.2404,4123.55296,4125.76901,0.0
2026-10-08 11:53:00,4124.83901,4127.96192,4124.83901,4127.28844,0.0
2026-10-08 11:54:00,4126.34763,4128.81916,4126.34763,4128.52031,0.0
2026-10-08 11:55:00,4127.91624,4127.99262,4127.60263,4127.64296,0.0
2026-10-08 11:56:00,4127.71715,4128.36933,4126.4554,4128.2173,0.0
2026-10-08 11:57:00,4128.12174,4128.12174,4125.75295,4125.98453,0.0
2026-10-08 11:58:00,4126.4588,4128.29049,4124.67284,4127.71256,0.0
2026-10-08 11:59:00,4126.78218,4126.78218,4123.8814,4124.1714,0.0
2026-10-08 12:00:00,4124.68156,4124.68156,4124.22155,4124.32075,0.0
2026-10-08 12:01:00,4124.43841,4124.43841,4124.22877,4124.26677,0.0
2026-10-08 12:02:00,4124.31083,4124.31083,4123.8814,4123.97875,0.0
2026-10-08 12:03:00,4124.09083,4125.66622,4122.49153,4123.01746,0.0
2026-10-08 12:04:00,4124.0422,4126.26367,4124.0422,4126.00479,0.0
2026-10-08 12:05:00,4125.49396,4125.59123,4125.41254,4125.43556,0.0
2026-10-08 12:06:00,4125.41164,4126.39182,4125.18293,4126.08,0.0
2026-10-08 12:07:00,4125.68037,4126.60422,4125.68037,4126.51987,0.0
2026-10-08 12:08:00,4126.23403,4127.27002,4125.95659,4127.01417,0.0
2026-10-08 12:09:00,4126.54448,4127.57055,4125.0423,4127.43583,0.0
2026-10-08 12:10:00,4127.48046,4127.48046,4124.22155,4124.49121,0.0
2026-10-08 12:11:00,4124.9113,4124.9113,4124.05147,4124.18396,0.0
2026-10-08 12:12:00,4124.3927,4124.99064,4123.46473,4123.67241,0.0
2026-10-08 12:13:00,4124.2269,4125.23354,4124.2269,4125.11488,0.0
2026-10-08 12:14:00,4124.79485,4125.58274,4124.54844,4125.47211,0.0
2026-10-08 12:15:00,4125.14256,4125.16848,4123.59835,4123.92212,0.0
2026-10-08 12:16:00,4124.58816,4124.58816,4123.21814,4123.35607,0.0
2026-10-08 12:17:00,4123.52291,4123.52291,4122.69129,4122.84043,0.0
2026-10-08 12:18:00,4122.95705,4123.71134,4122.42846,4123.61812,0.0
2026-10-08 12:19:00,4123.24622,4123.24622,4121.67175,4121.9038,0.0
2026-10-08 12:20:00,4122.1393,4125.79611,4121.09921,4124.88276,0.0
2026-10-08 12:21:00,4122.65115,4126.77451,4122.65115,4126.38762,0.0
2026-10-08 12:22:00,4125.6616,4126.60422,4124.37211,4126.52895,0.0
2026-10-08 12:23:00,4126.68321,4126.68321,4123.37127,4123.70356,0.0
2026-10-08 12:24:00,4124.42449,4125.58274,4124.42449,4125.46937,0.0
2026-10-08 12:25:00,4125.23958,4127.91467,4122.6665,4123.43118,0.0
2026-10-08 12:26:00,4124.47616,4129.16013,4124.47616,4128.70319,0.0
2026-10-08 12:27:00,4127.57462,4129.50116,4127.57462,4129.30724,0.0
2026-10-08 12:28:00,4129.01499,4129.64799,4128.98964,4129.5058,0.0
2026-10-08 12:29:00,4129.08528,4131.36703,4128.49266,4130.81574,0.0
2026-10-08 12:30:00,4129.4578,4131.88993,4126.90067,4131.66335,0.0
2026-10-08 12:31:00,4131.17955,4131.17955,4122.44246,4123.93834,0.0
2026-10-08 12:32:00,4126.03428,4126.03428,4120.31314,4121.02959,0.0
2026-10-08 12:33:00,4122.70626,4125.07219,4122.70626,4124.77768,0.0
2026-10-08 12:34:00,4124.23887,4124.23887,4123.37127,4123.442,0.0
2026-10-08 12:35:00,4123.54319,4124.57362,4121.74938,4122.29172,0.0
2026-10-08 12:36:00,4123.19758,4123.19758,4120.99233,4121.26382,0.0
2026-10-08 12:37:00,4121.91218,4123.09993,4121.91218,4122.95922,0.0
2026-10-08 12:38:00,4122.69582,4122.69582,4121.84164,4121.91394,0.0
2026-10-08 12:39:00,4122.08361,4122.77484,4122.08361,4122.58838,0.0
2026-10-08 12:40:00,4122.03227,4123.20125,4122.03227,4123.05908,0.0
2026-10-08 12:41:00,4122.78826,4122.81553,4122.52133,4122.58728,0.0
2026-10-08 12:42:00,4122.62833,4123.09197,4122.62833,4123.01957,0.0
2026-10-08 12:43:00,4122.86148,4123.07252,4121.94711,4123.06376,0.0
2026-10-08 12:44:00,4123.1316,4123.1316,4120.67165,4121.09067,0.0
2026-10-08 12:45:00,4121.63688,4122.39872,4118.63504,4119.29831,0.0
2026-10-08 12:46:00,4120.41266,4120.41266,4117.76817,4118.11777,0.0
2026-10-08 12:47:00,4118.79093,4118.79093,4117.59862,4117.73609,0.0
2026-10-08 12:48:00,4117.97248,4118.71162,4117.97248,4118.55502,0.0
2026-10-08 12:49:00,4118.3132,4118.78578,4118.3132,4118.77173,0.0
2026-10-08 12:50:00,4118.6431,4118.79849,4117.6795,4118.79849,0.0
2026-10-08 12:51:00,4118.75339,4118.75339,4116.55616,4116.88893,0.0
2026-10-08 12:52:00,4117.3943,4117.58253,4114.81461,4115.43629,0.0
2026-10-08 12:53:00,4116.8099,4116.8099,4114.04122,4114.30488,0.0
2026-10-08 12:54:00,4114.82502,4116.89008,4114.81369,4114.81369,0.0
2026-10-08 12:55:00,4115.11567,4117.93774,4115.11567,4117.62241,0.0
2026-10-08 12:56:00,4116.776,4118.27691,4116.776,4118.14798,0.0
2026-10-08 12:57:00,4117.72453,4117.72453,4116.24269,4116.47241,0.0
2026-10-08 12:58:00,4116.71442,4117.77765,4116.71442,4117.6599,0.0
2026-10-08 12:59:00,4117.4556,4118.14348,4117.4556,4117.96155,0.0
2026-10-08 13:00:00,4117.64975,4118.44652,4117.64975,4118.36622,0.0
2026-10-08 13:01:00,4118.10956,4119.77916,4117.26925,4119.2718,0.0
2026-10-08 13:02:00,4118.50158,4121.65321,4116.70713,4120.95082,0.0
2026-10-08 13:03:00,4119.54411,4119.54411,4115.3957,4115.85003,0.0
2026-10-08 13:04:00,4116.97063,4119.27004,4116.97063,4118.82758,0.0
2026-10-08 13:05:00,4117.95704,4120.40197,4117.95704,4120.05832,0.0
2026-10-08 13:06:00,4119.13946,4122.72128,4118.02157,4121.90922,0.0
2026-10-08 13:07:00,4120.0714,4124.83828,4120.0714,4124.04455,0.0
2026-10-08 13:08:00,4122.55695,4126.65665,4122.55695,4125.96582,0.0
2026-10-08 13:09:00,4125.01599,4127.56519,4125.01599,4127.2593,0.0
2026-10-08 13:10:00,4126.80938,4126.80938,4125.07219,4125.22372,0.0
2026-10-08 13:11:00,4125.53977,4127.08077,4125.53977,4126.54857,0.0
2026-10-08 13:12:00,4125.71055,4127.81107,4125.71055,4127.60885,0.0
2026-10-08 13:13:00,4127.00772,4128.13738,4127.00772,4128.01497,0.0
2026-10-08 13:14:00,4127.67535,4128.24029,4125.63806,4126.12941,0.0
2026-10-08 13:15:00,4127.00446,4127.00446,4125.07219,4125.28108,0.0
2026-10-08 13:16:00,4125.74192,4126.84747,4125.1664,4126.61314,0.0
2026-10-08 13:17:00,4126.15932,4126.15932,4124.2102,4124.57626,0.0
2026-10-08 13:18:00,4125.31447,4125.31447,4123.46167,4123.68895,0.0
2026-10-08 13:19:00,4123.98861,4123.98861,4123.03125,4123.15909,0.0
2026-10-08 13:20:00,4123.30855,4124.00163,4123.16497,4123.82112,0.0
2026-10-08 13:21:00,4123.45408,4125.29819,4123.45408,4124.78391,0.0
2026-10-08 13:22:00,4124.13252,4126.18906,4124.13252,4125.86887,0.0
2026-10-08 13:23:00,4125.21021,4126.77451,4125.21021,4126.59955,0.0
2026-10-08 13:24:00,4126.24412,4126.24412,4124.05466,4124.75449,0.0
2026-10-08 13:25:00,4126.3474,4126.3474,4123.03125,4123.3636,0.0
2026-10-08 13:26:00,4123.90088,4124.30907,4122.48038,4122.8325,0.0
2026-10-08 13:27:00,4123.51517,4123.51517,4121.64204,4121.9672,0.0
2026-10-08 13:28:00,4122.56366,4122.56366,4120.99233,4121.18284,0.0
2026-10-08 13:29:00,4121.50504,4122.69798,4120.99233,4121.05047,0.0
2026-10-08 13:30:00,4121.4832,4123.37127,4121.4832,4123.14376,0.0
2026-10-08 13:31:00,4122.58735,4125.1389,4122.44778,4124.55069,0.0
2026-10-08 13:32:00,4123.03995,4129.33072,4120.69795,4127.84271,0.0
2026-10-08 13:33:00,4124.57864,4131.03648,4124.57864,4130.30812,0.0
2026-10-08 13:34:00,4128.83432,4129.84262,4126.38947,4127.03332,0.0
2026-10-08 13:35:00,4128.36641,4128.36641,4125.05456,4125.56108,0.0
2026-10-08 13:36:00,4126.60151,4126.60151,4124.22155,4124.47629,0.0
2026-10-08 13:37:00,4124.91953,4125.43409,4124.91953,4125.34237,0.0
2026-10-08 13:38:00,4125.1904,4127.51773,4125.1904,4126.78207,0.0
2026-10-08 13:39:00,4125.29368,4128.47824,4125.29368,4128.13095,0.0
2026-10-08 13:40:00,4127.22751,4127.34188,4124.7394,4125.22246,0.0
2026-10-08 13:41:00,4126.22856,4126.22856,4122.98502,4123.6568,0.0
2026-10-08 13:42:00,4125.11731,4125.11731,4121.25362,4121.79797,0.0
2026-10-08 13:43:00,4122.55239,4123.68141,4120.31314,4120.58628,0.0
2026-10-08 13:44:00,4121.44202,4125.10144,4121.44202,4124.64246,0.0
2026-10-08 13:45:00,4123.53238,4125.75295,4123.53238,4125.53581,0.0
2026-10-08 13:46:00,4125.12665,4126.31635,4125.12665,4125.92994,0.0
2026-10-08 13:47:00,4125.42032,4128.04489,4125.42032,4127.44107,0.0
2026-10-08 13:48:00,4126.30344,4129.54515,4126.30344,4129.06852,0.0
2026-10-08 13:49:00,4127.81616,4130.0128,4127.81616,4129.82216,0.0
2026-10-08 13:50:00,4129.51053,4130.24525,4128.9014,4130.06147,0.0
2026-10-08 13:51:00,4129.76281,4132.51151,4125.36888,4126.64548,0.0
2026-10-08 13:52:00,4128.45281,4133.93964,4128.45281,4133.35655,0.0
2026-10-08 13:53:00,4132.25335,4132.77709,4131.05438,4131.43643,0.0
2026-10-08 13:54:00,4132.24679,4132.24679,4130.51427,4130.70073,0.0
2026-10-08 13:55:00,4130.93203,4131.47056,4130.0128,4130.1418,0.0
2026-10-08 13:56:00,4130.25159,4132.06066,4130.25159,4131.87014,0.0
2026-10-08 13:57:00,4131.42671,4131.42671,4130.52458,4130.63953,0.0
2026-10-08 13:58:00,4130.79702,4130.84532,4130.6952,4130.71887,0.0
2026-10-08 13:59:00,4130.74383,4131.02843,4130.6952,4130.70837,0.0
2026-10-08 14:00:00,4130.74354,4131.71668,4129.18418,4131.45416,0.0
2026-10-08 14:01:00,4130.65949,4131.44032,4126.84793,4127.67123,0.0
2026-10-08 14:02:00,4129.18375,4129.18375,4125.75295,4126.17574,0.0
2026-10-08 14:03:00,4126.98667,4126.98667,4125.05164,4125.3823,0.0
2026-10-08 14:04:00,4125.81292,4125.81292,4124.07868,4124.40772,0.0
2026-10-08 14:05:00,4125.08177,4125.08177,4123.8814,4123.96046,0.0
2026-10-08 14:06:00,4124.16595,4125.76598,4124.16595,4125.24888,0.0
2026-10-08 14:07:00,4124.43827,4126.60422,4124.43827,4126.36351,0.0
2026-10-08 14:08:00,4125.70815,4126.77451,4125.70815,4126.64149,0.0
2026-10-08 14:09:00,4126.28756,4127.26321,4123.76171,4124.41583,0.0
2026-10-08 14:10:00,4125.43152,4125.43152,4123.03125,4123.32103,0.0
2026-10-08 14:11:00,4123.81856,4123.81856,4123.02765,4123.22095,0.0
2026-10-08 14:12:00,4123.49201,4124.01483,4122.52133,4122.65572,0.0
2026-10-08 14:13:00,4123.03575,4125.76282,4123.03575,4125.18358,0.0
2026-10-08 14:14:00,4123.87611,4126.60422,4123.87611,4126.30419,0.0
2026-10-08 14:15:00,4125.6217,4125.81245,4123.94091,4124.31561,0.0
2026-10-08 14:16:00,4125.10438,4125.10438,4123.5413,4123.6866,0.0
2026-10-08 14:17:00,4123.92141,4124.16583,4123.5413,4123.60844,0.0
2026-10-08 14:18:00,4123.57354,4129.32806,4120.24316,4127.53255,0.0
2026-10-08 14:19:00,4125.1793,4131.20714,4125.1793,4130.51826,0.0
2026-10-08 14:20:00,4129.07231,4131.22826,4129.07231,4130.879,0.0
2026-10-08 14:21:00,4130.03818,4134.94134,4128.48134,4133.62987,0.0
2026-10-08 14:22:00,4130.36172,4136.67577,4130.36172,4136.01006,0.0
2026-10-08 14:23:00,4134.66727,4134.66727,4133.76876,4133.90796,0.0
2026-10-08 14:24:00,4133.99718,4134.62334,4133.99718,4134.56746,0.0
2026-10-08 14:25:00,4134.43345,4134.87479,4133.47177,4133.7542,0.0
2026-10-08 14:26:00,4134.31724,4134.31724,4132.94929,4133.14749,0.0
2026-10-08 14:27:00,4133.60127,4134.28146,4133.60127,4134.22338,0.0
2026-10-08 14:28:00,4134.059,4135.48991,4133.27037,4135.0008,0.0
2026-10-08 14:29:00,4133.75472,4136.60691,4133.75472,4136.17144,0.0
2026-10-08 14:30:00,4135.48859,4137.01804,4135.48859,4136.84339,0.0
2026-10-08 14:31:00,4136.5896,4136.5896,4135.13625,4135.28751,0.0
2026-10-08 14:32:00,4135.6009,4136.54984,4135.6009,4136.33029,0.0
2026-10-08 14:33:00,4135.97125,4136.8469,4135.97125,4136.76286,0.0
2026-10-08 14:34:00,4136.57242,4138.09885,4135.41691,4135.71447,0.0
2026-10-08 14:35:00,4136.4806,4138.90154,4136.4806,4138.61053,0.0
2026-10-08 14:36:00,4138.15269,4138.15269,4133.66995,4134.89254,0.0
2026-10-08 14:37:00,4137.7743,4137.7743,4131.88993,4132.43983,0.0
2026-10-08 14:38:00,4133.34598,4133.34598,4132.19184,4132.41677,0.0
2026-10-08 14:39:00,4132.83749,4132.83749,4132.06066,4132.11617,0.0
2026-10-08 14:40:00,4132.28227,4134.60565,4130.21576,4133.84662,0.0
2026-10-08 14:41:00,4132.38028,4132.38028,4127.5475,4128.57106,0.0
2026-10-08 14:42:00,4130.67096,4130.67096,4126.26367,4126.68436,0.0
2026-10-08 14:43:00,4127.60795,4128.6973,4127.43453,4128.50915,0.0
2026-10-08 14:44:00,4128.1765,4128.1765,4126.36629,4126.76972,0.0
2026-10-08 14:45:00,4127.47097,4127.47097,4125.37187,4125.66101,0.0
2026-10-08 14:46:00,4126.11492,4126.11492,4123.91175,4124.43735,0.0
2026-10-08 14:47:00,4125.60337,4125.60337,4123.20125,4123.43966,0.0
2026-10-08 14:48:00,4123.77106,4124.42434,4122.86127,4122.98101,0.0
2026-10-08 14:49:00,4123.04608,4125.48825,4123.04608,4125.15965,0.0
2026-10-08 14:50:00,4124.34121,4126.13156,4124.34121,4125.85743,0.0
2026-10-08 14:51:00,4125.49718,4126.26367,4125.49718,4126.19253,0.0
2026-10-08 14:52:00,4125.95344,4126.93153,4125.57834,4126.66503,0.0
2026-10-08 14:53:00,4126.13984,4127.11515,4126.02377,4127.01538,0.0
2026-10-08 14:54:00,4126.84693,4126.84693,4125.31603,4125.53534,0.0
2026-10-08 14:55:00,4125.83666,4125.83666,4124.90203,4125.02223,0.0
2026-10-08 14:56:00,4125.17401,4125.58274,4125.17401,4125.56161,0.0
2026-10-08 14:57:00,4125.48115,4125.61178,4124.90203,4124.97036,0.0
2026-10-08 14:58:00,4125.12722,4125.92318,4125.12722,4125.8313,0.0
2026-10-08 14:59:00,4125.6242,4125.6242,4125.0102,4125.13659,0.0
2026-10-08 15:00:00,4125.33158,4125.39497,4123.3348,4123.87371,0.0
2026-10-08 15:01:00,4124.63046,4125.31683,4121.07838,4121.8756,0.0
2026-10-08 15:02:00,4123.42761,4123.42761,4120.0063,4120.41944,0.0
2026-10-08 15:03:00,4121.26082,4121.38617,4119.04964,4119.38039,0.0
2026-10-08 15:04:00,4119.68114,4121.84164,4119.68114,4121.62852,0.0
2026-10-08 15:05:00,4121.18937,4121.28813,4120.35744,4120.56188,0.0
2026-10-08 15:06:00,4120.93359,4120.93359,4120.14338,4120.22502,0.0
2026-10-08 15:07:00,4120.37299,4120.66326,4119.75945,4119.95898,0.0
2026-10-08 15:08:00,4120.31984,4120.31984,4119.52473,4119.60996,0.0
2026-10-08 15:09:00,4119.86701,4120.61705,4119.64604,4120.48255,0.0
2026-10-08 15:10:00,4120.22631,4120.22631,4118.54211,4118.95422,0.0
2026-10-08 15:11:00,4119.62654,4119.62654,4117.46405,4117.78191,0.0
2026-10-08 15:12:00,4118.30434,4118.30434,4116.66192,4116.96029,0.0
2026-10-08 15:13:00,4117.55418,4117.55418,4116.24269,4116.38241,0.0
2026-10-08 15:14:00,4116.64144,4116.86249,4116.31243,4116.82119,0.0
2026-10-08 15:15:00,4116.72056,4116.72056,4114.85764,4115.35339,0.0
2026-10-08 15:16:00,4115.99635,4115.99635,4114.04122,4114.31416,0.0
2026-10-08 15:17:00,4114.6702,4115.55711,4114.6702,4115.39788,0.0
2026-10-08 15:18:00,4115.12842,4115.73334,4115.12842,4115.61912,0.0
2026-10-08 15:19:00,4115.39605,4115.94121,4114.51917,4115.86308,0.0
2026-10-08 15:20:00,4115.5524,4115.5524,4113.87198,4114.10371,0.0
2026-10-08 15:21:00,4114.47359,4115.15571,4114.25047,4114.9476,0.0
2026-10-08 15:22:00,4114.46606,4116.19732,4114.46606,4115.78182,0.0
2026-10-08 15:23:00,4115.24642,4116.58159,4115.24642,4116.43521,0.0
2026-10-08 15:24:00,4116.04723,4116.58159,4115.08474,4116.50096,0.0
2026-10-08 15:25:00,4116.10766,4116.10766,4114.21048,4114.49275,0.0
2026-10-08 15:26:00,4114.82869,4115.90385,4114.82869,4115.78221,0.0
2026-10-08 15:27:00,4115.51415,4115.51415,4115.05699,4115.12873,0.0
2026-10-08 15:28:00,4115.18009,4116.85957,4114.88266,4116.40831,0.0
2026-10-08 15:29:00,4115.25665,4117.25955,4115.25665,4117.06872,0.0
2026-10-08 15:30:00,4116.73794,4117.49446,4115.9297,4117.24947,0.0
2026-10-08 15:31:00,4116.83256,4116.83256,4114.44799,4115.0072,0.0
2026-10-08 15:32:00,4116.12631,4116.12631,4113.53353,4113.81349,0.0
2026-10-08 15:33:00,4114.25712,4115.30634,4114.25712,4115.08586,0.0
2026-10-08 15:34:00,4114.79279,4115.3957,4114.79279,4115.36172,0.0
2026-10-08 15:35:00,4115.18095,4115.75196,4115.07237,4115.59703,0.0
2026-10-08 15:36:00,4115.37168,4115.82536,4115.24833,4115.76376,0.0
2026-10-08 15:37:00,4115.61275,4115.61275,4115.22634,4115.24567,0.0
2026-10-08 15:38:00,4115.28461,4115.31137,4115.22634,4115.30245,0.0
2026-10-08 15:39:00,4115.22837,4116.20763,4115.05482,4115.92703,0.0
2026-10-08 15:40:00,4115.22789,4116.62232,4115.22789,4116.43083,0.0
2026-10-08 15:41:00,4116.17893,4117.25158,4116.17893,4117.00272,0.0
2026-10-08 15:42:00,4116.38678,4117.77758,4116.38678,4117.6272,0.0
2026-10-08 15:43:00,4117.3067,4117.76817,4116.80237,4117.74834,0.0
2026-10-08 15:44:00,4117.74218,4117.74218,4116.24269,4116.41485,0.0
2026-10-08 15:45:00,4116.71026,4116.71299,4116.05556,4116.23288,0.0
2026-10-08 15:46:00,4116.54699,4116.54699,4115.02676,4115.37354,0.0
2026-10-08 15:47:00,4115.81966,4115.889,4114.37976,4114.57282,0.0
2026-10-08 15:48:00,4114.88119,4116.41214,4114.88119,4116.25981,0.0
2026-10-08 15:49:00,4115.94618,4115.94618,4113.96888,4114.59071,0.0
2026-10-08 15:50:00,4115.99969,4115.99969,4113.02595,4113.3268,0.0
2026-10-08 15:51:00,4113.88878,4114.07342,4113.70274,4113.75446,0.0
2026-10-08 15:52:00,4113.74004,4114.21048,4113.21483,4114.17218,0.0
2026-10-08 15:53:00,4113.92372,4113.92372,4112.68764,4112.85575,0.0
2026-10-08 15:54:00,4113.11155,4113.11155,4112.72126,4112.77521,0.0
2026-10-08 15:55:00,4112.8342,4113.05804,4111.99932,4112.22163,0.0
2026-10-08 15:56:00,4112.6389,4112.6389,4111.74604,4111.84413,0.0
2026-10-08 15:57:00,4111.95826,4111.95826,4111.33495,4111.44455,0.0
2026-10-08 15:58:00,4111.51957,4112.09989,4111.51957,4111.98961,0.0
2026-10-08 15:59:00,4111.81001,4112.01118,4111.81001,4112.00017,0.0
2026-10-08 16:00:00,4111.92603,4112.01586,4111.92603,4111.99657,0.0
2026-10-08 16:01:00,4111.93467,4112.11079,4109.78782,4112.07129,0.0
2026-10-08 16:02:00,4112.31387,4112.31387,4108.63224,4109.00833,0.0
2026-10-08 16:03:00,4109.71298,4109.95977,4109.23965,4109.40355,0.0
2026-10-08 16:04:00,4109.67892,4109.67892,4108.89752,4109.02963,0.0
2026-10-08 16:05:00,4109.19493,4109.82434,4107.53591,4107.96533,0.0
2026-10-08 16:06:00,4108.77757,4108.77757,4106.45366,4106.87294,0.0
2026-10-08 16:07:00,4107.72987,4107.72987,4105.76449,4105.97775,0.0
2026-10-08 16:08:00,4106.36189,4107.0052,4106.36189,4106.80562,0.0
2026-10-08 16:09:00,4106.49919,4109.19839,4106.49919,4108.43047,0.0
2026-10-08 16:10:00,4106.97351,4110.58542,4106.97351,4110.13504,0.0
2026-10-08 16:11:00,4108.94319,4111.7987,4108.94319,4111.3608,0.0
2026-10-08 16:12:00,4110.54868,4112.36484,4110.54868,4112.0959,0.0
2026-10-08 16:13:00,4111.72394,4112.68764,4111.72394,4112.58495,0.0
2026-10-08 16:14:00,4112.37163,4112.37163,4111.45336,4111.62892,0.0
2026-10-08 16:15:00,4111.89093,4111.89093,4110.99692,4111.13408,0.0
2026-10-08 16:16:00,4111.21605,4112.01118,4111.14011,4111.91149,0.0
2026-10-08 16:17:00,4111.62942,4120.63252,4110.65894,4110.75448,0.0
2026-10-08 16:18:00,4112.85901,4125.07219,4112.85901,4123.51642,0.0
2026-10-08 16:19:00,4121.28077,4125.72729,4121.28077,4125.06231,0.0
2026-10-08 16:20:00,4123.85306,4123.85306,4120.61788,4121.13439,0.0
2026-10-08 16:21:00,4122.25643,4122.25643,4118.69029,4119.33595,0.0
2026-10-08 16:22:00,4120.3503,4120.3503,4117.59862,4117.95526,0.0
2026-10-08 16:23:00,4118.33098,4120.76249,4118.33098,4120.33982,0.0
2026-10-08 16:24:00,4119.52348,4121.27346,4119.52348,4121.02395,0.0
2026-10-08 16:25:00,4120.68197,4121.50188,4120.68197,4121.43258,0.0
2026-10-08 16:26:00,4121.16712,4121.50188,4120.95475,4121.46943,0.0
2026-10-08 16:27:00,4121.31432,4122.02782,4119.4506,4119.92663,0.0
2026-10-08 16:28:00,4120.81063,4120.81063,4118.59428,4118.93281,0.0
2026-10-08 16:29:00,4119.59764,4119.59764,4118.10732,4118.2496,0.0
2026-10-08 16:30:00,4118.48428,4118.48428,4118.10732,4118.15947,0.0
2026-10-08 16:31:00,4118.21591,4118.27802,4117.57778,4118.27802,0.0
2026-10-08 16:32:00,4118.19376,4118.80158,4117.09004,4117.22602,0.0
2026-10-08 16:33:00,4117.72331,4119.65689,4117.72331,4119.38835,0.0
2026-10-08 16:34:00,4118.6676,4120.14338,4118.6676,4119.98443,0.0
2026-10-08 16:35:00,4119.6819,4119.74103,4119.30647,4119.42112,0.0
2026-10-08 16:36:00,4119.59403,4119.59403,4118.13256,4118.54058,0.0
2026-10-08 16:37:00,4119.06391,4119.12192,4116.86547,4117.28538,0.0
2026-10-08 16:38:00,4118.12977,4118.12977,4116.41214,4116.59584,0.0
2026-10-08 16:39:00,4116.96246,4117.39589,4116.92054,4117.28086,0.0
2026-10-08 16:40:00,4116.88643,4120.92909,4113.9528,4119.73575,0.0
2026-10-08 16:41:00,4116.9353,4122.35139,4116.9353,4121.77887,0.0
2026-10-08 16:42:00,4120.72224,4121.0808,4120.72224,4121.00029,0.0
2026-10-08 16:43:00,4120.83076,4121.16379,4120.28648,4121.13412,0.0
2026-10-08 16:44:00,4121.00413,4121.00413,4119.8039,4119.97429,0.0
2026-10-08 16:45:00,4120.25641,4120.25641,4119.66238,4119.77191,0.0
2026-10-08 16:46:00,4119.934,4121.07383,4119.29478,4119.37544,0.0
2026-10-08 16:47:00,4119.84912,4122.27579,4119.84912,4121.87541,0.0
2026-10-08 16:48:00,4121.18166,4121.18166,4117.73995,4118.54343,0.0
2026-10-08 16:49:00,4120.40709,4120.40709,4115.26078,4116.11403,0.0
2026-10-08 16:50:00,4117.26615,4122.1031,4117.26615,4121.30193,0.0
2026-10-08 16:51:00,4119.63609,4123.03125,4119.63609,4122.65226,0.0
2026-10-08 16:52:00,4121.92297,4122.77063,4121.67175,4121.71581,0.0
2026-10-08 16:53:00,4121.49882,4123.20125,4121.49882,4123.03538,0.0
2026-10-08 16:54:00,4122.59766,4122.59766,4121.50188,4121.67755,0.0
2026-10-08 16:55:00,4121.82978,4122.69129,4121.82978,4122.58123,0.0
2026-10-08 16:56:00,4122.39586,4124.15853,4122.35139,4123.54299,0.0
2026-10-08 16:57:00,4122.76293,4125.07219,4122.76293,4124.79102,0.0
2026-10-08 16:58:00,4124.28208,4124.28208,4123.24577,4123.36418,0.0
2026-10-08 16:59:00,4123.69324,4124.65589,4123.69324,4124.45028,0.0
2026-10-08 17:00:00,4123.95509,4125.07219,4123.95509,4124.94499,0.0
2026-10-08 17:01:00,4124.64539,4125.93986,4123.8814,4123.96421,0.0
2026-10-08 17:02:00,4124.50674,4126.8925,4124.50674,4126.58371,0.0
2026-10-08 17:03:00,4125.87886,4127.45584,4125.87886,4127.29166,0.0
2026-10-08 17:04:00,4126.95235,4127.15891,4125.847,4127.15891,0.0
2026-10-08 17:05:00,4127.28844,4130.8561,4121.39045,4122.91806,0.0
2026-10-08 17:06:00,4126.67038,4132.91453,4126.67038,4132.13661,0.0
2026-10-08 17:07:00,4130.93021,4134.11055,4130.93021,4133.73006,0.0
2026-10-08 17:08:00,4132.94502,4132.94502,4132.71732,4132.79316,0.0
2026-10-08 17:09:00,4132.89222,4133.09929,4131.84519,4132.11519,0.0
2026-10-08 17:10:00,4132.61579,4132.61579,4131.5485,4131.6612,0.0
2026-10-08 17:11:00,4131.8525,4133.17802,4131.5485,4131.62398,0.0
2026-10-08 17:12:00,4131.47347,4134.85516,4131.47347,4134.29805,0.0
2026-10-08 17:13:00,4132.91814,4135.47827,4132.91814,4135.19635,0.0
2026-10-08 17:14:00,4134.73781,4136.39651,4133.35279,4135.88382,0.0
2026-10-08 17:15:00,4134.99098,4134.99098,4132.91453,4133.12202,0.0
2026-10-08 17:16:00,4133.46711,4135.34148,4132.74373,4132.83039,0.0
2026-10-08 17:17:00,4132.81594,4137.83947,4132.81594,4136.97626,0.0
2026-10-08 17:18:00,4135.00246,4143.664,4133.81654,4141.58637,0.0
2026-10-08 17:19:00,4138.61846,4146.28079,4138.61846,4145.31798,0.0
2026-10-08 17:20:00,4143.60817,4145.83091,4141.67276,4145.36037,0.0
2026-10-08 17:21:00,4144.01785,4144.01785,4139.47838,4140.23848,0.0
2026-10-08 17:22:00,4141.35953,4141.35953,4138.55895,4138.91243,0.0
2026-10-08 17:23:00,4139.51211,4139.92962,4139.11231,4139.87059,0.0
2026-10-08 17:24:00,4139.6756,4139.6756,4138.19444,4138.5148,0.0
2026-10-08 17:25:00,4139.17117,4139.17117,4136.54253,4137.12772,0.0
2026-10-08 17:26:00,4138.05437,4138.05437,4135.0503,4135.50975,0.0
2026-10-08 17:27:00,4136.22048,4136.22048,4134.45239,4134.65765,0.0
2026-10-08 17:28:00,4135.12747,4136.33355,4135.12747,4136.18883,0.0
2026-10-08 17:29:00,4135.9023,4135.9023,4133.23166,4134.01403,0.0
2026-10-08 17:30:00,4135.82381,4135.82381,4130.73263,4131.59457,0.0
2026-10-08 17:31:00,4133.45461,4133.45461,4129.33064,4129.75902,0.0
2026-10-08 17:32:00,4130.54688,4132.01313,4130.51866,4130.51866,0.0
2026-10-08 17:33:00,4130.83277,4132.74373,4130.83277,4132.51292,0.0
2026-10-08 17:34:00,4132.09923,4132.09923,4130.98305,4131.13551,0.0
2026-10-08 17:35:00,4131.34244,4131.34244,4130.52458,4130.65446,0.0
2026-10-08 17:36:00,4130.81286,4131.7601,4130.01014,4130.27672,0.0
2026-10-08 17:37:00,4130.91916,4132.06066,4130.91916,4131.91319,0.0
2026-10-08 17:38:00,4131.56861,4132.06066,4131.12082,4131.99015,0.0
2026-10-08 17:39:00,4131.74313,4131.74313,4130.52458,4130.71677,0.0
2026-10-08 17:40:00,4131.00462,4131.22013,4131.00462,4131.21305,0.0
2026-10-08 17:41:00,4131.1773,4131.20714,4130.9759,4131.0339,0.0
2026-10-08 17:42:00,4131.10953,4131.10953,4130.62219,4130.7404,0.0
2026-10-08 17:43:00,4130.92739,4130.92739,4130.35397,4130.42905,0.0
2026-10-08 17:44:00,4130.56058,4130.96047,4130.52458,4130.87856,0.0
2026-10-08 17:45:00,4130.60296,4131.07339,4130.60296,4131.01544,0.0
2026-10-08 17:46:00,4130.93062,4132.09346,4130.86583,4131.70085,0.0
2026-10-08 17:47:00,4130.81437,4132.74373,4130.81437,4132.53314,0.0
2026-10-08 17:48:00,4132.09113,4132.8327,4129.76095,4130.45406,0.0
2026-10-08 17:49:00,4131.9695,4131.9695,4128.81916,4129.14859,0.0
2026-10-08 17:50:00,4129.69497,4129.9482,4128.08968,4128.48356,0.0
2026-10-08 17:51:00,4129.17152,4129.17152,4127.6262,4127.80278,0.0
2026-10-08 17:52:00,4128.10411,4128.42911,4127.96698,4128.0019,0.0
2026-10-08 17:53:00,4127.93417,4129.93956,4127.25779,4129.39247,0.0
2026-10-08 17:54:00,4128.54289,4131.28316,4128.54289,4130.75036,0.0
2026-10-08 17:55:00,4130.06836,4132.06066,4130.06836,4131.82067,0.0
2026-10-08 17:56:00,4131.18463,4133.34438,4130.80896,4132.87574,0.0
2026-10-08 17:57:00,4131.80825,4133.76876,4131.80825,4133.56063,0.0
2026-10-08 17:58:00,4133.14978,4133.40638,4132.74373,4132.84001,0.0
2026-10-08 17:59:00,4132.82949,4133.62365,4132.82949,4133.54076,0.0
2026-10-08 18:00:00,4133.42114,4133.98392,4132.87514,4133.82574,0.0
2026-10-08 18:01:00,4133.53977,4133.53977,4132.74373,4132.79987,0.0
2026-10-08 18:02:00,4132.86308,4132.86308,4132.40217,4132.49154,0.0
2026-10-08 18:03:00,4132.51947,4133.08535,4132.35616,4133.01146,0.0
2026-10-08 18:04:00,4132.76369,4133.85626,4130.52459,4131.12921,0.0
2026-10-08 18:05:00,4132.34262,4132.34262,4129.51526,4129.93325,0.0
2026-10-08 18:06:00,4130.75835,4130.75835,4128.81916,4129.02905,0.0
2026-10-08 18:07:00,4129.39278,4130.13126,4129.39278,4129.88646,0.0
2026-10-08 18:08:00,4129.54465,4130.57186,4129.54465,4130.4312,0.0
2026-10-08 18:09:00,4129.97319,4130.86583,4129.97319,4130.76375,0.0
2026-10-08 18:10:00,4130.49355,4131.59415,4128.49627,4129.05671,0.0
2026-10-08 18:11:00,4130.14286,4130.14286,4127.96698,4128.20463,0.0
2026-10-08 18:12:00,4128.60919,4128.60919,4127.32779,4127.62976,0.0
2026-10-08 18:13:00,4128.11825,4128.11825,4126.94482,4127.0718,0.0
2026-10-08 18:14:00,4127.30795,4127.79658,4127.30795,4127.74711,0.0
2026-10-08 18:15:00,4127.61671,4128.39486,4127.05302,4127.1635,0.0
2026-10-08 18:16:00,4127.5775,4128.64869,4127.5775,4128.55216,0.0
2026-10-08 18:17:00,4128.24685,4128.64869,4127.82282,4128.59849,0.0
2026-10-08 18:18:00,4128.36004,4128.36004,4126.99196,4127.25552,0.0
2026-10-08 18:19:00,4127.7695,4127.7695,4126.77451,4126.86175,0.0
2026-10-08 18:20:00,4127.02159,4128.1457,4125.63495,4126.09655,0.0
2026-10-08 18:21:00,4127.01204,4127.01204,4125.24236,4125.41945,0.0
2026-10-08 18:22:00,4125.70238,4125.70238,4124.65291,4124.82731,0.0
2026-10-08 18:23:00,4125.12254,4125.23699,4124.39165,4124.46566,0.0
2026-10-08 18:24:00,4124.70806,4126.31409,4124.70806,4125.93807,0.0
2026-10-08 18:25:00,4125.00949,4127.46074,4125.00949,4127.09421,0.0
2026-10-08 18:26:00,4126.25052,4127.79658,4126.25052,4127.63796,0.0
2026-10-08 18:27:00,4127.30659,4127.30659,4126.09341,4126.25314,0.0
2026-10-08 18:28:00,4126.51741,4126.65029,4125.92318,4125.97878,0.0
2026-10-08 18:29:00,4126.16211,4126.98504,4126.05534,4126.87084,0.0
2026-10-08 18:30:00,4126.64938,4126.64938,4124.73543,4125.22867,0.0
2026-10-08 18:31:00,4126.2473,4126.2473,4123.53328,4123.89913,0.0
2026-10-08 18:32:00,4124.36795,4124.36795,4122.82512,4123.05863,0.0
2026-10-08 18:33:00,4123.50176,4123.50176,4122.69129,4122.74965,0.0
2026-10-08 18:34:00,4122.90677,4124.31746,4121.66345,4123.88075,0.0
2026-10-08 18:35:00,4123.18594,4123.18594,4121.16217,4121.35359,0.0
2026-10-08 18:36:00,4121.83137,4122.35139,4121.83137,4122.32886,0.0
2026-10-08 18:37:00,4122.194,4122.89732,4121.74704,4122.66898,0.0
2026-10-08 18:38:00,4122.266,4123.03125,4122.266,4122.92899,0.0
2026-10-08 18:39:00,4122.73723,4123.21867,4122.73723,4123.16678,0.0
2026-10-08 18:40:00,4122.97124,4124.37304,4122.4069,4123.9503,0.0
2026-10-08 18:41:00,4123.36695,4124.73189,4123.36695,4124.58583,0.0
2026-10-08 18:42:00,4124.30783,4124.30783,4123.53349,4123.61195,0.0
2026-10-08 18:43:00,4123.70381,4123.70381,4123.20125,4123.2853,0.0
2026-10-08 18:44:00,4123.36492,4124.25297,4122.59176,4122.85701,0.0
2026-10-08 18:45:00,4123.30639,4125.34532,4123.30639,4124.89355,0.0
2026-10-08 18:46:00,4124.32365,4126.0699,4124.32365,4125.82273,0.0
2026-10-08 18:47:00,4125.40785,4125.96165,4123.32021,4123.75371,0.0
2026-10-08 18:48:00,4124.663,4126.43394,4124.663,4126.23714,0.0
2026-10-08 18:49:00,4125.94447,4125.94447,4124.39165,4124.55955,0.0
2026-10-08 18:50:00,4124.88621,4125.93671,4124.88621,4125.58196,0.0
2026-10-08 18:51:00,4125.05198,4126.43394,4125.05198,4126.29741,0.0
2026-10-08 18:52:00,4125.89336,4126.45907,4125.89336,4126.38223,0.0
2026-10-08 18:53:00,4126.27218,4126.36685,4126.26367,4126.36685,0.0
2026-10-08 18:54:00,4126.26459,4127.30963,4125.57188,4126.98541,0.0
2026-10-08 18:55:00,4126.36979,4127.67306,4126.36979,4127.48095,0.0
2026-10-08 18:56:00,4127.19788,4127.79658,4127.19788,4127.76302,0.0
2026-10-08 18:57:00,4127.64036,4127.64036,4127.45584,4127.46226,0.0
2026-10-08 18:58:00,4127.47838,4127.51638,4127.28548,4127.50324,0.0
2026-10-08 18:59:00,4127.35022,4127.71822,4127.35022,4127.65466,0.0
2026-10-08 19:00:00,4127.55868,4128.07574,4127.45584,4127.90418,0.0
2026-10-08 19:01:00,4127.48966,4129.05319,4127.48966,4128.75662,0.0
2026-10-08 19:02:00,4128.02009,4129.33064,4128.02009,4129.19259,0.0
2026-10-08 19:03:00,4128.90264,4129.4611,4127.45981,4127.87414,0.0
2026-10-08 19:04:00,4128.5983,4128.5983,4126.94482,4127.12947,0.0
2026-10-08 19:05:00,4127.5432,4128.7534,4127.5432,4128.50759,0.0
2026-10-08 19:06:00,4127.80303,4129.69842,4127.80303,4129.37915,0.0
2026-10-08 19:07:00,4128.81033,4129.84224,4128.46864,4129.75768,0.0
2026-10-08 19:08:00,4129.70145,4129.70145,4127.96698,4128.13771,0.0
2026-10-08 19:09:00,4128.46232,4129.39795,4128.46232,4129.22835,0.0
2026-10-08 19:10:00,4128.9576,4129.50116,4128.9576,4129.47913,0.0
2026-10-08 19:11:00,4129.38037,4129.49123,4129.16013,4129.18671,0.0
2026-10-08 19:12:00,4129.27635,4129.50298,4129.27635,4129.48111,0.0
2026-10-08 19:13:00,4129.30683,4129.8215,4129.30683,4129.71863,0.0
2026-10-08 19:14:00,4129.56734,4130.37615,4129.56734,4130.1283,0.0
2026-10-08 19:15:00,4129.63293,4130.86583,4129.41535,4130.7073,0.0
2026-10-08 19:16:00,4130.27396,4130.27396,4128.33516,4128.72314,0.0
2026-10-08 19:17:00,4129.54806,4129.54806,4127.79658,4127.98776,0.0
2026-10-08 19:18:00,4128.39958,4128.95636,4128.16991,4128.86343,0.0
2026-10-08 19:19:00,4128.67547,4128.67547,4127.96698,4128.04899,0.0
2026-10-08 19:20:00,4128.21524,4128.53792,4128.21524,4128.46311,0.0
2026-10-08 19:21:00,4128.28875,4128.64869,4128.28875,4128.6302,0.0
2026-10-08 19:22:00,4128.54449,4128.64869,4128.47824,4128.62563,0.0
2026-10-08 19:23:00,4128.56471,4129.6507,4128.30781,4128.37666,0.0
2026-10-08 19:24:00,4128.19256,4131.05825,4128.19256,4130.58198,0.0
2026-10-08 19:25:00,4129.54738,4131.5485,4129.54738,4131.32234,0.0
2026-10-08 19:26:00,4130.86365,4130.86365,4130.18338,4130.2758,0.0
2026-10-08 19:27:00,4130.2913,4131.93865,4129.96849,4131.54175,0.0
2026-10-08 19:28:00,4130.97532,4132.2314,4130.97532,4132.09546,0.0
2026-10-08 19:29:00,4131.77715,4131.77715,4131.51443,4131.59788,0.0
2026-10-08 19:30:00,4131.71251,4132.41315,4129.90607,4130.45349,0.0
2026-10-08 19:31:00,4131.65953,4131.65953,4129.16013,4129.4204,0.0
2026-10-08 19:32:00,4130.01711,4130.69991,4130.01711,4130.65267,0.0
2026-10-08 19:33:00,4130.52228,4130.61553,4130.07173,4130.13677,0.0
2026-10-08 19:34:00,4130.26546,4130.52458,4130.26546,4130.51282,0.0
2026-10-08 19:35:00,4130.45613,4130.52458,4130.21173,4130.51576,0.0
2026-10-08 19:36:00,4130.46807,4130.46807,4129.98292,4130.04921,0.0
2026-10-08 19:37:00,4130.14169,4130.14169,4129.84224,4129.89152,0.0
2026-10-08 19:38:00,4129.92954,4131.17483,4129.53162,4129.66816,0.0
2026-10-08 19:39:00,4130.1705,4133.13018,4130.1705,4132.40121,0.0
2026-10-08 19:40:00,4131.44113,4134.28146,4131.44113,4133.93147,0.0
2026-10-08 19:41:00,4133.1872,4133.8245,4132.72677,4132.88544,0.0
2026-10-08 19:42:00,4133.27574,4133.79771,4133.27574,4133.76393,0.0
2026-10-08 19:43:00,4133.62152,4133.93964,4133.06302,4133.8966,0.0
2026-10-08 19:44:00,4133.68148,4134.63214,4131.15773,4131.80578,0.0
2026-10-08 19:45:00,4133.14606,4133.14606,4130.32672,4130.64674,0.0
2026-10-08 19:46:00,4131.22067,4131.22067,4129.57411,4129.79166,0.0
2026-10-08 19:47:00,4130.13141,4130.13141,4128.65624,4128.98163,0.0
2026-10-08 19:48:00,4129.64652,4129.64652,4128.3002,4128.42635,0.0
2026-10-08 19:49:00,4128.67186,4129.16013,4128.67186,4129.123,0.0
2026-10-08 19:50:00,4129.02575,4129.54302,4128.98964,4129.40207,0.0
2026-10-08 19:51:00,4129.00812,4129.78554,4129.00812,4129.67105,0.0
2026-10-08 19:52:00,4129.51441,4130.19001,4129.50116,4130.0257,0.0
2026-10-08 19:53:00,4129.53567,4130.52458,4129.53567,4130.42472,0.0
2026-10-08 19:54:00,4130.25142,4130.35397,4130.25083,4130.35392,0.0
2026-10-08 19:55:00,4130.30385,4131.38265,4129.86925,4131.01905,0.0
2026-10-08 19:56:00,4130.09484,4131.71921,4130.09484,4131.55631,0.0
2026-10-08 19:57:00,4131.2409,4131.2409,4130.90617,4130.99522,0.0
2026-10-08 19:58:00,4131.09304,4131.74048,4130.31632,4130.53214,0.0
2026-10-08 19:59:00,4131.05263,4132.08745,4131.05263,4131.91573,0.0
2026-10-08 20:00:00,4131.55064,4133.09146,4131.55064,4132.78431,0.0
2026-10-08 20:01:00,4131.96719,4133.42702,4131.96719,4133.27518,0.0
2026-10-08 20:02:00,4132.96827,4132.97326,4132.46041,4132.59025,0.0
2026-10-08 20:03:00,4132.78543,4133.23674,4131.94549,4132.13552,0.0
2026-10-08 20:04:00,4132.60674,4133.53471,4132.60674,4133.38358,0.0
2026-10-08 20:05:00,4133.03458,4134.61742,4133.03458,4134.28406,0.0
2026-10-08 20:06:00,4133.41841,4134.96527,4133.41841,4134.80135,0.0
2026-10-08 20:07:00,4134.55311,4134.91956,4134.35342,4134.8598,0.0
2026-10-08 20:08:00,4134.704,4135.34108,4133.60094,4133.88521,0.0
2026-10-08 20:09:00,4134.49273,4135.53129,4134.49273,4135.4274,0.0
2026-10-08 20:10:00,4135.25639,4135.25639,4134.11055,4134.25363,0.0
2026-10-08 20:11:00,4134.52222,4135.20862,4134.52222,4135.07198,0.0
2026-10-08 20:12:00,4134.84018,4135.33175,4134.84018,4135.29735,0.0
2026-10-08 20:13:00,4135.20539,4135.20539,4134.62334,4134.69273,0.0
2026-10-08 20:14:00,4134.82723,4134.98026,4134.5634,4134.94882,0.0
2026-10-08 20:15:00,4134.85024,4134.86003,4134.45239,4134.4869,0.0
2026-10-08 20:16:00,4134.60273,4135.33351,4134.60273,4135.14623,0.0
2026-10-08 20:17:00,4134.60378,4135.68317,4134.60378,4135.57872,0.0
2026-10-08 20:18:00,4135.39959,4136.12588,4135.39959,4135.91589,0.0
2026-10-08 20:19:00,4135.56229,4136.50465,4135.56229,4136.39294,0.0
2026-10-08 20:20:00,4136.14922,4136.14922,4135.82034,4135.83631,0.0
2026-10-08 20:21:00,4135.89069,4136.20582,4135.89069,4136.14929,0.0
2026-10-08 20:22:00,4135.89633,4136.33355,4135.89633,4136.28798,0.0
2026-10-08 20:23:00,4136.21347,4136.48713,4135.74303,4136.39468,0.0
2026-10-08 20:24:00,4136.19494,4136.19494,4135.62498,4135.67712,0.0
2026-10-08 20:25:00,4135.73177,4135.73177,4135.30725,4135.38537,0.0
2026-10-08 20:26:00,4135.45061,4135.47827,4135.27139,4135.29886,0.0
2026-10-08 20:27:00,4135.32263,4135.32263,4134.93079,4135.01633,0.0
2026-10-08 20:28:00,4135.10621,4135.64505,4134.51211,4134.68299,0.0
2026-10-08 20:29:00,4135.02013,4135.66807,4134.93622,4135.62189,0.0
2026-10-08 20:30:00,4135.53198,4135.53198,4134.50485,4134.64328,0.0
2026-10-08 20:31:00,4134.83649,4134.83649,4134.11055,4134.21951,0.0
2026-10-08 20:32:00,4134.36344,4134.79429,4134.36344,4134.74036,0.0
2026-10-08 20:33:00,4134.61224,4134.61224,4134.28146,4134.33392,0.0
2026-10-08 20:34:00,4134.41483,4134.50921,4134.34538,4134.50921,0.0
2026-10-08 20:35:00,4134.46642,4134.46642,4134.28146,4134.28984,0.0
2026-10-08 20:36:00,4134.29875,4134.29875,4134.10542,4134.17121,0.0
2026-10-08 20:37:00,4134.23331,4134.30872,4134.07612,4134.07983,0.0
2026-10-08 20:38:00,4134.12067,4134.25139,4134.11055,4134.25139,0.0
2026-10-08 20:39:00,4134.14234,4134.38198,4134.14234,4134.32158,0.0
2026-10-08 20:40:00,4134.23042,4134.46114,4133.88957,4134.39995,0.0
2026-10-08 20:41:00,4134.2434,4134.2434,4133.76876,4133.8234,0.0
2026-10-08 20:42:00,4133.93023,4134.13211,4133.50172,4134.06158,0.0
2026-10-08 20:43:00,4133.89738,4133.89738,4133.42702,4133.46255,0.0
2026-10-08 20:44:00,4133.51305,4133.53477,4133.06966,4133.18935,0.0
2026-10-08 20:45:00,4133.36739,4133.83021,4132.63349,4132.81084,0.0
2026-10-08 20:46:00,4133.10936,4133.93964,4133.10936,4133.84868,0.0
2026-10-08 20:47:00,4133.68044,4133.9358,4133.38915,4133.89444,0.0
2026-10-08 20:48:00,4133.79176,4133.79176,4133.25618,4133.29922,0.0
2026-10-08 20:49:00,4133.36069,4133.36069,4133.08535,4133.15234,0.0
2026-10-08 20:50:00,4133.21785,4133.21785,4132.90616,4132.97811,0.0
2026-10-08 20:51:00,4133.07574,4133.07574,4132.57294,4132.6718,0.0
2026-10-08 20:52:00,4132.71276,4133.75123,4132.50357,4133.49678,0.0
2026-10-08 20:53:00,4133.14004,4133.76876,4133.14004,4133.7217,0.0
2026-10-08 20:54:00,4133.54813,4133.93964,4133.41272,4133.89161,0.0
2026-10-08 20:55:00,4133.74251,4133.74251,4132.73244,4132.95579,0.0
2026-10-08 20:56:00,4133.37649,4133.37649,4132.57294,4132.63345,0.0
2026-10-08 20:57:00,4132.75031,4133.83961,4132.71335,4132.71335,0.0
2026-10-08 20:58:00,4132.88033,4134.45239,4132.88033,4134.27078,0.0
2026-10-08 20:59:00,4133.88852,4133.88852,4133.55485,4133.57784,0.0
2026-10-08 21:00:00,4133.60081,4133.60081,4133.25618,4133.33755,0.0
2026-10-08 21:01:00,4133.40384,4133.42702,4133.34824,4133.34824,0.0
2026-10-08 21:02:00,4133.34129,4133.34129,4132.99613,4133.09693,0.0
2026-10-08 21:03:00,4133.21853,4133.21853,4132.77913,4132.86521,0.0
2026-10-08 21:04:00,4132.96454,4133.1345,4132.03063,4132.25834,0.0
2026-10-08 21:05:00,4132.68577,4132.68577,4131.88993,4131.94914,0.0
2026-10-08 21:06:00,4132.08697,4132.24026,4132.06066,4132.21344,0.0
2026-10-08 21:07:00,4132.03486,4132.70545,4132.03486,4132.56241,0.0
2026-10-08 21:08:00,4132.32773,4132.77372,4132.32773,4132.70044,0.0
2026-10-08 21:09:00,4132.52772,4132.91953,4132.52772,4132.88959,0.0
2026-10-08 21:10:00,4132.77861,4132.98231,4132.74373,4132.9339,0.0
2026-10-08 21:11:00,4132.85492,4132.96314,4132.85492,4132.96314,0.0
2026-10-08 21:12:00,4132.87837,4133.063,4132.86353,4132.86353,0.0
2026-10-08 21:13:00,4132.89331,4132.99041,4132.76813,4132.99041,0.0
2026-10-08 21:14:00,4132.91179,4133.02018,4132.74373,4132.76247,0.0
2026-10-08 21:15:00,4132.82735,4132.9161,4132.78764,4132.9161,0.0
2026-10-08 21:16:00,4132.83257,4133.0065,4132.83257,4132.94745,0.0
2026-10-08 21:17:00,4132.84429,4132.91453,4132.84429,4132.90629,0.0
2026-10-08 21:18:00,4132.83929,4132.96479,4132.83929,4132.95487,0.0
2026-10-08 21:19:00,4132.90592,4133.0745,4132.86983,4132.87082,0.0
2026-10-08 21:20:00,4132.88094,4133.08967,4132.88094,4133.08967,0.0
2026-10-08 21:21:00,4133.00516,4133.2409,4133.00516,4133.1728,0.0
2026-10-08 21:22:00,4133.07479,4133.18085,4132.98681,4133.18085,0.0
2026-10-08 21:23:00,4133.09886,4133.25927,4132.99679,4133.00053,0.0
2026-10-08 21:24:00,4133.04492,4133.16225,4132.96718,4133.16225,0.0
2026-10-08 21:25:00,4133.08376,4133.08535,4132.9573,4132.97363,0.0
2026-10-08 21:26:00,4132.98447,4132.98447,4132.63562,4132.71448,0.0
2026-10-08 21:27:00,4132.79827,4133.02085,4132.53006,4132.5864,0.0
2026-10-08 21:28:00,4132.69533,4132.91453,4132.69533,4132.90882,0.0
2026-10-08 21:29:00,4132.86485,4133.00661,4132.86485,4132.98207,0.0
2026-10-08 21:30:00,4132.88197,4133.13609,4132.88197,4133.06386,0.0
2026-10-08 21:31:00,4132.95271,4134.18024,4132.91453,4133.80737,0.0
2026-10-08 21:32:00,4132.84662,4134.90979,4132.84662,4134.67096,0.0
2026-10-08 21:33:00,4134.20943,4134.96527,4134.20943,4134.89282,0.0
2026-10-08 21:34:00,4134.7555,4134.96527,4134.7555,4134.95199,0.0
2026-10-08 21:35:00,4134.85477,4134.96527,4134.79429,4134.92956,0.0
2026-10-08 21:36:00,4134.86274,4134.94756,4134.79429,4134.81754,0.0
2026-10-08 21:37:00,4134.7269,4135.13625,4134.7269,4135.07094,0.0
2026-10-08 21:38:00,4134.95091,4134.96527,4134.68271,4134.76702,0.0
2026-10-08 21:39:00,4134.84897,4135.06659,4134.59567,4134.6415,0.0
2026-10-08 21:40:00,4134.76665,4134.96527,4134.76665,4134.95839,0.0
2026-10-08 21:41:00,4134.87575,4134.99608,4134.87575,4134.9866,0.0
2026-10-08 21:42:00,4134.95155,4135.03599,4134.79429,4134.82898,0.0
2026-10-08 21:43:00,4134.87523,4135.13625,4134.87523,4135.1118,0.0
2026-10-08 21:44:00,4135.01579,4135.01579,4134.94977,4134.94977,0.0
2026-10-08 21:45:00,4134.94542,4134.96527,4134.79429,4134.9613,0.0
2026-10-08 21:46:00,4134.87239,4134.87239,4134.79429,4134.81515,0.0
2026-10-08 21:47:00,4134.84068,4134.84068,4134.62334,4134.67188,0.0
2026-10-08 21:48:00,4134.6505,4135.04778,4134.6505,4134.93889,0.0
2026-10-08 21:49:00,4134.78395,4134.96527,4134.78395,4134.9577,0.0
2026-10-08 21:50:00,4134.8558,4135.08274,4134.8558,4135.01908,0.0
2026-10-08 21:51:00,4134.90719,4134.99201,4134.90719,4134.9827,0.0
2026-10-08 21:52:00,4134.91729,4135.04936,4134.91729,4135.04438,0.0
2026-10-08 21:53:00,4135.00156,4135.00156,4134.79555,4134.8613,0.0
2026-10-08 21:54:00,4134.95435,4134.95435,4134.62334,4134.6804,0.0
2026-10-08 21:55:00,4134.72502,4134.88957,4134.72502,4134.83851,0.0
2026-10-08 21:56:00,4134.75887,4134.85831,4134.74608,4134.85831,0.0
2026-10-08 21:57:00,4134.77207,4134.94456,4134.74188,4134.74188,0.0
2026-10-08 21:58:00,4134.77207,4134.86443,4134.71168,4134.86443,0.0
2026-10-08 21:59:00,4134.77207,4134.95679,4134.74742,4134.74742,0.0
2026-10-08 22:00:00,4134.77207,4135.02183,4134.46977,4134.96417,0.0
2026-10-08 22:01:00,4134.81614,4135.21912,4134.01131,4134.19519,0.0
2026-10-08 22:02:00,4134.54192,4135.41806,4133.52891,4135.32134,0.0
2026-10-08 22:03:00,4135.35832,4135.35832,4131.82418,4132.41646,0.0
2026-10-08 22:04:00,4133.44424,4133.44424,4130.86583,4131.1639,0.0
2026-10-08 22:05:00,4131.57301,4132.73681,4131.57301,4132.49246,0.0
2026-10-08 22:06:00,4132.17054,4132.91453,4132.17054,4132.82505,0.0
2026-10-08 22:07:00,4132.54106,4133.25213,4132.54106,4133.10822,0.0
2026-10-08 22:08:00,4132.84549,4133.59765,4132.84549,4133.42225,0.0
2026-10-08 22:09:00,4133.13786,4134.61316,4133.13786,4134.28132,0.0
2026-10-08 22:10:00,4133.37352,4135.13625,4133.37352,4134.94717,0.0
2026-10-08 22:11:00,4134.64227,4135.11412,4134.64227,4135.03831,0.0
2026-10-08 22:12:00,4134.84615,4135.30725,4134.84615,4135.25971,0.0
2026-10-08 22:13:00,4135.13873,4135.38275,4134.96527,4134.98976,0.0
2026-10-08 22:14:00,4135.0727,4135.99219,4134.25385,4135.76377,0.0
2026-10-08 22:15:00,4135.29125,4135.29125,4133.76876,4133.95564,0.0
2026-10-08 22:16:00,4134.27172,4134.83335,4133.76876,4133.86241,0.0
2026-10-08 22:17:00,4133.81857,4136.551,4133.25469,4135.92934,0.0
2026-10-08 22:18:00,4134.82422,4137.18919,4134.82422,4136.92548,0.0
2026-10-08 22:19:00,4136.4121,4136.4121,4135.82034,4135.87887,0.0
2026-10-08 22:20:00,4135.95873,4135.9914,4135.82639,4135.98083,0.0
2026-10-08 22:21:00,4135.93316,4136.0405,4135.6493,4135.71497,0.0
2026-10-08 22:22:00,4135.74259,4136.16247,4135.74259,4136.09723,0.0
2026-10-08 22:23:00,4135.97606,4136.20708,4135.82034,4136.12819,0.0
2026-10-08 22:24:00,4135.81913,4136.67853,4135.81913,4136.51602,0.0
2026-10-08 22:25:00,4136.28258,4136.84602,4136.28258,4136.74095,0.0
2026-10-08 22:26:00,4136.46414,4137.17909,4136.46414,4137.09256,0.0
2026-10-08 22:27:00,4136.88862,4137.18919,4136.88862,4137.15337,0.0
2026-10-08 22:28:00,4137.06418,4137.06418,4136.74833,4136.82594,0.0
2026-10-08 22:29:00,4136.93026,4136.93026,4136.67577,4136.68765,0.0
2026-10-08 22:30:00,4136.72462,4136.8469,4136.67577,4136.84372,0.0
2026-10-08 22:31:00,4136.75069,4136.84755,4136.67577,4136.69698,0.0
2026-10-08 22:32:00,4136.74804,4136.77009,4136.67577,4136.77009,0.0
2026-10-08 22:33:00,4136.65676,4137.29742,4136.42122,4137.11212,0.0
2026-10-08 22:34:00,4136.82967,4137.3446,4136.82967,4137.27925,0.0
2026-10-08 22:35:00,4137.09985,4137.99111,4137.09985,4137.79763,0.0
2026-10-08 22:36:00,4137.31298,4138.40833,4137.31298,4138.22031,0.0
2026-10-08 22:37:00,4137.97192,4138.40945,4137.97192,4138.39497,0.0
2026-10-08 22:38:00,4138.23921,4138.70812,4138.23921,4138.61625,0.0
2026-10-08 22:39:00,4138.4762,4138.59773,4138.41965,4138.59773,0.0
2026-10-08 22:40:00,4138.53327,4139.16582,4138.0458,4138.20481,0.0
2026-10-08 22:41:00,4138.44738,4139.56508,4138.44738,4139.36802,0.0
2026-10-08 22:42:00,4139.09317,4139.79997,4139.09317,4139.7232,0.0
2026-10-08 22:43:00,4139.41791,4139.92962,4139.41791,4139.88608,0.0
2026-10-08 22:44:00,4139.81003,4139.81003,4139.58656,4139.65936,0.0
2026-10-08 22:45:00,4139.71778,4139.88401,4139.5849,4139.60218,0.0
2026-10-08 22:46:00,4139.65551,4140.11015,4139.65551,4139.98137,0.0
2026-10-08 22:47:00,4139.70492,4140.62267,4139.70492,4140.47675,0.0
2026-10-08 22:48:00,4140.08201,4140.79394,4140.08201,4140.70196,0.0
2026-10-08 22:49:00,4140.57266,4141.1307,4140.11614,4140.99162,0.0
2026-10-08 22:50:00,4140.73052,4140.73052,4139.92962,4140.00328,0.0
2026-10-08 22:51:00,4140.14242,4140.14364,4139.88776,4139.97326,0.0
2026-10-08 22:52:00,4140.06122,4140.06122,4139.35077,4139.55031,0.0
2026-10-08 22:53:00,4139.82118,4139.82118,4138.3531,4138.65741,0.0
2026-10-08 22:54:00,4139.22622,4139.22622,4138.04519,4138.16158,0.0
2026-10-08 22:55:00,4138.38011,4138.5767,4138.38011,4138.52847,0.0
2026-10-08 22:56:00,4138.30532,4138.956,4138.30532,4138.81714,0.0
2026-10-08 22:57:00,4138.62716,4138.90154,4138.62716,4138.88758,0.0
2026-10-08 22:58:00,4138.7565,4138.90154,4138.68305,4138.89497,0.0
2026-10-08 22:59:00,4138.83756,4138.96122,4138.0111,4138.21923,0.0
2026-10-08 23:00:00,4138.60244,4138.60244,4137.87396,4137.9323,0.0
2026-10-08 23:01:00,4138.05997,4139.37374,4136.53149,4138.9455,0.0
2026-10-08 23:02:00,4138.32352,4138.32352,4135.82034,4136.07215,0.0
2026-10-08 23:03:00,4136.55262,4136.61774,4136.50465,4136.60435,0.0
2026-10-08 23:04:00,4136.45092,4139.49967,4133.84844,4138.54327,0.0
2026-10-08 23:05:00,4136.15094,4140.6153,4136.15094,4140.14556,0.0
2026-10-08 23:06:00,4139.35175,4139.92962,4139.35175,4139.86129,0.0
2026-10-08 23:07:00,4139.66796,4140.16299,4139.66796,4140.1047,0.0
2026-10-08 23:08:00,4139.95653,4140.10102,4139.77704,4140.09749,0.0
2026-10-08 23:09:00,4140.05933,4141.64634,4139.58687,4139.65477,0.0
2026-10-08 23:10:00,4139.40866,4142.50207,4139.40866,4142.18395,0.0
2026-10-08 23:11:00,4141.5997,4141.95022,4141.16819,4141.88173,0.0
2026-10-08 23:12:00,4141.75025,4141.75025,4140.95822,4141.02794,0.0
2026-10-08 23:13:00,4141.13178,4141.21937,4140.40326,4140.6033,0.0
2026-10-08 23:14:00,4140.96885,4140.96885,4140.27243,4140.32169,0.0
2026-10-08 23:15:00,4140.40847,4140.45448,4140.27243,4140.31194,0.0
2026-10-08 23:16:00,4140.34073,4140.60793,4140.34073,4140.57203,0.0
2026-10-08 23:17:00,4140.45821,4140.69201,4140.44386,4140.6325,0.0
2026-10-08 23:18:00,4140.53489,4141.84005,4140.53489,4141.43616,0.0
2026-10-08 23:19:00,4140.39593,4142.50207,4140.39593,4142.27743,0.0
2026-10-08 23:20:00,4141.87062,4142.53783,4141.87062,4142.42704,0.0
2026-10-08 23:21:00,4142.22677,4143.88003,4142.22677,4143.43301,0.0
2026-10-08 23:22:00,4142.26515,4144.56233,4142.26515,4144.30823,0.0
2026-10-08 23:23:00,4143.84818,4144.55058,4142.93546,4144.3251,0.0
2026-10-08 23:24:00,4143.98061,4143.98061,4142.50207,4142.65648,0.0
2026-10-08 23:25:00,4142.93876,4143.12873,4142.67368,4142.74102,0.0
2026-10-08 23:26:00,4142.75395,4143.36027,4142.75395,4143.29554,0.0
2026-10-08 23:27:00,4143.12569,4143.57397,4141.61259,4142.04002,0.0
2026-10-08 23:28:00,4142.96156,4142.96156,4141.00172,4141.22106,0.0
2026-10-08 23:29:00,4141.70675,4142.50207,4141.70675,4142.42295,0.0
2026-10-08 23:30:00,4142.2335,4142.2335,4141.80123,4141.87306,0.0
2026-10-08 23:31:00,4141.97257,4143.0638,4141.47271,4141.53422,0.0
2026-10-08 23:32:00,4141.92517,4143.82221,4141.92517,4143.58344,0.0
2026-10-08 23:33:00,4143.16483,4143.16483,4141.98733,4142.0907,0.0
2026-10-08 23:34:00,4142.37424,4142.94945,4142.2829,4142.87167,0.0
2026-10-08 23:35:00,4142.69315,4142.69315,4142.15889,4142.21205,0.0
2026-10-08 23:36:00,4142.36539,4142.71827,4142.1727,4142.66186,0.0
2026-10-08 23:37:00,4142.5111,4142.5111,4142.15889,4142.17768,0.0
2026-10-08 23:38:00,4142.23776,4142.33113,4142.23776,4142.33113,0.0
2026-10-08 23:39:00,4142.26013,4142.33048,4142.22713,4142.31735,0.0
2026-10-08 23:40:00,4142.27281,4142.3241,4141.98733,4142.03435,0.0
2026-10-08 23:41:00,4142.09301,4142.50207,4142.09301,4142.4589,0.0
2026-10-08 23:42:00,4142.31857,4142.50207,4142.14557,4142.46577,0.0
2026-10-08 23:43:00,4142.36434,4142.36434,4141.29458,4141.56263,0.0
2026-10-08 23:44:00,4142.0207,4142.0207,4140.95822,4141.08116,0.0
2026-10-08 23:45:00,4141.27795,4141.27795,4140.95822,4140.99581,0.0
2026-10-08 23:46:00,4141.01088,4141.1297,4140.78724,4141.11674,0.0
2026-10-08 23:47:00,4141.05775,4141.05775,4140.14184,4140.34251,0.0
2026-10-08 23:48:00,4140.68288,4140.68288,4139.75824,4139.88598,0.0
2026-10-08 23:49:00,4140.10949,4140.46082,4140.10102,4140.36545,0.0
2026-10-08 23:50:00,4140.05605,4142.24096,4138.99282,4141.61354,0.0
2026-10-08 23:51:00,4140.51999,4142.84531,4140.51999,4142.58083,0.0
2026-10-08 23:52:00,4142.10111,4142.73424,4142.10111,4142.64178,0.0
2026-10-08 23:53:00,4142.33234,4143.97267,4141.7116,4143.52847,0.0
2026-10-08 23:54:00,4142.86391,4144.39057,4142.86391,4144.20715,0.0
2026-10-08 23:55:00,4143.81032,4144.32991,4143.54169,4144.14967,0.0
2026-10-08 23:56:00,4143.74338,4144.39057,4143.44549,4144.34431,0.0
2026-10-08 23:57:00,4144.25756,4144.25756,4142.84531,4143.04018,0.0
2026-10-08 23:58:00,4143.3287,4144.20626,4143.3287,4144.00808,0.0
2026-10-08 23:59:00,4143.74191,4144.39057,4143.74191,4144.32201,0.0
2026-10-09 00:00:00,4144.04147,4147.67408,4141.14141,4146.5625,0.0
2026-10-09 00:01:00,4143.83557,4148.68901,4143.83557,4148.24557,0.0
2026-10-09 00:02:00,4147.4391,4148.51691,4147.4391,4148.38749,0.0
2026-10-09 00:03:00,4148.13255,4148.48466,4148.13255,4148.42635,0.0
2026-10-09 00:04:00,4148.22092,4148.51691,4148.22092,4148.48629,0.0
2026-10-09 00:05:00,4148.42616,4148.6724,4148.17273,4148.25539,0.0
2026-10-09 00:06:00,4148.23743,4148.86114,4148.23743,4148.79606,0.0
2026-10-09 00:07:00,4148.65365,4148.94543,4148.34481,4148.40302,0.0
2026-10-09 00:08:00,4148.37558,4149.20543,4148.29023,4149.12687,0.0
2026-10-09 00:09:00,4148.84942,4150.82754,4145.47499,4146.41585,0.0
2026-10-09 00:10:00,4147.97011,4147.97011,4144.3457,4144.79101,0.0
2026-10-09 00:11:00,4145.75574,4145.75574,4143.70364,4143.9124,0.0
2026-10-09 00:12:00,4144.27765,4145.01182,4143.87535,4143.94936,0.0
2026-10-09 00:13:00,4144.08449,4146.62165,4144.08449,4146.10834,0.0
2026-10-09 00:14:00,4144.78312,4147.31254,4144.78312,4147.05066,0.0
2026-10-09 00:15:00,4146.59994,4147.14197,4146.59994,4147.02736,0.0
2026-10-09 00:16:00,4146.78217,4147.33974,4146.78217,4147.29636,0.0
2026-10-09 00:17:00,4147.14998,4148.68642,4146.69747,4148.18424,0.0
2026-10-09 00:18:00,4147.5096,4149.20543,4147.5096,4149.00962,0.0
2026-10-09 00:19:00,4148.56254,4148.68901,4148.56254,4148.67744,0.0
2026-10-09 00:20:00,4148.64206,4148.64206,4148.51691,4148.52729,0.0
2026-10-09 00:21:00,4148.50513,4148.68901,4147.78128,4148.67005,0.0
2026-10-09 00:22:00,4148.51811,4148.51811,4146.9411,4147.23938,0.0
2026-10-09 00:23:00,4147.84174,4147.84174,4144.60541,4145.44724,0.0
2026-10-09 00:24:00,4147.0948,4147.0948,4143.15765,4143.59221,0.0
2026-10-09 00:25:00,4144.16406,4144.16406,4142.50207,4142.73036,0.0
2026-10-09 00:26:00,4143.12059,4143.12059,4142.66009,4142.6873,0.0
2026-10-09 00:27:00,4142.71106,4142.71106,4142.33048,4142.41197,0.0
2026-10-09 00:28:00,4142.49301,4142.50207,4142.33048,4142.34526,0.0
2026-10-09 00:29:00,4142.35926,4143.50486,4142.15889,4142.16637,0.0
2026-10-09 00:30:00,4142.36671,4144.21881,4142.36671,4144.01511,0.0
2026-10-09 00:31:00,4143.45658,4145.8031,4142.19718,4145.18279,0.0
2026-10-09 00:32:00,4143.89855,4146.95479,4143.89855,4146.47643,0.0
2026-10-09 00:33:00,4145.85846,4147.48455,4145.85846,4147.28903,0.0
2026-10-09 00:34:00,4146.8128,4149.35753,4146.10069,4148.66533,0.0
2026-10-09 00:35:00,4146.9004,4150.23864,4146.9004,4149.87433,0.0
2026-10-09 00:36:00,4149.20734,4149.54939,4148.67022,4149.43409,0.0
2026-10-09 00:37:00,4149.20643,4149.20643,4148.51691,4148.58027,0.0
2026-10-09 00:38:00,4148.67806,4148.85926,4148.05293,4148.23244,0.0
2026-10-09 00:39:00,4148.54487,4148.54487,4147.89032,4147.95674,0.0
2026-10-09 00:40:00,4148.03048,4148.03048,4147.48455,4147.59258,0.0
2026-10-09 00:41:00,4147.7,4149.31013,4146.37113,4148.78461,0.0
2026-10-09 00:42:00,4147.58595,4149.78011,4147.58595,4149.54423,0.0
2026-10-09 00:43:00,4149.23764,4150.38724,4148.90708,4150.15824,0.0
2026-10-09 00:44:00,4149.76573,4149.76573,4147.96076,4148.32024,0.0
2026-10-09 00:45:00,4148.92571,4148.92571,4147.31254,4147.51113,0.0
2026-10-09 00:46:00,4147.65745,4148.86114,4147.11422,4148.74854,0.0
2026-10-09 00:47:00,4148.52222,4148.52222,4146.00434,4146.32649,0.0
2026-10-09 00:48:00,4146.80003,4147.24016,4144.16566,4144.81371,0.0
2026-10-09 00:49:00,4146.22109,4146.22109,4143.36027,4143.63911,0.0
2026-10-09 00:50:00,4144.2345,4144.84748,4144.2345,4144.72551,0.0
2026-10-09 00:51:00,4144.34864,4145.07772,4143.81912,4145.00837,0.0
2026-10-09 00:52:00,4144.66566,4144.66566,4143.01694,4143.27472,0.0
2026-10-09 00:53:00,4143.75034,4144.30125,4142.25765,4142.58574,0.0
2026-10-09 00:54:00,4143.32246,4144.56233,4143.32246,4144.41889,0.0
2026-10-09 00:55:00,4144.12426,4145.80076,4144.12426,4145.38972,0.0
2026-10-09 00:56:00,4144.29169,4146.28079,4144.29169,4146.08357,0.0
2026-10-09 00:57:00,4145.77893,4146.63599,4145.20723,4146.43049,0.0
2026-10-09 00:58:00,4146.09543,4146.09543,4144.83583,4144.97197,0.0
2026-10-09 00:59:00,4145.13605,4145.43021,4143.86707,4144.16981,0.0
2026-10-09 01:00:00,4144.76859,4144.88284,4143.21227,4143.45409,0.0
2026-10-09 01:01:00,4144.06637,4147.24623,4144.06637,4146.3513,0.0
2026-10-09 01:02:00,4145.21936,4148.51691,4145.21936,4148.09803,0.0
2026-10-09 01:03:00,4147.30996,4148.86114,4147.30996,4148.72231,0.0
2026-10-09 01:04:00,4148.35124,4148.88707,4148.35124,4148.81884,0.0
2026-10-09 01:05:00,4148.71989,4149.61799,4148.68901,4149.33963,0.0
2026-10-09 01:06:00,4148.60385,4150.0664,4148.48131,4149.91561,0.0
2026-10-09 01:07:00,4149.4097,4149.4097,4147.65657,4147.92287,0.0
2026-10-09 01:08:00,4148.3111,4149.61066,4147.25293,4149.19031,0.0
2026-10-09 01:09:00,4148.42612,4150.70955,4148.42612,4150.24915,0.0
2026-10-09 01:10:00,4149.66847,4151.27236,4149.66847,4151.09325,0.0
2026-10-09 01:11:00,4150.64165,4150.95012,4150.64165,4150.89391,0.0
2026-10-09 01:12:00,4150.80454,4152.66454,4150.74047,4150.74047,0.0
2026-10-09 01:13:00,4151.13041,4153.6864,4151.13041,4153.37678,0.0
2026-10-09 01:14:00,4152.6528,4155.60104,4150.42694,4154.72478,0.0
2026-10-09 01:15:00,4152.53026,4156.9465,4152.53026,4156.42018,0.0
2026-10-09 01:16:00,4155.44361,4157.48555,4155.44361,4157.23663,0.0
2026-10-09 01:17:00,4156.76641,4157.28494,4156.76641,4157.16086,0.0
2026-10-09 01:18:00,4156.77572,4157.48555,4156.49641,4157.40875,0.0
2026-10-09 01:19:00,4157.18683,4157.18683,4155.93051,4156.10013,0.0
2026-10-09 01:20:00,4156.25342,4156.96708,4156.25342,4156.87843,0.0
2026-10-09 01:21:00,4156.69757,4156.98061,4156.44873,4156.50032,0.0
2026-10-09 01:22:00,4156.41524,4159.27628,4155.0001,4158.52341,0.0
2026-10-09 01:23:00,4156.63941,4161.75736,4156.50333,4160.85627,0.0
2026-10-09 01:24:00,4158.71113,4162.85072,4158.71113,4162.40582,0.0
2026-10-09 01:25:00,4161.50838,4161.58519,4160.42603,4160.59207,0.0
2026-10-09 01:26:00,4160.65286,4162.41937,4160.65286,4162.12249,0.0
2026-10-09 01:27:00,4161.65601,4162.56268,4161.65601,4162.45773,0.0
2026-10-09 01:28:00,4162.23277,4162.67743,4162.1878,4162.64974,0.0
2026-10-09 01:29:00,4162.56356,4162.81205,4161.98443,4162.02911,0.0
2026-10-09 01:30:00,4162.21988,4163.02402,4162.21988,4162.9615,0.0
2026-10-09 01:31:00,4162.80339,4163.89046,4161.49385,4161.85036,0.0
2026-10-09 01:32:00,4162.68571,4165.49438,4162.68571,4164.86685,0.0
2026-10-09 01:33:00,4164.08003,4166.31947,4164.08003,4166.06263,0.0
2026-10-09 01:34:00,4165.41598,4167.29575,4165.41598,4166.97803,0.0
2026-10-09 01:35:00,4166.2524,4168.67961,4166.2524,4168.13956,0.0
2026-10-09 01:36:00,4167.38517,4169.84672,4167.38517,4169.39346,0.0
2026-10-09 01:37:00,4168.72725,4170.48962,4168.72725,4170.3075,0.0
2026-10-09 01:38:00,4169.88876,4169.88876,4169.61772,4169.70045,0.0
2026-10-09 01:39:00,4169.8066,4169.8066,4169.27246,4169.36505,0.0
2026-10-09 01:40:00,4169.47381,4171.44174,4167.4657,4168.13025,0.0
2026-10-09 01:41:00,4169.25901,4172.22964,4169.25901,4171.89105,0.0
2026-10-09 01:42:00,4171.2979,4173.29224,4171.2979,4172.67743,0.0
2026-10-09 01:43:00,4171.37031,4174.14534,4171.37031,4173.84322,0.0
2026-10-09 01:44:00,4173.08717,4173.23874,4170.97132,4171.40376,0.0
2026-10-09 01:45:00,4172.31847,4172.31847,4170.14679,4170.45647,0.0
2026-10-09 01:46:00,4170.94078,4170.94078,4169.4463,4169.66118,0.0
2026-10-09 01:47:00,4169.86965,4172.06631,4169.04771,4171.52362,0.0
2026-10-09 01:48:00,4170.55023,4173.98688,4170.55023,4173.24419,0.0
2026-10-09 01:49:00,4172.22374,4175.0167,4172.22374,4174.67148,0.0
2026-10-09 01:50:00,4173.99491,4174.00945,4173.44852,4173.5244,0.0
2026-10-09 01:51:00,4173.67696,4173.97112,4173.67696,4173.94491,0.0
2026-10-09 01:52:00,4173.85649,4173.85649,4173.59663,4173.62932,0.0
2026-10-09 01:53:00,4173.66361,4174.14412,4173.44852,4173.46114,0.0
2026-10-09 01:54:00,4173.57762,4174.74891,4173.21239,4174.53794,0.0
2026-10-09 01:55:00,4174.1349,4174.1349,4172.59161,4172.83264,0.0
2026-10-09 01:56:00,4173.26843,4173.26843,4172.22964,4172.33861,0.0
2026-10-09 01:57:00,4172.50666,4172.7723,4172.40372,4172.43131,0.0
2026-10-09 01:58:00,4172.50938,4174.31536,4172.50938,4173.77503,0.0
2026-10-09 01:59:00,4172.51143,4175.19101,4172.51143,4174.89895,0.0
2026-10-09 02:00:00,4174.3165,4174.8424,4174.3165,4174.79814,0.0
2026-10-09 02:01:00,4174.70925,4174.79549,4174.66811,4174.79549,0.0
2026-10-09 02:02:00,4174.71676,4174.88801,4174.66811,4174.83621,0.0
2026-10-09 02:03:00,4174.75865,4175.6635,4173.71592,4175.35928,0.0
2026-10-09 02:04:00,4174.80924,4174.80924,4173.27435,4173.43862,0.0
2026-10-09 02:05:00,4173.79234,4175.48626,4172.13544,4174.9536,0.0
2026-10-09 02:06:00,4173.76054,4173.76054,4171.32335,4171.65012,0.0
2026-10-09 02:07:00,4172.32082,4172.32082,4171.01147,4171.11757,0.0
2026-10-09 02:08:00,4171.3186,4171.45419,4171.18545,4171.22373,0.0
2026-10-09 02:09:00,4171.22317,4172.22218,4171.22317,4171.98921,0.0
2026-10-09 02:10:00,4171.42483,4173.51038,4171.36758,4173.01444,0.0
2026-10-09 02:11:00,4172.32773,4174.65185,4171.96412,4174.23717,0.0
2026-10-09 02:12:00,4173.62265,4173.62265,4171.35945,4171.57739,0.0
2026-10-09 02:13:00,4171.9567,4171.9567,4171.53346,4171.63367,0.0
2026-10-09 02:14:00,4171.72628,4171.72628,4171.51788,4171.58122,0.0
2026-10-09 02:15:00,4171.65126,4172.14041,4170.51584,4170.82925,0.0
2026-10-09 02:16:00,4171.44873,4171.44873,4170.31569,4170.39554,0.0
2026-10-09 02:17:00,4170.63131,4171.95001,4170.63131,4171.58324,0.0
2026-10-09 02:18:00,4170.81255,4172.65309,4170.81255,4172.45317,0.0
2026-10-09 02:19:00,4171.94388,4172.75193,4171.61218,4172.7003,0.0
2026-10-09 02:20:00,4172.5918,4172.5918,4171.01147,4171.18604,0.0
2026-10-09 02:21:00,4171.47434,4171.47434,4171.24867,4171.30317,0.0
2026-10-09 02:22:00,4171.3771,4171.61291,4171.01147,4171.09637,0.0
2026-10-09 02:23:00,4171.10971,4172.27978,4171.10295,4172.02265,0.0
2026-10-09 02:24:00,4171.68179,4172.40372,4171.68179,4172.33451,0.0
2026-10-09 02:25:00,4172.1286,4172.1286,4171.53665,4171.70918,0.0
2026-10-09 02:26:00,4171.92109,4171.92109,4171.01147,4171.16355,0.0
2026-10-09 02:27:00,4171.33054,4171.70748,4171.33054,4171.64539,0.0
2026-10-09 02:28:00,4171.5388,4171.58769,4171.45882,4171.58769,0.0
2026-10-09 02:29:00,4171.53262,4171.67499,4171.44159,4171.46405,0.0
2026-10-09 02:30:00,4171.48075,4171.65277,4170.51774,4171.6465,0.0
2026-10-09 02:31:00,4171.72166,4171.72166,4169.96789,4170.14115,0.0
2026-10-09 02:32:00,4170.46358,4170.58752,4170.46358,4170.55272,0.0
2026-10-09 02:33:00,4170.44633,4172.36581,4170.37755,4171.77679,0.0
2026-10-09 02:34:00,4170.27017,4173.1002,4170.27017,4172.80632,0.0
2026-10-09 02:35:00,4172.22818,4172.22818,4171.69095,4171.81985,0.0
2026-10-09 02:36:00,4172.01135,4172.86722,4170.79272,4171.13958,0.0
2026-10-09 02:37:00,4171.73263,4174.16906,4171.73263,4173.64073,0.0
2026-10-09 02:38:00,4172.96359,4175.85162,4172.96359,4175.23291,0.0
2026-10-09 02:39:00,4174.35148,4176.76829,4174.35148,4176.49942,0.0
2026-10-09 02:40:00,4175.74853,4177.28393,4175.74853,4177.11122,0.0
2026-10-09 02:41:00,4176.82421,4177.2941,4176.69657,4177.24013,0.0
2026-10-09 02:42:00,4177.11512,4177.46174,4176.29397,4176.45433,0.0
2026-10-09 02:43:00,4176.66751,4177.63295,4176.66751,4177.53083,0.0
2026-10-09 02:44:00,4177.30727,4177.30727,4176.05341,4176.37117,0.0
2026-10-09 02:45:00,4176.88199,4176.88199,4175.53969,4175.71094,0.0
2026-10-09 02:46:00,4176.04934,4177.12898,4176.04934,4176.92595,0.0
2026-10-09 02:47:00,4176.33078,4177.45843,4176.05129,4177.33909,0.0
2026-10-09 02:48:00,4177.01701,4177.01701,4175.19101,4175.45029,0.0
2026-10-09 02:49:00,4175.88183,4175.88183,4175.40681,4175.52264,0.0
2026-10-09 02:50:00,4175.69523,4175.86957,4175.19101,4175.2536,0.0
2026-10-09 02:51:00,4175.16662,4176.32291,4175.16662,4176.15001,0.0
2026-10-09 02:52:00,4175.91064,4176.25785,4175.91064,4176.24645,0.0
2026-10-09 02:53:00,4176.15924,4176.88667,4175.3677,4175.60794,0.0
2026-10-09 02:54:00,4176.03365,4177.90002,4176.03365,4177.47473,0.0
2026-10-09 02:55:00,4176.93704,4178.33117,4176.93704,4178.18927,0.0
2026-10-09 02:56:00,4177.76126,4178.93789,4177.76126,4178.74239,0.0
2026-10-09 02:57:00,4178.37787,4179.24818,4178.37787,4179.08215,0.0
2026-10-09 02:58:00,4178.81951,4179.49079,4178.81951,4179.42377,0.0
2026-10-09 02:59:00,4179.16039,4179.55362,4178.85644,4179.5303,0.0
2026-10-09 03:00:00,4179.39708,4179.39708,4177.96933,4178.23433,0.0
2026-10-09 03:01:00,4178.71332,4178.71332,4177.35164,4177.58642,0.0
2026-10-09 03:02:00,4178.00518,4178.00518,4176.37556,4176.67969,0.0
2026-10-09 03:03:00,4177.11634,4177.21581,4175.12443,4175.56563,0.0
2026-10-09 03:04:00,4176.51776,4176.51776,4174.56793,4174.7655,0.0
2026-10-09 03:05:00,4175.02266,4175.79559,4173.97112,4174.13299,0.0
2026-10-09 03:06:00,4174.27928,4176.41163,4174.27928,4176.21231,0.0
2026-10-09 03:07:00,4175.79988,4175.83338,4174.56865,4174.89167,0.0
2026-10-09 03:08:00,4175.55016,4175.55016,4174.14534,4174.283,0.0
2026-10-09 03:09:00,4174.48941,4174.48941,4173.97112,4174.06054,0.0
2026-10-09 03:10:00,4174.14933,4174.90213,4173.69502,4174.65538,0.0
2026-10-09 03:11:00,4174.14694,4175.19351,4174.14694,4175.0338,0.0
2026-10-09 03:12:00,4174.80187,4176.33887,4174.80187,4175.93822,0.0
2026-10-09 03:13:00,4174.93842,4176.93497,4174.93842,4176.73614,0.0
2026-10-09 03:14:00,4176.36566,4176.95094,4175.25322,4176.78206,0.0
2026-10-09 03:15:00,4176.59413,4176.59413,4174.66811,4174.86792,0.0
2026-10-09 03:16:00,4175.28494,4175.75947,4175.28494,4175.69251,0.0
2026-10-09 03:17:00,4175.51998,4175.88842,4175.16254,4175.84971,0.0
2026-10-09 03:18:00,4175.70714,4175.70714,4174.8424,4174.93788,0.0
2026-10-09 03:19:00,4175.0796,4175.36534,4175.0796,4175.34756,0.0
2026-10-09 03:20:00,4175.2653,4175.36534,4174.48115,4175.35239,0.0
2026-10-09 03:21:00,4175.33197,4175.33197,4173.97112,4174.13879,0.0
2026-10-09 03:22:00,4174.31892,4175.37387,4174.31892,4175.22315,0.0
2026-10-09 03:23:00,4175.01974,4175.94107,4174.49859,4175.72279,0.0
2026-10-09 03:24:00,4175.33972,4175.33972,4174.14534,4174.27742,0.0
2026-10-09 03:25:00,4174.58539,4175.75088,4174.58539,4175.41423,0.0
2026-10-09 03:26:00,4174.63055,4177.06183,4174.63055,4176.6521,0.0
2026-10-09 03:27:00,4175.62127,4177.45843,4175.62127,4177.27089,0.0
2026-10-09 03:28:00,4176.88747,4177.31851,4176.41163,4176.51026,0.0
2026-10-09 03:29:00,4176.46874,4177.80749,4176.46874,4177.64891,0.0
2026-10-09 03:30:00,4177.38462,4178.2175,4176.58738,4178.03635,0.0
2026-10-09 03:31:00,4177.80323,4177.80323,4176.23721,4176.3509,0.0
2026-10-09 03:32:00,4176.49449,4176.49449,4175.81598,4175.94706,0.0
2026-10-09 03:33:00,4176.14082,4176.14082,4175.71405,4175.7612,0.0
2026-10-09 03:34:00,4175.83111,4175.83111,4175.53969,4175.6,0.0
2026-10-09 03:35:00,4175.60721,4176.05172,4175.60721,4175.9769,0.0
2026-10-09 03:36:00,4175.83812,4175.995,4175.83812,4175.97303,0.0
2026-10-09 03:37:00,4175.89833,4176.06281,4175.69533,4176.04458,0.0
2026-10-09 03:38:00,4175.97875,4176.16619,4175.53969,4175.56739,0.0
2026-10-09 03:39:00,4175.69224,4176.41163,4175.69224,4176.33584,0.0
2026-10-09 03:40:00,4176.12798,4176.12798,4175.65603,4175.78096,0.0
2026-10-09 03:41:00,4175.95322,4175.95322,4175.19101,4175.3238,0.0
2026-10-09 03:42:00,4175.52056,4176.40154,4174.53576,4174.79666,0.0
2026-10-09 03:43:00,4175.46807,4176.88692,4175.46807,4176.67479,0.0
2026-10-09 03:44:00,4176.23808,4177.28393,4176.23808,4177.16901,0.0
2026-10-09 03:45:00,4176.9219,4176.9219,4175.31419,4175.77277,0.0
2026-10-09 03:46:00,4176.76335,4176.76335,4174.66811,4174.87494,0.0
2026-10-09 03:47:00,4175.27782,4176.50594,4175.27782,4176.09076,0.0
2026-10-09 03:48:00,4175.49945,4177.10944,4175.49945,4176.93804,0.0
2026-10-09 03:49:00,4176.46596,4177.19251,4176.46596,4177.0576,0.0
2026-10-09 03:50:00,4176.86815,4177.17131,4176.79256,4177.14427,0.0
2026-10-09 03:51:00,4177.03469,4177.03469,4176.7605,4176.78626,0.0
2026-10-09 03:52:00,4176.84402,4177.02634,4176.7605,4176.96879,0.0
2026-10-09 03:53:00,4176.799,4178.05228,4176.7776,4177.73237,0.0
2026-10-09 03:54:00,4176.91441,4178.72053,4176.91441,4178.44207,0.0
2026-10-09 03:55:00,4178.07077,4178.85499,4178.07077,4178.77792,0.0
2026-10-09 03:56:00,4178.53062,4179.12184,4178.53062,4178.9961,0.0
2026-10-09 03:57:00,4178.76057,4179.54867,4178.76057,4179.3445,0.0
2026-10-09 03:58:00,4179.0293,4180.26417,4178.28641,4180.00763,0.0
2026-10-09 03:59:00,4179.43978,4179.43978,4177.63295,4177.88208,0.0
2026-10-09 04:00:00,4178.31324,4178.31324,4177.80749,4177.87936,0.0
2026-10-09 04:01:00,4177.98206,4178.77691,4177.97752,4177.97752,0.0
2026-10-09 04:02:00,4178.12126,4179.08872,4178.12126,4178.9906,0.0
2026-10-09 04:03:00,4178.63307,4179.37894,4178.63307,4179.28182,0.0
2026-10-09 04:04:00,4179.04902,4179.23679,4178.17448,4178.39595,0.0
2026-10-09 04:05:00,4178.80838,4178.80838,4177.98203,4178.06027,0.0
2026-10-09 04:06:00,4178.1999,4178.49899,4177.98203,4178.03206,0.0
2026-10-09 04:07:00,4177.98391,4178.85499,4177.98391,4178.75616,0.0
2026-10-09 04:08:00,4178.56742,4179.05161,4178.56742,4178.91457,0.0
2026-10-09 04:09:00,4178.67724,4179.27797,4178.40405,4179.20253,0.0
2026-10-09 04:10:00,4179.03264,4179.03264,4178.1566,4178.24529,0.0
2026-10-09 04:11:00,4178.38049,4178.69135,4177.98203,4178.07188,0.0
2026-10-09 04:12:00,4178.08261,4179.86824,4177.72429,4179.43328,0.0
2026-10-09 04:13:00,4178.8044,4180.07775,4178.8044,4179.97107,0.0
2026-10-09 04:14:00,4179.70964,4179.72832,4179.41408,4179.5067,0.0
2026-10-09 04:15:00,4179.63615,4179.63615,4179.02963,4179.13582,0.0
2026-10-09 04:16:00,4179.27942,4179.59277,4179.27942,4179.51889,0.0
2026-10-09 04:17:00,4179.33576,4179.93818,4179.33576,4179.77696,0.0
2026-10-09 04:18:00,4179.54613,4180.14947,4179.46437,4180.07308,0.0
2026-10-09 04:19:00,4179.90664,4180.04853,4179.18255,4179.28074,0.0
2026-10-09 04:20:00,4179.57469,4180.28104,4179.57469,4180.17499,0.0
2026-10-09 04:21:00,4179.82828,4182.31692,4178.78791,4181.65782,0.0
2026-10-09 04:22:00,4180.00184,4183.05028,4180.00184,4182.72713,0.0
2026-10-09 04:23:00,4182.21217,4182.52998,4182.21217,4182.52998,0.0
2026-10-09 04:24:00,4182.44853,4182.5293,4182.35048,4182.37171,0.0
2026-10-09 04:25:00,4182.41483,4182.76745,4182.35048,4182.36535,0.0
2026-10-09 04:26:00,4182.35595,4183.06002,4182.35595,4182.98754,0.0
2026-10-09 04:27:00,4182.77496,4183.05028,4182.77496,4183.02863,0.0
2026-10-09 04:28:00,4182.97216,4183.06367,4182.4,4182.56595,0.0
2026-10-09 04:29:00,4182.85154,4182.85154,4182.17557,4182.25245,0.0
2026-10-09 04:30:00,4182.40376,4183.07159,4182.35048,4182.86067,0.0
2026-10-09 04:31:00,4182.23685,4183.40027,4182.23685,4183.28598,0.0
2026-10-09 04:32:00,4183.08737,4183.46118,4183.05028,4183.33107,0.0
2026-10-09 04:33:00,4183.01247,4184.12445,4183.01247,4183.93106,0.0
2026-10-09 04:34:00,4183.45651,4184.67669,4183.45651,4184.43813,0.0
2026-10-09 04:35:00,4184.12799,4185.01913,4184.12799,4184.88376,0.0
2026-10-09 04:36:00,4184.46513,4185.32625,4184.46513,4185.231,0.0
2026-10-09 04:37:00,4184.9903,4185.07289,4184.04311,4184.26509,0.0
2026-10-09 04:38:00,4184.68032,4184.68032,4183.92536,4183.97561,0.0
2026-10-09 04:39:00,4184.07503,4184.35684,4183.56659,4184.25963,0.0
2026-10-09 04:40:00,4184.05888,4184.05888,4183.40027,4183.46806,0.0
2026-10-09 04:41:00,4183.58984,4183.58984,4183.3711,4183.42921,0.0
2026-10-09 04:42:00,4183.46991,4183.46991,4183.275,4183.32022,0.0
2026-10-09 04:43:00,4183.37637,4183.37637,4182.91468,4183.01254,0.0
2026-10-09 04:44:00,4183.14913,4183.14913,4182.08218,4182.37053,0.0
2026-10-09 04:45:00,4182.74572,4182.74572,4181.17031,4181.47535,0.0
2026-10-09 04:46:00,4182.09124,4182.09124,4180.53056,4180.76871,0.0
2026-10-09 04:47:00,4181.09197,4181.48835,4178.95414,4179.44762,0.0
2026-10-09 04:48:00,4180.29737,4180.29737,4178.33117,4178.57416,0.0
2026-10-09 04:49:00,4178.99261,4178.99261,4177.83575,4178.15016,0.0
2026-10-09 04:50:00,4178.60822,4178.60822,4177.28393,4177.47048,0.0
2026-10-09 04:51:00,4177.756,4177.83266,4177.756,4177.83266,0.0
2026-10-09 04:52:00,4177.81,4177.94162,4177.63295,4177.66379,0.0
2026-10-09 04:53:00,4177.7195,4178.03114,4177.53867,4178.00267,0.0
2026-10-09 04:54:00,4177.92182,4177.92182,4177.28393,4177.35961,0.0
2026-10-09 04:55:00,4177.54736,4177.87173,4177.54736,4177.8649,0.0
2026-10-09 04:56:00,4177.7369,4178.9846,4176.95998,4178.60048,0.0
2026-10-09 04:57:00,4178.01455,4179.87546,4178.01455,4179.49754,0.0
2026-10-09 04:58:00,4178.94343,4181.43252,4178.94343,4180.91722,0.0
2026-10-09 04:59:00,4179.72266,4182.17557,4179.72266,4181.92917,0.0
2026-10-09 05:00:00,4181.45354,4183.21277,4181.45354,4182.62736,0.0
2026-10-09 05:01:00,4181.88486,4185.17274,4181.88486,4184.46418,0.0
2026-10-09 05:02:00,4183.51368,4186.44245,4183.51368,4186.04257,0.0
2026-10-09 05:03:00,4185.09337,4187.39939,4185.09337,4187.10064,0.0
2026-10-09 05:04:00,4186.40981,4187.60469,4185.52428,4187.51638,0.0
2026-10-09 05:05:00,4187.59113,4187.59113,4183.85414,4184.39301,0.0
2026-10-09 05:06:00,4185.18682,4185.18682,4182.87531,4183.1887,0.0
2026-10-09 05:07:00,4183.65169,4185.19537,4182.67375,4184.72413,0.0
2026-10-09 05:08:00,4183.9629,4186.63646,4183.9629,4186.05927,0.0
2026-10-09 05:09:00,4185.3375,4187.42934,4185.3375,4187.17881,0.0
2026-10-09 05:10:00,4186.54967,4187.42934,4186.54967,4187.35236,0.0
2026-10-09 05:11:00,4187.21226,4187.40009,4187.0105,4187.37397,0.0
2026-10-09 05:12:00,4187.28982,4187.28982,4186.31362,4186.54907,0.0
2026-10-09 05:13:00,4186.87637,4186.87637,4185.85182,4185.98668,0.0
2026-10-09 05:14:00,4186.18762,4187.3886,4186.18762,4187.1751,0.0
2026-10-09 05:15:00,4186.61351,4187.70928,4186.61351,4187.55967,0.0
2026-10-09 05:16:00,4187.35955,4188.37421,4187.35955,4188.11093,0.0
2026-10-09 05:17:00,4187.45767,4189.59896,4187.45767,4189.21732,0.0
2026-10-09 05:18:00,4188.29356,4190.359,4188.29356,4190.03608,0.0
2026-10-09 05:19:00,4189.6109,4190.59348,4189.6109,4190.48255,0.0
2026-10-09 05:20:00,4190.16156,4191.15401,4190.16156,4190.99169,0.0
2026-10-09 05:21:00,4190.64601,4191.11484,4190.5256,4191.09692,0.0
2026-10-09 05:22:00,4191.04074,4191.04074,4190.23675,4190.33106,0.0
2026-10-09 05:23:00,4190.43235,4190.76356,4190.32789,4190.74643,0.0
2026-10-09 05:24:00,4190.67602,4190.83426,4190.06117,4190.14656,0.0
2026-10-09 05:25:00,4190.11332,4191.20072,4190.11332,4191.04907,0.0
2026-10-09 05:26:00,4190.84387,4191.97875,4190.07176,4191.6755,0.0
2026-10-09 05:27:00,4191.17912,4191.17912,4189.51321,4189.72973,0.0
2026-10-09 05:28:00,4190.27276,4192.14178,4190.27276,4191.67645,0.0
2026-10-09 05:29:00,4190.97106,4192.87212,4190.97106,4192.65931,0.0
2026-10-09 05:30:00,4192.21247,4194.52381,4190.2754,4190.90444,0.0
2026-10-09 05:31:00,4191.90312,4197.08902,4191.90312,4196.15144,0.0
2026-10-09 05:32:00,4194.3507,4198.32907,4194.3507,4197.86564,0.0
2026-10-09 05:33:00,4196.99121,4197.11413,4196.53391,4197.07463,0.0
2026-10-09 05:34:00,4196.97465,4198.9934,4196.02653,4196.20159,0.0
2026-10-09 05:35:00,4196.62973,4200.20706,4196.62973,4199.74177,0.0
2026-10-09 05:36:00,4199.15339,4203.49175,4199.15339,4202.32096,0.0
2026-10-09 05:37:00,4200.82027,4205.82558,4200.82027,4205.01891,0.0
2026-10-09 05:38:00,4204.0082,4206.98359,4204.0082,4206.63147,0.0
2026-10-09 05:39:00,4205.91762,4205.91762,4203.09334,4204.03853,0.0
2026-10-09 05:40:00,4206.17809,4206.17809,4200.77227,4201.52599,0.0
2026-10-09 05:41:00,4202.82981,4202.82981,4199.56325,4199.94181,0.0
2026-10-09 05:42:00,4200.61363,4201.08271,4200.0924,4200.14849,0.0
2026-10-09 05:43:00,4200.41283,4201.68367,4200.41283,4201.4733,0.0
2026-10-09 05:44:00,4200.88431,4202.03438,4200.88431,4201.93135,0.0
2026-10-09 05:45:00,4201.74938,4201.97826,4201.66339,4201.95998,0.0
2026-10-09 05:46:00,4201.88704,4201.88704,4199.49264,4200.24561,0.0
2026-10-09 05:47:00,4201.33119,4201.33119,4198.16415,4198.60011,0.0
2026-10-09 05:48:00,4199.364,4199.364,4197.62414,4197.82516,0.0
2026-10-09 05:49:00,4198.20508,4199.74636,4198.20508,4199.29292,0.0
2026-10-09 05:50:00,4198.12527,4200.26882,4198.12527,4200.08113,0.0
2026-10-09 05:51:00,4199.75548,4200.62216,4198.76097,4200.42386,0.0
2026-10-09 05:52:00,4200.19912,4200.19912,4197.83794,4198.15439,0.0
2026-10-09 05:53:00,4198.58341,4199.83408,4195.1299,4196.00226,0.0
2026-10-09 05:54:00,4197.1798,4197.33946,4192.99571,4193.76955,0.0
2026-10-09 05:55:00,4195.21816,4195.21816,4192.16903,4192.49243,0.0
2026-10-09 05:56:00,4193.08095,4194.59096,4193.04793,4194.07375,0.0
2026-10-09 05:57:00,4192.78842,4195.33479,4192.78842,4195.07273,0.0
2026-10-09 05:58:00,4194.59221,4194.9828,4194.59221,4194.94702,0.0
2026-10-09 05:59:00,4194.85334,4194.9828,4194.4968,4194.96972,0.0
2026-10-09 06:00:00,4194.91017,4194.91017,4193.90353,4194.111,0.0
2026-10-09 06:01:00,4194.48553,4194.51833,4193.57544,4193.69431,0.0
2026-10-09 06:02:00,4193.80496,4194.63087,4193.80496,4194.54724,0.0
2026-10-09 06:03:00,4194.41662,4194.97864,4193.81708,4194.82243,0.0
2026-10-09 06:04:00,4194.53189,4196.62698,4192.37072,4192.90637,0.0
2026-10-09 06:05:00,4193.66548,4198.12871,4193.66548,4197.55175,0.0
2026-10-09 06:06:00,4196.74938,4199.83462,4195.96895,4199.22153,0.0
2026-10-09 06:07:00,4198.20819,4198.20819,4194.7237,4195.19732,0.0
2026-10-09 06:08:00,4196.17174,4196.17174,4193.76373,4194.08705,0.0
2026-10-09 06:09:00,4194.37931,4196.56721,4194.37931,4196.33991,0.0
2026-10-09 06:10:00,4195.83974,4196.52497,4192.96243,4193.72944,0.0
2026-10-09 06:11:00,4194.75418,4194.75418,4191.99329,4192.3669,0.0
2026-10-09 06:12:00,4193.12973,4193.12973,4191.67105,4191.82543,0.0
2026-10-09 06:13:00,4192.02663,4192.02663,4191.0854,4191.25437,0.0
2026-10-09 06:14:00,4191.54421,4192.1604,4190.36959,4190.626,0.0
2026-10-09 06:15:00,4191.27712,4192.74485,4191.27712,4192.49357,0.0
2026-10-09 06:16:00,4192.0064,4193.67785,4192.0064,4193.39897,0.0
2026-10-09 06:17:00,4192.63721,4194.10309,4192.63721,4193.92529,0.0
2026-10-09 06:18:00,4193.55813,4193.55813,4193.22375,4193.27478,0.0
2026-10-09 06:19:00,4193.21587,4194.42119,4192.88667,4194.13112,0.0
2026-10-09 06:20:00,4193.63766,4194.63087,4193.63766,4194.51559,0.0
2026-10-09 06:21:00,4194.28966,4194.28966,4192.92593,4193.20259,0.0
2026-10-09 06:22:00,4193.56484,4193.93075,4191.64061,4192.0748,0.0
2026-10-09 06:23:00,4192.99069,4192.99069,4190.68684,4191.04579,0.0
2026-10-09 06:24:00,4191.6384,4191.6384,4190.06117,4190.23455,0.0
2026-10-09 06:25:00,4190.52559,4191.85134,4189.78831,4189.91962,0.0
2026-10-09 06:26:00,4190.45508,4192.52054,4190.45508,4192.26871,0.0
2026-10-09 06:27:00,4191.74188,4193.91512,4191.74188,4193.38857,0.0
2026-10-09 06:28:00,4192.01491,4194.45493,4192.01491,4194.23245,0.0
2026-10-09 06:29:00,4193.66397,4193.66397,4191.84443,4192.1409,0.0
2026-10-09 06:30:00,4192.68898,4192.68898,4190.41679,4190.95407,0.0
2026-10-09 06:31:00,4192.11854,4192.11854,4189.53454,4189.81295,0.0
2026-10-09 06:32:00,4190.33196,4190.76356,4190.33196,4190.74517,0.0
2026-10-09 06:33:00,4190.67933,4191.49809,4190.58794,4191.21901,0.0
2026-10-09 06:34:00,4190.46408,4191.70232,4190.46408,4191.59762,0.0
2026-10-09 06:35:00,4191.45281,4193.09123,4189.96058,4192.5632,0.0
2026-10-09 06:36:00,4191.64023,4191.64023,4189.53454,4189.72648,0.0
2026-10-09 06:37:00,4190.13315,4190.82466,4190.13315,4190.67347,0.0
2026-10-09 06:38:00,4190.19033,4191.11484,4190.19033,4191.01629,0.0
2026-10-09 06:39:00,4190.81761,4192.29454,4190.58794,4190.59852,0.0
2026-10-09 06:40:00,4190.86746,4193.22375,4190.86746,4192.94148,0.0
2026-10-09 06:41:00,4192.40578,4192.56355,4191.5078,4191.61765,0.0
2026-10-09 06:42:00,4191.968,4193.02447,4191.968,4192.84281,0.0
2026-10-09 06:43:00,4192.34671,4193.39959,4192.34671,4193.28906,0.0
2026-10-09 06:44:00,4193.06822,4193.38228,4192.13705,4192.44033,0.0
2026-10-09 06:45:00,4193.05164,4193.33017,4191.178,4191.53281,0.0
2026-10-09 06:46:00,4192.08567,4193.57544,4192.08567,4193.42349,0.0
2026-10-09 06:47:00,4193.20458,4194.16013,4192.59296,4193.93205,0.0
2026-10-09 06:48:00,4193.51431,4193.51431,4192.26367,4192.39752,0.0
2026-10-09 06:49:00,4192.60807,4192.87365,4191.99329,4192.08141,0.0
2026-10-09 06:50:00,4192.02777,4193.22375,4192.02777,4193.07744,0.0
2026-10-09 06:51:00,4192.86499,4193.37051,4192.86499,4193.25859,0.0
2026-10-09 06:52:00,4192.91723,4193.95389,4192.91723,4193.7817,0.0
2026-10-09 06:53:00,4193.43601,4194.59196,4193.43601,4194.30996,0.0
2026-10-09 06:54:00,4193.92955,4195.13544,4193.92955,4194.95644,0.0
2026-10-09 06:55:00,4194.41444,4196.44246,4194.06996,4196.01539,0.0
2026-10-09 06:56:00,4195.13455,4196.74333,4195.13455,4196.57715,0.0
2026-10-09 06:57:00,4196.25485,4196.25485,4196.03894,4196.10848,0.0
2026-10-09 06:58:00,4196.17548,4196.21501,4195.81126,4195.91282,0.0
2026-10-09 06:59:00,4196.05797,4196.05797,4195.5108,4195.59727,0.0
2026-10-09 07:00:00,4195.631,4196.97878,4195.01975,4196.59503,0.0
2026-10-09 07:01:00,4196.03413,4197.58077,4195.83317,4197.3422,0.0
2026-10-09 07:02:00,4196.99224,4196.99224,4195.29956,4195.49497,0.0
2026-10-09 07:03:00,4195.92733,4196.85307,4195.92733,4196.69556,0.0
2026-10-09 07:04:00,4196.39437,4197.8965,4196.39437,4197.5689,0.0
2026-10-09 07:05:00,4196.6714,4198.32907,4196.6714,4198.15938,0.0
2026-10-09 07:06:00,4197.71806,4197.71806,4195.81149,4196.15735,0.0
2026-10-09 07:07:00,4196.77211,4196.77211,4195.10598,4195.37847,0.0
2026-10-09 07:08:00,4195.89375,4195.89375,4194.28886,4194.54389,0.0
2026-10-09 07:09:00,4194.89281,4194.89281,4193.75131,4193.91198,0.0
2026-10-09 07:10:00,4194.15842,4194.9828,4194.15842,4194.91884,0.0
2026-10-09 07:11:00,4194.74496,4195.22798,4194.74496,4195.08874,0.0
2026-10-09 07:12:00,4194.89081,4195.96941,4194.89081,4195.70559,0.0
2026-10-09 07:13:00,4194.97504,4196.3911,4194.97504,4196.24681,0.0
2026-10-09 07:14:00,4195.94193,4197.17006,4194.07445,4194.65586,0.0
2026-10-09 07:15:00,4195.88042,4195.88042,4193.39959,4193.64235,0.0
2026-10-09 07:16:00,4194.19021,4195.67435,4193.23903,4195.27241,0.0
2026-10-09 07:17:00,4194.59065,4194.59065,4192.86465,4193.03526,0.0
2026-10-09 07:18:00,4193.30067,4193.64403,4192.52054,4192.62553,0.0
2026-10-09 07:19:00,4192.54692,4194.55391,4192.54692,4194.22767,0.0
2026-10-09 07:20:00,4193.69981,4194.80683,4193.69981,4194.66185,0.0
2026-10-09 07:21:00,4194.36906,4194.80683,4193.4456,4194.75071,0.0
2026-10-09 07:22:00,4194.46489,4194.46489,4192.69632,4192.96609,0.0
2026-10-09 07:23:00,4193.41988,4193.41988,4192.35671,4192.63636,0.0
2026-10-09 07:24:00,4192.99136,4192.99136,4191.81757,4191.98474,0.0
2026-10-09 07:25:00,4192.22082,4192.63227,4191.76835,4191.88869,0.0
2026-10-09 07:26:00,4192.15407,4192.87869,4191.75312,4192.75802,0.0
2026-10-09 07:27:00,4192.56467,4192.56467,4191.307,4191.47324,0.0
2026-10-09 07:28:00,4191.77847,4192.95906,4191.77847,4192.7092,0.0
2026-10-09 07:29:00,4192.35285,4194.21859,4192.35285,4193.78865,0.0
2026-10-09 07:30:00,4192.74509,4195.51127,4192.74509,4195.09385,0.0
2026-10-09 07:31:00,4194.09735,4195.86288,4194.09735,4195.68258,0.0
2026-10-09 07:32:00,4195.34907,4195.3501,4195.15879,4195.3501,0.0
2026-10-09 07:33:00,4195.23609,4195.34229,4194.98528,4195.34229,0.0
2026-10-09 07:34:00,4195.26625,4195.34275,4194.45493,4194.60679,0.0
2026-10-09 07:35:00,4194.69158,4195.68683,4194.69158,4195.5764,0.0
2026-10-09 07:36:00,4195.37391,4196.29731,4194.11632,4195.97578,0.0
2026-10-09 07:37:00,4195.50691,4195.50691,4193.57544,4193.76807,0.0
2026-10-09 07:38:00,4194.09326,4195.49803,4192.17343,4192.76897,0.0
2026-10-09 07:39:00,4193.87401,4193.87401,4191.18976,4191.60087,0.0
2026-10-09 07:40:00,4192.45017,4192.45017,4190.58794,4190.7639,0.0
2026-10-09 07:41:00,4191.0217,4191.0217,4190.23675,4190.38,0.0
2026-10-09 07:42:00,4190.58644,4190.84992,4190.26863,4190.34031,0.0
2026-10-09 07:43:00,4190.46722,4191.88709,4190.46722,4191.46134,0.0
2026-10-09 07:44:00,4190.91653,4192.34478,4190.91653,4192.2051,0.0
2026-10-09 07:45:00,4191.80698,4192.16903,4191.80698,4192.12936,0.0
2026-10-09 07:46:00,4192.01344,4192.26746,4191.46617,4191.57568,0.0
2026-10-09 07:47:00,4191.65869,4193.61258,4191.65869,4193.19246,0.0
2026-10-09 07:48:00,4192.13764,4193.92719,4192.13764,4193.77012,0.0
2026-10-09 07:49:00,4193.41645,4193.41645,4192.4145,4192.62337,0.0
2026-10-09 07:50:00,4192.99992,4193.21018,4192.07302,4192.18919,0.0
2026-10-09 07:51:00,4192.56516,4194.83887,4191.32731,4194.23975,0.0
2026-10-09 07:52:00,4193.14698,4193.14698,4190.76356,4191.01601,0.0
2026-10-09 07:53:00,4191.47847,4192.7407,4191.46617,4192.31691,0.0
2026-10-09 07:54:00,4191.21695,4193.98252,4191.21695,4193.56373,0.0
2026-10-09 07:55:00,4192.66825,4194.279,4192.66825,4194.12355,0.0
2026-10-09 07:56:00,4193.79933,4193.79933,4192.57332,4192.82347,0.0
2026-10-09 07:57:00,4193.22617,4193.22617,4192.16903,4192.2988,0.0
2026-10-09 07:58:00,4192.53407,4193.74061,4192.53407,4193.43996,0.0
2026-10-09 07:59:00,4192.60548,4194.44046,4192.60548,4194.17796,0.0
2026-10-09 08:00:00,4193.7866,4194.45493,4193.7866,4194.4015,0.0
2026-10-09 08:01:00,4194.23928,4194.89913,4194.23928,4194.77172,0.0
2026-10-09 08:02:00,4194.46238,4195.28748,4194.46238,4195.10896,0.0
2026-10-09 08:03:00,4194.86542,4195.33479,4194.86542,4195.31482,0.0
2026-10-09 08:04:00,4195.14651,4195.5108,4194.81596,4195.45239,0.0
2026-10-09 08:05:00,4195.23688,4195.49384,4194.279,4194.42814,0.0
2026-10-09 08:06:00,4194.49266,4195.88994,4194.49266,4195.7723,0.0
2026-10-09 08:07:00,4195.55476,4195.86288,4195.55476,4195.83015,0.0
2026-10-09 08:08:00,4195.73482,4195.73482,4195.32558,4195.46145,0.0
2026-10-09 08:09:00,4195.67777,4195.79002,4194.9828,4195.0765,0.0
2026-10-09 08:10:00,4195.31303,4196.52358,4195.31303,4196.28572,0.0
2026-10-09 08:11:00,4195.59508,4196.91946,4195.59508,4196.77431,0.0
2026-10-09 08:12:00,4196.50092,4196.57084,4196.21501,4196.29223,0.0
2026-10-09 08:13:00,4196.3281,4196.87641,4196.3281,4196.79422,0.0
2026-10-09 08:14:00,4196.63493,4197.64786,4196.63493,4197.32073,0.0
2026-10-09 08:15:00,4196.87053,4197.97658,4196.87053,4197.88563,0.0
2026-10-09 08:16:00,4197.56187,4198.27277,4197.56187,4198.14202,0.0
2026-10-09 08:17:00,4197.95457,4198.555,4197.95457,4198.4083,0.0
2026-10-09 08:18:00,4198.05032,4199.12548,4198.05032,4198.96373,0.0
2026-10-09 08:19:00,4198.57563,4200.00993,4198.57563,4199.65309,0.0
2026-10-09 08:20:00,4199.19717,4200.27992,4199.19717,4200.1733,0.0
2026-10-09 08:21:00,4199.83425,4201.22029,4199.76908,4200.92922,0.0
2026-10-09 08:22:00,4200.31022,4201.32762,4200.31022,4201.25194,0.0
2026-10-09 08:23:00,4201.09867,4201.09867,4199.46452,4199.756,0.0
2026-10-09 08:24:00,4200.17261,4200.86475,4197.53129,4198.20319,0.0
2026-10-09 08:25:00,4199.63321,4199.63321,4196.74333,4197.03529,0.0
2026-10-09 08:26:00,4197.51858,4197.51858,4196.00034,4196.26011,0.0
2026-10-09 08:27:00,4196.69558,4196.69558,4195.5108,4195.66997,0.0
2026-10-09 08:28:00,4196.02555,4197.67462,4196.02555,4197.27574,0.0
2026-10-09 08:29:00,4196.24531,4198.98187,4196.24531,4198.5483,0.0
2026-10-09 08:30:00,4197.58511,4199.38689,4197.58511,4199.20367,0.0
2026-10-09 08:31:00,4198.87432,4198.87432,4196.62225,4197.01074,0.0
2026-10-09 08:32:00,4197.52773,4197.52773,4195.86288,4196.12351,0.0
2026-10-09 08:33:00,4196.53828,4196.53828,4196.3911,4196.40015,0.0
2026-10-09 08:34:00,4196.40658,4197.23827,4195.05206,4195.50666,0.0
2026-10-09 08:35:00,4196.4889,4196.4889,4194.45493,4194.66662,0.0
2026-10-09 08:36:00,4194.97573,4195.79506,4194.10309,4194.25274,0.0
2026-10-09 08:37:00,4194.38476,4196.56721,4194.38476,4196.30504,0.0
2026-10-09 08:38:00,4195.6293,4195.6293,4194.10309,4194.33437,0.0
2026-10-09 08:39:00,4194.67885,4194.80683,4194.27582,4194.77069,0.0
2026-10-09 08:40:00,4194.61825,4195.54886,4192.63943,4193.18522,0.0
2026-10-09 08:41:00,4194.33888,4194.33888,4191.71726,4192.06787,0.0
2026-10-09 08:42:00,4192.67849,4192.67849,4190.89849,4191.13262,0.0
2026-10-09 08:43:00,4191.50853,4191.50853,4190.41234,4190.57689,0.0
2026-10-09 08:44:00,4190.84514,4191.55825,4190.63967,4190.70581,0.0
2026-10-09 08:45:00,4190.63277,4191.81757,4190.63277,4191.6912,0.0
2026-10-09 08:46:00,4191.44445,4191.44445,4191.11484,4191.20437,0.0
2026-10-09 08:47:00,4191.27786,4191.2905,4191.1223,4191.16732,0.0
2026-10-09 08:48:00,4191.21407,4191.21407,4190.76356,4190.85612,0.0
2026-10-09 08:49:00,4190.87859,4191.46617,4190.57241,4191.38,0.0
2026-10-09 08:50:00,4191.08188,4192.36522,4188.41731,4189.11578,0.0
2026-10-09 08:51:00,4190.33448,4190.33448,4187.60469,4187.95571,0.0
2026-10-09 08:52:00,4188.58274,4189.09322,4187.86184,4187.98238,0.0
2026-10-09 08:53:00,4187.98916,4189.35903,4187.98916,4189.22681,0.0
2026-10-09 08:54:00,4188.93858,4188.93858,4188.48168,4188.55682,0.0
2026-10-09 08:55:00,4188.5724,4188.84264,4188.5724,4188.80669,0.0
2026-10-09 08:56:00,4188.74877,4188.92278,4188.65712,4188.68738,0.0
2026-10-09 08:57:00,4188.60351,4189.18353,4188.20725,4189.1032,0.0
2026-10-09 08:58:00,4188.79635,4188.79635,4187.60469,4187.78149,0.0
2026-10-09 08:59:00,4187.95544,4189.00804,4187.95544,4188.89268,0.0
2026-10-09 09:00:00,4188.66755,4189.30174,4187.18617,4189.0827,0.0
2026-10-09 09:01:00,4188.86158,4188.86158,4186.52736,4186.74865,0.0
2026-10-09 09:02:00,4187.03741,4187.03741,4185.72275,4185.96472,0.0
2026-10-09 09:03:00,4186.41852,4186.41852,4185.50142,4185.58417,0.0
2026-10-09 09:04:00,4185.82037,4186.41593,4185.82037,4186.31349,0.0
2026-10-09 09:05:00,4185.96181,4186.72807,4185.96181,4186.63132,0.0
2026-10-09 09:06:00,4186.41443,4186.44866,4186.02704,4186.08223,0.0
2026-10-09 09:07:00,4186.09978,4186.72807,4186.09978,4186.65366,0.0
2026-10-09 09:08:00,4186.49234,4186.90235,4186.37753,4186.38008,0.0
2026-10-09 09:09:00,4186.44062,4187.19651,4186.31148,4187.09888,0.0
2026-10-09 09:10:00,4186.90199,4186.90199,4185.98359,4186.10687,0.0
2026-10-09 09:11:00,4186.29901,4186.29901,4185.66683,4185.75783,0.0
2026-10-09 09:12:00,4185.89174,4186.04738,4185.50142,4185.54046,0.0
2026-10-09 09:13:00,4185.68134,4186.04254,4185.68134,4186.04254,0.0
2026-10-09 09:14:00,4185.925,4186.20228,4185.925,4186.14777,0.0
2026-10-09 09:15:00,4186.05021,4186.14151,4185.69285,4185.81206,0.0
2026-10-09 09:16:00,4185.97613,4186.06264,4185.62474,4185.6622,0.0
2026-10-09 09:17:00,4185.77636,4186.1214,4185.57145,4186.06469,0.0
2026-10-09 09:18:00,4185.91808,4186.3648,4185.07984,4185.27662,0.0
2026-10-09 09:19:00,4185.63371,4186.66771,4185.63371,4186.50083,0.0
2026-10-09 09:20:00,4186.24378,4187.06033,4185.91142,4186.92229,0.0
2026-10-09 09:21:00,4186.65102,4187.20857,4185.50142,4185.63724,0.0
2026-10-09 09:22:00,4186.15714,4188.22032,4186.15714,4187.84466,0.0
2026-10-09 09:23:00,4187.13158,4189.27642,4187.13158,4188.96046,0.0
2026-10-09 09:24:00,4188.10067,4189.53454,4188.10067,4189.42355,0.0
2026-10-09 09:25:00,4189.10731,4189.10731,4187.60469,4187.83194,0.0
2026-10-09 09:26:00,4188.21938,4188.21938,4187.58265,4187.69533,0.0
2026-10-09 09:27:00,4187.8609,4187.8609,4187.254,4187.35095,0.0
2026-10-09 09:28:00,4187.41988,4187.78006,4187.41988,4187.71625,0.0
2026-10-09 09:29:00,4187.62242,4188.23732,4186.94733,4188.04592,0.0
2026-10-09 09:30:00,4187.70617,4187.70617,4186.72807,4186.8143,0.0
2026-10-09 09:31:00,4187.00935,4187.12897,4186.90175,4187.12897,0.0
2026-10-09 09:32:00,4187.0499,4187.07868,4186.12238,4186.41052,0.0
2026-10-09 09:33:00,4186.81179,4186.81179,4185.50142,4185.67926,0.0
2026-10-09 09:34:00,4185.98152,4185.98152,4185.4857,4185.51917,0.0
2026-10-09 09:35:00,4185.5577,4186.18348,4184.25486,4184.64573,0.0
2026-10-09 09:36:00,4185.35249,4185.35249,4183.72899,4183.93944,0.0
2026-10-09 09:37:00,4184.31356,4184.31356,4183.40027,4183.49982,0.0
2026-10-09 09:38:00,4183.6549,4183.6549,4183.38982,4183.45275,0.0
2026-10-09 09:39:00,4183.5395,4183.5395,4183.22527,4183.28098,0.0
2026-10-09 09:40:00,4183.33389,4183.9707,4183.09674,4183.15969,0.0
2026-10-09 09:41:00,4183.40929,4185.22235,4183.40929,4184.76307,0.0
2026-10-09 09:42:00,4183.80785,4185.85182,4183.80785,4185.67162,0.0
2026-10-09 09:43:00,4185.2441,4185.85182,4185.2441,4185.78234,0.0
2026-10-09 09:44:00,4185.61395,4185.61395,4184.79802,4184.9589,0.0
2026-10-09 09:45:00,4185.23161,4185.23161,4184.47284,4184.58764,0.0
2026-10-09 09:46:00,4184.76722,4184.76722,4184.10042,4184.22085,0.0
2026-10-09 09:47:00,4184.37576,4184.60302,4184.37576,4184.54349,0.0
2026-10-09 09:48:00,4184.45331,4184.95641,4184.45058,4184.82202,0.0
2026-10-09 09:49:00,4184.3772,4185.29498,4184.3772,4185.17964,0.0
2026-10-09 09:50:00,4185.00874,4186.07087,4184.97594,4185.73857,0.0
2026-10-09 09:51:00,4185.16275,4186.97723,4185.16275,4186.70866,0.0
2026-10-09 09:52:00,4185.95178,4187.254,4185.95178,4187.13701,0.0
2026-10-09 09:53:00,4186.96925,4187.30353,4186.7608,4187.24796,0.0
2026-10-09 09:54:00,4187.09843,4187.302,4186.50649,4186.61417,0.0
2026-10-09 09:55:00,4186.85426,4187.254,4186.85426,4187.22256,0.0
2026-10-09 09:56:00,4187.11625,4187.60739,4187.11625,4187.49772,0.0
2026-10-09 09:57:00,4187.21627,4187.60469,4187.21627,4187.57507,0.0
2026-10-09 09:58:00,4187.50255,4187.50255,4187.069,4187.18787,0.0
2026-10-09 09:59:00,4187.37286,4187.37286,4186.72349,4186.84715,0.0
2026-10-09 10:00:00,4187.03268,4187.03268,4186.37753,4186.47649,0.0
2026-10-09 10:01:00,4186.60508,4186.60508,4186.37753,4186.41226,0.0
2026-10-09 10:02:00,4186.46488,4186.47092,4186.09051,4186.19761,0.0
2026-10-09 10:03:00,4186.34875,4186.34875,4185.8355,4185.929,0.0
2026-10-09 10:04:00,4186.05525,4186.05525,4185.50142,4185.59522,0.0
2026-10-09 10:05:00,4185.63674,4186.02704,4185.63674,4185.97081,0.0
2026-10-09 10:06:00,4185.87648,4185.88591,4185.66192,4185.88591,0.0
2026-10-09 10:07:00,4185.8058,4185.8058,4185.65544,4185.66879,0.0
2026-10-09 10:08:00,4185.67362,4186.20128,4184.72963,4185.02069,0.0
2026-10-09 10:09:00,4185.6014,4185.6014,4184.45058,4184.5585,0.0
2026-10-09 10:10:00,4184.75984,4185.31562,4183.95893,4184.22833,0.0
2026-10-09 10:11:00,4184.75439,4184.75439,4183.73386,4183.82622,0.0
2026-10-09 10:12:00,4183.93901,4183.93901,4183.40027,4183.48599,0.0
2026-10-09 10:13:00,4183.55936,4184.60613,4182.54756,4182.88606,0.0
2026-10-09 10:14:00,4183.61599,4184.8008,4183.61599,4184.67776,0.0
2026-10-09 10:15:00,4184.42375,4185.60213,4184.42375,4185.32957,0.0
2026-10-09 10:16:00,4184.58508,4186.02704,4184.58508,4185.84924,0.0
2026-10-09 10:17:00,4185.48708,4185.51962,4184.88682,4185.0376,0.0
2026-10-09 10:18:00,4185.28161,4185.28161,4184.8008,4184.83932,0.0
2026-10-09 10:19:00,4184.89453,4184.89453,4184.62569,4184.68585,0.0
2026-10-09 10:20:00,4184.6673,4184.97594,4184.6673,4184.93716,0.0
2026-10-09 10:21:00,4184.85754,4184.85754,4184.62569,4184.68218,0.0
2026-10-09 10:22:00,4184.7042,4184.84695,4184.62569,4184.65123,0.0
2026-10-09 10:23:00,4184.7032,4184.73916,4184.5983,4184.73916,0.0
2026-10-09 10:24:00,4184.68739,4184.88941,4184.53988,4184.57755,0.0
2026-10-09 10:25:00,4184.61205,4185.02132,4184.61205,4184.9348,0.0
2026-10-09 10:26:00,4184.79263,4185.67929,4184.79263,4185.4581,0.0
2026-10-09 10:27:00,4184.80778,4186.02704,4184.80778,4185.89472,0.0
2026-10-09 10:28:00,4185.60125,4186.38556,4184.18285,4184.59486,0.0
2026-10-09 10:29:00,4185.42649,4185.42649,4183.75031,4183.92989,0.0
2026-10-09 10:30:00,4184.24152,4184.30821,4183.65787,4183.81462,0.0
2026-10-09 10:31:00,4184.07811,4184.07811,4182.91047,4183.18975,0.0
2026-10-09 10:32:00,4183.6533,4183.6533,4182.35048,4182.51166,0.0
2026-10-09 10:33:00,4182.76542,4182.81315,4182.52541,4182.55923,0.0
2026-10-09 10:34:00,4182.64351,4183.05641,4182.21485,4182.95647,0.0
2026-10-09 10:35:00,4182.75672,4182.75672,4182.00067,4182.07653,0.0
2026-10-09 10:36:00,4182.25141,4182.51117,4182.25141,4182.47561,0.0
2026-10-09 10:37:00,4182.26794,4183.3557,4181.87822,4183.07208,0.0
2026-10-09 10:38:00,4182.63055,4183.44019,4182.63055,4183.35751,0.0
2026-10-09 10:39:00,4183.16287,4183.57528,4183.05314,4183.53924,0.0
2026-10-09 10:40:00,4183.43301,4183.43301,4182.70035,4182.81073,0.0
2026-10-09 10:41:00,4182.98195,4182.98195,4182.66801,4182.74335,0.0
2026-10-09 10:42:00,4182.85202,4182.85202,4181.90642,4182.16876,0.0
2026-10-09 10:43:00,4182.66296,4182.66296,4181.22477,4181.4359,0.0
2026-10-09 10:44:00,4181.73118,4181.73118,4180.77679,4180.91772,0.0
2026-10-09 10:45:00,4181.12542,4181.12542,4180.48442,4180.64561,0.0
2026-10-09 10:46:00,4180.85981,4180.85981,4180.00681,4180.15291,0.0
2026-10-09 10:47:00,4180.38862,4180.402,4179.88253,4179.94183,0.0
2026-10-09 10:48:00,4180.06947,4180.34991,4180.01917,4180.32903,0.0
2026-10-09 10:49:00,4180.25084,4180.38219,4179.90303,4179.95739,0.0
2026-10-09 10:50:00,4180.01145,4180.42724,4180.01145,4180.37229,0.0
2026-10-09 10:51:00,4180.27181,4180.38367,4180.25249,4180.38367,0.0
2026-10-09 10:52:00,4180.30386,4180.96753,4179.93533,4180.06107,0.0
2026-10-09 10:53:00,4180.42332,4181.70721,4180.42332,4181.41108,0.0
2026-10-09 10:54:00,4180.76385,4182.17557,4180.76385,4182.05012,0.0
2026-10-09 10:55:00,4181.75916,4182.03232,4181.16156,4182.03232,0.0
2026-10-09 10:56:00,4182.04159,4182.04159,4180.60201,4180.78205,0.0
2026-10-09 10:57:00,4181.04801,4182.57359,4181.04801,4182.15046,0.0
2026-10-09 10:58:00,4181.61013,4183.6047,4181.34466,4183.23813,0.0
2026-10-09 10:59:00,4182.64371,4182.64371,4180.95158,4181.11761,0.0
2026-10-09 11:00:00,4181.37705,4181.84317,4179.95661,4180.3387,0.0
2026-10-09 11:01:00,4181.03429,4181.03429,4179.55362,4179.69777,0.0
2026-10-09 11:02:00,4180.08249,4181.19869,4179.81651,4180.99696,0.0
2026-10-09 11:03:00,4180.63502,4180.63502,4179.55062,4179.6595,0.0
2026-10-09 11:04:00,4179.81832,4179.81832,4179.20428,4179.3066,0.0
2026-10-09 11:05:00,4179.39598,4179.55362,4179.33485,4179.54311,0.0
2026-10-09 11:06:00,4179.48418,4179.48418,4178.95037,4179.05739,0.0
2026-10-09 11:07:00,4179.20439,4179.20439,4178.28997,4178.53422,0.0
2026-10-09 11:08:00,4178.91126,4178.91126,4177.47962,4177.71773,0.0
2026-10-09 11:09:00,4178.13423,4178.13423,4177.10944,4177.24642,0.0
2026-10-09 11:10:00,4177.46963,4177.46963,4176.05682,4176.40622,0.0
2026-10-09 11:11:00,4176.91738,4176.91738,4175.53969,4175.71268,0.0
2026-10-09 11:12:00,4175.98355,4177.1145,4175.98355,4176.85858,0.0
2026-10-09 11:13:00,4176.19059,4177.45843,4176.19059,4177.30784,0.0
2026-10-09 11:14:00,4176.96562,4177.71993,4176.23721,4176.33914,0.0
2026-10-09 11:15:00,4176.2393,4180.15439,4175.7193,4179.33834,0.0
2026-10-09 11:16:00,4177.27747,4181.47517,4177.27747,4180.96856,0.0
2026-10-09 11:17:00,4179.96562,4181.82579,4179.96562,4181.63867,0.0
2026-10-09 11:18:00,4181.29136,4181.55476,4180.88428,4181.4952,0.0
2026-10-09 11:19:00,4181.36189,4182.12373,4180.49837,4180.62011,0.0
2026-10-09 11:20:00,4181.10168,4183.0073,4181.10168,4182.6745,0.0
2026-10-09 11:21:00,4182.01788,4183.57528,4182.01788,4183.41706,0.0
2026-10-09 11:22:00,4183.05932,4183.22527,4182.78672,4183.21533,0.0
2026-10-09 11:23:00,4183.15796,4183.96304,4182.52541,4182.61061,0.0
2026-10-09 11:24:00,4182.43043,4184.62569,4182.43043,4184.37045,0.0
2026-10-09 11:25:00,4183.88331,4184.01365,4183.35817,4183.51207,0.0
2026-10-09 11:26:00,4183.76207,4183.76207,4183.22527,4183.28423,0.0
2026-10-09 11:27:00,4183.40494,4183.65749,4182.9812,4183.58026,0.0
2026-10-09 11:28:00,4183.40747,4184.2628,4182.01354,4182.386,0.0
2026-10-09 11:29:00,4182.95595,4184.63152,4182.95595,4184.43419,0.0
2026-10-09 11:30:00,4184.16854,4184.8008,4184.16854,4184.73778,0.0
2026-10-09 11:31:00,4184.52797,4185.28652,4183.90461,4184.11624,0.0
2026-10-09 11:32:00,4184.61368,4185.97808,4184.61368,4185.67429,0.0
2026-10-09 11:33:00,4185.16289,4186.37753,4185.16289,4186.2565,0.0
2026-10-09 11:34:00,4185.98214,4185.98214,4184.8008,4184.9419,0.0
2026-10-09 11:35:00,4185.17477,4185.17477,4184.95904,4185.01953,0.0
2026-10-09 11:36:00,4185.09616,4185.09616,4184.8008,4184.83825,0.0
2026-10-09 11:37:00,4184.89789,4185.39314,4184.8008,4185.23434,0.0
2026-10-09 11:38:00,4184.74603,4185.67661,4184.54571,4185.5729,0.0
2026-10-09 11:39:00,4185.27385,4185.27385,4183.67629,4183.93174,0.0
2026-10-09 11:40:00,4184.38855,4184.38855,4183.40027,4183.50068,0.0
2026-10-09 11:41:00,4183.67278,4183.82172,4183.04475,4183.24794,0.0
2026-10-09 11:42:00,4183.60145,4183.60145,4181.75613,4182.23038,0.0
2026-10-09 11:43:00,4183.2419,4183.2419,4180.95158,4181.19833,0.0
2026-10-09 11:44:00,4181.62693,4181.62693,4181.07827,4181.20797,0.0
2026-10-09 11:45:00,4181.40939,4182.87329,4179.80776,4180.29476,0.0
2026-10-09 11:46:00,4180.82863,4183.57528,4180.82863,4183.27386,0.0
2026-10-09 11:47:00,4182.62833,4182.62833,4181.47606,4181.65471,0.0
2026-10-09 11:48:00,4181.95118,4183.49612,4180.53198,4180.92004,0.0
2026-10-09 11:49:00,4181.79956,4183.92536,4181.79956,4183.74206,0.0
2026-10-09 11:50:00,4183.35962,4183.40027,4183.1458,4183.39786,0.0
2026-10-09 11:51:00,4183.36214,4183.36214,4181.91696,4182.34786,0.0
2026-10-09 11:52:00,4183.26768,4183.26768,4181.30122,4181.50309,0.0
2026-10-09 11:53:00,4181.89875,4182.8118,4181.89875,4182.57779,0.0
2026-10-09 11:54:00,4182.2068,4183.157,4182.2068,4183.06509,0.0
2026-10-09 11:55:00,4182.74095,4183.22527,4182.5811,4183.19719,0.0
2026-10-09 11:56:00,4183.05551,4183.28426,4181.17413,4181.6114,0.0
2026-10-09 11:57:00,4182.36117,4182.36117,4180.60201,4180.8143,0.0
2026-10-09 11:58:00,4181.20263,4181.65961,4181.20263,4181.57557,0.0
2026-10-09 11:59:00,4181.29457,4182.51189,4181.01938,4182.19411,0.0
2026-10-09 12:00:00,4181.76743,4182.93182,4181.76743,4182.74609,0.0
2026-10-09 12:01:00,4182.31668,4184.82867,4182.31668,4184.2167,0.0
2026-10-09 12:02:00,4182.64546,4185.50142,4182.64546,4185.22074,0.0
2026-10-09 12:03:00,4184.61681,4184.61681,4183.92536,4184.04002,0.0
2026-10-09 12:04:00,4184.17129,4184.19717,4184.07595,4184.07595,0.0
2026-10-09 12:05:00,4184.08546,4184.10042,4183.92536,4184.09672,0.0
2026-10-09 12:06:00,4184.0114,4184.0114,4182.75277,4183.18324,0.0
2026-10-09 12:07:00,4183.7476,4183.7476,4181.82579,4182.12072,0.0
2026-10-09 12:08:00,4182.47282,4183.92536,4182.47282,4183.77953,0.0
2026-10-09 12:09:00,4183.48187,4184.067,4183.05028,4183.11766,0.0
2026-10-09 12:10:00,4183.31429,4185.12487,4183.31429,4184.79316,0.0
2026-10-09 12:11:00,4183.88356,4185.50142,4183.88356,4185.35622,0.0
2026-10-09 12:12:00,4185.02382,4185.31107,4184.45058,4184.54003,0.0
2026-10-09 12:13:00,4184.58167,4185.67661,4184.58167,4185.5682,0.0
2026-10-09 12:14:00,4185.31322,4185.78344,4183.50243,4184.01599,0.0
2026-10-09 12:15:00,4185.14583,4185.14583,4182.87531,4183.08853,0.0
2026-10-09 12:16:00,4183.46757,4185.10823,4181.4403,4182.09639,0.0
2026-10-09 12:17:00,4183.32318,4183.32318,4180.56074,4180.95034,0.0
2026-10-09 12:18:00,4181.74284,4181.74284,4179.7168,4180.00994,0.0
2026-10-09 12:19:00,4180.3248,4182.17557,4180.3248,4181.98266,0.0
2026-10-09 12:20:00,4181.57829,4183.46616,4180.25249,4180.39858,0.0
2026-10-09 12:21:00,4180.67459,4185.161,4180.67459,4184.58128,0.0
2026-10-09 12:22:00,4183.11916,4185.85182,4183.11916,4185.5803,0.0
2026-10-09 12:23:00,4184.90349,4184.90349,4183.5636,4183.77002,0.0
2026-10-09 12:24:00,4184.14564,4184.14564,4183.40027,4183.46711,0.0
2026-10-09 12:25:00,4183.62569,4184.29765,4182.97546,4184.09854,0.0
2026-10-09 12:26:00,4183.75133,4183.9085,4182.32385,4182.56739,0.0
2026-10-09 12:27:00,4183.14733,4184.94096,4183.14733,4184.51405,0.0
2026-10-09 12:28:00,4183.87785,4185.50142,4183.87785,4185.34797,0.0
2026-10-09 12:29:00,4184.96415,4185.15108,4184.84008,4185.11101,0.0
2026-10-09 12:30:00,4184.99326,4185.70865,4184.45058,4184.55388,0.0
2026-10-09 12:31:00,4184.51515,4188.85191,4183.42739,4187.79047,0.0
2026-10-09 12:32:00,4185.37836,4190.23675,4185.37836,4189.69097,0.0
2026-10-09 12:33:00,4188.59006,4190.04843,4185.87472,4186.65551,0.0
2026-10-09 12:34:00,4188.18271,4188.18271,4184.92023,4185.29084,0.0
2026-10-09 12:35:00,4186.02104,4186.02104,4184.27549,4184.46865,0.0
2026-10-09 12:36:00,4184.80341,4185.58407,4182.29163,4183.12625,0.0
2026-10-09 12:37:00,4184.91378,4184.91378,4180.72581,4181.2931,0.0
2026-10-09 12:38:00,4182.48416,4182.48416,4179.62075,4179.98659,0.0
2026-10-09 12:39:00,4180.32707,4182.70035,4180.32707,4182.4472,0.0
2026-10-09 12:40:00,4182.07401,4182.58294,4182.0619,4182.53141,0.0
2026-10-09 12:41:00,4182.38623,4183.632,4180.71013,4181.22233,0.0
2026-10-09 12:42:00,4182.04243,4184.18215,4182.04243,4183.91515,0.0
2026-10-09 12:43:00,4183.5679,4184.45058,4183.5679,4184.35367,0.0
2026-10-09 12:44:00,4184.1238,4184.1238,4182.61944,4183.06052,0.0
2026-10-09 12:45:00,4183.79846,4183.79846,4181.28168,4181.6828,0.0
2026-10-09 12:46:00,4182.29033,4182.29033,4180.77679,4180.96454,0.0
2026-10-09 12:47:00,4181.2744,4181.2744,4179.68072,4180.13196,0.0
2026-10-09 12:48:00,4180.71383,4181.89928,4177.19748,4178.02182,0.0
2026-10-09 12:49:00,4179.36204,4179.36204,4176.41163,4176.74124,0.0
2026-10-09 12:50:00,4177.67739,4180.83991,4176.92945,4180.1635,0.0
2026-10-09 12:51:00,4178.8342,4178.8342,4174.44843,4175.3899,0.0
2026-10-09 12:52:00,4177.3902,4177.3902,4173.1002,4173.56846,0.0
2026-10-09 12:53:00,4174.4147,4174.4147,4172.58308,4172.86401,0.0
2026-10-09 12:54:00,4173.2884,4173.37543,4171.16266,4171.6682,0.0
2026-10-09 12:55:00,4172.78048,4172.78048,4170.24205,4170.56519,0.0
2026-10-09 12:56:00,4171.03298,4171.10516,4169.62015,4169.80262,0.0
2026-10-09 12:57:00,4169.86599,4173.33287,4169.1355,4172.59054,0.0
2026-10-09 12:58:00,4170.7329,4175.49669,4170.7329,4174.70167,0.0
2026-10-09 12:59:00,4172.92176,4176.41163,4172.92176,4176.01682,0.0
2026-10-09 13:00:00,4175.43693,4177.14476,4175.43693,4176.73043,0.0
2026-10-09 13:01:00,4175.91505,4177.80749,4175.91505,4177.60865,0.0
2026-10-09 13:02:00,4177.20787,4177.20787,4176.07144,4176.40543,0.0
2026-10-09 13:03:00,4177.06912,4177.06912,4175.53969,4175.70141,0.0
2026-10-09 13:04:00,4175.97115,4175.97115,4175.53969,4175.61026,0.0
2026-10-09 13:05:00,4175.69519,4175.9046,4175.69519,4175.90088,0.0
2026-10-09 13:06:00,4175.85607,4177.50442,4175.61459,4175.67857,0.0
2026-10-09 13:07:00,4176.10953,4178.1566,4176.10953,4177.93235,0.0
2026-10-09 13:08:00,4177.49401,4179.73847,4174.53839,4175.45461,0.0
2026-10-09 13:09:00,4176.56401,4180.77679,4176.56401,4180.35833,0.0
2026-10-09 13:10:00,4179.49943,4179.49943,4176.93497,4177.23614,0.0
2026-10-09 13:11:00,4177.74355,4177.74355,4176.74171,4176.86602,0.0
2026-10-09 13:12:00,4177.06692,4178.4474,4176.21548,4176.42131,0.0
2026-10-09 13:13:00,4176.38352,4179.20428,4176.38352,4178.89798,0.0
2026-10-09 13:14:00,4178.37791,4180.4197,4178.37791,4179.74295,0.0
2026-10-09 13:15:00,4178.88565,4181.30122,4178.88565,4181.03399,0.0
2026-10-09 13:16:00,4180.35118,4181.85793,4180.35118,4181.65598,0.0
2026-10-09 13:17:00,4181.2519,4184.53597,4181.2519,4183.55504,0.0
2026-10-09 13:18:00,4181.7504,4186.43395,4181.7504,4185.7408,0.0
2026-10-09 13:19:00,4184.7968,4187.254,4184.7968,4186.97935,0.0
2026-10-09 13:20:00,4186.46039,4186.46039,4183.98101,4184.67474,0.0
2026-10-09 13:21:00,4185.86637,4185.86637,4182.72838,4183.10315,0.0
2026-10-09 13:22:00,4183.67361,4183.67361,4181.28163,4181.80662,0.0
2026-10-09 13:23:00,4182.96443,4183.03953,4179.59362,4180.20263,0.0
2026-10-09 13:24:00,4181.24363,4184.89024,4181.24363,4184.17356,0.0
2026-10-09 13:25:00,4183.11024,4187.04118,4183.11024,4186.24933,0.0
2026-10-09 13:26:00,4185.2418,4188.13084,4185.2418,4187.77738,0.0
2026-10-09 13:27:00,4187.01421,4188.43115,4187.01421,4188.15619,0.0
2026-10-09 13:28:00,4187.50097,4188.8213,4187.50097,4188.63293,0.0
2026-10-09 13:29:00,4188.38368,4188.83257,4188.38368,4188.81576,0.0
2026-10-09 13:30:00,4188.6768,4188.83257,4188.65712,4188.79598,0.0
2026-10-09 13:31:00,4188.7109,4191.13393,4188.48168,4188.48297,0.0
2026-10-09 13:32:00,4189.05246,4192.52054,4189.05246,4192.08529,0.0
2026-10-09 13:33:00,4191.34587,4191.34587,4188.38808,4189.06615,0.0
2026-10-09 13:34:00,4190.53856,4190.53856,4186.69493,4187.2235,0.0
2026-10-09 13:35:00,4187.94769,4187.94769,4185.67661,4186.01088,0.0
2026-10-09 13:36:00,4186.41599,4189.56954,4185.02677,4188.78144,0.0
2026-10-09 13:37:00,4186.80913,4190.06117,4186.80913,4189.83621,0.0
2026-10-09 13:38:00,4189.37277,4189.37277,4186.06683,4186.67708,0.0
2026-10-09 13:39:00,4187.47754,4187.47754,4185.15108,4185.48428,0.0
2026-10-09 13:40:00,4186.14478,4186.28601,4184.48678,4184.7735,0.0
2026-10-09 13:41:00,4185.42474,4187.83771,4185.42474,4187.22007,0.0
2026-10-09 13:42:00,4186.4427,4189.86018,4186.4427,4189.16002,0.0
2026-10-09 13:43:00,4188.07318,4192.36917,4185.60101,4191.52957,0.0
2026-10-09 13:44:00,4190.1924,4190.1924,4183.57528,4184.27401,0.0
2026-10-09 13:45:00,4185.29521,4186.96155,4183.40027,4183.62171,0.0
2026-10-09 13:46:00,4184.64935,4189.32037,4184.64935,4188.50693,0.0
2026-10-09 13:47:00,4187.4709,4190.58794,4187.4709,4190.19613,0.0
2026-10-09 13:48:00,4189.29145,4190.23675,4189.29145,4190.11097,0.0
2026-10-09 13:49:00,4189.87035,4190.07278,4189.71007,4189.73489,0.0
2026-10-09 13:50:00,4189.7168,4190.79129,4189.7168,4190.57741,0.0
2026-10-09 13:51:00,4190.03837,4193.34778,4189.01008,4192.43881,0.0
2026-10-09 13:52:00,4190.53324,4194.45493,4190.53324,4194.009,0.0
2026-10-09 13:53:00,4193.31036,4194.71394,4193.31036,4194.4034,0.0
2026-10-09 13:54:00,4193.63999,4195.15879,4193.63999,4195.01216,0.0
2026-10-09 13:55:00,4194.59078,4195.61454,4192.05341,4192.69808,0.0
2026-10-09 13:56:00,4193.9961,4194.53192,4190.93614,4191.36328,0.0
2026-10-09 13:57:00,4192.1541,4196.15647,4192.1541,4195.53544,0.0
2026-10-09 13:58:00,4194.72403,4198.7866,4193.41452,4197.84956,0.0
2026-10-09 13:59:00,4195.91147,4195.91147,4191.42576,4192.17338,0.0
2026-10-09 14:00:00,4193.8282,4193.8282,4189.68653,4190.31195,0.0
2026-10-09 14:01:00,4191.61153,4191.61153,4188.60679,4188.91518,0.0
2026-10-09 14:02:00,4189.31655,4189.76406,4187.18877,4187.66817,0.0
2026-10-09 14:03:00,4188.67236,4188.67236,4186.72807,4186.9049,0.0
2026-10-09 14:04:00,4187.25705,4187.91152,4186.53594,4187.70452,0.0
2026-10-09 14:05:00,4187.34056,4187.34056,4186.20228,4186.33427,0.0
2026-10-09 14:06:00,4186.53131,4187.18972,4186.02704,4186.10206,0.0
2026-10-09 14:07:00,4185.97743,4189.00725,4185.69842,4188.408,0.0
2026-10-09 14:08:00,4186.95495,4189.53454,4186.95495,4189.28459,0.0
2026-10-09 14:09:00,4188.7849,4189.76651,4186.97894,4187.51528,0.0
2026-10-09 14:10:00,4188.41458,4188.41458,4186.37753,4186.62339,0.0
2026-10-09 14:11:00,4187.08175,4187.08175,4186.20228,4186.27442,0.0
2026-10-09 14:12:00,4186.39263,4187.17022,4186.20228,4186.23083,0.0
2026-10-09 14:13:00,4186.41825,4187.96792,4186.41825,4187.71459,0.0
2026-10-09 14:14:00,4186.99715,4188.30625,4186.99715,4188.18745,0.0
2026-10-09 14:15:00,4187.93676,4189.33971,4187.60469,4187.62855,0.0
2026-10-09 14:16:00,4187.93534,4190.23675,4187.93534,4189.97468,0.0
2026-10-09 14:17:00,4189.32822,4189.9996,4189.32822,4189.89365,0.0
2026-10-09 14:18:00,4189.7424,4190.63009,4189.71007,4190.35701,0.0
2026-10-09 14:19:00,4189.79363,4191.11484,4189.79363,4190.97692,0.0
2026-10-09 14:20:00,4190.68881,4190.68881,4189.02789,4189.57599,0.0
2026-10-09 14:21:00,4190.79211,4190.79211,4186.59466,4187.44102,0.0
2026-10-09 14:22:00,4189.11656,4189.11656,4185.15108,4185.5925,0.0
2026-10-09 14:23:00,4186.35421,4186.98691,4185.67661,4185.73125,0.0
2026-10-09 14:24:00,4186.02723,4187.60469,4186.02723,4187.41673,0.0
2026-10-09 14:25:00,4187.04784,4187.04784,4185.32006,4185.78467,0.0
2026-10-09 14:26:00,4186.68542,4186.68542,4184.13739,4184.48875,0.0
2026-10-09 14:27:00,4184.96154,4184.96154,4183.07614,4183.44462,0.0
2026-10-09 14:28:00,4184.21485,4184.21485,4182.54051,4182.73986,0.0
2026-10-09 14:29:00,4183.211,4183.92536,4183.211,4183.85485,0.0
2026-10-09 14:30:00,4183.6544,4184.67612,4183.53366,4184.40849,0.0
2026-10-09 14:31:00,4183.75804,4184.97594,4183.75804,4184.8341,0.0
2026-10-09 14:32:00,4184.52211,4184.52211,4183.75031,4183.87561,0.0
2026-10-09 14:33:00,4184.03611,4185.24388,4183.26073,4183.52268,0.0
2026-10-09 14:34:00,4184.21691,4185.50142,4184.21691,4185.38243,0.0
2026-10-09 14:35:00,4185.07725,4186.1897,4184.89433,4185.9042,0.0
2026-10-09 14:36:00,4185.23341,4186.43797,4185.23341,4186.29849,0.0
2026-10-09 14:37:00,4186.10774,4187.82947,4186.10774,4187.3127,0.0
2026-10-09 14:38:00,4186.25768,4188.65712,4186.25768,4188.39856,0.0
2026-10-09 14:39:00,4187.87827,4187.96773,4185.54657,4187.96773,0.0
2026-10-09 14:40:00,4188.324,4188.324,4184.27549,4184.68967,0.0
2026-10-09 14:41:00,4185.36477,4185.36477,4183.75978,4184.08352,0.0
2026-10-09 14:42:00,4184.66522,4184.66522,4183.1211,4183.36766,0.0
2026-10-09 14:43:00,4183.81985,4183.81985,4182.70035,4182.83799,0.0
2026-10-09 14:44:00,4183.02958,4183.50094,4183.02958,4183.43742,0.0
2026-10-09 14:45:00,4183.33626,4184.46745,4183.33626,4184.12561,0.0
2026-10-09 14:46:00,4183.21266,4185.23579,4183.21266,4184.97863,0.0
2026-10-09 14:47:00,4184.50508,4185.34696,4183.79169,4185.27858,0.0
2026-10-09 14:48:00,4185.30535,4185.30535,4182.55105,4182.9662,0.0
2026-10-09 14:49:00,4183.54228,4183.54228,4181.65092,4181.93104,0.0
2026-10-09 14:50:00,4182.41765,4183.18715,4181.26133,4181.53776,0.0
2026-10-09 14:51:00,4182.23259,4183.57528,4182.23259,4183.41535,0.0
2026-10-09 14:52:00,4183.13361,4183.13361,4182.083,4182.21684,0.0
2026-10-09 14:53:00,4182.50728,4183.05028,4182.50728,4182.9886,0.0
2026-10-09 14:54:00,4182.83378,4183.57976,4182.83378,4183.40217,0.0
2026-10-09 14:55:00,4182.9327,4183.93802,4182.9327,4183.77627,0.0
2026-10-09 14:56:00,4183.56087,4183.92536,4183.56087,4183.91167,0.0
2026-10-09 14:57:00,4183.78709,4183.96265,4183.75031,4183.90257,0.0
2026-10-09 14:58:00,4183.81036,4183.98825,4183.51313,4183.94428,0.0
2026-10-09 14:59:00,4183.81196,4184.46513,4182.85498,4183.11371,0.0
2026-10-09 15:00:00,4183.58079,4184.62569,4183.44689,4184.53267,0.0
2026-10-09 15:01:00,4184.40081,4184.40081,4182.4598,4182.77634,0.0
2026-10-09 15:02:00,4183.18171,4183.18171,4181.6505,4181.91711,0.0
2026-10-09 15:03:00,4182.43874,4183.83537,4179.61041,4180.36773,0.0
2026-10-09 15:04:00,4181.52254,4186.70336,4181.52254,4185.65783,0.0
2026-10-09 15:05:00,4183.31311,4187.95544,4183.31311,4187.4909,0.0
2026-10-09 15:06:00,4186.64708,4186.64708,4184.79566,4184.99557,0.0
2026-10-09 15:07:00,4185.29147,4185.89653,4182.88813,4183.55091,0.0
2026-10-09 15:08:00,4185.00034,4185.00034,4182.00067,4182.30693,0.0
2026-10-09 15:09:00,4182.87155,4183.18579,4182.70035,4182.74452,0.0
2026-10-09 15:10:00,4182.64444,4184.14108,4182.49965,4183.83256,0.0
2026-10-09 15:11:00,4183.25898,4186.08525,4183.25898,4185.33591,0.0
2026-10-09 15:12:00,4184.28822,4187.35578,4184.28822,4186.92541,0.0
2026-10-09 15:13:00,4186.3017,4186.3017,4183.75031,4184.00841,0.0
2026-10-09 15:14:00,4184.51373,4185.06077,4184.45058,4184.89247,0.0
2026-10-09 15:15:00,4184.40296,4185.50142,4184.40296,4185.3667,0.0
2026-10-09 15:16:00,4185.11994,4185.20104,4185.11994,4185.18881,0.0
2026-10-09 15:17:00,4185.11994,4185.32625,4185.11994,4185.29521,0.0
2026-10-09 15:18:00,4185.20671,4189.05841,4184.97594,4185.03881,0.0
2026-10-09 15:19:00,4184.37521,4190.93919,4184.37521,4190.25288,0.0
2026-10-09 15:20:00,4188.92429,4188.99858,4187.9907,4188.20973,0.0
2026-10-09 15:21:00,4188.61183,4188.61183,4187.78006,4187.85675,0.0
2026-10-09 15:22:00,4188.0901,4188.62879,4188.0901,4188.55906,0.0
2026-10-09 15:23:00,4188.2785,4189.9059,4187.65339,4189.49568,0.0
2026-10-09 15:24:00,4188.64318,4191.12791,4188.64318,4190.62821,0.0
2026-10-09 15:25:00,4189.9817,4191.64187,4189.9817,4191.46267,0.0
2026-10-09 15:26:00,4191.10048,4191.10048,4190.44767,4190.52954,0.0
2026-10-09 15:27:00,4190.62329,4190.62329,4190.06117,4190.16096,0.0
2026-10-09 15:28:00,4190.2333,4190.58794,4190.0906,4190.52822,0.0
2026-10-09 15:29:00,4190.34794,4190.67861,4189.12853,4189.44001,0.0
2026-10-09 15:30:00,4190.07261,4190.07261,4188.83257,4188.94393,0.0
2026-10-09 15:31:00,4189.15003,4189.80071,4189.00804,4189.03065,0.0
2026-10-09 15:32:00,4188.97082,4190.23675,4188.97082,4190.11867,0.0
2026-10-09 15:33:00,4189.86144,4190.24675,4189.86144,4190.13945,0.0
2026-10-09 15:34:00,4189.97184,4190.25739,4189.97184,4190.25739,0.0
2026-10-09 15:35:00,4190.16417,4190.79956,4189.86081,4190.5893,0.0
2026-10-09 15:36:00,4190.3095,4190.76356,4190.3095,4190.74663,0.0
2026-10-09 15:37:00,4190.60515,4190.93919,4190.11374,4190.87721,0.0
2026-10-09 15:38:00,4190.62447,4190.62447,4189.47721,4189.67464,0.0
2026-10-09 15:39:00,4190.02846,4190.02846,4189.35903,4189.41302,0.0
2026-10-09 15:40:00,4189.56247,4189.87469,4189.53454,4189.82388,0.0
2026-10-09 15:41:00,4189.6328,4190.06117,4189.6328,4190.01666,0.0
2026-10-09 15:42:00,4189.91791,4190.59168,4189.71007,4189.74055,0.0
2026-10-09 15:43:00,4189.90129,4191.16792,4189.90129,4190.99485,0.0
2026-10-09 15:44:00,4190.45834,4191.46617,4190.45834,4191.35831,0.0
2026-10-09 15:45:00,4191.04443,4191.54742,4189.22239,4189.65689,0.0
2026-10-09 15:46:00,4190.48049,4190.48049,4187.33582,4188.04662,0.0
2026-10-09 15:47:00,4189.67641,4189.67641,4185.72517,4186.27088,0.0
2026-10-09 15:48:00,4187.16368,4189.35903,4187.16368,4189.0941,0.0
2026-10-09 15:49:00,4188.69674,4189.28582,4188.69674,4189.23816,0.0
2026-10-09 15:50:00,4189.00068,4191.22437,4187.45229,4190.58192,0.0
2026-10-09 15:51:00,4189.17611,4191.81757,4189.17611,4191.53652,0.0
2026-10-09 15:52:00,4191.07228,4191.34578,4191.07228,4191.34578,0.0
2026-10-09 15:53:00,4191.25225,4191.2905,4191.08838,4191.1387,0.0
2026-10-09 15:54:00,4191.19268,4191.4268,4190.76356,4190.84213,0.0
2026-10-09 15:55:00,4190.80716,4192.04882,4190.80716,4191.85591,0.0
2026-10-09 15:56:00,4191.5059,4192.29922,4190.54548,4192.18519,0.0
2026-10-09 15:57:00,4192.14599,4192.14599,4188.84392,4189.43516,0.0
2026-10-09 15:58:00,4190.42344,4190.42344,4187.78006,4188.09567,0.0
2026-10-09 15:59:00,4188.6399,4188.6399,4187.60469,4187.72764,0.0
2026-10-09 16:00:00,4187.99581,4188.48168,4187.99581,4188.45788,0.0
2026-10-09 16:01:00,4188.30291,4191.02071,4186.27751,4190.15508,0.0
2026-10-09 16:02:00,4188.23743,4191.99329,4188.23743,4191.58273,0.0
2026-10-09 16:03:00,4191.01357,4192.18562,4191.01357,4192.03688,0.0
2026-10-09 16:04:00,4191.76114,4192.40839,4190.06381,4190.46327,0.0
2026-10-09 16:05:00,4191.2524,4192.69632,4191.2524,4192.53157,0.0
2026-10-09 16:06:00,4192.2538,4193.04596,4191.7251,4192.9078,0.0
2026-10-09 16:07:00,4192.59768,4192.68696,4191.2905,4191.43051,0.0
2026-10-09 16:08:00,4191.87661,4193.14358,4191.87661,4193.00156,0.0
2026-10-09 16:09:00,4192.54471,4193.39959,4192.54471,4193.31887,0.0
2026-10-09 16:10:00,4193.17734,4193.66695,4192.47074,4193.5052,0.0
2026-10-09 16:11:00,4193.22808,4193.22808,4192.16903,4192.27997,0.0
2026-10-09 16:12:00,4192.46903,4192.63136,4191.8768,4192.04849,0.0
2026-10-09 16:13:00,4192.3416,4192.3416,4191.81757,4191.84953,0.0
2026-10-09 16:14:00,4191.91387,4192.63295,4191.81757,4191.82969,0.0
2026-10-09 16:15:00,4191.84797,4193.04793,4191.84797,4192.93689,0.0
2026-10-09 16:16:00,4192.68493,4192.69632,4192.52054,4192.54086,0.0
2026-10-09 16:17:00,4192.58157,4192.86521,4192.52054,4192.7918,0.0
2026-10-09 16:18:00,4192.50557,4193.04793,4192.50557,4192.97837,0.0
2026-10-09 16:19:00,4192.80508,4193.89279,4191.05668,4191.57231,0.0
2026-10-09 16:20:00,4192.51907,4192.51907,4190.41234,4190.66875,0.0
2026-10-09 16:21:00,4191.11544,4191.11544,4189.70707,4190.0297,0.0
2026-10-09 16:22:00,4190.50265,4190.50265,4189.17583,4189.36503,0.0
2026-10-09 16:23:00,4189.70396,4189.70396,4189.00804,4189.07475,0.0
2026-10-09 16:24:00,4189.20327,4189.42529,4188.90315,4189.38239,0.0
2026-10-09 16:25:00,4189.27334,4189.27334,4188.65712,4188.74559,0.0
2026-10-09 16:26:00,4188.88982,4188.88982,4188.65712,4188.69322,0.0
2026-10-09 16:27:00,4188.72684,4189.54782,4188.72684,4189.32203,0.0
2026-10-09 16:28:00,4188.71291,4189.71007,4188.71291,4189.62537,0.0
2026-10-09 16:29:00,4189.41669,4189.41669,4188.83257,4188.93141,0.0
2026-10-09 16:30:00,4189.04035,4189.04035,4188.60604,4188.72618,0.0
2026-10-09 16:31:00,4188.88609,4189.38815,4187.22775,4187.66019,0.0
2026-10-09 16:32:00,4188.42521,4188.42521,4186.72807,4186.9265,0.0
2026-10-09 16:33:00,4187.26464,4187.26464,4186.67159,4186.75704,0.0
2026-10-09 16:34:00,4186.88466,4186.88466,4186.55279,4186.57135,0.0
2026-10-09 16:35:00,4186.6059,4186.96716,4186.13133,4186.89569,0.0
2026-10-09 16:36:00,4186.73492,4186.73492,4186.09332,4186.10517,0.0
2026-10-09 16:37:00,4186.10803,4186.86357,4186.02704,4186.60219,0.0
2026-10-09 16:38:00,4185.86368,4187.31079,4185.86368,4187.13523,0.0
2026-10-09 16:39:00,4186.88769,4187.28304,4186.88769,4187.25132,0.0
2026-10-09 16:40:00,4187.09963,4188.52857,4186.65382,4188.13655,0.0
2026-10-09 16:41:00,4187.19171,4189.32955,4187.19171,4188.99129,0.0
2026-10-09 16:42:00,4188.54437,4189.79223,4188.54437,4189.59652,0.0
2026-10-09 16:43:00,4189.13948,4190.67123,4189.13948,4190.40925,0.0
2026-10-09 16:44:00,4189.75731,4190.93919,4189.75731,4190.8008,0.0
2026-10-09 16:45:00,4190.58529,4191.66596,4190.58529,4191.33911,0.0
2026-10-09 16:46:00,4190.53097,4192.50851,4190.53097,4192.24837,0.0
2026-10-09 16:47:00,4191.67803,4192.69632,4191.67803,4192.59148,0.0
2026-10-09 16:48:00,4192.36348,4192.36348,4191.46617,4191.59649,0.0
2026-10-09 16:49:00,4191.80618,4191.80618,4191.39737,4191.45438,0.0
2026-10-09 16:50:00,4191.5323,4191.5323,4191.2905,4191.32565,0.0
2026-10-09 16:51:00,4191.31094,4191.79705,4191.29795,4191.66244,0.0
2026-10-09 16:52:00,4191.47887,4191.94525,4191.32888,4191.87765,0.0
2026-10-09 16:53:00,4191.7149,4191.7149,4191.2905,4191.31137,0.0
2026-10-09 16:54:00,4191.35676,4191.35676,4191.15855,4191.22726,0.0
2026-10-09 16:55:00,4191.26906,4191.2905,4191.11484,4191.14028,0.0
2026-10-09 16:56:00,4191.17141,4191.62914,4190.93919,4190.97408,0.0
2026-10-09 16:57:00,4190.92243,4191.99329,4190.92243,4191.89592,0.0
2026-10-09 16:58:00,4191.69106,4191.75399,4191.25421,4191.74933,0.0
2026-10-09 16:59:00,4191.71911,4191.71911,4190.93919,4191.05056,0.0
2026-10-09 17:00:00,4191.18704,4191.69162,4191.18704,4191.62476,0.0
2026-10-09 17:01:00,4191.52039,4191.67611,4191.46617,4191.67611,0.0
2026-10-09 17:02:00,4191.57799,4191.64187,4191.57155,4191.63659,0.0
2026-10-09 17:03:00,4191.60618,4191.97896,4191.2905,4191.35823,0.0
2026-10-09 17:04:00,4191.28716,4192.49291,4191.28716,4192.33214,0.0
2026-10-09 17:05:00,4192.05608,4192.52054,4192.05608,4192.47021,0.0
2026-10-09 17:06:00,4192.34082,4192.34082,4190.6747,4191.1492,0.0
2026-10-09 17:07:00,4191.76192,4191.76192,4189.88562,4190.15455,0.0
2026-10-09 17:08:00,4190.66343,4190.66343,4189.71007,4189.8134,0.0
2026-10-09 17:09:00,4190.0366,4192.11328,4187.95991,4191.39859,0.0
2026-10-09 17:10:00,4190.05642,4190.05642,4187.254,4187.55841,0.0
2026-10-09 17:11:00,4188.2499,4189.58883,4188.2499,4189.33256,0.0
2026-10-09 17:12:00,4188.63004,4190.16897,4188.63004,4189.98514,0.0
2026-10-09 17:13:00,4189.65321,4190.46749,4189.65321,4190.30587,0.0
2026-10-09 17:14:00,4190.03959,4191.41143,4190.03959,4191.10496,0.0
2026-10-09 17:15:00,4190.25211,4192.4196,4190.25211,4192.06858,0.0
2026-10-09 17:16:00,4191.44955,4193.61178,4191.44955,4193.11837,0.0
2026-10-09 17:17:00,4192.49761,4194.279,4192.49761,4194.06207,0.0
2026-10-09 17:18:00,4193.48861,4194.98319,4193.48861,4194.74878,0.0
2026-10-09 17:19:00,4194.26394,4194.9828,4194.26394,4194.94235,0.0
2026-10-09 17:20:00,4194.8369,4194.8369,4193.83866,4194.03156,0.0
2026-10-09 17:21:00,4194.33875,4194.33875,4193.57544,4193.64512,0.0
2026-10-09 17:22:00,4193.81309,4194.45493,4193.81309,4194.41322,0.0
2026-10-09 17:23:00,4194.23008,4194.45493,4193.849,4194.43865,0.0
2026-10-09 17:24:00,4194.3376,4194.3376,4192.81434,4193.12922,0.0
2026-10-09 17:25:00,4193.67597,4193.67597,4192.34478,4192.52454,0.0
2026-10-09 17:26:00,4192.83486,4192.83486,4191.78663,4191.9752,0.0
2026-10-09 17:27:00,4192.26031,4192.26031,4191.46617,4191.5595,0.0
2026-10-09 17:28:00,4191.69157,4192.24377,4191.69157,4192.12236,0.0
2026-10-09 17:29:00,4191.79933,4192.34478,4191.56682,4192.29108,0.0
2026-10-09 17:30:00,4192.15023,4192.15023,4191.11484,4191.25025,0.0
2026-10-09 17:31:00,4191.43216,4191.79207,4191.43216,4191.68936,0.0
2026-10-09 17:32:00,4191.54344,4192.73666,4191.54344,4192.38883,0.0
2026-10-09 17:33:00,4191.51581,4193.22375,4191.51581,4193.05688,0.0
2026-10-09 17:34:00,4192.59592,4192.59592,4191.46617,4191.63352,0.0
2026-10-09 17:35:00,4191.89339,4192.51041,4190.91708,4191.1751,0.0
2026-10-09 17:36:00,4191.67787,4193.81306,4191.67787,4193.28208,0.0
2026-10-09 17:37:00,4192.61773,4194.45493,4192.61773,4194.25096,0.0
2026-10-09 17:38:00,4193.74091,4194.10309,4193.74091,4194.07133,0.0
2026-10-09 17:39:00,4194.00969,4194.10057,4193.62789,4193.74963,0.0
2026-10-09 17:40:00,4193.93196,4193.93196,4193.57544,4193.60264,0.0
2026-10-09 17:41:00,4193.63357,4193.63357,4193.39959,4193.43089,0.0
2026-10-09 17:42:00,4193.4291,4193.837,4193.4291,4193.74997,0.0
2026-10-09 17:43:00,4193.54168,4194.05852,4193.54168,4193.94093,0.0
2026-10-09 17:44:00,4193.76373,4194.33466,4193.45637,4194.23115,0.0
2026-10-09 17:45:00,4194.02588,4194.02588,4193.22375,4193.31049,0.0
2026-10-09 17:46:00,4193.44912,4193.5805,4193.04793,4193.1475,0.0
2026-10-09 17:47:00,4193.17563,4194.68468,4192.63366,4194.2981,0.0
2026-10-09 17:48:00,4193.70128,4194.9828,4193.70128,4194.83745,0.0
2026-10-09 17:49:00,4194.52425,4194.52425,4194.279,4194.28951,0.0
2026-10-09 17:50:00,4194.29289,4194.3021,4194.10309,4194.15266,0.0
2026-10-09 17:51:00,4194.21617,4195.16764,4194.21617,4194.88857,0.0
2026-10-09 17:52:00,4194.12773,4196.98241,4193.38934,4196.33875,0.0
2026-10-09 17:53:00,4195.0965,4197.62414,4195.0965,4197.33393,0.0
2026-10-09 17:54:00,4196.84545,4197.62201,4196.42392,4197.46999,0.0
2026-10-09 17:55:00,4197.17846,4197.17846,4196.03894,4196.16972,0.0
2026-10-09 17:56:00,4196.55787,4197.44795,4196.55787,4197.34523,0.0
2026-10-09 17:57:00,4197.12406,4197.12406,4196.43129,4196.53258,0.0
2026-10-09 17:58:00,4196.65857,4196.81946,4195.60287,4195.85535,0.0
2026-10-09 17:59:00,4196.33159,4196.33159,4195.33479,4195.43888,0.0
2026-10-09 18:00:00,4195.61815,4196.40856,4195.33479,4195.40424,0.0
2026-10-09 18:01:00,4195.28367,4197.03822,4195.28367,4196.83458,0.0
2026-10-09 18:02:00,4196.46156,4197.09561,4196.46156,4197.02559,0.0
2026-10-09 18:03:00,4196.87082,4196.95925,4196.87082,4196.95925,0.0
2026-10-09 18:04:00,4196.90838,4196.91946,4196.4337,4196.59201,0.0
2026-10-09 18:05:00,4196.84848,4196.84848,4196.03894,4196.16384,0.0
2026-10-09 18:06:00,4196.30039,4197.65289,4195.87979,4197.2523,0.0
2026-10-09 18:07:00,4196.71764,4197.97658,4196.71764,4197.84509,0.0
2026-10-09 18:08:00,4197.55187,4197.78379,4196.98988,4197.09794,0.0
2026-10-09 18:09:00,4197.32545,4198.73889,4197.32545,4198.33625,0.0
2026-10-09 18:10:00,4197.79178,4199.71056,4197.79178,4199.39673,0.0
2026-10-09 18:11:00,4198.58002,4200.26882,4198.58002,4200.0822,0.0
2026-10-09 18:12:00,4199.71123,4200.51107,4198.17828,4198.6678,0.0
2026-10-09 18:13:00,4199.73321,4199.73321,4197.62414,4197.81741,0.0
2026-10-09 18:14:00,4198.21025,4198.31219,4198.09233,4198.31219,0.0
2026-10-09 18:15:00,4198.23413,4198.23413,4197.55872,4197.7564,0.0
2026-10-09 18:16:00,4198.00022,4198.38001,4196.37495,4196.75335,0.0
2026-10-09 18:17:00,4197.51483,4197.51483,4196.03894,4196.1754,0.0
2026-10-09 18:18:00,4196.51636,4197.39621,4196.08623,4197.19947,0.0
2026-10-09 18:19:00,4196.85423,4196.92842,4195.5425,4195.74609,0.0
2026-10-09 18:20:00,4196.25412,4197.09561,4196.25412,4197.00181,0.0
2026-10-09 18:21:00,4196.75729,4197.1039,4196.50561,4196.58003,0.0
2026-10-09 18:22:00,4196.71539,4197.09561,4196.71539,4197.05783,0.0
2026-10-09 18:23:00,4196.95287,4196.95287,4196.74333,4196.77283,0.0
2026-10-09 18:24:00,4196.79112,4196.79112,4196.46632,4196.55643,0.0
2026-10-09 18:25:00,4196.6924,4196.6924,4196.21501,4196.29287,0.0
2026-10-09 18:26:00,4196.39746,4196.42223,4196.20999,4196.21652,0.0
2026-10-09 18:27:00,4196.24726,4196.63888,4195.85142,4196.55127,0.0
2026-10-09 18:28:00,4196.37143,4196.37143,4195.68683,4195.74332,0.0
2026-10-09 18:29:00,4195.87917,4196.09093,4195.74558,4196.07084,0.0
2026-10-09 18:30:00,4195.97614,4196.10208,4195.64057,4195.67906,0.0
2026-10-09 18:31:00,4195.81142,4197.43904,4194.42052,4196.93131,0.0
2026-10-09 18:32:00,4196.04824,4196.04824,4193.44988,4193.85768,0.0
2026-10-09 18:33:00,4194.66533,4194.66533,4192.69632,4192.91895,0.0
2026-10-09 18:34:00,4193.29507,4193.29507,4192.69632,4192.80272,0.0
2026-10-09 18:35:00,4192.95779,4193.07056,4192.95098,4193.07056,0.0
2026-10-09 18:36:00,4193.03912,4193.22154,4192.86641,4192.86641,0.0
2026-10-09 18:37:00,4192.90281,4193.39346,4192.90281,4193.34239,0.0
2026-10-09 18:38:00,4193.1144,4193.89037,4193.08881,4193.70864,0.0
2026-10-09 18:39:00,4193.46236,4193.92719,4193.46236,4193.88284,0.0
2026-10-09 18:40:00,4193.72176,4194.9333,4192.58086,4192.97651,0.0
2026-10-09 18:41:00,4193.59812,4195.33479,4193.59812,4195.12937,0.0
2026-10-09 18:42:00,4194.77183,4196.22909,4194.77183,4195.77806,0.0
2026-10-09 18:43:00,4194.68086,4197.16747,4194.68086,4196.86426,0.0
2026-10-09 18:44:00,4196.19646,4197.44795,4196.19646,4197.29445,0.0
2026-10-09 18:45:00,4197.02996,4197.75657,4196.17294,4197.53927,0.0
2026-10-09 18:46:00,4197.1203,4197.1203,4195.86288,4195.97166,0.0
2026-10-09 18:47:00,4196.2786,4199.57043,4196.2786,4198.56133,0.0
2026-10-09 18:48:00,4197.20792,4201.49519,4197.20792,4200.83329,0.0
2026-10-09 18:49:00,4199.36819,4199.36819,4195.72077,4196.41238,0.0
2026-10-09 18:50:00,4197.9139,4200.13721,4192.03296,4193.35552,0.0
2026-10-09 18:51:00,4195.11621,4202.03378,4195.11621,4201.33412,0.0
2026-10-09 18:52:00,4199.88326,4201.50414,4198.89082,4201.34664,0.0
2026-10-09 18:53:00,4201.39242,4201.39242,4197.62414,4198.01417,0.0
2026-10-09 18:54:00,4198.65669,4198.68488,4197.69912,4197.90772,0.0
2026-10-09 18:55:00,4198.28816,4198.28816,4197.62414,4197.66157,0.0
2026-10-09 18:56:00,4197.7092,4198.99101,4196.00003,4196.54148,0.0
2026-10-09 18:57:00,4197.58335,4197.58335,4195.5108,4195.7219,0.0
2026-10-09 18:58:00,4196.10475,4196.30487,4195.50588,4195.70333,0.0
2026-10-09 18:59:00,4196.05145,4196.89708,4195.04143,4195.19488,0.0
2026-10-09 19:00:00,4195.74787,4199.27378,4195.74787,4198.39441,0.0
2026-10-09 19:01:00,4197.29881,4200.62169,4197.29881,4200.20221,0.0
2026-10-09 19:02:00,4199.40487,4199.47887,4198.57156,4198.69666,0.0
2026-10-09 19:03:00,4199.0025,4200.58223,4199.0025,4200.1265,0.0
2026-10-09 19:04:00,4199.46408,4201.32762,4199.46408,4201.10983,0.0
2026-10-09 19:05:00,4200.61932,4200.62169,4200.34263,4200.43488,0.0
2026-10-09 19:06:00,4200.55353,4200.72899,4199.48286,4199.74636,0.0
2026-10-09 19:07:00,4200.23914,4200.23914,4199.21055,4199.3191,0.0
2026-10-09 19:08:00,4199.48282,4199.48282,4198.94737,4199.03488,0.0
2026-10-09 19:09:00,4199.15218,4199.15218,4198.747,4198.814,0.0
2026-10-09 19:10:00,4198.90574,4199.43159,4198.50533,4198.57647,0.0
2026-10-09 19:11:00,4198.45163,4199.90112,4198.45163,4199.73279,0.0
2026-10-09 19:12:00,4199.47811,4200.0415,4199.28592,4199.95543,0.0
2026-10-09 19:13:00,4199.77705,4199.77705,4198.96634,4199.08037,0.0
2026-10-09 19:14:00,4199.22386,4199.58506,4197.96872,4198.29323,0.0
2026-10-09 19:15:00,4198.95748,4198.95748,4197.5345,4197.69549,0.0
2026-10-09 19:16:00,4197.89707,4197.89707,4197.09561,4197.21534,0.0
2026-10-09 19:17:00,4197.27133,4197.97658,4197.27133,4197.88467,0.0
2026-10-09 19:18:00,4197.73937,4197.97655,4197.73937,4197.92372,0.0
2026-10-09 19:19:00,4197.75194,4198.52585,4197.75194,4198.3652,0.0
2026-10-09 19:20:00,4197.9899,4198.68161,4197.45406,4198.60868,0.0
2026-10-09 19:21:00,4198.50437,4198.50437,4195.31829,4196.0239,0.0
2026-10-09 19:22:00,4197.02208,4197.02208,4194.10309,4194.51306,0.0
2026-10-09 19:23:00,4195.26526,4195.26526,4194.45493,4194.53489,0.0
2026-10-09 19:24:00,4194.78528,4195.35891,4194.78528,4195.29202,0.0
2026-10-09 19:25:00,4195.01833,4195.5108,4195.01833,4195.47005,0.0
2026-10-09 19:26:00,4195.36631,4195.36631,4194.9828,4195.05952,0.0
2026-10-09 19:27:00,4195.12989,4195.15879,4194.92318,4194.97304,0.0
2026-10-09 19:28:00,4195.03413,4195.03413,4194.45167,4194.58894,0.0
2026-10-09 19:29:00,4194.80782,4194.80782,4194.279,4194.3499,0.0
2026-10-09 19:30:00,4194.47884,4194.84954,4194.45493,4194.45795,0.0
2026-10-09 19:31:00,4194.45632,4194.9828,4194.45632,4194.95599,0.0
2026-10-09 19:32:00,4194.86088,4194.86088,4194.63087,4194.66721,0.0
2026-10-09 19:33:00,4194.72008,4194.75117,4194.29309,4194.41882,0.0
2026-10-09 19:34:00,4194.61892,4195.26329,4193.81828,4193.97361,0.0
2026-10-09 19:35:00,4194.46044,4195.74802,4194.46044,4195.55472,0.0
2026-10-09 19:36:00,4195.07515,4196.03894,4195.07515,4195.95485,0.0
2026-10-09 19:37:00,4195.72951,4195.72951,4194.9828,4195.08551,0.0
2026-10-09 19:38:00,4195.21775,4196.27748,4194.8024,4195.9376,0.0
2026-10-09 19:39:00,4195.09354,4197.20254,4195.09354,4196.82949,0.0
2026-10-09 19:40:00,4196.32259,4197.44795,4196.32259,4197.33968,0.0
2026-10-09 19:41:00,4197.12245,4197.12245,4196.3911,4196.47384,0.0
2026-10-09 19:42:00,4196.62025,4197.06121,4196.3911,4196.43419,0.0
2026-10-09 19:43:00,4196.45597,4197.44795,4196.45597,4197.34258,0.0
2026-10-09 19:44:00,4197.11111,4197.11111,4196.86351,4196.93011,0.0
2026-10-09 19:45:00,4197.02456,4197.02456,4196.25115,4196.44795,0.0
2026-10-09 19:46:00,4196.77593,4196.77593,4195.86288,4195.99525,0.0
2026-10-09 19:47:00,4196.20912,4196.27241,4195.86288,4195.92767,0.0
2026-10-09 19:48:00,4195.96486,4196.3911,4195.96486,4196.32438,0.0
2026-10-09 19:49:00,4196.18477,4196.28455,4195.86288,4195.95122,0.0
2026-10-09 19:50:00,4195.97405,4196.3911,4195.97405,4196.34803,0.0
2026-10-09 19:51:00,4196.2418,4197.67657,4194.34145,4194.9348,0.0
2026-10-09 19:52:00,4195.98996,4195.98996,4193.33193,4193.73506,0.0
2026-10-09 19:53:00,4194.57727,4194.57727,4192.53576,4192.81271,0.0
2026-10-09 19:54:00,4193.22331,4195.58379,4193.22331,4195.07333,0.0
2026-10-09 19:55:00,4194.39964,4196.21501,4194.39964,4195.97566,0.0
2026-10-09 19:56:00,4195.44966,4196.3911,4195.44966,4196.28672,0.0
2026-10-09 19:57:00,4196.03981,4196.03981,4195.33479,4195.42463,0.0
2026-10-09 19:58:00,4195.55122,4195.68683,4195.43802,4195.67831,0.0
2026-10-09 19:59:00,4195.63164,4195.63164,4195.15879,4195.23193,0.0
2026-10-09 20:00:00,4195.37484,4195.70755,4195.14729,4195.66458,0.0
2026-10-09 20:01:00,4195.55859,4195.55859,4194.72245,4194.87508,0.0
2026-10-09 20:02:00,4195.12258,4195.37651,4194.45493,4194.54374,0.0
2026-10-09 20:03:00,4194.49235,4195.68683,4194.49235,4195.55108,0.0
2026-10-09 20:04:00,4195.29674,4195.48089,4194.8091,4194.96612,0.0
2026-10-09 20:05:00,4195.22329,4195.22329,4194.50851,4194.6257,0.0
2026-10-09 20:06:00,4194.77231,4194.77231,4194.10309,4194.21325,0.0
2026-10-09 20:07:00,4194.24479,4194.9828,4194.24479,4194.88764,0.0
2026-10-09 20:08:00,4194.7401,4194.85784,4194.7401,4194.85196,0.0
2026-10-09 20:09:00,4194.76129,4194.9828,4194.76129,4194.95561,0.0
2026-10-09 20:10:00,4194.88435,4194.88435,4194.63087,4194.67256,0.0
2026-10-09 20:11:00,4194.70794,4194.80928,4194.63087,4194.77514,0.0
2026-10-09 20:12:00,4194.66779,4195.25717,4194.63087,4195.06334,0.0
2026-10-09 20:13:00,4194.79464,4195.33479,4194.79464,4195.31008,0.0
2026-10-09 20:14:00,4195.16985,4195.35549,4195.15726,4195.15726,0.0
