datetime,open,high,low,close,volume
2026-08-09 07:00:00,64822.85,64827.844,64791.91,64793.758,0.0
2026-08-09 08:00:00,64793.763,64911.099,64759.154,64792.525,0.0
2026-08-09 09:00:00,64792.526,64850.895,64774.37,64850.89,0.0
2026-08-09 10:00:00,64850.89,64948.65,64850.82,64927.897,0.0
2026-08-09 11:00:00,64927.956,64978.165,64921.703,64921.705,0.0
2026-08-09 12:00:00,64921.705,64928.52,64884.35,64928.317,0.0
2026-08-09 13:00:00,64928.261,65237.799,64927.824,65195.047,0.0
2026-08-09 14:00:00,65195.048,65279.9,65118.225,65238.113,0.0
2026-08-09 15:00:00,65237.511,65241.345,65176.976,65207.69,0.0
2026-08-09 16:00:00,65207.676,65243.099,65147.103,65204.697,0.0
2026-08-09 17:00:00,65204.697,65212.799,65165.699,65169.997,0.0
2026-08-09 18:00:00,65169.997,65200.263,65160.802,65167.199,0.0
2026-08-09 19:00:00,65167.199,65188.599,65147.6,65152.815,0.0
2026-08-09 20:00:00,65152.815,65161.456,65043.55,65114.081,0.0
2026-08-09 21:00:00,65114.08,65225.43,65090.894,65165.086,0.0
2026-08-09 22:00:00,65165.086,65448.444,64936.109,65046.123,0.0
2026-08-09 23:00:00,65046.123,65080.257,64806.082,64867.471,0.0
2026-08-10 00:00:00,64867.522,65295.0,64794.376,64943.693,0.0
2026-08-10 01:00:00,64945.442,65369.381,64864.001,65172.873,0.0
2026-08-10 02:00:00,65172.872,65193.298,64871.05,65078.007,0.0
2026-08-10 03:00:00,65077.86,65149.999,64875.001,64946.15,0.0
2026-08-10 04:00:00,64946.15,65076.382,64891.908,64984.611,0.0
2026-08-10 05:00:00,64979.471,65139.032,64951.605,65117.254,0.0
2026-08-10 06:00:00,65117.255,65313.15,65104.102,65273.246,0.0
2026-08-10 07:00:00,65273.246,65348.4,65173.006,65183.007,0.0
2026-08-10 08:00:00,65183.008,65307.765,65160.174,65220.329,0.0
2026-08-10 09:00:00,65220.337,65220.337,64927.97,64941.063,0.0
2026-08-10 10:00:00,64941.063,65053.235,64939.342,64988.795,0.0
2026-08-10 11:00:00,64988.802,65108.35,64950.05,65097.707,0.0
2026-08-10 12:00:00,65097.647,65219.524,64812.601,64838.266,0.0
2026-08-10 13:00:00,64838.113,64942.648,64484.856,64533.68,0.0
2026-08-10 14:00:00,64533.687,64856.797,64513.241,64594.229,0.0
2026-08-10 15:00:00,64594.264,64691.199,64173.027,64268.943,0.0
2026-08-10 16:00:00,64268.82,64329.974,63808.901,63888.975,0.0
2026-08-10 17:00:00,63888.987,63998.301,63809.99,63932.67,0.0
2026-08-10 18:00:00,63932.749,64005.318,63788.05,63865.231,0.0
2026-08-10 19:00:00,63865.212,64070.45,63859.95,64017.062,0.0
2026-08-10 20:00:00,64017.388,64161.564,63988.441,64129.588,0.0
2026-08-10 21:00:00,64129.423,64129.423,63949.237,63949.307,0.0
2026-08-10 22:00:00,63949.136,64028.029,63907.678,63987.743,0.0
2026-08-10 23:00:00,63987.743,63992.148,63882.765,63939.257,0.0
2026-08-11 00:00:00,63939.25,64028.813,63867.144,64006.437,0.0
2026-08-11 01:00:00,64006.235,64048.099,63923.899,64026.513,0.0
2026-08-11 02:00:00,64026.514,64054.385,63999.902,64012.891,0.0
2026-08-11 03:00:00,64012.898,64147.95,64012.898,64110.669,0.0
2026-08-11 04:00:00,64110.666,64124.491,63996.805,63996.805,0.0
2026-08-11 05:00:00,63996.758,64023.418,63929.157,63965.024,0.0
2026-08-11 06:00:00,63965.022,64021.89,63826.781,63940.066,0.0
2026-08-11 07:00:00,63940.063,64077.241,63877.44,64031.698,0.0
2026-08-11 08:00:00,64031.695,64124.845,64010.405,64109.797,0.0
2026-08-11 09:00:00,64109.797,64280.975,64106.05,64280.973,0.0
2026-08-11 10:00:00,64280.969,64290.2,64171.371,64205.318,0.0
2026-08-11 11:00:00,64205.32,64379.95,64205.317,64357.787,0.0
2026-08-11 12:00:00,64358.288,64468.797,64259.15,64303.119,0.0
2026-08-11 13:00:00,64303.119,64346.126,64020.693,64174.619,0.0
2026-08-11 14:00:00,64174.604,64239.977,63683.698,63746.894,0.0
2026-08-11 15:00:00,63747.057,63845.739,63420.05,63582.003,0.0
2026-08-11 16:00:00,63585.115,63635.924,63436.44,63488.553,0.0
2026-08-11 17:00:00,63488.552,63612.211,63444.139,63580.122,0.0
2026-08-11 18:00:00,63580.122,63609.202,63222.36,63352.453,0.0
2026-08-11 19:00:00,63352.689,63514.31,63211.679,63509.432,0.0
2026-08-11 20:00:00,63508.373,63732.302,63508.271,63720.819,0.0
2026-08-11 21:00:00,63720.816,63740.435,63590.71,63641.8,0.0
2026-08-11 22:00:00,63641.803,63743.1,63601.158,63641.61,0.0
2026-08-11 23:00:00,63641.616,63641.616,63527.35,63571.726,0.0
2026-08-12 00:00:00,63571.768,63722.544,63515.538,63717.398,0.0
2026-08-12 01:00:00,63717.399,63828.657,63665.058,63795.999,0.0
2026-08-12 02:00:00,63795.999,63884.626,63701.003,63722.634,0.0
2026-08-12 03:00:00,63722.634,63819.379,63678.334,63800.05,0.0
2026-08-12 04:00:00,63800.05,63864.01,63706.554,63747.204,0.0
2026-08-12 05:00:00,63747.204,63846.3,63698.228,63817.318,0.0
2026-08-12 06:00:00,63816.791,63816.791,63579.804,63688.113,0.0
2026-08-12 07:00:00,63688.362,63812.467,63612.291,63804.897,0.0
2026-08-12 08:00:00,63804.85,63842.348,63745.295,63769.813,0.0
2026-08-12 09:00:00,63769.813,64077.114,63735.287,64077.109,0.0
2026-08-12 10:00:00,64077.113,64188.1,64029.07,64111.446,0.0
2026-08-12 11:00:00,64111.446,64222.341,64079.83,64207.325,0.0
2026-08-12 12:00:00,64207.264,64434.443,63944.225,64091.304,0.0
2026-08-12 13:00:00,64090.508,64128.301,63805.076,63812.792,0.0
2026-08-12 14:00:00,63805.421,63899.546,63334.417,63344.413,0.0
2026-08-12 15:00:00,63344.43,63552.043,63291.15,63423.439,0.0
2026-08-12 16:00:00,63421.326,63557.497,63347.014,63462.31,0.0
2026-08-12 17:00:00,63462.308,63527.578,63388.838,63450.069,0.0
2026-08-12 18:00:00,63450.069,63505.038,63350.05,63360.108,0.0
2026-08-12 19:00:00,63360.121,63441.371,63282.607,63399.433,0.0
2026-08-12 20:00:00,63398.746,63573.497,63396.508,63573.497,0.0
2026-08-12 21:00:00,63573.497,63629.027,63392.214,63441.386,0.0
2026-08-12 22:00:00,63441.384,63508.581,63337.328,63405.887,0.0
2026-08-12 23:00:00,63405.886,63460.372,63349.657,63454.841,0.0
2026-08-13 00:00:00,63454.853,63682.453,63436.811,63529.53,0.0
2026-08-13 01:00:00,63529.33,63607.514,63355.1,63428.661,0.0
2026-08-13 02:00:00,63428.809,63553.825,63343.835,63522.473,0.0
2026-08-13 03:00:00,63522.474,63661.846,63485.871,63623.588,0.0
2026-08-13 04:00:00,63624.381,63759.743,63564.757,63672.647,0.0
2026-08-13 05:00:00,63672.646,63990.457,63648.143,63845.763,0.0
2026-08-13 06:00:00,63845.19,63912.863,63725.204,63912.863,0.0
2026-08-13 07:00:00,63914.691,63916.876,63824.202,63832.955,0.0
2026-08-13 08:00:00,63833.031,63881.461,63710.356,63743.714,0.0
2026-08-13 09:00:00,63743.717,63768.333,63559.91,63757.062,0.0
2026-08-13 10:00:00,63757.062,63799.95,63551.011,63628.899,0.0
2026-08-13 11:00:00,63628.899,63638.137,63318.101,63458.674,0.0
2026-08-13 12:00:00,63458.805,63686.135,63414.267,63669.106,0.0
2026-08-13 13:00:00,63669.105,63827.957,63534.144,63699.886,0.0
2026-08-13 14:00:00,63699.881,63978.847,63654.629,63836.666,0.0
2026-08-13 15:00:00,63836.669,63920.028,63385.807,63385.807,0.0
2026-08-13 16:00:00,63385.149,63544.067,62813.573,63124.353,0.0
2026-08-13 17:00:00,63138.917,63276.382,63046.762,63120.916,0.0
2026-08-13 18:00:00,63120.834,63347.784,63087.97,63284.523,0.0
2026-08-13 19:00:00,63284.731,63487.95,63284.446,63378.905,0.0
2026-08-13 20:00:00,63387.386,63447.245,63343.377,63385.509,0.0
2026-08-13 21:00:00,63385.509,63477.619,63360.636,63444.735,0.0
2026-08-13 22:00:00,63444.834,63613.145,63444.743,63497.911,0.0
2026-08-13 23:00:00,63497.908,63512.875,63366.65,63455.391,0.0
2026-08-14 00:00:00,63457.311,63534.417,63378.069,63517.637,0.0
2026-08-14 01:00:00,63517.628,63567.416,63428.807,63544.349,0.0
2026-08-14 02:00:00,63546.439,63595.902,63437.106,63437.106,0.0
2026-08-14 03:00:00,63437.105,63556.427,63276.722,63288.047,0.0
2026-08-14 04:00:00,63288.046,63449.549,63249.439,63349.991,0.0
2026-08-14 05:00:00,63349.992,63375.582,63256.704,63357.789,0.0
2026-08-14 06:00:00,63357.789,63357.791,62913.669,62944.55,0.0
2026-08-14 07:00:00,62944.55,63079.0,62888.05,62888.05,0.0
2026-08-14 08:00:00,62888.05,62961.006,62662.577,62904.003,0.0
2026-08-14 09:00:00,62904.85,62905.0,62709.202,62763.771,0.0
2026-08-14 10:00:00,62763.767,62912.4,62711.952,62787.801,0.0
2026-08-14 11:00:00,62787.798,62907.216,62778.353,62837.476,0.0
2026-08-14 12:00:00,62837.508,62885.355,62688.15,62706.005,0.0
2026-08-14 13:00:00,62706.005,62794.834,62564.013,62637.35,0.0
2026-08-14 14:00:00,62638.483,62770.811,62504.797,62580.936,0.0
2026-08-14 15:00:00,62580.943,63056.283,62579.572,62960.95,0.0
2026-08-14 16:00:00,62955.95,63194.156,62933.701,63105.785,0.0
2026-08-14 17:00:00,63105.791,63215.434,62965.05,62988.371,0.0
2026-08-14 18:00:00,62988.372,63050.577,62857.935,62900.612,0.0
2026-08-14 19:00:00,62900.605,62964.358,62794.545,62940.502,0.0
2026-08-14 20:00:00,62940.001,62995.257,62864.65,62878.421,0.0
2026-08-14 21:00:00,62878.182,62912.663,62846.702,62897.711,0.0
2026-08-14 22:00:00,62897.711,62934.694,62770.901,62856.551,0.0
2026-08-14 23:00:00,62856.602,63040.399,62838.235,63015.0,0.0
2026-08-15 00:00:00,63015.0,63039.345,62965.223,62991.693,0.0
2026-08-15 01:00:00,62991.694,63014.998,62966.418,63010.827,0.0
2026-08-15 02:00:00,63010.894,63113.95,63007.307,63113.496,0.0
2026-08-15 03:00:00,63113.564,63167.436,63014.317,63030.366,0.0
2026-08-15 04:00:00,63030.366,63127.431,63030.366,63092.443,0.0
2026-08-15 05:00:00,63092.443,63127.724,63013.403,63055.406,0.0
2026-08-15 06:00:00,63055.508,63108.774,63003.798,63087.131,0.0
2026-08-15 07:00:00,63087.194,63104.311,63011.05,63049.85,0.0
2026-08-15 08:00:00,63049.85,63058.546,62902.242,62908.635,0.0
2026-08-15 09:00:00,62908.633,63019.877,62890.186,62999.134,0.0
2026-08-15 10:00:00,62999.113,63025.191,62971.87,63019.552,0.0
2026-08-15 11:00:00,63015.489,63031.537,62967.753,62993.189,0.0
2026-08-15 12:00:00,62993.26,63030.433,62920.76,63028.706,0.0
2026-08-15 13:00:00,63028.712,63058.241,62991.912,63031.25,0.0
2026-08-15 14:00:00,63031.212,63031.212,62961.599,63011.513,0.0
2026-08-15 15:00:00,63011.516,63096.691,62997.32,63068.018,0.0
2026-08-15 16:00:00,63068.018,63091.301,63032.4,63066.219,0.0
2026-08-15 17:00:00,63066.219,63077.771,63032.15,63043.487,0.0
2026-08-15 18:00:00,63043.488,63082.999,63011.65,63026.287,0.0
2026-08-15 19:00:00,63026.28,63093.727,63026.214,63093.55,0.0
2026-08-15 20:00:00,63093.724,63093.724,63040.114,63077.05,0.0
2026-08-15 21:00:00,63077.05,63138.798,63068.925,63123.714,0.0
2026-08-15 22:00:00,63123.709,63141.569,63096.65,63100.647,0.0
2026-08-15 23:00:00,63100.639,63110.287,63049.94,63053.937,0.0
2026-08-16 00:00:00,63053.938,63057.583,63032.878,63051.013,0.0
2026-08-16 01:00:00,63051.012,63052.35,62975.723,63051.32,0.0
2026-08-16 02:00:00,63051.321,63132.199,62988.708,63092.805,0.0
2026-08-16 03:00:00,63092.748,63102.149,63080.455,63096.621,0.0
2026-08-16 04:00:00,63096.621,63122.825,63056.316,63056.51,0.0
2026-08-16 05:00:00,63056.504,63069.421,63006.811,63027.647,0.0
2026-08-16 06:00:00,63027.647,63055.849,63012.05,63036.502,0.0
2026-08-16 07:00:00,63036.502,63036.527,63025.05,63034.35,0.0
2026-08-16 08:00:00,63034.35,63045.292,63030.15,63039.593,0.0
2026-08-16 09:00:00,63039.593,63039.595,62935.992,62956.935,0.0
2026-08-16 10:00:00,62956.925,62982.128,62929.15,62979.25,0.0
2026-08-16 11:00:00,62979.25,62981.454,62945.969,62981.421,0.0
2026-08-16 12:00:00,62981.421,62998.85,62959.059,62986.467,0.0
2026-08-16 13:00:00,62986.405,63040.977,62986.35,63036.002,0.0
2026-08-16 14:00:00,63036.002,63078.644,63031.901,63078.644,0.0
2026-08-16 15:00:00,63078.646,63113.839,63077.57,63113.839,0.0
2026-08-16 16:00:00,63113.839,63370.08,63108.199,63232.706,0.0
2026-08-16 17:00:00,63232.706,63247.429,63093.567,63130.65,0.0
2026-08-16 18:00:00,63130.65,63148.045,63091.171,63111.304,0.0
2026-08-16 19:00:00,63111.35,63201.928,63068.718,63082.216,0.0
2026-08-16 20:00:00,63082.215,63117.05,62998.359,63040.904,0.0
2026-08-16 21:00:00,63040.905,63059.408,62734.908,62899.744,0.0
2026-08-16 22:00:00,62899.741,62929.97,62681.255,62885.216,0.0
2026-08-16 23:00:00,62885.467,62967.286,62803.749,62875.973,0.0
2026-08-17 00:00:00,62875.967,62936.598,62723.793,62887.353,0.0
2026-08-17 01:00:00,62887.355,63230.013,62866.837,63084.05,0.0
2026-08-17 02:00:00,63084.05,63477.434,63008.186,63382.914,0.0
2026-08-17 03:00:00,63382.912,63498.041,63314.693,63409.79,0.0
2026-08-17 04:00:00,63409.79,63558.402,63409.79,63512.198,0.0
2026-08-17 05:00:00,63512.491,63572.645,63414.204,63488.047,0.0
2026-08-17 06:00:00,63488.047,63686.418,63447.442,63633.178,0.0
2026-08-17 07:00:00,63633.178,63636.291,63493.45,63493.474,0.0
2026-08-17 08:00:00,63493.474,63524.85,63320.202,63350.053,0.0
2026-08-17 09:00:00,63350.053,63404.528,63256.957,63289.883,0.0
2026-08-17 10:00:00,63289.883,63671.799,63265.257,63661.8,0.0
2026-08-17 11:00:00,63661.8,63753.184,63556.55,63599.508,0.0
2026-08-17 12:00:00,63599.608,63655.642,63501.976,63526.65,0.0
2026-08-17 13:00:00,63526.65,63776.068,63412.518,63646.804,0.0
2026-08-17 14:00:00,63646.804,63880.047,63561.263,63871.794,0.0
2026-08-17 15:00:00,63871.71,64199.9,63778.966,64169.297,0.0
2026-08-17 16:00:00,64169.837,64182.029,64022.35,64081.61,0.0
2026-08-17 17:00:00,64082.026,64388.057,63944.256,64293.073,0.0
2026-08-17 18:00:00,64293.073,64589.335,64243.582,64399.685,0.0
2026-08-17 19:00:00,64403.323,64403.323,64258.307,64280.457,0.0
2026-08-17 20:00:00,64280.438,64414.478,64231.35,64360.739,0.0
2026-08-17 21:00:00,64360.748,64406.107,64269.3,64350.517,0.0
2026-08-17 22:00:00,64350.709,64390.184,64247.311,64267.65,0.0
2026-08-17 23:00:00,64267.65,64555.4,64261.15,64504.241,0.0
2026-08-18 00:00:00,64504.2,64541.844,64329.449,64356.356,0.0
2026-08-18 01:00:00,64357.398,64361.567,64119.086,64175.724,0.0
2026-08-18 02:00:00,64174.916,64246.542,64022.051,64073.95,0.0
2026-08-18 03:00:00,64073.95,64156.696,64010.555,64147.412,0.0
2026-08-18 04:00:00,64147.44,64215.287,64054.567,64182.971,0.0
2026-08-18 05:00:00,64184.742,64245.593,64107.05,64202.422,0.0
2026-08-18 06:00:00,64202.422,64425.094,64129.677,64297.86,0.0
2026-08-18 07:00:00,64297.86,64329.75,64135.839,64170.581,0.0
2026-08-18 08:00:00,64170.664,64309.95,64059.917,64264.276,0.0
2026-08-18 09:00:00,64264.287,64264.287,64108.25,64147.452,0.0
2026-08-18 10:00:00,64147.441,64194.857,64100.101,64171.64,0.0
2026-08-18 11:00:00,64171.646,64380.364,64161.402,64326.012,0.0
2026-08-18 12:00:00,64326.012,64328.2,64194.054,64194.489,0.0
2026-08-18 13:00:00,64194.489,64258.95,64011.349,64188.232,0.0
2026-08-18 14:00:00,64188.227,65010.915,64187.635,64683.55,0.0
2026-08-18 15:00:00,64683.55,64860.598,64615.003,64823.945,0.0
2026-08-18 16:00:00,64823.945,64861.65,64643.65,64804.413,0.0
2026-08-18 17:00:00,64804.403,64804.795,64634.221,64634.221,0.0
2026-08-18 18:00:00,64634.211,64793.797,64621.774,64744.637,0.0
2026-08-18 19:00:00,64744.65,64773.5,64611.35,64619.982,0.0
2026-08-18 20:00:00,64619.75,64631.312,64536.665,64547.026,0.0
2026-08-18 21:00:00,64547.331,64625.05,64537.008,64575.827,0.0
2026-08-18 22:00:00,64575.839,64622.459,64531.132,64607.239,0.0
2026-08-18 23:00:00,64607.226,64752.252,64598.677,64694.5,0.0
2026-08-19 00:00:00,64694.181,64705.82,64451.275,64459.454,0.0
2026-08-19 01:00:00,64459.376,64517.621,64355.913,64371.712,0.0
2026-08-19 02:00:00,64371.794,64388.982,64315.05,64322.107,0.0
2026-08-19 03:00:00,64322.107,64390.554,64252.026,64296.323,0.0
2026-08-19 04:00:00,64296.32,64367.846,64262.209,64285.223,0.0
2026-08-19 05:00:00,64285.226,64382.726,64204.604,64209.15,0.0
2026-08-19 06:00:00,64209.15,64321.333,64131.507,64315.164,0.0
2026-08-19 07:00:00,64315.238,64370.119,64244.004,64266.005,0.0
2026-08-19 08:00:00,64266.001,64482.523,64219.501,64384.706,0.0
2026-08-19 09:00:00,64384.564,64446.549,64327.528,64395.334,0.0
2026-08-19 10:00:00,64395.332,64427.804,64336.348,64423.797,0.0
2026-08-19 11:00:00,64423.947,64506.605,64417.335,64479.294,0.0
2026-08-19 12:00:00,64479.296,64961.732,64439.239,64857.136,0.0
2026-08-19 13:00:00,64857.35,65189.95,64761.204,64986.46,0.0
2026-08-19 14:00:00,64984.11,65940.741,64984.11,65895.423,0.0
2026-08-19 15:00:00,65895.571,69773.653,65863.21,68530.708,0.0
2026-08-19 16:00:00,68524.466,68927.811,68389.346,68430.402,0.0
2026-08-19 17:00:00,68430.525,68506.878,67804.327,68170.039,0.0
2026-08-19 18:00:00,68170.02,68426.722,68009.957,68369.805,0.0
2026-08-19 19:00:00,68360.651,68460.67,68077.716,68395.359,0.0
2026-08-19 20:00:00,68403.158,69560.375,68355.647,69016.55,0.0
2026-08-19 21:00:00,69016.361,70039.152,68947.864,69685.065,0.0
2026-08-19 22:00:00,69685.031,69807.72,68959.452,69227.854,0.0
2026-08-19 23:00:00,69227.924,69430.956,69130.651,69310.082,0.0
2026-08-20 00:00:00,69310.093,69760.383,69293.45,69389.886,0.0
2026-08-20 01:00:00,69389.366,69864.111,69245.67,69691.763,0.0
2026-08-20 02:00:00,69691.848,69800.023,69247.084,69298.477,0.0
2026-08-20 03:00:00,69287.825,69335.724,68898.25,69183.77,0.0
2026-08-20 04:00:00,69183.775,69600.354,69155.599,69479.42,0.0
2026-08-20 05:00:00,69480.016,69657.698,69349.5,69401.353,0.0
2026-08-20 06:00:00,69408.545,69897.345,69330.35,69838.826,0.0
2026-08-20 07:00:00,69838.827,69975.793,69481.661,69815.972,0.0
2026-08-20 08:00:00,69815.891,71784.396,69771.773,71560.912,0.0
2026-08-20 09:00:00,71560.991,72041.043,71477.474,71785.095,0.0
2026-08-20 10:00:00,71780.878,72470.44,71689.241,71974.528,0.0
2026-08-20 11:00:00,71978.267,72300.233,71783.841,71895.381,0.0
2026-08-20 12:00:00,71895.398,71969.06,71476.807,71930.292,0.0
2026-08-20 13:00:00,71930.304,72072.1,71129.537,71646.369,0.0
2026-08-20 14:00:00,71663.227,71951.365,71367.577,71793.561,0.0
2026-08-20 15:00:00,71793.118,72807.098,71760.914,72430.984,0.0
2026-08-20 16:00:00,72430.99,72844.152,72167.568,72796.941,0.0
2026-08-20 17:00:00,72798.802,72933.916,72503.692,72699.942,0.0
2026-08-20 18:00:00,72703.961,72780.261,72351.795,72398.03,0.0
2026-08-20 19:00:00,72398.325,72747.78,72300.201,72607.746,0.0
2026-08-20 20:00:00,72658.598,72998.134,72554.041,72641.651,0.0
2026-08-20 21:00:00,72637.731,72819.387,72553.409,72707.69,0.0
2026-08-20 22:00:00,72707.711,72854.375,72458.75,72647.744,0.0
2026-08-20 23:00:00,72647.632,73373.25,72624.726,72992.808,0.0
2026-08-21 00:00:00,72999.583,73967.71,72992.426,73687.34,0.0
2026-08-21 01:00:00,73681.421,75758.92,73634.014,75107.302,0.0
2026-08-21 02:00:00,75102.297,75158.252,74353.435,74404.262,0.0
2026-08-21 03:00:00,74410.926,74828.93,74213.818,74481.719,0.0
2026-08-21 04:00:00,74481.72,74999.95,74481.72,74987.139,0.0
2026-08-21 05:00:00,74991.33,75451.935,74874.697,75433.056,0.0
2026-08-21 06:00:00,75433.166,75709.453,75067.782,75613.666,0.0
2026-08-21 07:00:00,75613.658,76878.156,75576.617,76322.858,0.0
2026-08-21 08:00:00,76308.715,79526.548,76267.571,79308.101,0.0
2026-08-21 09:00:00,79269.982,79371.302,77256.776,77900.593,0.0
2026-08-21 10:00:00,77900.702,78244.743,77607.754,77811.867,0.0
2026-08-21 11:00:00,77802.563,77848.501,76431.028,76752.577,0.0
2026-08-21 12:00:00,76748.588,77480.242,76537.83,77218.626,0.0
2026-08-21 13:00:00,77224.58,77688.108,76238.203,77243.181,0.0
2026-08-21 14:00:00,77243.976,77449.902,76544.131,77394.348,0.0
2026-08-21 15:00:00,77387.767,77871.646,77159.288,77216.899,0.0
2026-08-21 16:00:00,77227.143,77534.927,76809.449,77462.655,0.0
2026-08-21 17:00:00,77462.247,77702.841,77173.504,77382.753,0.0
2026-08-21 18:00:00,77382.914,77533.258,76602.715,77099.791,0.0
2026-08-21 19:00:00,77114.234,77325.403,76818.604,76989.939,0.0
2026-08-21 20:00:00,76995.485,77511.348,76816.588,77480.464,0.0
2026-08-21 21:00:00,77480.442,78662.921,77390.741,78490.343,0.0
2026-08-21 22:00:00,78490.337,78742.841,78097.163,78424.302,0.0
2026-08-21 23:00:00,78434.393,78699.54,78100.734,78308.279,0.0
2026-08-22 00:00:00,78308.172,78480.669,77669.08,77919.557,0.0
2026-08-22 01:00:00,77921.53,78218.3,77785.595,77806.834,0.0
2026-08-22 02:00:00,77806.51,78548.353,77762.534,78468.378,0.0
2026-08-22 03:00:00,78469.047,78799.333,78343.622,78395.953,0.0
2026-08-22 04:00:00,78396.271,78803.663,78187.715,78479.418,0.0
2026-08-22 05:00:00,78452.679,78580.295,76518.336,77351.881,0.0
2026-08-22 06:00:00,77372.837,77562.629,76981.055,77476.661,0.0
2026-08-22 07:00:00,77476.653,77656.886,77201.013,77287.187,0.0
2026-08-22 08:00:00,77287.934,77430.142,77029.281,77193.484,0.0
2026-08-22 09:00:00,77193.478,77374.527,76817.434,77048.431,0.0
2026-08-22 10:00:00,77048.443,77195.196,76522.537,76975.501,0.0
2026-08-22 11:00:00,76975.666,77219.535,76814.061,77137.856,0.0
2026-08-22 12:00:00,77137.861,77387.651,77081.367,77295.483,0.0
2026-08-22 13:00:00,77295.057,77372.038,77112.449,77291.303,0.0
2026-08-22 14:00:00,77291.276,77323.149,76936.495,77017.877,0.0
2026-08-22 15:00:00,77017.904,77116.239,76901.285,76996.365,0.0
2026-08-22 16:00:00,76996.692,77561.819,76968.824,77299.037,0.0
2026-08-22 17:00:00,77299.037,77393.686,77089.192,77289.173,0.0
2026-08-22 18:00:00,77289.172,77371.258,77143.573,77276.691,0.0
2026-08-22 19:00:00,77276.689,77482.661,77208.932,77422.237,0.0
2026-08-22 20:00:00,77422.539,77466.969,77269.847,77328.647,0.0
2026-08-22 21:00:00,77328.369,77328.44,76825.048,76861.895,0.0
2026-08-22 22:00:00,76862.369,77168.996,76771.719,77001.32,0.0
2026-08-22 23:00:00,77001.183,77145.977,76904.705,77084.463,0.0
2026-08-23 00:00:00,77084.508,77370.03,77059.694,77308.223,0.0
2026-08-23 01:00:00,77308.303,77423.751,77168.554,77201.162,0.0
2026-08-23 02:00:00,77201.351,77227.745,77024.208,77080.934,0.0
2026-08-23 03:00:00,77081.194,77158.349,76842.139,76940.969,0.0
2026-08-23 04:00:00,76940.95,77045.415,76494.608,76611.72,0.0
2026-08-23 05:00:00,76611.73,76738.738,75614.585,76068.164,0.0
2026-08-23 06:00:00,76064.456,76366.438,75898.708,76111.909,0.0
2026-08-23 07:00:00,76111.913,76368.781,75922.381,76015.968,0.0
2026-08-23 08:00:00,76020.176,76658.948,75965.394,76486.348,0.0
2026-08-23 09:00:00,76486.398,76655.365,76471.052,76542.54,0.0
2026-08-23 10:00:00,76542.537,76936.379,76535.357,76784.403,0.0
2026-08-23 11:00:00,76784.403,77392.671,76738.216,77295.452,0.0
2026-08-23 12:00:00,77295.915,77301.012,77013.74,77202.684,0.0
2026-08-23 13:00:00,77202.672,77768.003,77189.365,77472.857,0.0
2026-08-23 14:00:00,77472.821,77636.381,76779.09,77173.016,0.0
2026-08-23 15:00:00,77173.072,77316.409,76905.186,77124.277,0.0
2026-08-23 16:00:00,77124.209,77445.323,77124.209,77388.9,0.0
2026-08-23 17:00:00,77389.019,77420.569,77122.16,77165.672,0.0
2026-08-23 18:00:00,77158.031,77381.47,77075.212,77310.668,0.0
2026-08-23 19:00:00,77318.531,77446.565,77216.271,77305.317,0.0
2026-08-23 20:00:00,77305.827,77438.528,77166.874,77377.291,0.0
2026-08-23 21:00:00,77377.319,78014.452,77377.319,77808.984,0.0
2026-08-23 22:00:00,77808.997,77960.787,77535.216,77578.129,0.0
2026-08-23 23:00:00,77578.131,77792.59,77278.546,77709.591,0.0
2026-08-24 00:00:00,77718.016,77727.132,77147.978,77668.844,0.0
2026-08-24 01:00:00,77674.127,77703.354,76888.138,76888.95,0.0
2026-08-24 02:00:00,76892.995,77531.497,76858.344,77460.951,0.0
2026-08-24 03:00:00,77460.531,77515.777,76916.632,76926.46,0.0
2026-08-24 04:00:00,76926.432,77249.341,76660.784,76889.902,0.0
2026-08-24 05:00:00,76889.902,77213.589,76829.215,77139.85,0.0
2026-08-24 06:00:00,77139.729,77519.264,77053.478,77455.358,0.0
2026-08-24 07:00:00,77455.341,77788.921,77272.142,77288.254,0.0
2026-08-24 08:00:00,77302.506,77401.45,76812.962,77031.933,0.0
2026-08-24 09:00:00,77031.77,77593.637,77012.037,77546.171,0.0
2026-08-24 10:00:00,77546.171,78015.769,77525.104,77614.649,0.0
2026-08-24 11:00:00,77615.063,78589.13,77435.33,78433.154,0.0
2026-08-24 12:00:00,78430.53,79299.85,77955.346,79146.989,0.0
2026-08-24 13:00:00,79146.919,79418.263,77834.391,78564.994,0.0
2026-08-24 14:00:00,78566.231,79795.356,78560.834,79481.102,0.0
2026-08-24 15:00:00,79481.065,79974.813,78805.609,79070.454,0.0
2026-08-24 16:00:00,79066.198,79823.292,78865.011,79018.462,0.0
2026-08-24 17:00:00,79018.905,79162.135,78440.952,78730.029,0.0
2026-08-24 18:00:00,78727.922,79050.604,78679.702,78901.25,0.0
2026-08-24 19:00:00,78901.534,79081.581,78554.042,78712.884,0.0
2026-08-24 20:00:00,78714.789,78959.446,78520.386,78889.918,0.0
2026-08-24 21:00:00,78901.404,79012.816,78811.8,78944.122,0.0
2026-08-24 22:00:00,78944.118,78958.577,78667.806,78704.279,0.0
2026-08-24 23:00:00,78704.199,78972.535,78579.69,78950.707,0.0
2026-08-25 00:00:00,78950.926,79857.083,78675.205,79712.022,0.0
2026-08-25 01:00:00,79702.921,79956.989,79456.992,79800.523,0.0
2026-08-25 02:00:00,79802.99,81255.626,79709.128,80630.215,0.0
2026-08-25 03:00:00,80630.068,80932.212,80285.973,80457.15,0.0
2026-08-25 04:00:00,80457.108,80589.025,80128.076,80349.381,0.0
2026-08-25 05:00:00,80349.374,80799.95,80300.826,80708.031,0.0
2026-08-25 06:00:00,80710.49,80901.073,80387.791,80549.411,0.0
2026-08-25 07:00:00,80549.409,80788.866,79309.831,79670.939,0.0
2026-08-25 08:00:00,79661.703,80213.632,79580.119,79898.759,0.0
2026-08-25 09:00:00,79899.523,79930.562,78848.217,79161.069,0.0
2026-08-25 10:00:00,79161.207,79452.716,78958.597,79275.775,0.0
2026-08-25 11:00:00,79276.433,79418.707,79007.219,79097.106,0.0
2026-08-25 12:00:00,79096.637,79147.781,78613.397,78950.466,0.0
2026-08-25 13:00:00,78950.582,79185.209,78101.485,78614.318,0.0
2026-08-25 14:00:00,78626.872,79347.421,78506.888,79200.294,0.0
2026-08-25 15:00:00,79202.706,79490.954,78986.631,79465.013,0.0
2026-08-25 16:00:00,79465.324,79532.273,79035.629,79121.043,0.0
2026-08-25 17:00:00,79121.035,79229.084,78721.384,79203.254,0.0
2026-08-25 18:00:00,79203.254,79314.115,79015.42,79089.604,0.0
2026-08-25 19:00:00,79090.121,79199.736,78690.148,78885.345,0.0
2026-08-25 20:00:00,78892.203,78945.285,78140.794,78167.972,0.0
2026-08-25 21:00:00,78168.9,78636.01,77830.478,78534.318,0.0
2026-08-25 22:00:00,78534.286,78972.056,78534.286,78850.921,0.0
2026-08-25 23:00:00,78850.69,78937.874,78354.768,78507.088,0.0
2026-08-26 00:00:00,78506.747,78681.811,78273.691,78601.739,0.0
2026-08-26 01:00:00,78593.958,78925.841,78563.513,78781.643,0.0
2026-08-26 02:00:00,78781.938,79199.95,78708.244,79069.379,0.0
2026-08-26 03:00:00,79069.627,79149.197,78852.264,79048.619,0.0
2026-08-26 04:00:00,79048.129,79149.15,78750.577,78792.497,0.0
2026-08-26 05:00:00,78792.491,79105.236,78600.645,79052.467,0.0
2026-08-26 06:00:00,79052.539,79173.702,78779.457,78908.864,0.0
2026-08-26 07:00:00,78908.851,79063.593,78825.151,78886.795,0.0
2026-08-26 08:00:00,78886.785,79087.9,78574.594,78672.804,0.0
2026-08-26 09:00:00,78678.264,78849.95,78207.421,78420.513,0.0
2026-08-26 10:00:00,78420.545,78843.964,78260.648,78688.369,0.0
2026-08-26 11:00:00,78687.359,78750.045,78274.154,78443.698,0.0
2026-08-26 12:00:00,78443.712,78671.642,77907.861,78280.601,0.0
2026-08-26 13:00:00,78279.581,78517.935,77882.303,78413.879,0.0
2026-08-26 14:00:00,78407.177,78559.95,77730.086,77758.86,0.0
2026-08-26 15:00:00,77757.248,78139.9,77610.989,77979.898,0.0
2026-08-26 16:00:00,77980.654,78138.049,77820.369,77963.386,0.0
2026-08-26 17:00:00,77961.643,78576.616,77961.643,78404.108,0.0
2026-08-26 18:00:00,78404.248,78619.212,78246.891,78440.196,0.0
2026-08-26 19:00:00,78440.15,78534.589,78251.729,78429.372,0.0
2026-08-26 20:00:00,78436.619,78492.652,78156.3,78418.11,0.0
2026-08-26 21:00:00,78418.119,78799.95,78347.363,78682.974,0.0
2026-08-26 22:00:00,78682.661,78945.187,78513.508,78658.64,0.0
2026-08-26 23:00:00,78655.697,79132.972,78614.691,78989.744,0.0
2026-08-27 00:00:00,78989.753,78999.607,78650.016,78650.113,0.0
2026-08-27 01:00:00,78650.022,78989.046,78527.99,78864.446,0.0
2026-08-27 02:00:00,78864.54,78950.452,78675.17,78694.338,0.0
2026-08-27 03:00:00,78697.525,78966.624,78605.282,78802.873,0.0
2026-08-27 04:00:00,78802.848,78874.194,78651.14,78746.081,0.0
2026-08-27 05:00:00,78746.081,78904.797,78567.333,78888.108,0.0
2026-08-27 06:00:00,78886.371,78886.371,78583.873,78808.02,0.0
2026-08-27 07:00:00,78808.089,79074.344,78719.755,79054.161,0.0
2026-08-27 08:00:00,79054.163,79988.884,79014.22,79723.575,0.0
2026-08-27 09:00:00,79723.287,80489.759,79640.514,79958.502,0.0
2026-08-27 10:00:00,79958.473,80127.883,79305.207,79589.773,0.0
2026-08-27 11:00:00,79599.491,79739.05,79163.407,79440.745,0.0
2026-08-27 12:00:00,79440.732,79555.382,79229.078,79247.36,0.0
2026-08-27 13:00:00,79247.38,79530.804,78879.313,79493.352,0.0
2026-08-27 14:00:00,79493.015,80349.843,79310.336,80163.213,0.0
2026-08-27 15:00:00,80162.939,80766.44,80048.175,80274.029,0.0
2026-08-27 16:00:00,80273.96,80591.962,80163.05,80335.214,0.0
2026-08-27 17:00:00,80334.973,80829.64,80200.752,80415.05,0.0
2026-08-27 18:00:00,80415.05,80415.05,79706.978,80120.251,0.0
2026-08-27 19:00:00,80120.281,80252.096,79883.495,79894.198,0.0
2026-08-27 20:00:00,79878.319,80085.616,79843.274,80066.251,0.0
2026-08-27 21:00:00,80066.251,80149.924,79936.556,80144.514,0.0
2026-08-27 22:00:00,80149.902,80399.422,80110.104,80264.807,0.0
2026-08-27 23:00:00,80264.806,80359.042,80095.616,80208.316,0.0
2026-08-28 00:00:00,80208.325,80673.844,80110.715,80536.038,0.0
2026-08-28 01:00:00,80537.516,81435.288,80402.487,80473.914,0.0
2026-08-28 02:00:00,80466.992,80468.582,79715.113,79888.099,0.0
2026-08-28 03:00:00,79887.861,80017.991,79731.962,79783.128,0.0
2026-08-28 04:00:00,79783.109,79942.32,79572.278,79616.309,0.0
2026-08-28 05:00:00,79616.311,79848.083,79530.654,79658.227,0.0
2026-08-28 06:00:00,79658.425,79969.563,79658.034,79863.967,0.0
2026-08-28 07:00:00,79863.967,79863.999,79548.201,79641.294,0.0
2026-08-28 08:00:00,79645.747,79815.65,79445.504,79484.216,0.0
2026-08-28 09:00:00,79483.479,79484.233,79210.918,79254.509,0.0
2026-08-28 10:00:00,79254.523,79537.667,78964.999,79510.436,0.0
2026-08-28 11:00:00,79528.32,79734.183,79510.951,79563.393,0.0
2026-08-28 12:00:00,79563.363,79685.427,79264.125,79383.922,0.0
2026-08-28 13:00:00,79382.791,79508.102,78993.56,79353.881,0.0
2026-08-28 14:00:00,79333.939,79668.981,78406.436,79485.93,0.0
2026-08-28 15:00:00,79510.734,79800.375,78287.335,78308.933,0.0
2026-08-28 16:00:00,78308.914,78377.25,76858.552,77759.606,0.0
2026-08-28 17:00:00,77757.608,78090.524,77637.706,77877.082,0.0
2026-08-28 18:00:00,77877.067,77913.085,77243.081,77533.0,0.0
2026-08-28 19:00:00,77533.695,77766.003,77343.601,77534.003,0.0
2026-08-28 20:00:00,77545.928,77584.475,77280.07,77377.407,0.0
2026-08-28 21:00:00,77377.411,77507.598,77219.684,77340.923,0.0
2026-08-28 22:00:00,77341.039,77737.851,77309.412,77723.794,0.0
2026-08-28 23:00:00,77723.484,77807.69,77608.545,77805.966,0.0
2026-08-29 00:00:00,77805.969,77916.818,77686.157,77704.536,0.0
2026-08-29 01:00:00,77704.531,77816.723,77603.158,77762.155,0.0
2026-08-29 02:00:00,77762.154,77797.54,77550.2,77643.944,0.0
2026-08-29 03:00:00,77643.931,77700.245,77477.228,77482.996,0.0
2026-08-29 04:00:00,77482.443,77651.373,77482.443,77619.676,0.0
2026-08-29 05:00:00,77619.676,77689.938,77574.184,77607.179,0.0
2026-08-29 06:00:00,77607.0,77608.0,77352.881,77437.771,0.0
2026-08-29 07:00:00,77437.577,77638.086,77411.974,77586.913,0.0
2026-08-29 08:00:00,77586.912,77609.052,77442.105,77609.052,0.0
2026-08-29 09:00:00,77608.889,77728.129,77537.228,77618.696,0.0
2026-08-29 10:00:00,77618.692,77696.475,77481.95,77602.259,0.0
2026-08-29 11:00:00,77602.257,77697.676,77540.906,77563.797,0.0
2026-08-29 12:00:00,77563.797,77632.088,77482.341,77559.195,0.0
2026-08-29 13:00:00,77559.196,77699.95,77538.145,77627.28,0.0
2026-08-29 14:00:00,77690.603,78129.564,77626.224,77979.157,0.0
2026-08-29 15:00:00,77979.163,77988.906,77768.327,77824.07,0.0
2026-08-29 16:00:00,77824.119,78080.55,77821.497,77989.256,0.0
2026-08-29 17:00:00,77989.256,78073.439,77863.143,78073.165,0.0
2026-08-29 18:00:00,78073.166,78221.646,77982.277,78122.024,0.0
2026-08-29 19:00:00,78122.021,78308.155,78104.073,78155.427,0.0
2026-08-29 20:00:00,78155.383,78264.508,78077.64,78094.486,0.0
2026-08-29 21:00:00,78094.486,78170.983,78016.273,78132.57,0.0
2026-08-29 22:00:00,78132.377,78207.923,78051.615,78193.98,0.0
2026-08-29 23:00:00,78194.046,78252.824,78153.096,78200.51,0.0
2026-08-30 00:00:00,78200.507,78297.295,78115.72,78145.927,0.0
2026-08-30 01:00:00,78145.927,78159.785,77959.969,78051.274,0.0
2026-08-30 02:00:00,78051.266,78154.646,77981.366,78071.957,0.0
2026-08-30 03:00:00,78071.955,78209.198,78026.407,78101.401,0.0
2026-08-30 04:00:00,78101.364,78188.978,77961.13,78083.761,0.0
2026-08-30 05:00:00,78083.738,78191.201,78082.83,78108.927,0.0
2026-08-30 06:00:00,78108.927,78276.862,78087.162,78253.118,0.0
2026-08-30 07:00:00,78253.149,78266.433,78074.973,78075.109,0.0
2026-08-30 08:00:00,78081.172,78178.94,78000.027,78048.988,0.0
2026-08-30 09:00:00,78048.967,78092.352,77956.487,77967.096,0.0
2026-08-30 10:00:00,77967.098,78122.154,77935.455,78119.54,0.0
2026-08-30 11:00:00,78119.537,78212.673,78088.113,78141.895,0.0
2026-08-30 12:00:00,78141.866,78818.319,78141.866,78750.05,0.0
2026-08-30 13:00:00,78750.05,78930.618,78549.681,78818.183,0.0
2026-08-30 14:00:00,78818.164,78906.243,78685.229,78745.932,0.0
2026-08-30 15:00:00,78746.156,78862.275,78590.707,78791.479,0.0
2026-08-30 16:00:00,78791.317,79380.219,78707.429,79304.9,0.0
2026-08-30 17:00:00,79304.862,79304.862,78737.04,78985.648,0.0
2026-08-30 18:00:00,78985.14,79146.958,78736.575,79005.195,0.0
2026-08-30 19:00:00,79005.195,79015.029,78682.456,78828.71,0.0
2026-08-30 20:00:00,78828.71,78899.841,78394.359,78561.006,0.0
2026-08-30 21:00:00,78561.073,78709.347,78212.053,78623.871,0.0
2026-08-30 22:00:00,78623.92,78776.137,78241.018,78390.076,0.0
2026-08-30 23:00:00,78390.094,78418.211,76957.256,77639.6,0.0
2026-08-31 00:00:00,77640.109,78154.748,77393.557,77903.909,0.0
2026-08-31 01:00:00,77903.878,77966.229,77524.6,77605.693,0.0
2026-08-31 02:00:00,77609.896,77972.376,77350.716,77440.703,0.0
2026-08-31 03:00:00,77439.859,77850.05,77364.298,77727.423,0.0
2026-08-31 04:00:00,77727.431,77743.919,77427.102,77586.231,0.0
2026-08-31 05:00:00,77586.234,78132.791,77478.736,77984.442,0.0
2026-08-31 06:00:00,77984.425,78122.004,77825.888,78048.611,0.0
2026-08-31 07:00:00,78048.661,78286.732,78000.144,78168.216,0.0
2026-08-31 08:00:00,78168.283,78482.726,77950.039,78439.352,0.0
2026-08-31 09:00:00,78439.349,78769.655,78359.354,78484.653,0.0
2026-08-31 10:00:00,78486.853,78683.631,78287.551,78679.922,0.0
2026-08-31 11:00:00,78680.303,78680.669,78265.884,78284.515,0.0
2026-08-31 12:00:00,78284.518,78515.991,77674.585,77899.749,0.0
2026-08-31 13:00:00,77900.04,78256.146,77702.441,77833.113,0.0
2026-08-31 14:00:00,77834.786,78650.065,77713.536,78542.565,0.0
2026-08-31 15:00:00,78548.921,78740.19,78181.352,78542.878,0.0
2026-08-31 16:00:00,78542.883,78844.821,78481.815,78605.845,0.0
2026-08-31 17:00:00,78600.355,78952.448,78450.42,78864.75,0.0
2026-08-31 18:00:00,78864.741,79184.149,78735.789,78980.827,0.0
2026-08-31 19:00:00,78980.442,79223.291,78822.346,78856.764,0.0
2026-08-31 20:00:00,78867.464,79156.998,78763.16,78834.59,0.0
2026-08-31 21:00:00,78834.594,79039.956,78694.731,78929.137,0.0
2026-08-31 22:00:00,78929.138,78985.585,78543.028,78561.664,0.0
2026-08-31 23:00:00,78561.661,78561.661,78362.447,78549.983,0.0
2026-09-01 00:00:00,78549.566,78868.251,78519.723,78618.701,0.0
2026-09-01 01:00:00,78618.87,78765.162,78331.675,78375.151,0.0
2026-09-01 02:00:00,78375.014,78427.93,78150.251,78420.908,0.0
2026-09-01 03:00:00,78421.062,78847.318,78367.591,78653.551,0.0
2026-09-01 04:00:00,78653.184,78889.866,78624.0,78696.675,0.0
2026-09-01 05:00:00,78695.986,79189.35,78695.986,79149.823,0.0
2026-09-01 06:00:00,79147.602,79147.602,78705.801,78705.801,0.0
2026-09-01 07:00:00,78705.801,78774.841,78470.434,78600.618,0.0
2026-09-01 08:00:00,78600.294,78626.633,77790.482,77850.199,0.0
2026-09-01 09:00:00,77850.216,78012.741,77747.041,77873.707,0.0
2026-09-01 10:00:00,77873.707,78157.437,77719.978,77987.308,0.0
2026-09-01 11:00:00,77987.427,78166.922,77843.991,78056.311,0.0
2026-09-01 12:00:00,78056.386,78123.898,77703.587,77960.683,0.0
2026-09-01 13:00:00,77960.705,78170.602,77470.972,78033.567,0.0
2026-09-01 14:00:00,78039.337,78393.978,78014.477,78137.488,0.0
2026-09-01 15:00:00,78136.489,78136.489,77687.514,77877.648,0.0
2026-09-01 16:00:00,77878.124,77943.376,77282.642,77558.161,0.0
2026-09-01 17:00:00,77558.971,77693.519,77227.421,77232.725,0.0
2026-09-01 18:00:00,77239.95,77295.618,76372.175,77118.933,0.0
2026-09-01 19:00:00,77119.774,77430.284,77072.715,77277.613,0.0
2026-09-01 20:00:00,77282.995,77444.341,77199.661,77414.848,0.0
2026-09-01 21:00:00,77414.91,77497.094,76883.366,77180.32,0.0
2026-09-01 22:00:00,77180.314,77333.085,76993.341,77239.889,0.0
2026-09-01 23:00:00,77240.033,77574.687,77176.139,77400.152,0.0
2026-09-02 00:00:00,77400.133,77485.467,77093.661,77179.426,0.0
2026-09-02 01:00:00,77179.355,77343.436,76682.998,76985.709,0.0
2026-09-02 02:00:00,76981.784,77318.956,76913.048,77301.08,0.0
2026-09-02 03:00:00,77301.05,77763.199,77280.333,77534.217,0.0
2026-09-02 04:00:00,77534.222,77578.765,77265.128,77525.133,0.0
2026-09-02 05:00:00,77525.513,77730.059,77395.313,77618.703,0.0
2026-09-02 06:00:00,77620.121,77689.15,77416.077,77578.193,0.0
2026-09-02 07:00:00,77578.195,77732.282,77435.579,77444.944,0.0
2026-09-02 08:00:00,77444.939,77519.066,76705.839,76819.653,0.0
2026-09-02 09:00:00,76819.653,77031.127,76450.05,76717.026,0.0
2026-09-02 10:00:00,76718.611,76723.889,76223.654,76640.171,0.0
2026-09-02 11:00:00,76640.145,76810.026,76324.937,76788.607,0.0
2026-09-02 12:00:00,76789.519,77014.888,76573.088,76573.088,0.0
2026-09-02 13:00:00,76572.904,77419.014,76572.904,77113.205,0.0
2026-09-02 14:00:00,77113.341,77455.923,76971.528,77023.075,0.0
2026-09-02 15:00:00,77024.178,77355.712,76708.396,77251.654,0.0
2026-09-02 16:00:00,77251.67,77540.351,77131.451,77131.563,0.0
2026-09-02 17:00:00,77131.557,77370.009,76914.419,77349.947,0.0
2026-09-02 18:00:00,77349.95,77493.823,77253.158,77341.548,0.0
2026-09-02 19:00:00,77341.059,77386.362,77077.53,77315.347,0.0
2026-09-02 20:00:00,77297.247,77489.9,77169.379,77364.485,0.0
2026-09-02 21:00:00,77365.027,77400.369,77202.741,77252.933,0.0
2026-09-02 22:00:00,77252.63,77252.63,76982.786,76996.895,0.0
2026-09-02 23:00:00,76996.953,77340.666,76973.359,77300.999,0.0
2026-09-03 00:00:00,77299.49,77359.799,76954.823,77025.87,0.0
2026-09-03 01:00:00,77024.911,77515.602,76930.057,77321.09,0.0
2026-09-03 02:00:00,77321.091,77875.57,77200.207,77781.555,0.0
2026-09-03 03:00:00,77781.596,77849.903,77596.308,77665.238,0.0
2026-09-03 04:00:00,77665.243,77795.352,77508.95,77738.573,0.0
2026-09-03 05:00:00,77748.397,77797.253,77056.417,77777.691,0.0
2026-09-03 06:00:00,77777.693,77818.874,77654.897,77797.859,0.0
2026-09-03 07:00:00,77793.841,78144.731,77560.101,77622.471,0.0
2026-09-03 08:00:00,77622.483,78031.99,77622.483,77807.795,0.0
2026-09-03 09:00:00,77807.795,77943.38,77577.024,77577.792,0.0
2026-09-03 10:00:00,77578.671,77743.249,77436.179,77706.984,0.0
2026-09-03 11:00:00,77706.988,77975.937,77676.566,77909.394,0.0
2026-09-03 12:00:00,77909.411,78750.346,77853.479,78612.978,0.0
2026-09-03 13:00:00,78616.202,78964.035,78418.452,78805.832,0.0
2026-09-03 14:00:00,78802.55,80531.463,78665.453,80518.172,0.0
2026-09-03 15:00:00,80508.301,81333.499,80326.419,81316.571,0.0
2026-09-03 16:00:00,81316.094,81333.187,80587.14,80937.231,0.0
2026-09-03 17:00:00,80938.474,81150.673,80855.367,81008.657,0.0
2026-09-03 18:00:00,81007.31,81304.368,80866.777,81226.794,0.0
2026-09-03 19:00:00,81226.782,81755.349,81133.123,81692.801,0.0
2026-09-03 20:00:00,81710.964,81746.763,81350.07,81431.07,0.0
2026-09-03 21:00:00,81420.16,82265.147,81281.518,81547.1,0.0
2026-09-03 22:00:00,81547.1,81570.042,80867.498,81109.456,0.0
2026-09-03 23:00:00,81109.469,81310.411,81036.095,81229.298,0.0
2026-09-04 00:00:00,81230.131,81393.75,80921.513,80935.629,0.0
2026-09-04 01:00:00,80936.066,81064.935,80733.928,80935.333,0.0
2026-09-04 02:00:00,80935.431,80935.431,80633.317,80800.709,0.0
2026-09-04 03:00:00,80800.376,81009.574,80761.505,80808.639,0.0
2026-09-04 04:00:00,80807.387,81260.845,80776.081,81040.19,0.0
2026-09-04 05:00:00,81040.075,81113.71,80818.001,80952.34,0.0
2026-09-04 06:00:00,80952.34,81060.894,80543.484,80763.899,0.0
2026-09-04 07:00:00,80763.899,80939.164,80613.861,80628.448,0.0
2026-09-04 08:00:00,80628.595,81206.954,80486.454,81115.389,0.0
2026-09-04 09:00:00,81115.349,81274.664,80894.968,81016.412,0.0
2026-09-04 10:00:00,81016.411,81156.396,80790.792,81150.457,0.0
2026-09-04 11:00:00,81150.695,81377.524,81041.201,81186.402,0.0
2026-09-04 12:00:00,81186.113,81322.042,79152.279,79423.97,0.0
2026-09-04 13:00:00,79423.694,79668.347,78933.028,79343.298,0.0
2026-09-04 14:00:00,79343.31,79534.17,78618.106,78874.371,0.0
2026-09-04 15:00:00,78873.981,79507.711,78759.65,79384.863,0.0
2026-09-04 16:00:00,79384.892,79837.544,79341.467,79701.867,0.0
2026-09-04 17:00:00,79708.849,79718.616,79348.101,79429.183,0.0
2026-09-04 18:00:00,79429.236,79630.401,79429.236,79575.973,0.0
2026-09-04 19:00:00,79575.976,79776.427,79575.976,79755.84,0.0
2026-09-04 20:00:00,79755.898,79825.525,79623.699,79656.233,0.0
2026-09-04 21:00:00,79656.233,79770.814,79472.944,79584.706,0.0
2026-09-04 22:00:00,79584.706,79679.695,79577.244,79599.681,0.0
2026-09-04 23:00:00,79599.679,79723.495,79550.666,79616.228,0.0
2026-09-05 00:00:00,79616.231,79676.919,79518.296,79542.799,0.0
2026-09-05 01:00:00,79542.799,79675.949,79491.779,79491.779,0.0
2026-09-05 02:00:00,79491.877,79584.291,79435.009,79529.698,0.0
2026-09-05 03:00:00,79529.696,79589.651,79472.999,79543.89,0.0
2026-09-05 04:00:00,79543.89,79554.232,79459.346,79459.817,0.0
2026-09-05 05:00:00,79459.829,79563.902,79407.395,79539.681,0.0
2026-09-05 06:00:00,79539.681,79645.863,79534.078,79602.931,0.0
2026-09-05 07:00:00,79602.938,79722.149,79599.719,79673.046,0.0
2026-09-05 08:00:00,79673.19,79684.763,79524.12,79617.457,0.0
2026-09-05 09:00:00,79617.456,79698.428,79572.456,79594.918,0.0
2026-09-05 10:00:00,79594.919,79640.05,79551.945,79581.354,0.0
2026-09-05 11:00:00,79581.354,79645.029,79562.75,79577.629,0.0
2026-09-05 12:00:00,79577.63,79733.61,79572.432,79666.099,0.0
2026-09-05 13:00:00,79666.099,79723.11,79503.906,79573.849,0.0
2026-09-05 14:00:00,79573.849,79719.898,79573.849,79673.508,0.0
2026-09-05 15:00:00,79673.302,79780.235,79637.416,79760.101,0.0
2026-09-05 16:00:00,79760.101,80167.055,79710.723,80002.646,0.0
2026-09-05 17:00:00,80002.721,80120.713,79932.426,80030.018,0.0
2026-09-05 18:00:00,80030.021,80053.378,79892.439,79959.186,0.0
2026-09-05 19:00:00,79959.182,79959.182,79674.401,79719.789,0.0
2026-09-05 20:00:00,79719.856,79810.703,79652.821,79702.374,0.0
2026-09-05 21:00:00,79702.496,79910.127,79682.83,79871.812,0.0
2026-09-05 22:00:00,79872.513,79906.93,79708.907,79756.984,0.0
2026-09-05 23:00:00,79756.828,79863.288,79676.586,79799.855,0.0
2026-09-06 00:00:00,79797.087,79909.337,79787.81,79833.023,0.0
2026-09-06 01:00:00,79833.024,80028.783,79833.024,79915.328,0.0
2026-09-06 02:00:00,79915.324,79974.981,79839.343,79872.102,0.0
2026-09-06 03:00:00,79872.154,80080.564,79852.617,79990.897,0.0
2026-09-06 04:00:00,79990.897,79991.372,79823.379,79824.219,0.0
2026-09-06 05:00:00,79824.221,80081.306,79756.419,79954.444,0.0
2026-09-06 06:00:00,79954.445,79959.993,79648.849,79732.132,0.0
2026-09-06 07:00:00,79738.237,79823.0,79550.05,79770.509,0.0
2026-09-06 08:00:00,79765.842,79856.193,79722.085,79809.641,0.0
2026-09-06 09:00:00,79809.641,79962.186,79765.33,79851.757,0.0
2026-09-06 10:00:00,79851.754,79997.873,79851.727,79963.922,0.0
2026-09-06 11:00:00,79963.922,79968.176,79851.556,79878.486,0.0
2026-09-06 12:00:00,79878.486,79973.819,79814.904,79881.876,0.0
2026-09-06 13:00:00,79881.775,79936.888,79719.601,79794.471,0.0
2026-09-06 14:00:00,79794.646,79815.425,79195.792,79507.648,0.0
2026-09-06 15:00:00,79507.657,79695.083,79357.752,79677.584,0.0
2026-09-06 16:00:00,79677.641,79751.98,79566.054,79649.895,0.0
2026-09-06 17:00:00,79649.895,79743.471,79543.934,79707.518,0.0
2026-09-06 18:00:00,79708.172,79939.95,79708.172,79911.889,0.0
2026-09-06 19:00:00,79911.889,79912.199,79763.158,79804.893,0.0
2026-09-06 20:00:00,79804.868,79936.269,79740.797,79872.574,0.0
2026-09-06 21:00:00,79874.659,79997.357,79831.178,79902.657,0.0
2026-09-06 22:00:00,79902.657,80058.095,79599.87,80005.419,0.0
2026-09-06 23:00:00,80005.413,80494.991,79964.253,80300.395,0.0
2026-09-07 00:00:00,80300.89,80405.37,80020.96,80122.113,0.0
2026-09-07 01:00:00,80122.131,80205.753,79788.883,79895.21,0.0
2026-09-07 02:00:00,79886.6,80402.019,79755.105,79843.907,0.0
2026-09-07 03:00:00,79843.294,79955.044,79535.534,79559.79,0.0
2026-09-07 04:00:00,79559.68,79695.252,79501.405,79685.807,0.0
2026-09-07 05:00:00,79685.806,79892.819,79620.715,79718.22,0.0
2026-09-07 06:00:00,79718.295,79787.481,79609.691,79616.792,0.0
2026-09-07 07:00:00,79617.007,79654.968,78960.309,79356.395,0.0
2026-09-07 08:00:00,79356.499,79495.14,79355.55,79394.92,0.0
2026-09-07 09:00:00,79394.92,79515.952,79259.292,79278.736,0.0
2026-09-07 10:00:00,79278.736,79418.807,79278.736,79325.658,0.0
2026-09-07 11:00:00,79325.658,79450.197,79243.891,79377.749,0.0
2026-09-07 12:00:00,79377.763,79600.072,79364.73,79567.402,0.0
2026-09-07 13:00:00,79567.442,79613.636,79268.491,79314.562,0.0
2026-09-07 14:00:00,79314.471,79359.797,78923.04,79152.723,0.0
2026-09-07 15:00:00,79152.097,79152.097,78651.636,78769.766,0.0
2026-09-07 16:00:00,78782.956,78997.177,78766.05,78989.561,0.0
2026-09-07 17:00:00,78989.579,79185.049,78973.713,79153.76,0.0
2026-09-07 18:00:00,79153.757,79209.734,79055.505,79158.521,0.0
2026-09-07 19:00:00,79158.521,79376.842,79109.925,79337.372,0.0
2026-09-07 20:00:00,79325.38,79364.986,79131.041,79206.999,0.0
2026-09-07 21:00:00,79206.999,79246.446,79129.244,79129.244,0.0
2026-09-07 22:00:00,79129.244,79182.175,78757.903,78914.873,0.0
2026-09-07 23:00:00,78914.857,79179.636,78895.134,79075.587,0.0
2026-09-08 00:00:00,79075.611,79287.011,78937.65,79286.981,0.0
2026-09-08 01:00:00,79287.181,79435.105,79229.122,79409.294,0.0
2026-09-08 02:00:00,79409.297,79454.959,78898.208,78898.208,0.0
2026-09-08 03:00:00,78898.212,78977.178,78690.919,78880.166,0.0
2026-09-08 04:00:00,78879.991,78905.118,78650.05,78650.1,0.0
2026-09-08 05:00:00,78650.099,78850.074,78524.014,78552.099,0.0
2026-09-08 06:00:00,78552.101,78596.756,78230.112,78290.036,0.0
2026-09-08 07:00:00,78290.125,78565.582,78141.65,78445.121,0.0
2026-09-08 08:00:00,78445.12,78553.697,78253.153,78385.583,0.0
2026-09-08 09:00:00,78396.052,78772.398,78310.444,78728.071,0.0
2026-09-08 10:00:00,78728.206,78969.335,78529.017,78529.423,0.0
2026-09-08 11:00:00,78529.429,78544.698,78255.44,78400.143,0.0
2026-09-08 12:00:00,78400.131,78453.25,78187.303,78416.899,0.0
2026-09-08 13:00:00,78420.966,78511.993,77616.863,77936.71,0.0
2026-09-08 14:00:00,77938.141,78586.287,77831.246,78524.8,0.0
2026-09-08 15:00:00,78525.046,78871.196,78415.005,78869.806,0.0
2026-09-08 16:00:00,78869.349,78936.439,78539.206,78700.074,0.0
2026-09-08 17:00:00,78700.074,78857.204,78458.958,78467.392,0.0
2026-09-08 18:00:00,78467.388,78780.058,78247.688,78399.053,0.0
2026-09-08 19:00:00,78399.153,78495.625,78285.011,78409.83,0.0
2026-09-08 20:00:00,78406.479,78587.656,78367.421,78448.174,0.0
2026-09-08 21:00:00,78448.181,78586.5,78361.089,78458.878,0.0
2026-09-08 22:00:00,78458.88,78617.586,78420.285,78526.142,0.0
2026-09-08 23:00:00,78526.197,78544.225,78375.343,78425.83,0.0
2026-09-09 00:00:00,78425.833,78759.221,78424.911,78746.103,0.0
2026-09-09 01:00:00,78746.007,78859.603,78593.1,78848.59,0.0
2026-09-09 02:00:00,78848.54,78895.952,78644.956,78688.856,0.0
2026-09-09 03:00:00,78688.949,78688.949,78509.397,78593.8,0.0
2026-09-09 04:00:00,78593.8,79185.728,78593.8,79135.787,0.0
2026-09-09 05:00:00,79136.009,79342.545,78801.89,78906.968,0.0
2026-09-09 06:00:00,78906.146,79259.897,78822.856,79125.397,0.0
2026-09-09 07:00:00,79125.398,79368.097,79119.278,79245.902,0.0
2026-09-09 08:00:00,79245.683,79725.041,79231.415,79660.965,0.0
2026-09-09 09:00:00,79661.049,79680.59,78856.318,78913.123,0.0
2026-09-09 10:00:00,78913.085,79149.024,78837.101,78882.609,0.0
2026-09-09 11:00:00,78882.618,79339.55,78705.812,79290.718,0.0
2026-09-09 12:00:00,79281.573,79628.569,79243.872,79564.458,0.0
2026-09-09 13:00:00,79566.449,79648.046,79070.111,79113.212,0.0
2026-09-09 14:00:00,79113.177,79380.145,78845.238,78932.499,0.0
2026-09-09 15:00:00,78932.23,79361.783,78023.854,78568.769,0.0
2026-09-09 16:00:00,78568.774,78894.301,78427.45,78769.455,0.0
2026-09-09 17:00:00,78769.458,78902.619,78637.202,78738.159,0.0
2026-09-09 18:00:00,78738.239,78760.663,78381.474,78383.95,0.0
2026-09-09 19:00:00,78383.95,78549.411,78112.04,78199.886,0.0
2026-09-09 20:00:00,78199.967,78302.788,77912.321,78281.844,0.0
2026-09-09 21:00:00,78282.241,78307.833,77950.277,78107.218,0.0
2026-09-09 22:00:00,78106.699,78160.082,77723.243,77885.334,0.0
2026-09-09 23:00:00,77885.029,78283.064,77879.843,78262.922,0.0
2026-09-10 00:00:00,78263.77,78340.452,78062.413,78137.295,0.0
2026-09-10 01:00:00,78137.673,78482.835,77912.202,78061.048,0.0
2026-09-10 02:00:00,78061.048,78340.427,77951.392,78323.45,0.0
2026-09-10 03:00:00,78323.428,78510.242,78242.272,78297.301,0.0
2026-09-10 04:00:00,78297.301,78411.204,78269.953,78375.99,0.0
2026-09-10 05:00:00,78376.028,78530.368,78245.56,78500.464,0.0
2026-09-10 06:00:00,78504.018,78511.418,78122.155,78388.799,0.0
2026-09-10 07:00:00,78388.799,78393.574,77867.544,78070.665,0.0
2026-09-10 08:00:00,78070.665,78136.207,77991.323,78073.021,0.0
2026-09-10 09:00:00,78072.986,78194.459,77893.737,77968.795,0.0
2026-09-10 10:00:00,77968.797,78017.998,77800.05,77836.967,0.0
2026-09-10 11:00:00,77836.997,78028.7,77662.6,77817.45,0.0
2026-09-10 12:00:00,77817.45,77912.257,76659.238,76854.833,0.0
2026-09-10 13:00:00,76860.026,77207.546,76694.974,77137.345,0.0
2026-09-10 14:00:00,77138.406,77393.949,76922.71,77376.613,0.0
2026-09-10 15:00:00,77376.761,77379.617,77059.056,77218.663,0.0
2026-09-10 16:00:00,77218.587,77280.032,76763.923,77172.27,0.0
2026-09-10 17:00:00,77171.87,77515.512,77092.745,77300.691,0.0
2026-09-10 18:00:00,77296.557,77313.826,76945.05,77222.697,0.0
2026-09-10 19:00:00,77222.68,77270.097,77043.999,77135.098,0.0
2026-09-10 20:00:00,77133.606,77316.282,77070.533,77233.288,0.0
2026-09-10 21:00:00,77233.289,77269.545,77070.9,77114.226,0.0
2026-09-10 22:00:00,77114.202,77182.869,76773.764,76794.103,0.0
2026-09-10 23:00:00,76794.096,76840.619,76418.677,76536.067,0.0
2026-09-11 00:00:00,76535.721,76900.22,76523.787,76880.969,0.0
2026-09-11 01:00:00,76880.839,76979.303,76715.45,76747.472,0.0
2026-09-11 01:00:01,76880.675,76979.303,76637.458,76837.247,0.0
2026-09-11 01:00:02,76870.893,76979.303,76637.458,76946.687,0.0
2026-09-11 02:00:00,76946.843,76963.95,76946.84,76963.787,0.0
2026-09-11 02:00:01,76946.84,76983.672,76865.687,76900.508,0.0
2026-09-11 02:00:02,76946.911,76983.672,76737.715,76771.028,0.0
2026-09-11 02:00:03,76950.074,76983.672,76737.715,76841.356,0.0
2026-09-11 02:00:04,76950.138,76983.672,76737.715,76813.687,0.0
2026-09-11 03:00:00,76813.688,76816.936,76794.485,76813.626,0.0
2026-09-11 03:00:01,76813.433,76864.065,76666.878,76833.423,0.0
2026-09-11 03:00:02,76804.607,76864.065,76666.878,76778.914,0.0
2026-09-11 03:00:03,76803.98,76864.065,76666.878,76837.617,0.0
2026-09-11 03:00:04,76794.485,76864.065,76666.878,76860.207,0.0
2026-09-11 04:00:00,76861.146,76879.95,76854.805,76856.092,0.0
2026-09-11 04:00:01,76861.172,76967.913,76849.962,76945.844,0.0
2026-09-11 04:00:02,76862.268,77162.596,76849.962,77149.224,0.0
2026-09-11 04:00:03,76862.243,77166.853,76849.962,77065.15,0.0
2026-09-11 04:00:04,76865.644,77166.853,76849.962,77076.036,0.0
2026-09-11 05:00:00,77075.642,77085.484,77069.818,77069.818,0.0
2026-09-11 05:00:01,77074.465,77130.433,77029.101,77108.089,0.0
2026-09-11 05:00:02,77080.202,77130.433,77029.101,77059.123,0.0
2026-09-11 05:00:03,77079.771,77164.377,77029.101,77140.77,0.0
2026-09-11 05:00:04,77079.765,77227.347,77029.101,77220.403,0.0
2026-09-11 06:00:00,77220.403,77221.495,77219.482,77219.534,0.0
2026-09-11 06:00:01,77220.126,77399.751,77193.229,77367.513,0.0
2026-09-11 06:00:02,77220.124,77399.751,77193.229,77212.761,0.0
2026-09-11 06:00:03,77220.154,77399.751,77140.16,77213.444,0.0
2026-09-11 06:00:04,77220.489,77399.751,77140.16,77264.061,0.0
2026-09-11 07:00:00,77263.983,77263.983,77250.625,77251.211,0.0
2026-09-11 07:00:01,77263.545,77356.955,77250.428,77290.022,0.0
2026-09-11 07:00:02,77254.414,77373.789,77250.428,77297.322,0.0
2026-09-11 07:00:03,77254.646,77373.789,77216.078,77222.623,0.0
2026-09-11 07:00:04,77254.63,77373.789,77159.975,77188.166,0.0
2026-09-11 08:00:00,77188.143,77194.639,77187.926,77194.639,0.0
2026-09-11 08:00:01,77188.143,77229.989,77100.6,77163.447,0.0
2026-09-11 08:00:02,77188.142,77394.817,77100.6,77359.866,0.0
2026-09-11 08:00:03,77188.141,77469.121,77100.6,77373.873,0.0
2026-09-11 08:00:04,77188.152,77469.121,77100.6,77324.197,0.0
2026-09-11 09:00:00,77324.197,77324.239,77324.118,77324.188,0.0
2026-09-11 09:00:01,77324.194,77332.854,77222.804,77236.511,0.0
2026-09-11 09:00:02,77324.194,77332.854,77101.955,77108.548,0.0
2026-09-11 09:00:03,77324.192,77332.854,76822.56,76931.324,0.0
2026-09-11 09:00:04,77324.192,77332.854,76822.56,77006.672,0.0
2026-09-11 10:00:00,77001.0,77011.861,76995.439,77010.948,0.0
2026-09-11 10:00:01,76999.468,77129.722,76936.347,77063.74,0.0
2026-09-11 10:00:02,76999.725,77129.722,76936.347,77004.424,0.0
2026-09-11 10:00:03,77000.024,77129.722,76923.866,76982.065,0.0
2026-09-11 10:00:04,76995.439,77129.722,76923.866,76960.501,0.0
2026-09-11 11:00:00,76960.719,76961.06,76950.173,76958.288,0.0
2026-09-11 11:00:01,76961.06,76964.45,76714.898,76728.317,0.0
2026-09-11 11:00:02,76961.043,76964.45,76714.898,76803.498,0.0
2026-09-11 11:00:03,76950.173,76964.45,76714.898,76869.21,0.0
2026-09-11 11:00:04,76950.302,77014.379,76714.898,77013.991,0.0
2026-09-11 12:00:00,77000.019,77000.019,76965.831,76987.191,0.0
2026-09-11 12:00:01,76997.234,77093.635,76868.49,76919.051,0.0
2026-09-11 12:00:02,76997.229,77373.675,76006.517,76233.274,0.0
2026-09-11 12:00:03,76996.232,77665.011,76006.517,77615.904,0.0
2026-09-11 12:00:04,76985.606,78083.137,76006.517,77991.332,0.0
2026-09-11 13:00:00,77991.948,77996.448,77913.287,77913.287,0.0
2026-09-11 13:00:01,77996.448,77996.448,77529.139,77680.057,0.0
2026-09-11 13:00:02,77996.448,77996.448,77445.852,77641.302,0.0
2026-09-11 13:00:03,77961.483,77974.539,77211.456,77732.763,0.0
2026-09-11 13:00:04,77974.539,79291.613,77211.456,79202.06,0.0
2026-09-11 14:00:00,79213.149,79374.447,79104.192,79374.447,0.0
2026-09-11 14:00:01,79225.367,79854.056,78786.354,79129.073,0.0
2026-09-11 14:00:02,79229.597,79854.056,78786.354,78908.175,0.0
2026-09-11 14:00:03,79186.709,79854.056,78520.111,78648.237,0.0
2026-09-11 14:00:04,79157.073,79854.056,78470.297,78758.025,0.0
2026-09-11 15:00:00,78757.598,78792.076,78716.169,78716.169,0.0
2026-09-11 15:00:01,78764.03,78792.076,78436.492,78572.444,0.0
2026-09-11 15:00:02,78792.076,78792.076,78436.492,78649.999,0.0
2026-09-11 15:00:03,78764.361,78793.975,78436.492,78597.679,0.0
2026-09-11 15:00:04,78747.468,78793.975,77286.436,77691.109,0.0
2026-09-11 16:00:00,77682.185,77821.601,77613.546,77809.967,0.0
2026-09-11 16:00:01,77676.065,78030.184,77613.546,77735.161,0.0
2026-09-11 16:00:02,77613.546,78030.184,77345.188,77663.064,0.0
2026-09-11 16:00:03,77627.759,78030.184,77345.188,77815.316,0.0
2026-09-11 16:00:04,77635.863,78030.184,77345.188,77882.42,0.0
2026-09-11 17:00:00,77873.495,77918.511,77873.495,77918.511,0.0
2026-09-11 17:00:01,77879.01,77924.628,77707.69,77732.639,0.0
2026-09-11 17:00:02,77878.947,77924.628,77658.476,77781.594,0.0
2026-09-11 17:00:03,77878.985,77924.628,77536.784,77586.4,0.0
2026-09-11 17:00:04,77878.704,77924.628,77450.707,77493.746,0.0
2026-09-11 18:00:00,77493.725,77493.725,77466.601,77466.649,0.0
2026-09-11 18:00:01,77492.367,77509.098,76839.408,77012.936,0.0
2026-09-11 18:00:02,77492.433,77509.098,76839.408,77160.457,0.0
2026-09-11 18:00:03,77492.535,77509.098,76839.408,77162.553,0.0
2026-09-11 18:00:04,77492.734,77509.098,76839.408,77020.884,0.0
2026-09-11 19:00:00,77019.2,77036.818,77019.2,77020.38,0.0
2026-09-11 19:00:01,77019.919,77208.053,76967.748,77142.26,0.0
2026-09-11 19:00:02,77023.494,77255.462,76967.748,77184.933,0.0
2026-09-11 19:00:03,77023.618,77297.742,76967.748,77254.074,0.0
2026-09-11 19:00:04,77033.807,77339.008,76967.748,77243.008,0.0
2026-09-11 20:00:00,77244.08,77268.131,77241.678,77267.897,0.0
2026-09-11 20:00:01,77243.007,77453.208,77241.678,77404.645,0.0
2026-09-11 20:00:02,77243.041,77453.208,77241.678,77345.096,0.0
2026-09-11 20:00:03,77245.784,77453.208,77240.504,77378.675,0.0
2026-09-11 20:00:04,77244.781,77453.208,77162.512,77296.154,0.0
2026-09-11 21:00:00,77297.129,77301.962,77288.546,77288.546,0.0
2026-09-11 21:00:01,77297.115,77397.483,77282.634,77345.757,0.0
2026-09-11 21:00:02,77296.155,77397.483,77282.634,77310.307,0.0
2026-09-11 21:00:03,77296.153,77397.483,77282.634,77321.01,0.0
2026-09-11 21:00:04,77296.112,77397.483,77043.896,77081.804,0.0
2026-09-11 22:00:00,77081.174,77095.97,77020.265,77021.102,0.0
2026-09-11 22:00:01,77079.919,77149.427,76942.702,77149.147,0.0
2026-09-11 22:00:02,77080.692,77204.215,76942.702,77068.188,0.0
2026-09-11 22:00:03,77068.057,77204.215,76942.702,77061.946,0.0
2026-09-11 22:00:04,77071.998,77204.215,76942.702,77109.55,0.0
2026-09-11 23:00:00,77109.537,77191.967,77085.273,77191.927,0.0
2026-09-12 00:00:00,77191.728,77287.699,77176.818,77251.347,0.0
2026-09-12 01:00:00,77251.333,77346.825,77219.848,77235.785,0.0
2026-09-12 02:00:00,77236.209,77293.298,77177.322,77256.89,0.0
2026-09-12 03:00:00,77254.71,77314.555,77195.145,77236.878,0.0
2026-09-12 04:00:00,77236.878,77288.75,77185.085,77186.368,0.0
2026-09-12 05:00:00,77186.368,77226.681,77128.891,77178.641,0.0
2026-09-12 06:00:00,77178.544,77327.097,77174.295,77260.066,0.0
2026-09-12 07:00:00,77260.066,77310.213,77223.206,77238.174,0.0
2026-09-12 08:00:00,77238.193,77339.9,77220.842,77325.008,0.0
2026-09-12 09:00:00,77325.026,77350.103,77291.146,77320.107,0.0
2026-09-12 10:00:00,77320.107,77366.797,77275.244,77298.66,0.0
2026-09-12 11:00:00,77298.658,77331.948,77259.912,77325.889,0.0
2026-09-12 12:00:00,77325.889,77333.442,77250.292,77294.889,0.0
2026-09-12 13:00:00,77294.889,77364.334,77215.506,77329.183,0.0
2026-09-12 14:00:00,77329.19,77476.146,77329.19,77427.001,0.0
2026-09-12 15:00:00,77427.017,77449.289,77336.345,77343.844,0.0
2026-09-12 16:00:00,77343.844,77386.248,77301.896,77326.038,0.0
2026-09-12 17:00:00,77326.038,77365.598,77140.45,77173.605,0.0
2026-09-12 18:00:00,77173.605,77190.099,77085.289,77105.749,0.0
2026-09-12 19:00:00,77105.749,77156.815,77025.12,77084.244,0.0
2026-09-12 20:00:00,77084.254,77187.85,77084.254,77129.558,0.0
2026-09-12 21:00:00,77129.213,77238.564,77109.892,77218.558,0.0
2026-09-12 22:00:00,77218.558,77266.402,77146.95,77195.955,0.0
2026-09-12 23:00:00,77195.969,77258.944,77192.616,77251.084,0.0
2026-09-13 00:00:00,77242.804,77275.4,77133.135,77239.563,0.0
2026-09-13 01:00:00,77239.564,77310.227,77207.194,77285.574,0.0
2026-09-13 02:00:00,77285.648,77287.342,77208.417,77263.44,0.0
2026-09-13 03:00:00,77263.443,77288.532,77150.58,77162.442,0.0
2026-09-13 04:00:00,77162.446,77228.168,77155.487,77178.61,0.0
2026-09-13 05:00:00,77178.632,77290.101,77178.605,77280.486,0.0
2026-09-13 06:00:00,77280.615,77291.05,77012.938,77082.05,0.0
2026-09-13 07:00:00,77082.05,77136.828,77051.612,77087.486,0.0
2026-09-13 08:00:00,77087.265,77145.704,76712.739,76768.425,0.0
2026-09-13 09:00:00,76767.57,76869.298,76533.446,76766.162,0.0
2026-09-13 10:00:00,76766.096,76785.384,76594.711,76627.486,0.0
2026-09-13 11:00:00,76644.046,76770.176,76490.472,76753.028,0.0
2026-09-13 12:00:00,76753.029,76831.032,76655.89,76725.636,0.0
2026-09-13 13:00:00,76725.636,76891.133,76514.485,76813.769,0.0
2026-09-13 14:00:00,76813.746,77227.999,76811.123,77176.451,0.0
2026-09-13 15:00:00,77176.581,77179.009,76983.157,77097.95,0.0
2026-09-13 16:00:00,77097.949,77332.9,77089.949,77252.745,0.0
2026-09-13 17:00:00,77252.737,77385.321,77212.757,77295.71,0.0
2026-09-13 18:00:00,77295.71,77355.367,77273.221,77314.003,0.0
2026-09-13 19:00:00,77314.001,77381.23,77191.419,77254.196,0.0
2026-09-13 20:00:00,77254.196,77338.1,77220.589,77308.493,0.0
2026-09-13 21:00:00,77314.534,77418.841,77276.556,77277.373,0.0
2026-09-13 22:00:00,77277.373,77277.373,76632.697,76689.556,0.0
2026-09-13 23:00:00,76689.315,76848.838,76597.251,76804.579,0.0
2026-09-14 00:00:00,76804.631,76837.379,76804.631,76826.845,0.0
2026-09-14 00:00:01,76805.405,77042.713,76793.035,76876.87,0.0
2026-09-14 00:00:02,76817.421,77042.713,76353.964,76523.47,0.0
2026-09-14 00:00:03,76824.085,77042.713,76353.964,76835.578,0.0
2026-09-14 00:00:04,76834.589,77042.713,76353.964,76772.189,0.0
2026-09-14 01:00:00,76773.13,76783.064,76735.979,76783.064,0.0
2026-09-14 01:00:01,76773.338,76853.952,76669.633,76697.556,0.0
2026-09-14 01:00:02,76748.97,76880.667,76627.494,76821.892,0.0
2026-09-14 01:00:03,76735.979,76935.058,76609.802,76770.154,0.0
2026-09-14 01:00:04,76747.87,77144.414,76609.802,77089.373,0.0
2026-09-14 02:00:00,77089.177,77099.166,77084.119,77087.341,0.0
2026-09-14 02:00:01,77089.305,77374.396,76990.131,77305.405,0.0
2026-09-14 02:00:02,77084.119,77640.308,76990.131,77535.797,0.0
2026-09-14 02:00:03,77085.07,77647.34,76990.131,77478.755,0.0
2026-09-14 02:00:04,77086.014,77695.603,76990.131,77583.466,0.0
2026-09-14 03:00:00,77583.466,77609.695,77560.551,77583.745,0.0
2026-09-14 03:00:01,77583.514,77808.881,77559.8,77788.894,0.0
2026-09-14 03:00:02,77583.514,77838.969,77559.8,77755.064,0.0
2026-09-14 03:00:03,77585.221,77838.969,77491.583,77510.656,0.0
2026-09-14 03:00:04,77585.429,77838.969,77466.174,77560.659,0.0
2026-09-14 04:00:00,77559.61,77568.664,77543.695,77568.403,0.0
2026-09-14 04:00:01,77559.099,77606.643,77497.666,77534.03,0.0
2026-09-14 04:00:02,77560.697,77668.218,77497.666,77610.5,0.0
2026-09-14 04:00:03,77560.671,77668.218,77497.666,77612.683,0.0
2026-09-14 04:00:04,77562.744,77673.043,77497.666,77645.283,0.0
2026-09-14 05:00:00,77645.077,77657.459,77599.955,77599.955,0.0
2026-09-14 05:00:01,77645.044,77657.459,77525.261,77608.837,0.0
2026-09-14 05:00:02,77634.205,77657.459,77479.535,77494.693,0.0
2026-09-14 05:00:03,77647.398,77657.459,77479.535,77532.715,0.0
2026-09-14 05:00:04,77648.427,77657.459,77457.666,77574.955,0.0
2026-09-14 06:00:00,77579.444,77605.602,77579.444,77594.728,0.0
2026-09-14 06:00:01,77589.793,77861.084,77562.756,77708.758,0.0
2026-09-14 06:00:02,77589.903,77861.084,77495.964,77509.475,0.0
2026-09-14 06:00:03,77591.577,77861.084,77334.679,77700.137,0.0
2026-09-14 06:00:04,77591.516,77861.084,77334.679,77554.513,0.0
2026-09-14 07:00:00,77554.546,77557.661,77504.218,77505.058,0.0
2026-09-14 07:00:01,77557.642,77700.32,77481.622,77617.784,0.0
2026-09-14 07:00:02,77557.661,77708.196,77481.622,77666.925,0.0
2026-09-14 07:00:03,77557.002,77843.878,77481.622,77818.488,0.0
2026-09-14 07:00:04,77553.036,77858.549,77481.622,77853.246,0.0
2026-09-14 08:00:00,77853.866,77855.796,77840.525,77840.525,0.0
2026-09-14 08:00:01,77854.609,77855.796,77666.302,77726.137,0.0
2026-09-14 08:00:02,77854.651,77948.037,77660.89,77702.81,0.0
2026-09-14 08:00:03,77854.417,77948.037,77660.89,77726.599,0.0
2026-09-14 08:00:04,77854.6,77948.037,77612.993,77700.138,0.0
2026-09-14 09:00:00,77700.14,77713.349,77700.137,77708.051,0.0
2026-09-14 09:00:01,77700.137,77794.658,77631.787,77631.787,0.0
2026-09-14 09:00:02,77712.055,77814.973,77561.208,77800.336,0.0
2026-09-14 09:00:03,77712.043,77892.769,77561.208,77868.491,0.0
2026-09-14 09:00:04,77712.052,78340.69,77561.208,78099.95,0.0
2026-09-14 10:00:00,78111.319,78131.178,78085.186,78094.499,0.0
2026-09-14 10:00:01,78113.471,78131.178,77974.781,78009.267,0.0
2026-09-14 10:00:02,78117.775,78131.178,77894.553,77927.602,0.0
2026-09-14 10:00:03,78130.962,78131.178,77886.367,77929.998,0.0
2026-09-14 10:00:04,78131.142,78131.178,77856.68,77864.597,0.0
2026-09-14 11:00:00,77864.598,77864.598,77833.712,77839.12,0.0
2026-09-14 11:00:01,77864.323,77885.413,77675.23,77728.173,0.0
2026-09-14 11:00:02,77863.847,77886.704,77675.23,77875.16,0.0
2026-09-14 11:00:03,77864.36,77892.029,77664.621,77804.444,0.0
2026-09-14 11:00:04,77864.372,77892.029,77652.899,77740.008,0.0
2026-09-14 12:00:00,77746.724,77746.724,77719.51,77719.538,0.0
2026-09-14 12:00:01,77742.509,77819.783,77672.552,77805.314,0.0
2026-09-14 12:00:02,77738.362,77965.499,77672.552,77937.479,0.0
2026-09-14 12:00:03,77738.415,78048.584,77672.552,77866.821,0.0
2026-09-14 12:00:04,77737.822,78048.584,77577.217,77663.118,0.0
2026-09-14 13:00:00,77662.964,77664.067,77609.971,77647.601,0.0
2026-09-14 13:00:01,77663.707,77727.158,77441.94,77727.158,0.0
2026-09-14 13:00:02,77652.048,77897.935,77441.94,77881.38,0.0
2026-09-14 13:00:03,77622.754,78228.754,77441.94,78200.102,0.0
2026-09-14 13:00:04,77619.804,78445.844,77441.94,78137.428,0.0
2026-09-14 14:00:00,78140.181,78225.375,78124.044,78204.42,0.0
2026-09-14 14:00:01,78140.12,78499.313,78124.044,78495.363,0.0
2026-09-14 14:00:02,78124.044,78622.85,78124.044,78467.262,0.0
2026-09-14 14:00:03,78139.683,78665.973,78139.683,78429.798,0.0
2026-09-14 14:00:04,78143.454,78665.973,78143.454,78478.832,0.0
2026-09-14 15:00:00,78478.861,78478.861,78432.867,78440.308,0.0
2026-09-14 15:00:01,78470.903,78549.995,78259.422,78434.506,0.0
2026-09-14 15:00:02,78437.443,78574.904,78259.422,78395.898,0.0
2026-09-14 15:00:03,78442.441,78575.694,78259.422,78471.505,0.0
2026-09-14 15:00:04,78443.719,78646.848,78259.422,78541.062,0.0
2026-09-14 16:00:00,78541.061,78561.081,78538.205,78560.515,0.0
2026-09-14 16:00:01,78538.493,78568.71,78385.333,78461.408,0.0
2026-09-14 16:00:02,78540.573,78849.618,78385.333,78642.881,0.0
2026-09-14 16:00:03,78538.205,78849.618,78385.333,78602.466,0.0
2026-09-14 16:00:04,78539.397,78871.706,78385.333,78727.305,0.0
2026-09-14 17:00:00,78727.305,78727.305,78703.859,78711.123,0.0
2026-09-14 17:00:01,78726.202,78860.251,78688.61,78782.366,0.0
2026-09-14 17:00:02,78723.423,78963.327,78688.61,78825.983,0.0
2026-09-14 17:00:03,78723.421,78963.327,78668.916,78817.506,0.0
2026-09-14 17:00:04,78723.41,79015.151,78668.916,78910.724,0.0
2026-09-14 18:00:00,78911.008,78911.082,78888.002,78888.002,0.0
2026-09-14 18:00:01,78910.717,78964.096,78800.55,78818.26,0.0
2026-09-14 18:00:02,78911.081,79215.754,78800.55,79100.437,0.0
2026-09-14 18:00:03,78911.079,79221.695,78800.55,79212.819,0.0
2026-09-14 18:00:04,78911.08,79294.802,78800.55,79184.881,0.0
2026-09-14 19:00:00,79184.881,79184.881,79141.71,79141.71,0.0
2026-09-14 19:00:01,79176.141,79176.141,78970.599,79069.903,0.0
2026-09-14 19:00:02,79165.958,79202.078,78970.599,79090.624,0.0
2026-09-14 19:00:03,79161.722,79202.078,78924.985,79085.243,0.0
2026-09-14 19:00:04,79161.373,79202.078,78924.985,78944.391,0.0
2026-09-14 20:00:00,78952.092,78970.569,78951.48,78969.592,0.0
2026-09-14 20:00:01,78951.831,79193.55,78936.008,79163.314,0.0
2026-09-14 20:00:02,78951.48,79561.352,78936.008,79403.582,0.0
2026-09-14 20:00:03,78955.075,79561.352,78936.008,79287.921,0.0
2026-09-14 20:00:04,78967.269,79561.352,78936.008,79065.676,0.0
2026-09-14 21:00:00,79065.678,79085.42,79034.92,79034.92,0.0
2026-09-14 21:00:01,79085.42,79085.42,78723.265,78841.46,0.0
2026-09-14 21:00:02,79084.95,79084.95,78723.265,78874.342,0.0
2026-09-14 21:00:03,79068.018,79068.101,78723.265,78786.202,0.0
2026-09-14 21:00:04,79068.101,79068.101,78711.404,78727.53,0.0
2026-09-14 22:00:00,78727.519,78746.332,78718.237,78734.432,0.0
2026-09-14 22:00:01,78728.099,78823.515,78676.662,78786.587,0.0
2026-09-14 22:00:02,78746.332,78823.515,78483.522,78520.95,0.0
2026-09-14 22:00:03,78745.252,78823.515,78478.735,78613.439,0.0
2026-09-14 22:00:04,78745.769,78823.515,78478.735,78517.846,0.0
2026-09-14 23:00:00,78517.846,78535.443,78501.969,78535.344,0.0
2026-09-14 23:00:01,78517.846,78535.443,78314.017,78421.171,0.0
2026-09-14 23:00:02,78517.848,78535.443,78314.017,78341.828,0.0
2026-09-14 23:00:03,78513.545,78535.443,78224.087,78263.731,0.0
2026-09-14 23:00:04,78513.565,78535.443,78091.146,78179.481,0.0
2026-09-15 00:00:00,78155.319,78155.319,78148.92,78151.968,0.0
2026-09-15 00:00:01,78149.185,78223.647,78080.777,78081.43,0.0
2026-09-15 00:00:02,78150.41,78223.647,77960.34,77996.503,0.0
2026-09-15 00:00:03,78149.326,78223.647,77906.66,77980.648,0.0
2026-09-15 00:00:04,78149.4,78223.647,77906.66,77928.434,0.0
2026-09-15 01:00:00,77928.457,77928.474,77915.602,77915.609,0.0
2026-09-15 01:00:01,77928.456,77928.474,77712.163,77766.617,0.0
2026-09-15 01:00:02,77928.451,77996.917,77712.163,77850.555,0.0
2026-09-15 01:00:03,77928.46,77996.917,77712.163,77900.265,0.0
2026-09-15 01:00:04,77928.456,78046.595,77712.163,77888.15,0.0
2026-09-15 02:00:00,77888.15,77895.544,77875.685,77881.596,0.0
2026-09-15 02:00:01,77888.15,77984.027,77840.346,77941.051,0.0
2026-09-15 02:00:02,77888.11,77990.843,77840.346,77894.243,0.0
2026-09-15 02:00:03,77880.255,77990.843,77815.006,77842.75,0.0
2026-09-15 02:00:04,77880.255,77990.843,77757.732,77878.519,0.0
2026-09-15 03:00:00,77878.374,77878.374,77835.225,77835.225,0.0
2026-09-15 03:00:01,77876.103,77876.552,77672.587,77697.598,0.0
2026-09-15 03:00:02,77876.06,77876.552,77672.587,77781.695,0.0
2026-09-15 03:00:03,77875.91,77876.552,77672.587,77773.311,0.0
2026-09-15 03:00:04,77876.552,77876.552,77623.508,77629.303,0.0
2026-09-15 04:00:00,77658.441,77658.441,77631.371,77651.489,0.0
2026-09-15 04:00:01,77655.453,77713.197,77602.541,77618.64,0.0
2026-09-15 04:00:02,77654.329,77713.197,77528.317,77633.426,0.0
2026-09-15 04:00:03,77654.249,77713.197,77511.05,77602.957,0.0
2026-09-15 04:00:04,77646.457,77713.197,77511.05,77537.105,0.0
2026-09-15 05:00:00,77537.074,77541.948,77523.565,77541.948,0.0
2026-09-15 05:00:01,77536.848,77619.154,77271.797,77373.144,0.0
2026-09-15 05:00:02,77536.741,77619.154,77271.797,77428.408,0.0
2026-09-15 05:00:03,77532.101,77619.154,77271.797,77438.309,0.0
2026-09-15 05:00:04,77530.56,77633.263,77271.797,77591.064,0.0
2026-09-15 06:00:00,77591.059,77637.86,77590.823,77634.691,0.0
2026-09-15 06:00:01,77592.001,77691.607,77537.665,77547.873,0.0
2026-09-15 06:00:02,77592.001,77691.607,77359.61,77388.811,0.0
2026-09-15 06:00:03,77590.823,77691.607,77359.61,77389.692,0.0
2026-09-15 06:00:04,77615.412,77691.607,77154.265,77251.508,0.0
2026-09-15 07:00:00,77251.504,77251.504,77234.224,77245.817,0.0
2026-09-15 07:00:01,77246.902,77279.492,77153.884,77199.154,0.0
2026-09-15 07:00:02,77246.897,77279.492,77153.884,77241.338,0.0
2026-09-15 07:00:03,77246.379,77279.492,76981.362,77050.199,0.0
2026-09-15 07:00:04,77234.224,77279.492,76848.307,76900.267,0.0
2026-09-15 08:00:00,76894.545,76913.0,76890.05,76890.05,0.0
2026-09-15 08:00:01,76893.85,76913.0,76667.363,76804.865,0.0
2026-09-15 08:00:02,76900.095,76913.0,76667.363,76812.028,0.0
2026-09-15 08:00:03,76901.994,76913.0,76667.363,76807.75,0.0
2026-09-15 08:00:04,76905.263,76973.194,76667.363,76964.841,0.0
2026-09-15 09:00:00,76964.725,76964.725,76914.703,76914.703,0.0
2026-09-15 09:00:01,76964.721,76964.721,76863.37,76940.757,0.0
2026-09-15 09:00:02,76960.201,76961.413,76835.191,76878.814,0.0
2026-09-15 09:00:03,76960.201,76961.413,76835.191,76958.563,0.0
2026-09-15 09:00:04,76961.395,77029.736,76835.191,76947.589,0.0
2026-09-15 10:00:00,76947.579,76971.216,76947.578,76967.287,0.0
2026-09-15 10:00:01,76947.578,77023.265,76870.181,76972.55,0.0
2026-09-15 10:00:02,76947.581,77023.265,76858.104,76879.793,0.0
2026-09-15 10:00:03,76947.603,77030.099,76841.403,77021.696,0.0
2026-09-15 10:00:04,76954.06,77135.55,76841.403,77022.887,0.0
2026-09-15 11:00:00,77022.937,77053.356,77012.315,77053.347,0.0
2026-09-15 11:00:01,77023.662,77184.373,76978.355,77015.936,0.0
2026-09-15 11:00:02,77023.628,77184.373,76934.569,76963.83,0.0
2026-09-15 11:00:03,77023.214,77184.373,76818.001,76876.246,0.0
2026-09-15 11:00:04,77022.372,77184.373,76809.405,76899.839,0.0
2026-09-15 12:00:00,76899.839,76908.533,76897.15,76897.191,0.0
2026-09-15 12:00:01,76899.98,76936.814,76826.35,76882.644,0.0
2026-09-15 12:00:02,76900.041,76958.065,76826.35,76913.508,0.0
2026-09-15 12:00:03,76902.75,76958.065,76817.724,76898.514,0.0
2026-09-15 12:00:04,76902.75,77099.9,76817.724,76920.435,0.0
2026-09-15 13:00:00,76920.46,76951.547,76914.567,76949.17,0.0
2026-09-15 13:00:01,76914.567,77101.284,76914.567,76973.467,0.0
2026-09-15 13:00:02,76916.143,77101.284,76856.854,76856.854,0.0
2026-09-15 13:00:03,76916.13,77101.284,76107.236,76438.007,0.0
2026-09-15 13:00:04,76916.116,77101.284,76107.236,76590.082,0.0
2026-09-15 14:00:00,76588.975,76658.306,76581.408,76639.918,0.0
2026-09-15 14:00:01,76594.613,76658.306,76294.643,76405.199,0.0
2026-09-15 14:00:02,76581.408,76658.306,76257.562,76263.23,0.0
2026-09-15 14:00:03,76588.142,76658.306,75669.954,75885.143,0.0
2026-09-15 14:00:04,76588.344,76658.306,75571.95,75911.733,0.0
2026-09-15 15:00:00,75914.42,75956.067,75871.302,75906.428,0.0
2026-09-15 15:00:01,75882.595,76072.965,75800.05,75992.216,0.0
2026-09-15 15:00:02,75884.24,76480.31,75800.05,76380.59,0.0
2026-09-15 15:00:03,75871.302,76480.31,75800.05,76408.391,0.0
2026-09-15 15:00:04,75893.679,76570.048,75800.05,76478.682,0.0
2026-09-15 16:00:00,76473.602,76504.482,76461.715,76461.715,0.0
2026-09-15 16:00:01,76477.837,76543.062,76232.784,76301.06,0.0
2026-09-15 16:00:02,76504.482,76543.062,76232.784,76445.142,0.0
2026-09-15 16:00:03,76500.15,76543.062,76232.784,76343.581,0.0
2026-09-15 16:00:04,76488.532,76543.062,76232.784,76350.004,0.0
2026-09-15 17:00:00,76350.089,76350.706,76338.16,76338.16,0.0
2026-09-15 17:00:01,76350.048,76383.715,76157.812,76234.164,0.0
2026-09-15 17:00:02,76346.771,76513.685,76157.812,76504.1,0.0
2026-09-15 17:00:03,76346.776,77305.988,76157.812,76769.749,0.0
2026-09-15 17:00:04,76346.775,77305.988,76157.812,76930.085,0.0
2026-09-15 18:00:00,76930.051,76930.051,76844.261,76844.261,0.0
2026-09-15 18:00:01,76920.88,76936.687,76786.891,76860.199,0.0
2026-09-15 18:00:02,76900.047,77164.694,76476.743,76807.695,0.0
2026-09-15 18:00:03,76900.511,77164.694,75695.745,75711.889,0.0
2026-09-15 18:00:04,76910.947,77164.694,74913.956,75942.685,0.0
2026-09-15 19:00:00,75943.353,76020.276,75833.437,75833.437,0.0
2026-09-15 19:00:01,75952.454,76224.969,75779.287,75926.381,0.0
2026-09-15 19:00:02,75969.992,76268.377,75779.287,75902.523,0.0
2026-09-15 19:00:03,75950.011,76268.377,75779.287,75856.003,0.0
2026-09-15 19:00:04,75930.222,76268.377,75779.287,76145.632,0.0
2026-09-15 20:00:00,76148.86,76165.485,76127.718,76127.718,0.0
2026-09-15 20:00:01,76137.956,76209.796,75889.413,75948.015,0.0
2026-09-15 20:00:02,76137.956,76209.796,75663.926,75667.686,0.0
2026-09-15 20:00:03,76137.762,76209.796,75579.999,75870.787,0.0
2026-09-15 20:00:04,76141.903,76209.796,75579.999,75900.474,0.0
2026-09-15 21:00:00,75900.306,75904.561,75885.378,75886.515,0.0
2026-09-15 21:00:01,75900.074,75936.73,75689.35,75809.741,0.0
2026-09-15 21:00:02,75900.074,75936.73,75621.093,75648.753,0.0
2026-09-15 21:00:03,75900.075,75936.73,75514.504,75706.567,0.0
2026-09-15 21:00:04,75900.074,75936.73,75356.469,75439.402,0.0
2026-09-15 22:00:00,75413.89,75441.569,75351.354,75379.96,0.0
2026-09-15 22:00:01,75411.987,75559.177,75304.39,75351.802,0.0
2026-09-15 22:00:02,75419.957,75559.177,75097.945,75479.682,0.0
2026-09-15 22:00:03,75441.569,75710.272,75097.945,75631.456,0.0
2026-09-15 23:00:00,75631.464,75665.429,75617.764,75657.096,0.0
2026-09-15 23:00:01,75628.74,75870.876,75617.764,75849.217,0.0
2026-09-15 23:00:02,75643.271,75914.656,75575.094,75616.15,0.0
2026-09-15 23:00:03,75642.982,75914.656,75530.195,75636.762,0.0
2026-09-15 23:00:04,75636.374,75914.656,75530.195,75601.126,0.0
2026-09-16 00:00:00,75601.033,75616.86,75586.09,75590.721,0.0
2026-09-16 00:00:01,75605.159,75761.386,75538.806,75649.386,0.0
2026-09-16 00:00:02,75616.86,75825.858,75538.806,75825.031,0.0
2026-09-16 00:00:03,75614.323,75877.964,75538.806,75770.318,0.0
2026-09-16 00:00:04,75613.85,75877.964,75538.806,75734.05,0.0
2026-09-16 01:00:00,75734.069,75784.605,75734.069,75784.332,0.0
2026-09-16 01:00:01,75734.516,75833.193,75658.79,75704.107,0.0
2026-09-16 01:00:02,75735.033,75935.11,75658.79,75815.556,0.0
2026-09-16 01:00:03,75740.738,75935.11,75508.596,75658.416,0.0
2026-09-16 01:00:04,75739.994,75935.11,75429.451,75464.141,0.0
2026-09-16 02:00:00,75464.736,75488.011,75449.33,75487.93,0.0
2026-09-16 02:00:01,75464.1,75651.029,75449.33,75651.029,0.0
2026-09-16 02:00:02,75459.254,75953.967,75449.33,75910.7,0.0
2026-09-16 02:00:03,75458.128,76071.806,75449.33,75912.115,0.0
2026-09-16 02:00:04,75458.792,76071.806,75449.33,75852.955,0.0
2026-09-16 03:00:00,75852.954,75891.51,75850.05,75890.981,0.0
2026-09-16 03:00:01,75862.299,75964.787,75787.353,75940.489,0.0
2026-09-16 03:00:02,75862.299,76053.622,75787.353,75837.616,0.0
2026-09-16 03:00:03,75862.299,76053.622,75747.251,75772.947,0.0
2026-09-16 03:00:04,75868.261,76053.622,75731.643,75787.253,0.0
2026-09-16 04:00:00,75787.25,75797.972,75787.25,75787.662,0.0
2026-09-16 04:00:01,75787.847,75888.555,75784.179,75841.781,0.0
2026-09-16 04:00:02,75797.968,75956.568,75784.179,75845.661,0.0
2026-09-16 04:00:03,75797.97,75990.012,75784.179,75901.684,0.0
2026-09-16 04:00:04,75797.972,75990.012,75766.037,75825.632,0.0
2026-09-16 05:00:00,75825.768,75842.416,75824.578,75841.529,0.0
2026-09-16 05:00:01,75825.658,75842.416,75637.878,75762.864,0.0
2026-09-16 05:00:02,75825.656,75883.879,75637.878,75836.132,0.0
2026-09-16 05:00:03,75824.578,75943.157,75637.878,75930.75,0.0
2026-09-16 05:00:04,75824.834,75943.157,75637.878,75927.573,0.0
2026-09-16 06:00:00,75923.951,75946.181,75923.951,75940.543,0.0
2026-09-16 06:00:01,75925.05,75999.888,75925.05,75940.036,0.0
2026-09-16 06:00:02,75925.714,75999.888,75861.135,75879.31,0.0
2026-09-16 06:00:03,75934.673,75999.888,75781.45,75895.182,0.0
2026-09-16 06:00:04,75942.178,76000.979,75781.45,76000.711,0.0
2026-09-16 07:00:00,76000.712,76000.728,75955.95,75969.258,0.0
2026-09-16 07:00:01,76000.711,76067.234,75773.113,75865.497,0.0
2026-09-16 07:00:02,76000.728,76067.234,75766.425,75775.538,0.0
2026-09-16 07:00:03,75981.142,76067.234,75727.007,75766.98,0.0
2026-09-16 07:00:04,75986.767,76067.234,75696.314,75728.521,0.0
2026-09-16 08:00:00,75725.635,75725.635,75691.05,75716.248,0.0
2026-09-16 08:00:01,75705.166,75717.352,75425.049,75540.719,0.0
2026-09-16 08:00:02,75705.101,75717.352,75315.781,75396.357,0.0
2026-09-16 08:00:03,75705.139,75717.352,75315.781,75504.742,0.0
2026-09-16 08:00:04,75704.261,75717.352,75315.781,75697.848,0.0
2026-09-16 09:00:00,75697.829,75697.847,75687.981,75688.556,0.0
2026-09-16 09:00:01,75697.834,75919.564,75687.981,75776.512,0.0
2026-09-16 09:00:02,75697.834,75919.564,75687.981,75801.504,0.0
2026-09-16 09:00:03,75697.824,75919.564,75687.981,75888.51,0.0
2026-09-16 09:00:04,75697.808,75963.756,75687.981,75959.504,0.0
2026-09-16 10:00:00,75959.29,75959.692,75959.29,75959.691,0.0
2026-09-16 10:00:01,75959.525,76013.542,75900.151,75928.689,0.0
2026-09-16 10:00:02,75959.521,76013.542,75890.421,75969.703,0.0
2026-09-16 10:00:03,75959.557,76013.542,75890.421,75948.965,0.0
2026-09-16 10:00:04,75959.539,76013.542,75865.645,75918.715,0.0
2026-09-16 11:00:00,75932.312,75993.413,75932.312,75980.003,0.0
2026-09-16 11:00:01,75959.703,76026.59,75855.752,75855.847,0.0
2026-09-16 11:00:02,75971.504,76026.59,75845.357,75924.004,0.0
2026-09-16 11:00:03,75993.413,76249.596,75845.357,76203.308,0.0
2026-09-16 11:00:04,75957.159,76274.42,75845.357,76211.416,0.0
2026-09-16 12:00:00,76211.424,76223.198,76170.255,76179.111,0.0
2026-09-16 12:00:01,76209.443,76265.877,76074.829,76081.302,0.0
2026-09-16 12:00:02,76215.873,76265.877,75875.185,75890.481,0.0
2026-09-16 12:00:03,76223.198,76265.877,75751.347,75895.214,0.0
2026-09-16 12:00:04,76206.74,76265.877,75751.347,75933.617,0.0
2026-09-16 13:00:00,75933.391,75933.391,75882.093,75911.269,0.0
2026-09-16 13:00:01,75925.034,75930.174,75640.012,75750.099,0.0
2026-09-16 13:00:02,75924.946,75930.174,75640.012,75672.037,0.0
2026-09-16 13:00:03,75916.783,75930.174,75545.106,75688.322,0.0
2026-09-16 13:00:04,75916.629,75930.174,75545.106,75615.544,0.0
2026-09-16 14:00:00,75616.4,75631.961,75564.793,75565.357,0.0
2026-09-16 14:00:01,75611.025,75631.961,75387.912,75615.95,0.0
2026-09-16 14:00:02,75631.961,75801.239,75387.912,75740.479,0.0
2026-09-16 14:00:03,75620.767,75801.239,75387.912,75692.423,0.0
2026-09-16 14:00:04,75612.945,75801.239,75387.912,75657.575,0.0
2026-09-16 15:00:00,75660.873,75678.966,75648.914,75674.19,0.0
2026-09-16 15:00:01,75663.722,75769.908,75511.981,75672.743,0.0
2026-09-16 15:00:02,75655.236,75771.781,75511.981,75581.517,0.0
2026-09-16 15:00:03,75653.71,75771.781,75511.981,75720.486,0.0
2026-09-16 15:00:04,75654.151,75924.928,75511.981,75753.672,0.0
2026-09-16 16:00:00,75753.66,75778.211,75753.66,75771.865,0.0
2026-09-16 16:00:01,75759.644,75843.354,75618.307,75809.754,0.0
2026-09-16 16:00:02,75759.365,75859.304,75618.307,75803.775,0.0
2026-09-16 16:00:03,75759.639,75859.304,75618.307,75705.821,0.0
2026-09-16 16:00:04,75759.769,75859.304,75618.307,75733.874,0.0
2026-09-16 17:00:00,75733.932,75734.04,75717.797,75725.034,0.0
2026-09-16 17:00:01,75734.04,75767.5,75630.862,75704.966,0.0
2026-09-16 17:00:02,75724.727,75789.279,75601.047,75686.018,0.0
2026-09-16 17:00:03,75725.393,75789.279,75351.097,75469.23,0.0
2026-09-16 17:00:04,75717.836,75893.823,75322.193,75642.158,0.0
2026-09-16 18:00:00,75684.354,75929.493,75523.302,75588.666,0.0
2026-09-16 18:00:01,75753.966,76524.697,75264.815,75827.317,0.0
2026-09-16 18:00:02,75761.626,76524.697,75264.815,75922.267,0.0
2026-09-16 18:00:03,75722.536,76524.697,75025.501,76001.59,0.0
2026-09-16 18:00:04,75745.606,76524.697,75025.501,75596.984,0.0
2026-09-16 19:00:00,75602.295,75740.255,75602.295,75740.255,0.0
2026-09-16 19:00:01,75613.484,76153.442,75613.484,75976.181,0.0
2026-09-16 19:00:02,75613.484,76153.442,75216.913,75459.063,0.0
2026-09-16 19:00:03,75629.512,76153.442,75216.913,76005.184,0.0
2026-09-16 19:00:04,75629.236,76153.442,75216.913,76055.409,0.0
2026-09-16 20:00:00,76047.306,76067.358,76042.389,76056.793,0.0
2026-09-16 20:00:01,76052.561,76392.003,75986.561,76159.744,0.0
2026-09-16 20:00:02,76052.561,76392.003,75986.561,76221.488,0.0
2026-09-16 20:00:03,76066.475,76392.003,75986.561,76075.108,0.0
2026-09-16 20:00:04,76063.952,76392.003,75986.561,76144.111,0.0
2026-09-16 21:00:00,76144.409,76145.471,76138.561,76144.957,0.0
2026-09-16 21:00:01,76145.252,76169.964,76051.106,76097.843,0.0
2026-09-16 21:00:02,76144.074,76169.964,76006.378,76042.232,0.0
2026-09-16 21:00:03,76143.338,76169.964,75902.519,75933.001,0.0
2026-09-16 21:00:04,76143.46,76169.964,75902.233,75938.043,0.0
2026-09-16 22:00:00,75938.042,75958.528,75913.246,75925.818,0.0
2026-09-16 22:00:01,75950.829,75958.528,75625.942,75848.82,0.0
2026-09-16 22:00:02,75958.528,75958.528,75625.942,75701.511,0.0
2026-09-16 22:00:03,75956.764,75956.764,75622.938,75789.775,0.0
2026-09-16 22:00:04,75956.761,75956.764,75609.821,75647.436,0.0
2026-09-16 23:00:00,75647.514,75684.035,75641.878,75672.806,0.0
2026-09-16 23:00:01,75646.65,75854.881,75608.746,75836.553,0.0
2026-09-16 23:00:02,75646.65,76114.294,75608.746,76067.53,0.0
2026-09-16 23:00:03,75641.878,76195.185,75608.746,76186.974,0.0
2026-09-16 23:00:04,75650.428,76245.267,75608.746,76175.682,0.0
2026-09-17 00:00:00,76175.214,76180.203,76148.06,76168.412,0.0
2026-09-17 00:00:01,76180.203,76404.038,76148.06,76303.826,0.0
2026-09-17 00:00:02,76180.098,76459.925,76148.06,76340.924,0.0
2026-09-17 00:00:03,76180.058,76472.902,76148.06,76392.531,0.0
2026-09-17 00:00:04,76179.811,76472.902,76148.06,76301.786,0.0
2026-09-17 01:00:00,76301.803,76320.097,76260.081,76260.081,0.0
2026-09-17 01:00:01,76306.246,76331.54,76181.65,76265.782,0.0
2026-09-17 01:00:02,76320.097,76624.474,76181.65,76618.407,0.0
2026-09-17 01:00:03,76312.454,76742.13,76181.65,76523.631,0.0
2026-09-17 01:00:04,76305.829,76742.13,76181.65,76334.932,0.0
2026-09-17 02:00:00,76333.568,76340.208,76316.802,76327.19,0.0
2026-09-17 02:00:01,76334.707,76356.984,76072.747,76129.47,0.0
2026-09-17 02:00:02,76334.732,76356.984,76031.58,76128.582,0.0
2026-09-17 02:00:03,76340.208,76417.193,76031.58,76379.721,0.0
2026-09-17 02:00:04,76330.6,76456.466,76031.58,76343.312,0.0
2026-09-17 03:00:00,76343.338,76371.156,76343.338,76357.259,0.0
2026-09-17 03:00:01,76343.497,76470.604,76341.765,76416.312,0.0
2026-09-17 03:00:02,76344.748,76496.437,76341.765,76464.79,0.0
2026-09-17 03:00:03,76350.148,76499.965,76341.765,76472.378,0.0
2026-09-17 03:00:04,76351.888,76499.965,76341.765,76401.223,0.0
2026-09-17 04:00:00,76401.918,76403.342,76391.956,76392.658,0.0
2026-09-17 04:00:01,76403.342,76403.342,76262.83,76283.53,0.0
2026-09-17 04:00:02,76403.314,76403.314,76151.913,76151.913,0.0
2026-09-17 04:00:03,76401.562,76402.125,76146.737,76303.567,0.0
2026-09-17 04:00:04,76401.088,76555.287,76146.737,76503.372,0.0
2026-09-17 05:00:00,76503.987,76549.744,76483.028,76549.36,0.0
2026-09-17 05:00:01,76503.996,76599.934,76414.885,76437.644,0.0
2026-09-17 05:00:02,76504.332,76599.934,76383.119,76449.868,0.0
2026-09-17 05:00:03,76483.028,76599.934,76301.79,76320.413,0.0
2026-09-17 05:00:04,76494.282,76599.934,76273.572,76291.868,0.0
2026-09-17 06:00:00,76293.551,76293.551,76263.765,76263.765,0.0
2026-09-17 06:00:01,76280.731,76451.184,76263.753,76412.006,0.0
2026-09-17 06:00:02,76276.521,76483.481,76263.753,76473.267,0.0
2026-09-17 06:00:03,76285.196,76551.54,76263.753,76531.249,0.0
2026-09-17 06:00:04,76284.871,76569.726,76263.753,76447.468,0.0
2026-09-17 07:00:00,76447.459,76458.427,76441.908,76458.159,0.0
2026-09-17 07:00:01,76447.196,76650.709,76440.938,76484.07,0.0
2026-09-17 07:00:02,76441.908,76650.709,76440.938,76492.217,0.0
2026-09-17 07:00:03,76441.91,76650.709,76440.938,76447.984,0.0
2026-09-17 07:00:04,76441.908,76650.709,76385.642,76422.259,0.0
2026-09-17 08:00:00,76433.005,76437.533,76433.005,76433.709,0.0
2026-09-17 08:00:01,76433.008,76499.953,76370.268,76370.313,0.0
2026-09-17 08:00:02,76437.533,76506.951,76351.496,76440.143,0.0
2026-09-17 08:00:03,76437.525,76511.488,76351.496,76437.199,0.0
2026-09-17 08:00:04,76433.27,76561.195,76351.496,76543.218,0.0
2026-09-17 09:00:00,76543.255,76544.799,76543.255,76544.706,0.0
2026-09-17 09:00:01,76543.49,76697.596,76543.49,76671.803,0.0
2026-09-17 09:00:02,76543.5,76717.569,76543.5,76647.958,0.0
2026-09-17 09:00:03,76543.922,76748.002,76543.922,76595.912,0.0
2026-09-17 09:00:04,76544.799,76748.002,76436.702,76438.023,0.0
2026-09-17 10:00:00,76438.01,76438.01,76413.508,76413.508,0.0
2026-09-17 10:00:01,76437.16,76442.681,76288.05,76356.072,0.0
2026-09-17 10:00:02,76437.16,76442.681,76284.87,76307.037,0.0
2026-09-17 10:00:03,76437.168,76442.681,76271.71,76271.71,0.0
2026-09-17 10:00:04,76437.226,76442.681,76233.613,76374.865,0.0
2026-09-17 11:00:00,76374.865,76377.315,76365.079,76370.572,0.0
2026-09-17 11:00:01,76375.884,76420.647,76310.375,76416.595,0.0
2026-09-17 11:00:02,76375.204,76421.242,76310.159,76335.488,0.0
2026-09-17 11:00:03,76375.09,76421.242,76139.688,76169.829,0.0
2026-09-17 11:00:04,76367.325,76456.75,76139.688,76450.625,0.0
2026-09-17 12:00:00,76452.373,76452.373,76408.872,76431.794,0.0
2026-09-17 12:00:01,76449.339,76812.868,76371.962,76812.868,0.0
2026-09-17 12:00:02,76444.136,76972.251,76371.962,76961.296,0.0
2026-09-17 12:00:03,76440.032,77140.366,76371.962,76840.289,0.0
2026-09-17 12:00:04,76438.256,77140.366,76371.962,76698.313,0.0
2026-09-17 13:00:00,76698.451,76742.454,76671.823,76742.454,0.0
2026-09-17 13:00:01,76694.634,76853.165,76596.614,76606.212,0.0
2026-09-17 13:00:02,76694.693,76853.165,76413.792,76449.743,0.0
2026-09-17 13:00:03,76690.401,76853.165,75978.241,76074.502,0.0
2026-09-17 13:00:04,76679.407,76853.165,75978.241,76676.003,0.0
2026-09-17 14:00:00,76670.739,76744.49,76634.068,76678.662,0.0
2026-09-17 14:00:01,76682.171,76956.923,76359.24,76870.69,0.0
2026-09-17 14:00:02,76683.486,77058.013,76359.24,76893.319,0.0
2026-09-17 14:00:03,76683.449,77058.013,76359.24,76675.41,0.0
2026-09-17 14:00:04,76683.436,77058.013,76359.24,76469.925,0.0
2026-09-17 15:00:00,76469.34,76476.039,76458.95,76458.965,0.0
2026-09-17 15:00:01,76466.952,76476.039,76240.217,76327.741,0.0
2026-09-17 15:00:02,76470.045,76476.039,76240.217,76447.007,0.0
2026-09-17 15:00:03,76476.039,76837.582,76240.217,76717.382,0.0
2026-09-17 15:00:04,76475.574,76837.582,76240.217,76754.96,0.0
2026-09-17 16:00:00,76751.188,76760.113,76751.118,76755.086,0.0
2026-09-17 16:00:01,76751.193,76785.243,76652.106,76697.003,0.0
2026-09-17 16:00:02,76751.678,76785.243,76642.317,76678.289,0.0
2026-09-17 16:00:03,76752.53,76785.243,76499.87,76690.906,0.0
2026-09-17 16:00:04,76751.684,76785.243,76499.87,76733.587,0.0
2026-09-17 17:00:00,76733.55,76764.073,76733.55,76736.726,0.0
2026-09-17 17:00:01,76750.345,76890.737,76716.787,76794.796,0.0
2026-09-17 17:00:02,76751.248,76929.103,76716.787,76885.703,0.0
2026-09-17 17:00:03,76751.398,76944.283,76649.427,76650.417,0.0
2026-09-17 17:00:04,76751.036,76944.283,76554.664,76642.302,0.0
2026-09-17 18:00:00,76642.279,76661.04,76640.744,76661.04,0.0
2026-09-17 18:00:01,76641.41,76699.728,76618.623,76696.767,0.0
2026-09-17 18:00:02,76641.837,76758.558,76618.623,76712.947,0.0
2026-09-17 18:00:03,76642.132,76758.558,76430.034,76594.176,0.0
2026-09-17 18:00:04,76650.046,76758.558,76430.034,76538.862,0.0
2026-09-17 19:00:00,76538.942,76539.272,76535.605,76535.674,0.0
2026-09-17 19:00:01,76538.94,76600.591,76523.047,76523.372,0.0
2026-09-17 19:00:02,76539.197,76600.591,76468.178,76558.852,0.0
2026-09-17 19:00:03,76539.27,76600.659,76468.178,76560.377,0.0
2026-09-17 19:00:04,76539.27,76649.893,76467.917,76561.6,0.0
2026-09-17 20:00:00,76562.329,76562.329,76523.067,76527.415,0.0
2026-09-17 20:00:01,76559.451,76627.114,76503.236,76603.37,0.0
2026-09-17 20:00:02,76559.451,76709.894,76503.236,76661.052,0.0
2026-09-17 20:00:03,76554.754,76709.894,76473.054,76523.527,0.0
2026-09-17 20:00:04,76551.177,76709.894,76459.749,76530.062,0.0
2026-09-17 21:00:00,76530.18,76537.71,76530.065,76537.71,0.0
2026-09-17 21:00:01,76530.065,76587.683,76459.392,76479.274,0.0
2026-09-17 21:00:02,76530.071,76587.683,76459.392,76520.013,0.0
2026-09-17 21:00:03,76530.188,76587.683,76459.392,76486.217,0.0
2026-09-17 21:00:04,76530.191,76587.683,76359.441,76375.732,0.0
2026-09-17 22:00:00,76376.037,76376.037,76351.257,76356.882,0.0
2026-09-17 22:00:01,76367.377,76425.395,76301.899,76330.562,0.0
2026-09-17 22:00:02,76365.689,76425.395,76214.653,76233.29,0.0
2026-09-17 22:00:03,76365.698,76425.395,76214.653,76388.202,0.0
2026-09-17 22:00:04,76365.718,76425.395,76214.653,76386.593,0.0
2026-09-17 23:00:00,76386.591,76386.591,76348.118,76363.798,0.0
2026-09-17 23:00:01,76386.589,76477.874,76348.118,76453.194,0.0
2026-09-17 23:00:02,76386.588,76477.874,76348.118,76452.336,0.0
2026-09-17 23:00:03,76386.582,76477.874,76348.118,76399.378,0.0
2026-09-17 23:00:04,76386.582,76477.874,76348.118,76384.606,0.0
2026-09-18 00:00:00,76384.572,76397.252,76377.096,76377.985,0.0
2026-09-18 00:00:01,76377.334,76438.786,76342.326,76399.674,0.0
2026-09-18 00:00:02,76377.325,76438.786,76255.805,76357.467,0.0
2026-09-18 00:00:03,76377.338,76438.786,76255.805,76396.851,0.0
2026-09-18 00:00:04,76393.469,76555.962,76255.805,76554.246,0.0
2026-09-18 01:00:00,76554.246,76603.514,76554.246,76588.049,0.0
2026-09-18 01:00:01,76554.327,76649.744,76485.451,76486.303,0.0
2026-09-18 01:00:02,76558.55,76649.744,76481.987,76558.043,0.0
2026-09-18 01:00:03,76558.55,76692.649,76481.987,76690.574,0.0
2026-09-18 01:00:04,76558.55,76739.457,76481.987,76704.954,0.0
2026-09-18 02:00:00,76704.83,76707.955,76692.667,76692.753,0.0
2026-09-18 02:00:01,76705.773,76789.135,76603.702,76735.526,0.0
2026-09-18 02:00:02,76705.771,76909.967,76603.702,76908.947,0.0
2026-09-18 02:00:03,76705.79,77003.528,76603.702,76883.448,0.0
2026-09-18 02:00:04,76707.954,77006.361,76603.702,76947.898,0.0
2026-09-18 03:00:00,76947.902,76961.757,76947.902,76960.843,0.0
2026-09-18 03:00:01,76950.009,77352.213,76943.191,77295.923,0.0
2026-09-18 03:00:02,76949.605,77571.581,76943.191,77415.217,0.0
2026-09-18 03:00:03,76950.137,77571.581,76943.191,77345.604,0.0
2026-09-18 03:00:04,76950.137,77571.581,76943.191,77348.917,0.0
2026-09-18 04:00:00,77348.473,77356.462,77345.721,77345.721,0.0
2026-09-18 04:00:01,77348.553,77388.096,77205.708,77236.793,0.0
2026-09-18 04:00:02,77356.022,77388.096,77205.708,77254.999,0.0
2026-09-18 04:00:03,77356.462,77420.295,77187.911,77419.696,0.0
2026-09-18 04:00:04,77355.739,77540.14,77187.911,77540.14,0.0
2026-09-18 05:00:00,77541.243,77550.267,77519.994,77520.511,0.0
2026-09-18 05:00:01,77550.153,77639.795,77415.95,77540.204,0.0
2026-09-18 05:00:02,77550.267,77639.795,77404.11,77551.936,0.0
2026-09-18 05:00:03,77550.257,77682.045,77404.11,77551.437,0.0
2026-09-18 05:00:04,77519.994,77682.045,77404.11,77458.126,0.0
2026-09-18 06:00:00,77458.12,77478.477,77457.803,77477.286,0.0
2026-09-18 06:00:01,77458.122,77577.95,77452.142,77500.513,0.0
2026-09-18 06:00:02,77457.803,77637.504,77450.441,77476.42,0.0
2026-09-18 06:00:03,77457.813,77637.504,77450.441,77487.162,0.0
2026-09-18 06:00:04,77458.119,77637.504,77365.229,77564.646,0.0
2026-09-18 07:00:00,77560.649,77565.519,77527.904,77565.519,0.0
2026-09-18 07:00:01,77540.147,77742.05,77527.904,77585.868,0.0
2026-09-18 07:00:02,77540.439,77817.005,77527.904,77778.332,0.0
2026-09-18 07:00:03,77546.536,77817.005,77527.904,77782.868,0.0
2026-09-18 07:00:04,77534.605,77817.005,77527.904,77776.296,0.0
2026-09-18 08:00:00,77776.242,77801.826,77767.594,77800.665,0.0
2026-09-18 08:00:01,77776.302,77949.728,77626.996,77741.072,0.0
2026-09-18 08:00:02,77776.466,78034.434,77626.996,77917.334,0.0
2026-09-18 08:00:03,77776.465,78034.434,77626.996,77958.587,0.0
2026-09-18 08:00:04,77781.738,78241.381,77626.996,78241.381,0.0
2026-09-18 09:00:00,78228.593,78242.853,78187.561,78213.792,0.0
2026-09-18 09:00:01,78224.614,78442.493,78187.561,78315.382,0.0
2026-09-18 09:00:02,78220.294,78442.493,78094.642,78110.546,0.0
2026-09-18 09:00:03,78220.488,78442.493,77977.803,78023.884,0.0
2026-09-18 09:00:04,78237.342,78442.493,77977.803,78168.951,0.0
2026-09-18 10:00:00,78168.975,78177.149,78166.183,78177.149,0.0
2026-09-18 10:00:01,78168.66,78187.335,78072.758,78177.374,0.0
2026-09-18 10:00:02,78166.183,78245.679,78072.758,78232.205,0.0
2026-09-18 10:00:03,78166.744,78274.393,78072.758,78196.122,0.0
2026-09-18 10:00:04,78166.437,78329.845,78072.758,78247.013,0.0
2026-09-18 11:00:00,78247.014,78247.014,78231.116,78231.219,0.0
2026-09-18 11:00:01,78242.148,78399.936,78000.511,78110.178,0.0
2026-09-18 11:00:02,78242.105,78399.936,78000.511,78022.431,0.0
2026-09-18 11:00:03,78242.116,78399.936,77988.868,77993.723,0.0
2026-09-18 11:00:04,78242.032,78399.936,77988.868,78031.024,0.0
2026-09-18 12:00:00,78030.38,78047.135,78030.38,78038.822,0.0
2026-09-18 12:00:01,78037.55,78088.665,77953.671,78076.428,0.0
2026-09-18 12:00:02,78047.135,78088.665,77947.364,77989.708,0.0
2026-09-18 12:00:03,78047.049,78157.003,77947.364,78075.655,0.0
2026-09-18 12:00:04,78037.651,78157.003,77947.364,78004.942,0.0
2026-09-18 13:00:00,78004.809,78005.939,78001.449,78005.869,0.0
2026-09-18 13:00:01,78004.709,78051.594,77928.288,77999.35,0.0
2026-09-18 13:00:02,78004.367,78150.046,77928.288,78149.947,0.0
2026-09-18 13:00:03,78001.449,79297.178,77928.288,79201.18,0.0
2026-09-18 13:00:04,78003.507,80453.636,77928.288,80045.985,0.0
2026-09-18 14:00:00,80045.701,80291.454,80045.701,80283.981,0.0
2026-09-18 14:00:01,80069.217,80587.901,80069.217,80384.954,0.0
2026-09-18 14:00:02,80093.227,80949.96,80087.25,80637.548,0.0
2026-09-18 14:00:03,80122.027,80949.96,80087.25,80680.576,0.0
2026-09-18 14:00:04,80115.864,80949.96,80087.25,80899.301,0.0
2026-09-18 15:00:00,80906.627,80945.228,80883.567,80941.023,0.0
2026-09-18 15:00:01,80929.523,81004.785,80530.751,80789.896,0.0
2026-09-18 15:00:02,80906.342,81097.198,80530.751,80885.362,0.0
2026-09-18 15:00:03,80895.659,81097.198,80530.751,80574.398,0.0
2026-09-18 15:00:04,80900.162,81097.198,80470.453,80687.734,0.0
2026-09-18 16:00:00,80687.165,80723.676,80687.165,80720.987,0.0
2026-09-18 16:00:01,80708.171,80937.543,80637.341,80866.633,0.0
2026-09-18 16:00:02,80712.944,81037.871,80637.341,80994.337,0.0
2026-09-18 16:00:03,80721.536,81225.462,80637.341,80898.557,0.0
2026-09-18 16:00:04,80720.317,81225.462,80637.341,80810.051,0.0
2026-09-18 17:00:00,80810.076,80832.723,80804.151,80828.111,0.0
2026-09-18 17:00:01,80825.78,80873.011,80723.857,80870.819,0.0
2026-09-18 17:00:02,80830.22,80905.899,80610.95,80688.977,0.0
2026-09-18 17:00:03,80813.931,80905.899,80540.463,80740.332,0.0
2026-09-18 17:00:04,80817.047,80982.61,80540.463,80982.61,0.0
2026-09-18 18:00:00,80977.95,80977.95,80875.332,80884.845,0.0
2026-09-18 18:00:01,80968.203,80968.203,80759.83,80839.844,0.0
2026-09-18 18:00:02,80961.2,80968.298,80759.83,80935.943,0.0
2026-09-18 18:00:03,80961.242,81116.222,80759.83,80936.154,0.0
2026-09-18 18:00:04,80964.288,81116.222,80759.83,80901.967,0.0
2026-09-18 19:00:00,80906.0,80919.995,80900.767,80906.126,0.0
2026-09-18 19:00:01,80912.316,81180.11,80868.464,81172.764,0.0
2026-09-18 19:00:02,80912.331,81371.543,80868.464,81182.851,0.0
2026-09-18 19:00:03,80918.944,81371.543,80868.464,81155.686,0.0
2026-09-18 19:00:04,80914.701,81371.543,80868.464,81162.761,0.0
2026-09-18 20:00:00,81171.016,81177.361,81104.422,81105.973,0.0
2026-09-18 20:00:01,81170.991,81200.169,80919.736,81061.001,0.0
2026-09-18 20:00:02,81174.996,81200.169,80908.844,80983.337,0.0
2026-09-18 20:00:03,81176.174,81200.169,80908.844,81148.142,0.0
2026-09-18 20:00:04,81176.39,81200.169,80908.844,81086.824,0.0
2026-09-18 21:00:00,81086.283,81124.617,81086.283,81124.617,0.0
2026-09-18 21:00:01,81086.82,81255.732,81063.777,81184.954,0.0
2026-09-18 21:00:02,81098.076,81255.732,81063.777,81176.097,0.0
2026-09-18 21:00:03,81098.023,81274.861,81063.777,81186.185,0.0
2026-09-18 21:00:04,81100.95,81274.861,81063.777,81203.359,0.0
2026-09-18 22:00:00,81203.359,81250.173,81202.88,81241.648,0.0
2026-09-18 22:00:01,81203.355,81337.978,81173.162,81241.599,0.0
2026-09-18 22:00:02,81203.366,81337.978,81173.162,81221.955,0.0
2026-09-18 22:00:03,81203.105,81337.978,81037.05,81084.554,0.0
2026-09-18 22:00:04,81203.058,81337.978,81037.05,81101.4,0.0
2026-09-18 23:00:00,81106.307,81171.592,80823.907,80863.315,0.0
2026-09-19 00:00:00,80863.214,81641.168,80802.585,81640.146,0.0
2026-09-19 01:00:00,81640.569,81701.423,81015.363,81252.919,0.0
2026-09-19 02:00:00,81253.379,81413.597,81223.029,81254.802,0.0
2026-09-19 03:00:00,81265.116,81373.504,81079.027,81099.865,0.0
2026-09-19 04:00:00,81099.872,81196.961,80881.95,80996.028,0.0
2026-09-19 05:00:00,80996.026,81119.096,80977.503,81015.609,0.0
2026-09-19 06:00:00,81015.866,81078.937,80901.765,81020.031,0.0
2026-09-19 07:00:00,81027.908,81228.851,81000.073,81065.892,0.0
2026-09-19 08:00:00,81070.698,81376.013,81040.503,81287.975,0.0
2026-09-19 09:00:00,81288.689,81500.799,81226.598,81303.655,0.0
2026-09-19 10:00:00,81301.683,81309.518,81175.198,81187.999,0.0
2026-09-19 11:00:00,81193.397,81348.49,81181.892,81274.746,0.0
2026-09-19 12:00:00,81274.746,81336.099,81183.87,81306.242,0.0
2026-09-19 13:00:00,81306.24,81327.502,81142.707,81318.738,0.0
2026-09-19 14:00:00,81318.753,81602.763,81302.006,81546.503,0.0
2026-09-19 15:00:00,81546.459,81922.926,81530.173,81609.545,0.0
2026-09-19 16:00:00,81610.666,81865.338,81445.239,81794.842,0.0
2026-09-19 17:00:00,81794.842,81811.698,81400.739,81426.191,0.0
2026-09-19 18:00:00,81424.12,81506.257,81290.027,81398.444,0.0
2026-09-19 19:00:00,81398.444,81429.503,81277.696,81331.862,0.0
2026-09-19 20:00:00,81329.759,81403.01,81046.418,81131.239,0.0
2026-09-19 21:00:00,81131.134,81201.045,80876.61,81070.212,0.0
2026-09-19 22:00:00,81070.211,81244.697,80935.166,81231.526,0.0
2026-09-19 23:00:00,81231.527,81341.603,81182.459,81226.689,0.0
2026-09-20 00:00:00,81226.565,81295.55,81175.1,81264.994,0.0
2026-09-20 01:00:00,81251.969,81266.721,81000.05,81066.714,0.0
2026-09-20 02:00:00,81066.608,81136.031,80233.188,80311.015,0.0
2026-09-20 03:00:00,80310.644,80507.331,80103.201,80466.964,0.0
2026-09-20 04:00:00,80466.964,80514.399,80287.62,80407.443,0.0
2026-09-20 05:00:00,80407.446,80600.665,80384.184,80459.749,0.0
2026-09-20 06:00:00,80459.746,80580.698,80194.895,80278.973,0.0
2026-09-20 07:00:00,80279.966,80400.05,80253.255,80286.493,0.0
2026-09-20 08:00:00,80286.492,80432.202,80145.027,80235.155,0.0
2026-09-20 09:00:00,80235.154,80554.815,80222.085,80437.33,0.0
2026-09-20 10:00:00,80437.33,80489.705,80285.11,80285.717,0.0
2026-09-20 11:00:00,80285.69,80498.946,80247.483,80447.696,0.0
2026-09-20 12:00:00,80447.717,80499.95,80287.737,80457.635,0.0
2026-09-20 13:00:00,80457.712,80611.245,80388.979,80533.121,0.0
2026-09-20 14:00:00,80533.426,80752.189,80377.121,80646.146,0.0
2026-09-20 15:00:00,80647.226,80936.715,80624.082,80871.383,0.0
2026-09-20 16:00:00,80871.39,81449.77,80767.372,81297.486,0.0
2026-09-20 17:00:00,81297.153,81418.263,81025.401,81115.539,0.0
2026-09-20 18:00:00,81115.351,81279.691,80988.372,80998.667,0.0
2026-09-20 19:00:00,80998.67,81264.158,80998.67,81144.604,0.0
2026-09-20 20:00:00,81144.604,81194.758,81033.411,81050.189,0.0
2026-09-20 21:00:00,81050.189,81050.189,80558.02,80898.382,0.0
2026-09-20 22:00:00,80898.632,81256.34,80735.854,81181.193,0.0
2026-09-20 23:00:00,81181.212,81304.382,81089.921,81144.252,0.0
2026-09-21 00:00:00,81144.302,81201.731,81134.114,81201.044,0.0
2026-09-21 00:00:01,81145.818,81683.892,81134.114,81628.853,0.0
2026-09-21 00:00:02,81136.617,81799.95,81134.114,81645.105,0.0
2026-09-21 00:00:03,81134.114,81815.405,81134.114,81732.009,0.0
2026-09-21 00:00:04,81135.961,81815.405,81135.19,81588.013,0.0
2026-09-21 01:00:00,81574.11,81587.997,81550.05,81561.506,0.0
2026-09-21 01:00:01,81564.497,81779.927,81476.023,81758.717,0.0
2026-09-21 01:00:02,81563.252,82082.809,81470.987,81536.29,0.0
2026-09-21 01:00:03,81561.054,82082.809,81257.023,81421.073,0.0
2026-09-21 01:00:04,81550.05,82082.809,80824.548,80968.43,0.0
2026-09-21 02:00:00,80964.037,81017.717,80961.803,80990.033,0.0
2026-09-21 02:00:01,80961.803,81341.85,80914.672,81327.518,0.0
2026-09-21 02:00:02,80964.335,81488.651,80914.672,81365.25,0.0
2026-09-21 02:00:03,80984.044,81488.651,80914.672,81246.887,0.0
2026-09-21 02:00:04,80968.793,81488.651,80914.672,81281.042,0.0
2026-09-21 03:00:00,81281.056,81332.582,81281.056,81332.582,0.0
2026-09-21 03:00:01,81281.397,81428.205,81210.529,81300.082,0.0
2026-09-21 03:00:02,81287.106,81481.484,81210.529,81439.254,0.0
2026-09-21 03:00:03,81301.451,81549.14,81210.529,81462.917,0.0
2026-09-21 03:00:04,81300.551,81549.14,81210.529,81402.497,0.0
2026-09-21 04:00:00,81402.497,81404.222,81369.041,81370.568,0.0
2026-09-21 04:00:01,81404.184,81439.64,81249.124,81292.871,0.0
2026-09-21 04:00:02,81404.222,81439.64,81214.812,81219.579,0.0
2026-09-21 04:00:03,81404.109,81439.64,81199.447,81385.473,0.0
2026-09-21 04:00:04,81403.693,81481.979,81199.447,81364.511,0.0
2026-09-21 05:00:00,81365.864,81365.864,81344.272,81345.634,0.0
2026-09-21 05:00:01,81360.532,81395.687,81270.638,81320.125,0.0
2026-09-21 05:00:02,81360.46,81625.755,81270.638,81585.63,0.0
2026-09-21 06:00:00,81550.01,81878.98,81400.0,81639.9,0.0
2026-09-21 07:00:00,81639.91,81725.74,81458.42,81720.01,0.0
2026-09-21 08:00:00,81720.01,84174.1,81720.0,83760.0,0.0
2026-09-21 09:00:00,83760.0,85299.87,83700.0,84653.71,0.0
2026-09-21 10:00:00,84653.7,84816.42,84130.21,84441.77,0.0
2026-09-21 11:00:00,84441.77,84917.36,84392.41,84887.19,0.0
2026-09-21 12:00:00,84887.19,85473.68,84820.0,85323.0,0.0
2026-09-21 13:00:00,85323.0,85845.27,84778.0,85466.34,0.0
2026-09-21 14:00:00,85466.35,86125.0,85050.0,85844.14,0.0
2026-09-21 15:00:00,85844.13,86344.7,85799.99,85927.71,0.0
2026-09-21 16:00:00,85927.71,86103.73,85607.42,85961.91,0.0
2026-09-21 17:00:00,85961.91,86108.0,85667.5,85897.21,0.0
2026-09-21 18:00:00,85897.2,86071.19,85800.0,86051.75,0.0
2026-09-21 19:00:00,86051.75,86895.7,85980.76,86490.11,0.0
2026-09-21 20:00:00,86490.11,87395.67,86490.11,87001.68,0.0
2026-09-21 21:00:00,87001.68,87001.68,86537.53,86588.29,0.0
2026-09-21 22:00:00,86588.29,86758.01,86295.78,86453.74,0.0
2026-09-21 23:00:00,86453.73,86697.52,86364.05,86620.0,0.0
2026-09-22 00:00:00,86620.01,86625.82,85867.68,85890.71,0.0
2026-09-22 01:00:00,85890.72,85973.79,85395.27,85616.23,0.0
2026-09-22 02:00:00,85616.23,85879.25,85300.0,85714.9,0.0
2026-09-22 03:00:00,85714.91,85750.01,85300.01,85692.83,0.0
2026-09-22 04:00:00,85692.83,85730.23,85425.2,85452.0,0.0
2026-09-22 05:00:00,85452.01,85600.0,85114.0,85397.37,0.0
2026-09-22 06:00:00,85397.38,85581.52,85250.0,85384.01,0.0
2026-09-22 07:00:00,85384.02,85500.0,85157.31,85344.0,0.0
2026-09-22 08:00:00,85344.01,86377.77,85327.42,86223.77,0.0
2026-09-22 09:00:00,86223.77,86271.22,85681.83,86253.99,0.0
2026-09-22 10:00:00,86253.99,86262.01,85723.04,85904.0,0.0
2026-09-22 11:00:00,85904.0,86142.01,85774.27,85986.62,0.0
2026-09-22 12:00:00,85986.62,86182.2,85782.52,86024.01,0.0
2026-09-22 13:00:00,86024.01,86370.0,85569.46,86346.01,0.0
2026-09-22 14:00:00,86346.01,86470.58,85461.53,86258.01,0.0
2026-09-22 15:00:00,86258.0,86717.6,86124.3,86413.12,0.0
2026-09-22 16:00:00,86413.11,86588.3,86033.18,86421.13,0.0
2026-09-22 17:00:00,86421.13,86660.0,86247.8,86570.24,0.0
2026-09-22 18:00:00,86570.24,86649.06,86241.4,86461.44,0.0
2026-09-22 19:00:00,86461.45,86584.55,86139.37,86192.44,0.0
2026-09-22 20:00:00,86192.45,86378.32,86132.0,86264.01,0.0
2026-09-22 21:00:00,86264.01,86344.01,86178.0,86184.01,0.0
2026-09-22 22:00:00,86184.0,86284.01,86000.0,86124.01,0.0
2026-09-22 23:00:00,86124.01,86504.17,86095.31,86208.56,0.0
2026-09-23 00:00:00,86208.57,86588.3,86133.4,86457.3,0.0
2026-09-23 01:00:00,86457.31,86845.39,86169.74,86370.0,0.0
2026-09-23 02:00:00,86370.01,86638.15,86260.01,86552.26,0.0
2026-09-23 03:00:00,86552.27,86975.51,86436.35,86704.27,0.0
2026-09-23 04:00:00,86704.27,87278.54,86636.0,87166.95,0.0
2026-09-23 05:00:00,87166.94,87166.95,86424.0,86496.01,0.0
2026-09-23 06:00:00,86496.0,86609.93,86375.0,86469.66,0.0
2026-09-23 07:00:00,86469.67,86469.67,86000.0,86124.77,0.0
2026-09-23 08:00:00,86124.77,86264.01,85688.0,85899.99,0.0
2026-09-23 09:00:00,85899.99,86024.01,85734.01,85854.33,0.0
2026-09-23 10:00:00,85854.34,85934.02,85658.75,85923.07,0.0
2026-09-23 11:00:00,85923.07,85966.04,85450.88,85649.95,0.0
2026-09-23 12:00:00,85649.96,85675.04,85267.32,85510.91,0.0
2026-09-23 13:00:00,85510.9,85878.01,85288.0,85792.01,0.0
2026-09-23 14:00:00,85792.01,85940.32,83864.07,84533.99,0.0
2026-09-23 15:00:00,84534.0,84794.01,83950.0,83996.01,0.0
2026-09-23 16:00:00,83996.0,84363.19,83500.01,84038.0,0.0
2026-09-23 17:00:00,84038.01,84392.56,83699.27,84326.56,0.0
2026-09-23 18:00:00,84326.55,84411.0,84136.0,84330.0,0.0
2026-09-23 19:00:00,84330.0,84565.21,84228.0,84518.0,0.0
2026-09-23 20:00:00,84518.0,84569.94,84224.01,84232.86,0.0
2026-09-23 21:00:00,84232.86,84516.01,84212.68,84419.48,0.0
2026-09-23 22:00:00,84419.49,84670.01,84344.51,84563.01,0.0
2026-09-23 23:00:00,84563.01,84566.0,84352.0,84397.6,0.0
2026-09-24 00:00:00,84397.6,84494.5,84213.99,84318.0,0.0
2026-09-24 01:00:00,84318.0,84470.47,84064.0,84104.35,0.0
2026-09-24 02:00:00,84104.35,84372.01,83744.7,84365.54,0.0
2026-09-24 03:00:00,84365.55,84480.01,83850.0,83934.01,0.0
2026-09-24 04:00:00,83934.01,84054.05,83781.89,84046.0,0.0
2026-09-24 05:00:00,84046.0,84400.0,83959.55,83978.02,0.0
2026-09-24 06:00:00,83978.02,84225.07,83918.84,84113.99,0.0
2026-09-24 07:00:00,84114.0,84612.01,83950.0,84524.02,0.0
2026-09-24 08:00:00,84524.02,84622.01,83301.0,83660.0,0.0
2026-09-24 09:00:00,83660.01,83743.43,82874.93,83263.95,0.0
2026-09-24 10:00:00,83263.96,83566.66,83156.0,83512.2,0.0
2026-09-24 11:00:00,83512.2,83616.01,83399.47,83494.58,0.0
2026-09-24 12:00:00,83494.59,83670.01,83346.66,83604.26,0.0
2026-09-24 13:00:00,83604.26,84340.01,83600.0,84258.43,0.0
2026-09-24 14:00:00,84258.42,84942.45,83388.88,83673.77,0.0
2026-09-24 15:00:00,83673.77,84468.01,83508.0,84418.0,0.0
2026-09-24 16:00:00,84418.01,84924.01,84044.02,84500.33,0.0
2026-09-24 17:00:00,84500.32,84562.01,84017.68,84110.0,0.0
2026-09-24 18:00:00,84110.0,84554.0,83888.0,84476.01,0.0
2026-09-24 19:00:00,84476.01,84660.0,84298.0,84412.65,0.0
2026-09-24 20:00:00,84412.64,84500.0,84170.0,84371.63,0.0
2026-09-24 21:00:00,84371.62,84501.16,84290.0,84350.0,0.0
2026-09-24 22:00:00,84350.0,84368.01,83948.43,84277.32,0.0
2026-09-24 23:00:00,84277.32,84473.58,84269.99,84410.24,0.0
2026-09-25 00:00:00,84410.24,84718.02,84410.24,84590.01,0.0
2026-09-25 01:00:00,84590.01,84796.51,84366.0,84610.73,0.0
2026-09-25 02:00:00,84610.74,84888.0,84180.0,84226.16,0.0
2026-09-25 03:00:00,84226.17,84385.1,84063.18,84231.19,0.0
2026-09-25 04:00:00,84231.19,84298.01,84061.22,84208.01,0.0
2026-09-25 05:00:00,84208.0,84347.86,84096.94,84194.01,0.0
2026-09-25 06:00:00,84194.0,84284.01,83938.0,84036.0,0.0
2026-09-25 07:00:00,84036.01,84096.01,83750.5,84043.96,0.0
2026-09-25 08:00:00,84043.96,84512.0,84028.98,84417.06,0.0
2026-09-25 09:00:00,84417.05,84870.0,84417.05,84570.01,0.0
2026-09-25 10:00:00,84570.02,84870.0,84394.0,84713.66,0.0
2026-09-25 11:00:00,84713.67,85255.0,84567.02,84582.64,0.0
2026-09-25 12:00:00,84582.64,84704.0,83900.0,84471.8,0.0
2026-09-25 13:00:00,84471.79,84600.01,83530.06,83923.71,0.0
2026-09-25 14:00:00,83923.71,84030.01,83183.0,84016.01,0.0
2026-09-25 15:00:00,84016.01,84092.01,83363.63,83796.01,0.0
2026-09-25 16:00:00,83796.01,84115.87,83720.0,83742.22,0.0
2026-09-25 17:00:00,83742.23,83995.84,83628.0,83785.11,0.0
2026-09-25 18:00:00,83785.11,84081.41,83785.11,83968.0,0.0
2026-09-25 19:00:00,83968.01,84078.23,83934.0,84020.01,0.0
2026-09-25 20:00:00,84020.01,84193.39,83817.89,83886.0,0.0
2026-09-25 21:00:00,83886.01,83921.36,83632.03,83792.0,0.0
2026-09-25 22:00:00,83792.0,84123.35,83765.26,84083.05,0.0
2026-09-25 23:00:00,84083.05,84106.0,84020.0,84099.99,0.0
2026-09-26 00:00:00,84100.0,84145.26,83798.0,83910.01,0.0
2026-09-26 01:00:00,83910.01,84086.01,83906.72,84076.66,0.0
2026-09-26 02:00:00,84076.67,84138.6,83996.0,84010.0,0.0
2026-09-26 03:00:00,84010.0,84049.83,83909.98,83939.0,0.0
2026-09-26 04:00:00,83939.01,84045.65,83848.91,83976.0,0.0
2026-09-26 05:00:00,83976.01,84012.93,83891.27,83919.69,0.0
2026-09-26 06:00:00,83919.69,83968.01,83876.58,83891.22,0.0
2026-09-26 07:00:00,83891.23,84134.01,83891.23,84116.8,0.0
2026-09-26 08:00:00,84116.79,84336.96,84032.06,84220.01,0.0
2026-09-26 09:00:00,84220.01,84220.01,83966.03,84021.95,0.0
2026-09-26 10:00:00,84021.96,84184.95,84021.95,84179.92,0.0
2026-09-26 11:00:00,84179.92,84199.97,84130.79,84176.0,0.0
2026-09-26 12:00:00,84176.0,84204.88,84050.0,84051.9,0.0
2026-09-26 13:00:00,84051.89,84125.45,83856.23,83939.1,0.0
2026-09-26 14:00:00,83939.11,84049.19,83919.1,84020.0,0.0
2026-09-26 15:00:00,84020.01,84190.0,84010.49,84155.99,0.0
2026-09-26 16:00:00,84156.0,84174.33,84098.18,84120.0,0.0
2026-09-26 17:00:00,84120.0,84132.41,84041.92,84132.4,0.0
2026-09-26 18:00:00,84132.4,84162.52,83990.0,83998.68,0.0
2026-09-26 19:00:00,83998.68,84048.14,83976.74,84016.63,0.0
2026-09-26 20:00:00,84016.63,84097.88,83838.0,84030.34,0.0
2026-09-26 21:00:00,84030.35,84262.85,84030.34,84158.75,0.0
2026-09-26 22:00:00,84158.74,84420.59,84158.74,84276.01,0.0
2026-09-26 23:00:00,84276.01,84473.58,84276.0,84433.1,0.0
2026-09-27 00:00:00,84433.11,84443.26,84257.07,84306.01,0.0
2026-09-27 01:00:00,84306.01,84571.13,84281.84,84495.01,0.0
2026-09-27 02:00:00,84495.01,84540.01,84448.0,84450.0,0.0
2026-09-27 03:00:00,84450.01,84518.6,84372.0,84402.15,0.0
2026-09-27 04:00:00,84402.15,84510.0,84305.35,84329.6,0.0
2026-09-27 05:00:00,84329.61,84654.02,84325.0,84478.06,0.0
2026-09-27 06:00:00,84478.06,84636.91,84478.06,84511.69,0.0
2026-09-27 07:00:00,84511.69,84791.0,84500.0,84791.0,0.0
2026-09-27 08:00:00,84790.99,84883.98,84692.68,84800.0,0.0
2026-09-27 09:00:00,84800.0,84958.99,84590.0,84944.01,0.0
2026-09-27 10:00:00,84944.01,85117.64,84800.0,84883.0,0.0
2026-09-27 11:00:00,84882.99,84946.01,84836.06,84898.0,0.0
2026-09-27 12:00:00,84898.0,85044.51,84802.01,84802.01,0.0
2026-09-27 13:00:00,84802.01,85159.03,84637.73,85030.41,0.0
2026-09-27 14:00:00,85030.41,85048.14,84450.0,84538.02,0.0
2026-09-27 15:00:00,84538.01,84644.01,84364.0,84463.37,0.0
2026-09-27 16:00:00,84463.38,84687.32,84380.0,84426.0,0.0
2026-09-27 17:00:00,84426.0,84574.01,84342.0,84574.0,0.0
2026-09-27 18:00:00,84574.0,84820.74,84565.9,84818.87,0.0
2026-09-27 19:00:00,84818.87,84843.0,84666.0,84736.01,0.0
2026-09-27 20:00:00,84736.02,84813.0,84548.0,84552.0,0.0
2026-09-27 21:00:00,84552.01,84719.82,84458.0,84688.07,0.0
2026-09-27 22:00:00,84688.07,84756.01,84135.78,84195.27,0.0
2026-09-27 23:00:00,84195.27,84532.01,84132.0,84472.0,0.0
2026-09-28 00:00:00,84472.01,84567.0,84378.0,84392.0,0.0
2026-09-28 01:00:00,84140.0,84238.87,83930.0,83959.63,0.0
2026-09-28 02:00:00,83694.42,83782.07,83480.0,83745.42,0.0
2026-09-28 03:00:00,83418.91,83536.48,83383.41,83438.01,0.0
2026-09-28 04:00:00,83338.6,83450.0,83232.0,83418.04,0.0
2026-09-28 05:00:00,83490.2,83534.01,83251.25,83335.38,0.0
2026-09-28 06:00:00,83184.0,83295.84,83140.92,83262.72,0.0
2026-09-28 07:00:00,83164.78,83291.66,83100.0,83100.01,0.0
2026-09-28 08:00:00,82966.0,83160.33,82924.01,83010.0,0.0
2026-09-28 09:00:00,82962.01,83003.67,82613.13,82879.11,0.0
2026-09-28 10:00:00,82666.01,82868.41,82666.01,82762.04,0.0
2026-09-28 11:00:00,82960.01,83055.65,82960.0,82989.31,0.0
2026-09-28 12:00:00,83082.53,83500.0,83011.48,83383.9,0.0
2026-09-28 13:00:00,83579.75,83579.76,83310.71,83406.2,0.0
2026-09-28 14:00:00,83641.99,83642.0,83326.0,83401.65,0.0
2026-09-28 15:00:00,83020.01,83266.19,82929.0,82984.68,0.0
2026-09-28 16:00:00,83370.0,83480.01,83256.0,83424.06,0.0
2026-09-28 17:00:00,83723.1,84166.66,83563.11,84152.0,0.0
2026-09-28 18:00:00,83880.34,83974.01,83846.94,83972.15,0.0
2026-09-28 19:00:00,84041.19,84045.23,83658.05,83748.28,0.0
2026-09-28 20:00:00,83389.53,83613.8,83270.0,83582.01,0.0
2026-09-28 21:00:00,83548.01,83664.01,83548.0,83586.0,0.0
2026-09-28 22:00:00,83218.01,83236.01,83100.0,83214.36,0.0
2026-09-28 23:00:00,83544.01,83636.7,83455.83,83455.83,0.0
2026-09-29 00:00:00,83500.01,83544.01,83462.0,83525.65,0.0
2026-09-29 01:00:00,83185.69,83241.99,83014.56,83080.0,0.0
2026-09-29 02:00:00,83068.01,83100.0,82914.16,83020.1,0.0
2026-09-29 03:00:00,82967.41,83048.89,82901.06,82916.01,0.0
2026-09-29 04:00:00,83070.0,83158.01,83024.43,83158.0,0.0
2026-09-29 05:00:00,83212.98,83262.52,83178.0,83260.0,0.0
2026-09-29 06:00:00,83431.01,83892.89,83420.01,83892.89,0.0
2026-09-29 07:00:00,84007.07,84046.72,83873.74,83986.4,0.0
2026-09-29 08:00:00,83980.97,84086.22,83978.73,84070.0,0.0
2026-09-29 09:00:00,83874.01,83878.01,83762.0,83786.15,0.0
2026-09-29 10:00:00,84258.01,84332.76,84165.58,84208.52,0.0
2026-09-29 11:00:00,84030.5,84090.01,83936.92,84028.43,0.0
2026-09-29 12:00:00,84358.0,84429.79,84299.45,84353.88,0.0
2026-09-29 13:00:00,84332.85,84450.0,84249.65,84410.01,0.0
2026-09-29 14:00:00,84200.01,84288.01,83875.01,83925.3,0.0
2026-09-29 15:00:00,83752.0,83756.25,83367.62,83389.11,0.0
2026-09-29 16:00:00,83068.0,83145.81,82962.6,83030.0,0.0
2026-09-29 17:00:00,83061.28,83188.6,83014.98,83132.74,0.0
2026-09-29 18:00:00,83078.01,83432.01,83078.01,83418.0,0.0
2026-09-29 19:00:00,83640.0,83700.0,83599.89,83599.89,0.0
2026-09-29 20:00:00,83594.01,83603.36,83508.0,83557.69,0.0
2026-09-29 21:00:00,83616.38,83616.39,83526.0,83558.83,0.0
2026-09-29 22:00:00,83503.99,83722.01,83503.99,83658.41,0.0
2026-09-29 23:00:00,83612.0,83844.99,83612.0,83842.4,0.0
2026-09-30 00:00:00,83663.66,83731.46,83516.14,83552.01,0.0
2026-09-30 01:00:00,83453.36,83482.1,83390.19,83427.4,0.0
2026-09-30 02:00:00,83448.01,83620.87,83438.0,83486.01,0.0
2026-09-30 03:00:00,83384.68,83423.8,83331.99,83332.0,0.0
2026-09-30 04:00:00,83300.65,83418.01,83300.64,83377.91,0.0
2026-09-30 05:00:00,83210.01,83346.01,83210.0,83251.33,0.0
2026-09-30 06:00:00,83384.01,83438.01,83182.82,83182.82,0.0
2026-09-30 07:00:00,83043.14,83112.67,82956.11,83015.51,0.0
2026-09-30 08:00:00,83304.92,83339.91,83156.53,83156.54,0.0
2026-09-30 09:00:00,83062.41,83291.95,83058.0,83291.94,0.0
2026-09-30 10:00:00,83632.01,83796.73,83632.01,83759.98,0.0
2026-09-30 11:00:00,83918.0,83918.0,83696.0,83832.01,0.0
2026-09-30 12:00:00,83915.17,83942.01,83768.89,83883.94,0.0
2026-09-30 13:00:00,85290.32,85649.95,85104.65,85394.57,0.0
2026-09-30 14:00:00,84637.74,84644.83,84138.59,84354.01,0.0
2026-09-30 15:00:00,83800.01,84000.0,83724.0,83952.01,0.0
2026-09-30 16:00:00,84134.43,84385.32,84134.43,84337.07,0.0
2026-09-30 17:00:00,84349.44,84435.26,84281.99,84306.0,0.0
2026-09-30 18:00:00,84031.47,84078.55,83930.15,84045.02,0.0
2026-09-30 19:00:00,83950.01,83958.01,83728.65,83767.14,0.0
2026-09-30 20:00:00,83603.16,83670.0,83530.11,83655.74,0.0
2026-09-30 21:00:00,83673.99,83808.82,83673.99,83756.0,0.0
2026-09-30 22:00:00,83757.73,83781.79,83580.29,83728.69,0.0
2026-09-30 23:00:00,83685.86,83774.86,83636.0,83709.0,0.0
2026-10-01 00:00:00,83623.59,83660.01,83458.15,83509.05,0.0
2026-10-01 01:00:00,83509.03,83614.01,83500.0,83590.0,0.0
2026-10-01 02:00:00,83518.07,83668.01,83508.67,83628.0,0.0
2026-10-01 03:00:00,83490.78,83529.1,83424.58,83482.0,0.0
2026-10-01 04:00:00,83754.01,83938.2,83754.01,83934.91,0.0
2026-10-01 05:00:00,84110.01,84278.07,84032.0,84246.01,0.0
2026-10-01 06:00:00,84291.49,84419.69,84240.35,84375.81,0.0
2026-10-01 07:00:00,84121.45,84214.18,84055.6,84055.62,0.0
2026-10-01 08:00:00,83429.93,83529.1,83340.0,83372.43,0.0
2026-10-01 09:00:00,83566.98,83762.01,83558.46,83690.38,0.0
2026-10-01 10:00:00,83782.01,83817.54,83418.23,83678.01,0.0
2026-10-01 11:00:00,83966.27,83966.28,83818.01,83895.65,0.0
2026-10-01 12:00:00,83905.76,84012.74,83905.75,83992.69,0.0
2026-10-01 13:00:00,83736.02,83744.01,83518.0,83518.0,0.0
2026-10-01 14:00:00,83938.6,84041.13,83552.66,83800.0,0.0
2026-10-01 15:00:00,84050.65,84744.0,83850.0,84006.54,0.0
2026-10-01 16:00:00,84162.66,84302.1,84139.24,84232.01,0.0
2026-10-01 17:00:00,84202.0,84486.01,84198.0,84444.05,0.0
2026-10-01 18:00:00,84908.0,84989.29,84692.35,84948.0,0.0
2026-10-01 19:00:00,84802.02,84892.01,84733.52,84812.0,0.0
2026-10-01 20:00:00,84675.36,84860.05,84675.35,84786.01,0.0
2026-10-01 21:00:00,84634.01,84658.01,84620.85,84642.92,0.0
2026-10-01 22:00:00,84544.99,84788.01,84537.12,84754.01,0.0
2026-10-01 23:00:00,84749.74,84749.74,84674.0,84674.01,0.0
2026-10-02 00:00:00,84880.05,84917.24,84772.21,84903.0,0.0
2026-10-02 01:00:00,84784.89,84792.7,84670.01,84670.02,0.0
2026-10-02 02:00:00,84910.01,85109.0,84866.51,85086.02,0.0
2026-10-02 03:00:00,85187.99,85511.0,85187.99,85306.0,0.0
2026-10-02 04:00:00,85512.89,85616.0,85453.36,85463.58,0.0
2026-10-02 05:00:00,86652.12,86670.36,86500.0,86576.0,0.0
2026-10-02 06:00:00,86002.01,86098.62,85875.32,85980.01,0.0
2026-10-02 07:00:00,85992.96,86077.79,85900.0,85996.14,0.0
2026-10-02 08:00:00,86089.64,86342.81,86062.28,86321.49,0.0
2026-10-02 09:00:00,86236.01,86255.0,86138.0,86230.54,0.0
2026-10-02 10:00:00,86364.01,86438.46,86346.0,86346.01,0.0
2026-10-02 11:00:00,86297.6,86500.0,86274.0,86456.01,0.0
2026-10-02 12:00:00,86424.85,86483.2,86308.0,86406.03,0.0
2026-10-02 13:00:00,86810.01,86949.61,86672.0,86687.36,0.0
2026-10-02 14:00:00,86565.06,86838.01,86291.75,86430.72,0.0
2026-10-02 15:00:00,85686.93,85758.81,85366.0,85639.2,0.0
2026-10-02 16:00:00,85326.0,85508.0,85142.85,85198.0,0.0
2026-10-02 17:00:00,85160.0,85258.01,85030.99,85034.7,0.0
2026-10-02 18:00:00,84774.75,84872.01,84768.0,84868.01,0.0
2026-10-02 19:00:00,84262.01,84315.44,84082.41,84129.76,0.0
2026-10-02 20:00:00,84315.27,84474.82,84315.27,84374.01,0.0
2026-10-02 21:00:00,84459.04,84544.46,84442.0,84496.0,0.0
2026-10-02 22:00:00,84531.68,84550.0,84460.0,84545.91,0.0
2026-10-02 23:00:00,84559.99,84590.01,84488.0,84518.01,0.0
2026-10-03 00:00:00,84518.0,84686.28,84456.02,84660.11,0.0
2026-10-03 01:00:00,84660.11,84720.58,84608.19,84640.0,0.0
2026-10-03 02:00:00,84640.01,84701.38,84600.0,84600.0,0.0
2026-10-03 03:00:00,84600.01,84699.56,84522.63,84699.56,0.0
2026-10-03 04:00:00,84699.56,84725.04,84525.0,84577.23,0.0
2026-10-03 05:00:00,84577.23,84654.01,84553.14,84652.09,0.0
2026-10-03 06:00:00,84652.09,84674.01,84550.0,84586.0,0.0
2026-10-03 07:00:00,84586.01,84648.01,84560.0,84560.0,0.0
2026-10-03 08:00:00,84560.0,84644.47,84557.36,84616.01,0.0
2026-10-03 09:00:00,84616.02,84665.88,84579.99,84600.01,0.0
2026-10-03 10:00:00,84600.0,84649.25,84570.67,84636.13,0.0
2026-10-03 11:00:00,84636.13,84696.01,84616.03,84672.01,0.0
2026-10-03 12:00:00,84672.01,84926.47,84672.0,84888.02,0.0
2026-10-03 13:00:00,84888.02,84962.2,84770.35,84870.04,0.0
2026-10-03 14:00:00,84870.03,84870.04,84745.44,84856.01,0.0
2026-10-03 15:00:00,84856.01,84879.05,84761.24,84867.28,0.0
2026-10-03 16:00:00,84867.27,84880.01,84782.01,84868.03,0.0
2026-10-03 17:00:00,84868.02,85012.01,84840.0,85012.0,0.0
2026-10-03 18:00:00,85012.01,85037.63,84920.0,84949.99,0.0
2026-10-03 19:00:00,84950.0,84950.0,84700.0,84842.5,0.0
2026-10-03 20:00:00,84842.5,84915.65,84714.0,84749.75,0.0
2026-10-03 21:00:00,84749.76,84773.89,84558.0,84715.15,0.0
2026-10-03 22:00:00,84715.15,84805.0,84693.73,84776.01,0.0
2026-10-03 23:00:00,84776.02,84818.39,84708.16,84753.56,0.0
2026-10-04 00:00:00,84753.57,84871.34,84753.56,84790.0,0.0
2026-10-04 01:00:00,84790.0,84815.09,84719.99,84802.59,0.0
2026-10-04 02:00:00,84802.6,84877.09,84781.05,84802.17,0.0
2026-10-04 03:00:00,84802.17,84890.0,84796.41,84840.87,0.0
2026-10-04 04:00:00,84840.88,84844.01,84808.11,84811.94,0.0
2026-10-04 05:00:00,84811.94,84924.53,84811.61,84912.01,0.0
2026-10-04 06:00:00,84912.01,85072.54,84877.18,85031.74,0.0
2026-10-04 07:00:00,85031.74,85112.65,84924.51,85106.0,0.0
2026-10-04 08:00:00,85106.01,85195.84,85032.99,85106.48,0.0
2026-10-04 09:00:00,85106.48,85339.55,85058.34,85233.84,0.0
2026-10-04 10:00:00,85233.84,85428.01,85223.49,85264.01,0.0
2026-10-04 11:00:00,85264.01,85320.16,85203.65,85309.46,0.0
2026-10-04 12:00:00,85309.47,85389.0,85097.19,85127.94,0.0
2026-10-04 13:00:00,85127.94,85321.41,85122.64,85241.14,0.0
2026-10-04 14:00:00,85241.15,85280.0,85094.0,85278.44,0.0
2026-10-04 15:00:00,85278.45,85470.0,85242.65,85256.01,0.0
2026-10-04 16:00:00,85256.01,85433.16,85178.49,85374.0,0.0
2026-10-04 17:00:00,85374.0,85454.01,85317.84,85319.53,0.0
2026-10-04 18:00:00,85319.54,85361.99,85312.01,85338.84,0.0
2026-10-04 19:00:00,85338.84,85574.01,85338.82,85428.0,0.0
2026-10-04 20:00:00,85428.0,85876.84,85396.32,85824.44,0.0
2026-10-04 21:00:00,85824.45,86066.22,85778.78,85865.42,0.0
2026-10-04 22:00:00,85865.43,86686.39,85865.43,86428.01,0.0
2026-10-04 23:00:00,86428.01,86800.0,86396.0,86512.0,0.0
2026-10-05 00:00:00,86530.0,86530.0,86326.22,86385.95,0.0
2026-10-05 01:00:00,86652.45,86652.46,86467.93,86630.0,0.0
2026-10-05 02:00:00,86615.31,86728.52,86569.75,86668.01,0.0
2026-10-05 03:00:00,86522.01,86533.38,86396.0,86464.0,0.0
2026-10-05 04:00:00,86085.02,86142.56,85944.32,85969.56,0.0
2026-10-05 05:00:00,85538.02,85592.29,85485.0,85550.01,0.0
2026-10-05 06:00:00,85767.58,85912.2,85767.57,85912.01,0.0
2026-10-05 07:00:00,86260.01,86412.01,86150.0,86332.0,0.0
2026-10-05 08:00:00,86252.76,86498.5,86060.12,86211.0,0.0
2026-10-05 09:00:00,86211.0,86224.01,85776.58,85874.01,0.0
2026-10-05 10:00:00,85970.99,86086.01,85960.0,85984.01,0.0
2026-10-05 11:00:00,86117.15,86117.15,85910.69,85947.88,0.0
2026-10-05 12:00:00,86216.01,86216.01,86094.86,86145.7,0.0
2026-10-05 13:00:00,85904.0,86148.01,85904.0,86128.79,0.0
2026-10-05 14:00:00,86432.0,86725.12,86259.11,86643.14,0.0
2026-10-05 15:00:00,85645.25,85674.01,85474.45,85542.01,0.0
2026-10-05 16:00:00,85269.79,85320.01,85168.01,85262.01,0.0
2026-10-05 17:00:00,85300.0,85300.0,85210.27,85266.0,0.0
2026-10-05 18:00:00,85429.24,85500.0,85337.8,85449.32,0.0
2026-10-05 19:00:00,85649.15,85692.3,85553.99,85669.1,0.0
2026-10-05 20:00:00,85724.0,85772.01,85644.0,85680.76,0.0
2026-10-05 21:00:00,85783.95,85783.95,85698.57,85752.0,0.0
2026-10-05 22:00:00,85948.99,86008.6,85847.61,85974.01,0.0
2026-10-05 23:00:00,85928.01,86062.8,85838.0,85865.99,0.0
2026-10-06 00:00:00,85766.87,85890.01,85766.87,85822.72,0.0
2026-10-06 01:00:00,85902.01,86130.45,85902.01,86028.0,0.0
2026-10-06 02:00:00,85668.92,85668.92,85461.53,85461.53,0.0
2026-10-06 03:00:00,85537.94,85588.01,85517.12,85528.01,0.0
2026-10-06 04:00:00,85516.27,85628.01,85514.39,85628.01,0.0
2026-10-06 05:00:00,85624.0,85749.11,85584.07,85709.87,0.0
2026-10-06 06:00:00,85518.36,85518.36,85200.0,85200.01,0.0
2026-10-06 07:00:00,85310.0,85376.01,85280.0,85376.0,0.0
2026-10-06 08:00:00,85555.01,86023.74,85550.0,85805.68,0.0
2026-10-06 09:00:00,86026.89,86065.71,85878.53,85927.67,0.0
2026-10-06 10:00:00,85992.0,86170.0,85956.46,86168.28,0.0
2026-10-06 11:00:00,86157.15,86212.63,86070.01,86184.74,0.0
2026-10-06 12:00:00,86242.01,86408.72,86231.76,86382.99,0.0
2026-10-06 13:00:00,86214.0,86233.44,86084.0,86084.95,0.0
2026-10-06 14:00:00,86324.01,86371.5,86092.3,86268.02,0.0
2026-10-06 15:00:00,86595.6,86698.99,86531.14,86600.05,0.0
2026-10-06 16:00:00,85720.65,85854.3,85711.0,85800.77,0.0
2026-10-06 17:00:00,85587.22,85650.0,85512.0,85545.31,0.0
2026-10-06 18:00:00,85719.43,85814.01,85719.43,85780.38,0.0
2026-10-06 19:00:00,85507.07,85557.21,85421.0,85473.84,0.0
2026-10-06 20:00:00,85614.0,85626.32,85580.0,85592.0,0.0
2026-10-06 21:00:00,85611.42,85621.49,85522.59,85561.8,0.0
2026-10-06 22:00:00,85609.99,85657.01,85582.0,85583.5,0.0
2026-10-06 23:00:00,85534.53,85551.16,85497.86,85497.86,0.0
2026-10-07 00:00:00,85549.94,85598.22,85471.54,85576.01,0.0
2026-10-07 01:00:00,85540.0,85540.01,85414.0,85453.55,0.0
2026-10-07 02:00:00,84391.49,84533.27,83577.0,83942.07,0.0
2026-10-07 03:00:00,83868.41,84112.03,83868.4,83988.01,0.0
2026-10-07 04:00:00,84150.39,84219.68,84100.0,84147.51,0.0
2026-10-07 05:00:00,84103.07,84216.86,84084.47,84175.05,0.0
2026-10-07 06:00:00,84332.84,84356.43,84266.0,84296.81,0.0
2026-10-07 07:00:00,84229.68,84265.73,84154.0,84265.72,0.0
2026-10-07 08:00:00,84145.16,84150.0,84022.0,84055.07,0.0
2026-10-07 09:00:00,83952.41,84002.83,83900.0,83926.27,0.0
2026-10-07 10:00:00,83804.0,83893.84,83442.0,83836.01,0.0
2026-10-07 11:00:00,83747.06,83837.77,83696.0,83834.0,0.0
2026-10-07 12:00:00,83740.15,83766.55,83596.0,83656.0,0.0
2026-10-07 13:00:00,83491.97,83552.01,83318.33,83387.47,0.0
2026-10-07 14:00:00,83192.02,83309.14,83068.29,83190.0,0.0
2026-10-07 15:00:00,83010.45,83166.01,82818.16,83065.44,0.0
2026-10-07 16:00:00,83454.25,83623.0,83355.22,83610.99,0.0
2026-10-07 17:00:00,83386.09,83630.02,83370.5,83528.0,0.0
2026-10-07 18:00:00,83158.98,83469.37,83158.98,83358.0,0.0
2026-10-07 19:00:00,83422.02,83492.01,83354.31,83405.54,0.0
2026-10-07 20:00:00,83434.67,83559.88,83434.67,83545.77,0.0
2026-10-07 21:00:00,83432.01,83452.29,83332.61,83375.85,0.0
2026-10-07 22:00:00,83159.21,83279.49,83143.99,83225.44,0.0
2026-10-07 23:00:00,83225.9,83240.0,83125.02,83181.1,0.0
2026-10-08 00:00:00,83321.81,83328.22,83210.23,83258.04,0.0
2026-10-08 01:00:00,83369.84,83521.15,83358.61,83374.99,0.0
2026-10-08 02:00:00,83099.21,83168.01,82912.01,83106.48,0.0
2026-10-08 03:00:00,83168.01,83200.0,82921.26,82927.92,0.0
2026-10-08 04:00:00,82757.0,82819.79,82620.04,82729.61,0.0
2026-10-08 05:00:00,82652.0,82774.41,82572.0,82774.4,0.0
2026-10-08 06:00:00,82684.0,82928.52,82652.09,82911.93,0.0
2026-10-08 07:00:00,82885.38,83046.01,82718.01,83016.3,0.0
