datetime,open,high,low,close,volume
2026-09-27 20:14:00,1.13846,1.1395,1.13845,1.13914,0.0
2026-09-27 20:15:00,1.13845,1.13928,1.13845,1.139,0.0
2026-09-27 20:16:00,1.13846,1.13939,1.13814,1.13824,0.0
2026-09-27 20:17:00,1.13841,1.13945,1.13803,1.13807,0.0
2026-09-27 20:18:00,1.13813,1.13945,1.1381,1.13899,0.0
2026-09-27 20:19:00,1.13815,1.13913,1.13815,1.13884,0.0
2026-09-27 20:20:00,1.13828,1.13947,1.13805,1.13809,0.0
2026-09-27 20:21:00,1.13815,1.13952,1.13795,1.13798,0.0
2026-09-27 20:22:00,1.13799,1.13937,1.13797,1.13892,0.0
2026-09-27 20:23:00,1.13811,1.13958,1.13811,1.1391,0.0
2026-09-27 20:24:00,1.13818,1.13958,1.13818,1.13912,0.0
2026-09-27 20:25:00,1.13828,1.13951,1.13819,1.1391,0.0
2026-09-27 20:26:00,1.13835,1.1395,1.13812,1.13815,0.0
2026-09-27 20:27:00,1.13819,1.13952,1.13819,1.13909,0.0
2026-09-27 20:28:00,1.13829,1.13938,1.13825,1.139,0.0
2026-09-27 20:29:00,1.13829,1.13952,1.13811,1.13816,0.0
2026-09-27 20:30:00,1.13827,1.1393,1.13815,1.13901,0.0
2026-09-27 20:31:00,1.13851,1.13948,1.13801,1.13806,0.0
2026-09-27 20:32:00,1.13816,1.13959,1.13816,1.1391,0.0
2026-09-27 20:33:00,1.13812,1.1395,1.13812,1.13911,0.0
2026-09-27 20:34:00,1.13837,1.13959,1.13811,1.13815,0.0
2026-09-27 20:35:00,1.13816,1.13943,1.13816,1.13911,0.0
2026-09-27 20:36:00,1.13853,1.13942,1.13853,1.13913,0.0
2026-09-27 20:37:00,1.13857,1.13928,1.13843,1.13906,0.0
2026-09-27 20:38:00,1.13864,1.1395,1.13832,1.13835,0.0
2026-09-27 20:39:00,1.13843,1.13942,1.13843,1.13913,0.0
2026-09-27 20:40:00,1.13855,1.13935,1.13851,1.13908,0.0
2026-09-27 20:41:00,1.13862,1.13933,1.13862,1.13912,0.0
2026-09-27 20:42:00,1.13871,1.13919,1.13835,1.13903,0.0
2026-09-27 20:43:00,1.13865,1.1395,1.13815,1.13821,0.0
2026-09-27 20:44:00,1.13821,1.13929,1.13821,1.13913,0.0
2026-09-27 20:45:00,1.13883,1.13928,1.13877,1.13914,0.0
2026-09-27 20:46:00,1.13887,1.1393,1.13868,1.13871,0.0
2026-09-27 20:47:00,1.13877,1.13938,1.13859,1.13861,0.0
2026-09-27 20:48:00,1.13866,1.13924,1.13866,1.13911,0.0
2026-09-27 20:49:00,1.13886,1.13938,1.13855,1.13858,0.0
2026-09-27 20:50:00,1.13866,1.13935,1.13855,1.13914,0.0
2026-09-27 20:51:00,1.13875,1.13943,1.13847,1.1385,0.0
2026-09-27 20:52:00,1.13856,1.13934,1.13844,1.13909,0.0
2026-09-27 20:53:00,1.13863,1.13921,1.13821,1.13829,0.0
2026-09-27 20:54:00,1.13841,1.13963,1.13795,1.13803,0.0
2026-09-27 20:55:00,1.13819,1.1396,1.13764,1.13775,0.0
2026-09-27 20:56:00,1.138,1.13948,1.138,1.13909,0.0
2026-09-27 20:57:00,1.13836,1.13942,1.13836,1.1391,0.0
2026-09-27 20:58:00,1.13849,1.13947,1.13837,1.13841,0.0
2026-09-27 20:59:00,1.13847,1.13954,1.13829,1.13832,0.0
2026-09-27 21:00:00,1.13836,1.13917,1.13828,1.13828,0.0
2026-09-27 21:01:00,1.13829,1.13904,1.13801,1.13878,0.0
2026-09-27 21:02:00,1.13834,1.13929,1.13776,1.13785,0.0
2026-09-27 21:03:00,1.13807,1.13903,1.13807,1.13877,0.0
2026-09-27 21:04:00,1.13829,1.13934,1.1381,1.13812,0.0
2026-09-27 21:05:00,1.13815,1.13889,1.13809,1.13864,0.0
2026-09-27 21:06:00,1.13816,1.13902,1.13807,1.13808,0.0
2026-09-27 21:07:00,1.1381,1.13908,1.1381,1.13875,0.0
2026-09-27 21:08:00,1.13815,1.13922,1.13815,1.13886,0.0
2026-09-27 21:09:00,1.13815,1.13903,1.13815,1.13878,0.0
2026-09-27 21:10:00,1.1383,1.13886,1.1381,1.13813,0.0
2026-09-27 21:11:00,1.13817,1.13922,1.13804,1.13808,0.0
2026-09-27 21:12:00,1.13819,1.1392,1.13819,1.13889,0.0
2026-09-27 21:13:00,1.13829,1.13925,1.13825,1.13892,0.0
2026-09-27 21:14:00,1.13835,1.13943,1.13834,1.13908,0.0
2026-09-27 21:15:00,1.13841,1.13903,1.13833,1.13834,0.0
2026-09-27 21:16:00,1.13835,1.13885,1.13827,1.13828,0.0
2026-09-27 21:17:00,1.1383,1.1392,1.13821,1.13823,0.0
2026-09-27 21:18:00,1.13827,1.13908,1.13827,1.13886,0.0
2026-09-27 21:19:00,1.13845,1.13925,1.13845,1.13899,0.0
2026-09-27 21:20:00,1.1385,1.13906,1.13843,1.13844,0.0
2026-09-27 21:21:00,1.13847,1.13899,1.13844,1.13883,0.0
2026-09-27 21:22:00,1.13851,1.13912,1.13842,1.13843,0.0
2026-09-27 21:23:00,1.13846,1.13915,1.13843,1.13892,0.0
2026-09-27 21:24:00,1.13848,1.13926,1.13839,1.13841,0.0
2026-09-27 21:25:00,1.13845,1.13922,1.13841,1.13897,0.0
2026-09-27 21:26:00,1.1385,1.13916,1.13838,1.13839,0.0
2026-09-27 21:27:00,1.13842,1.13915,1.13842,1.13891,0.0
2026-09-27 21:28:00,1.13845,1.13907,1.13845,1.13888,0.0
2026-09-27 21:29:00,1.13852,1.13926,1.13841,1.13842,0.0
2026-09-27 21:30:00,1.13846,1.13929,1.13846,1.13903,0.0
2026-09-27 21:31:00,1.13855,1.1392,1.13844,1.13846,0.0
2026-09-27 21:32:00,1.13852,1.139,1.13852,1.13886,0.0
2026-09-27 21:33:00,1.13858,1.13919,1.13858,1.13898,0.0
2026-09-27 21:34:00,1.13858,1.13903,1.13851,1.13853,0.0
2026-09-27 21:35:00,1.13854,1.13887,1.13854,1.13854,0.0
2026-09-27 21:36:00,1.13854,1.13885,1.13852,1.13854,0.0
2026-09-27 21:37:00,1.13853,1.13889,1.13853,1.13877,0.0
2026-09-27 21:38:00,1.13855,1.1388,1.13846,1.13849,0.0
2026-09-27 21:39:00,1.13853,1.13904,1.13841,1.13843,0.0
2026-09-27 21:40:00,1.13843,1.13898,1.13843,1.13884,0.0
2026-09-27 21:41:00,1.13857,1.13893,1.13846,1.13881,0.0
2026-09-27 21:42:00,1.13858,1.13872,1.13838,1.13841,0.0
2026-09-27 21:43:00,1.13844,1.13874,1.13827,1.1383,0.0
2026-09-27 21:44:00,1.13834,1.13909,1.1381,1.13817,0.0
2026-09-27 21:45:00,1.13833,1.1389,1.13833,1.13876,0.0
2026-09-27 21:46:00,1.13847,1.13893,1.13837,1.13882,0.0
2026-09-27 21:47:00,1.13861,1.13932,1.13823,1.13827,0.0
2026-09-27 21:48:00,1.13833,1.13897,1.13833,1.13882,0.0
2026-09-27 21:49:00,1.13855,1.13919,1.13837,1.13839,0.0
2026-09-27 21:50:00,1.13842,1.13897,1.13842,1.1388,0.0
2026-09-27 21:51:00,1.13846,1.13887,1.13846,1.13875,0.0
2026-09-27 21:52:00,1.13851,1.13895,1.13837,1.1384,0.0
2026-09-27 21:53:00,1.1384,1.13926,1.1384,1.139,0.0
2026-09-27 21:54:00,1.13851,1.13947,1.13841,1.13843,0.0
2026-09-27 21:55:00,1.13841,1.1392,1.13841,1.139,0.0
2026-09-27 21:56:00,1.13861,1.13908,1.13839,1.13842,0.0
2026-09-27 21:57:00,1.13847,1.13924,1.13842,1.13843,0.0
2026-09-27 21:58:00,1.13845,1.13941,1.13837,1.13838,0.0
2026-09-27 21:59:00,1.13839,1.13907,1.13839,1.13889,0.0
2026-09-27 22:00:00,1.13856,1.13882,1.13849,1.1385,0.0
2026-09-27 22:01:00,1.13851,1.13862,1.1383,1.13858,0.0
2026-09-27 22:02:00,1.13852,1.13852,1.13823,1.13826,0.0
2026-09-27 22:03:00,1.13831,1.13831,1.1382,1.13822,0.0
2026-09-27 22:04:00,1.13823,1.13841,1.13823,1.13838,0.0
2026-09-27 22:05:00,1.13834,1.13838,1.13833,1.13838,0.0
2026-09-27 22:06:00,1.13835,1.13857,1.13829,1.13851,0.0
2026-09-27 22:07:00,1.13841,1.1386,1.13841,1.13858,0.0
2026-09-27 22:08:00,1.13853,1.13853,1.13839,1.13843,0.0
2026-09-27 22:09:00,1.1385,1.13854,1.13842,1.13843,0.0
2026-09-27 22:10:00,1.13846,1.13853,1.13846,1.13853,0.0
2026-09-27 22:11:00,1.1385,1.13858,1.1385,1.13856,0.0
2026-09-27 22:12:00,1.13853,1.13857,1.13842,1.13857,0.0
2026-09-27 22:13:00,1.13854,1.13854,1.13834,1.13841,0.0
2026-09-27 22:14:00,1.13853,1.13859,1.13834,1.1384,0.0
2026-09-27 22:15:00,1.1385,1.1385,1.13833,1.13835,0.0
2026-09-27 22:16:00,1.13838,1.13839,1.13833,1.13839,0.0
2026-09-27 22:17:00,1.13837,1.13843,1.13829,1.13837,0.0
2026-09-27 22:18:00,1.13837,1.13841,1.13834,1.13841,0.0
2026-09-27 22:19:00,1.13839,1.1384,1.13833,1.1384,0.0
2026-09-27 22:20:00,1.13839,1.13839,1.13828,1.1383,0.0
2026-09-27 22:21:00,1.13834,1.13834,1.13821,1.13824,0.0
2026-09-27 22:22:00,1.13829,1.13832,1.13817,1.13818,0.0
2026-09-27 22:23:00,1.13823,1.1383,1.13823,1.1383,0.0
2026-09-27 22:24:00,1.13827,1.13841,1.13827,1.13837,0.0
2026-09-27 22:25:00,1.1383,1.13839,1.13829,1.13837,0.0
2026-09-27 22:26:00,1.13829,1.13836,1.13829,1.13834,0.0
2026-09-27 22:27:00,1.1383,1.13833,1.13828,1.13833,0.0
2026-09-27 22:28:00,1.13832,1.13833,1.13827,1.13828,0.0
2026-09-27 22:29:00,1.13828,1.13832,1.13816,1.13832,0.0
2026-09-27 22:30:00,1.1383,1.1383,1.13806,1.13813,0.0
2026-09-27 22:31:00,1.13824,1.13824,1.13793,1.13799,0.0
2026-09-27 22:32:00,1.1381,1.1381,1.13797,1.138,0.0
2026-09-27 22:33:00,1.13803,1.13811,1.13795,1.13809,0.0
2026-09-27 22:34:00,1.13807,1.13808,1.13802,1.13808,0.0
2026-09-27 22:35:00,1.13806,1.13808,1.13798,1.13806,0.0
2026-09-27 22:36:00,1.13806,1.13806,1.13798,1.138,0.0
2026-09-27 22:37:00,1.13803,1.13806,1.13799,1.13806,0.0
2026-09-27 22:38:00,1.13804,1.13804,1.13798,1.13804,0.0
2026-09-27 22:39:00,1.13803,1.13804,1.13799,1.138,0.0
2026-09-27 22:40:00,1.138,1.13803,1.13797,1.13803,0.0
2026-09-27 22:41:00,1.13802,1.13803,1.13797,1.13802,0.0
2026-09-27 22:42:00,1.138,1.13805,1.13799,1.13804,0.0
2026-09-27 22:43:00,1.13803,1.13803,1.13799,1.13803,0.0
2026-09-27 22:44:00,1.138,1.13804,1.13798,1.13803,0.0
2026-09-27 22:45:00,1.13802,1.13802,1.13797,1.13798,0.0
2026-09-27 22:46:00,1.13799,1.13805,1.13799,1.13803,0.0
2026-09-27 22:47:00,1.138,1.13802,1.138,1.13802,0.0
2026-09-27 22:48:00,1.13801,1.13803,1.13797,1.13801,0.0
2026-09-27 22:49:00,1.13801,1.13801,1.13795,1.13797,0.0
2026-09-27 22:50:00,1.138,1.138,1.13795,1.138,0.0
2026-09-27 22:51:00,1.13798,1.13798,1.1379,1.13792,0.0
2026-09-27 22:52:00,1.13796,1.13803,1.13778,1.13784,0.0
2026-09-27 22:53:00,1.13795,1.13795,1.13772,1.13774,0.0
2026-09-27 22:54:00,1.13778,1.13779,1.13773,1.13779,0.0
2026-09-27 22:55:00,1.13776,1.13784,1.13774,1.13776,0.0
2026-09-27 22:56:00,1.13777,1.13786,1.1377,1.13784,0.0
2026-09-27 22:57:00,1.1378,1.1378,1.13767,1.13769,0.0
2026-09-27 22:58:00,1.13772,1.13776,1.13771,1.13775,0.0
2026-09-27 22:59:00,1.13772,1.13777,1.13768,1.13777,0.0
2026-09-27 23:00:00,1.13776,1.13776,1.1377,1.1377,0.0
2026-09-27 23:01:00,1.13771,1.13776,1.13755,1.13775,0.0
2026-09-27 23:02:00,1.13773,1.13778,1.13754,1.13757,0.0
2026-09-27 23:03:00,1.13765,1.13777,1.13765,1.13777,0.0
2026-09-27 23:04:00,1.13774,1.13775,1.1377,1.1377,0.0
2026-09-27 23:05:00,1.1377,1.13774,1.13762,1.13773,0.0
2026-09-27 23:06:00,1.1377,1.13775,1.13762,1.13763,0.0
2026-09-27 23:07:00,1.13767,1.13775,1.13767,1.13774,0.0
2026-09-27 23:08:00,1.1377,1.13776,1.1377,1.13775,0.0
2026-09-27 23:09:00,1.13773,1.13773,1.13767,1.13773,0.0
2026-09-27 23:10:00,1.13772,1.13772,1.13754,1.13759,0.0
2026-09-27 23:11:00,1.13766,1.13769,1.13756,1.13757,0.0
2026-09-27 23:12:00,1.1376,1.13772,1.1376,1.13771,0.0
2026-09-27 23:13:00,1.13764,1.1378,1.13764,1.13777,0.0
2026-09-27 23:14:00,1.13772,1.1378,1.13772,1.13779,0.0
2026-09-27 23:15:00,1.13774,1.13792,1.13774,1.13788,0.0
2026-09-27 23:16:00,1.13783,1.13789,1.13783,1.13789,0.0
2026-09-27 23:17:00,1.13786,1.13797,1.13786,1.13794,0.0
2026-09-27 23:18:00,1.13789,1.13796,1.13789,1.13795,0.0
2026-09-27 23:19:00,1.13793,1.13798,1.13792,1.13798,0.0
2026-09-27 23:20:00,1.13796,1.138,1.13793,1.13793,0.0
2026-09-27 23:21:00,1.13794,1.138,1.13794,1.138,0.0
2026-09-27 23:22:00,1.13798,1.13799,1.13797,1.13797,0.0
2026-09-27 23:23:00,1.13797,1.138,1.13788,1.13799,0.0
2026-09-27 23:24:00,1.13796,1.13796,1.13786,1.13787,0.0
2026-09-27 23:25:00,1.1379,1.13792,1.13786,1.13792,0.0
2026-09-27 23:26:00,1.13789,1.13794,1.13788,1.13788,0.0
2026-09-27 23:27:00,1.13789,1.13791,1.13788,1.13791,0.0
2026-09-27 23:28:00,1.13789,1.13793,1.13789,1.13792,0.0
2026-09-27 23:29:00,1.13789,1.13792,1.13789,1.13791,0.0
2026-09-27 23:30:00,1.1379,1.13795,1.1379,1.13794,0.0
2026-09-27 23:31:00,1.13791,1.13794,1.1378,1.13794,0.0
2026-09-27 23:32:00,1.13792,1.13792,1.13781,1.13783,0.0
2026-09-27 23:33:00,1.13784,1.1379,1.13782,1.13788,0.0
2026-09-27 23:34:00,1.13786,1.13795,1.1377,1.13793,0.0
2026-09-27 23:35:00,1.13787,1.13787,1.13764,1.13768,0.0
2026-09-27 23:36:00,1.13776,1.13777,1.13769,1.13776,0.0
2026-09-27 23:37:00,1.13774,1.13774,1.13762,1.13765,0.0
2026-09-27 23:38:00,1.1377,1.13772,1.13751,1.13756,0.0
2026-09-27 23:39:00,1.13765,1.13765,1.13741,1.13745,0.0
2026-09-27 23:40:00,1.13751,1.13753,1.13744,1.13745,0.0
2026-09-27 23:41:00,1.13746,1.13759,1.13746,1.13757,0.0
2026-09-27 23:42:00,1.1375,1.13763,1.1375,1.13761,0.0
2026-09-27 23:43:00,1.13759,1.13762,1.13758,1.13762,0.0
2026-09-27 23:44:00,1.13759,1.13763,1.13754,1.13755,0.0
2026-09-27 23:45:00,1.13759,1.1376,1.13758,1.1376,0.0
2026-09-27 23:46:00,1.13757,1.13763,1.13755,1.13762,0.0
2026-09-27 23:47:00,1.1376,1.1376,1.13755,1.1376,0.0
2026-09-27 23:48:00,1.13758,1.13762,1.13753,1.13754,0.0
2026-09-27 23:49:00,1.13756,1.13765,1.13756,1.13763,0.0
2026-09-27 23:50:00,1.13759,1.13773,1.13759,1.13771,0.0
2026-09-27 23:51:00,1.13764,1.13781,1.13764,1.13778,0.0
2026-09-27 23:52:00,1.13772,1.13781,1.13772,1.13781,0.0
2026-09-27 23:53:00,1.13778,1.13782,1.13775,1.13778,0.0
2026-09-27 23:54:00,1.13778,1.13785,1.13762,1.13783,0.0
2026-09-27 23:55:00,1.13779,1.13779,1.13766,1.13767,0.0
2026-09-27 23:56:00,1.1377,1.13772,1.13767,1.13772,0.0
2026-09-27 23:57:00,1.1377,1.13781,1.13765,1.1377,0.0
2026-09-27 23:58:00,1.13771,1.1378,1.13771,1.13779,0.0
2026-09-27 23:59:00,1.13776,1.13785,1.13776,1.13784,0.0
2026-09-28 00:00:00,1.1378,1.13786,1.1378,1.13785,0.0
2026-09-28 00:01:00,1.13782,1.13791,1.13782,1.13789,0.0
2026-09-28 00:02:00,1.13783,1.1381,1.1378,1.13803,0.0
2026-09-28 00:03:00,1.13792,1.13814,1.13792,1.13812,0.0
2026-09-28 00:04:00,1.13806,1.13824,1.13804,1.13819,0.0
2026-09-28 00:05:00,1.13814,1.13824,1.13812,1.13823,0.0
2026-09-28 00:06:00,1.1382,1.1382,1.13802,1.13807,0.0
2026-09-28 00:07:00,1.13815,1.13821,1.13814,1.13819,0.0
2026-09-28 00:08:00,1.13813,1.1383,1.13813,1.13827,0.0
2026-09-28 00:09:00,1.13822,1.13829,1.13812,1.13828,0.0
2026-09-28 00:10:00,1.13826,1.13826,1.13814,1.13816,0.0
2026-09-28 00:11:00,1.13819,1.13826,1.13816,1.13824,0.0
2026-09-28 00:12:00,1.1382,1.13833,1.1382,1.13831,0.0
2026-09-28 00:13:00,1.13822,1.13839,1.13822,1.13837,0.0
2026-09-28 00:14:00,1.13833,1.13843,1.13821,1.13841,0.0
2026-09-28 00:15:00,1.13836,1.13836,1.13812,1.13817,0.0
2026-09-28 00:16:00,1.13823,1.13823,1.13806,1.1381,0.0
2026-09-28 00:17:00,1.13816,1.13816,1.13802,1.13806,0.0
2026-09-28 00:18:00,1.13811,1.13811,1.13799,1.13802,0.0
2026-09-28 00:19:00,1.13806,1.13806,1.13792,1.13796,0.0
2026-09-28 00:20:00,1.13804,1.13804,1.13798,1.13798,0.0
2026-09-28 00:21:00,1.13799,1.13804,1.13792,1.13804,0.0
2026-09-28 00:22:00,1.13803,1.13803,1.1379,1.13791,0.0
2026-09-28 00:23:00,1.13794,1.13797,1.13789,1.1379,0.0
2026-09-28 00:24:00,1.13789,1.13805,1.13789,1.13802,0.0
2026-09-28 00:25:00,1.13798,1.13803,1.13798,1.13803,0.0
2026-09-28 00:26:00,1.138,1.13814,1.13793,1.138,0.0
2026-09-28 00:27:00,1.13802,1.13815,1.13802,1.13814,0.0
2026-09-28 00:28:00,1.13808,1.13821,1.13808,1.13819,0.0
2026-09-28 00:29:00,1.13816,1.1382,1.13806,1.13819,0.0
2026-09-28 00:30:00,1.13817,1.13817,1.1379,1.13797,0.0
2026-09-28 00:31:00,1.13809,1.13809,1.13797,1.13798,0.0
2026-09-28 00:32:00,1.13802,1.13812,1.13802,1.13811,0.0
2026-09-28 00:33:00,1.13807,1.13814,1.13804,1.13813,0.0
2026-09-28 00:34:00,1.13811,1.13817,1.13798,1.13815,0.0
2026-09-28 00:35:00,1.13811,1.13811,1.13799,1.138,0.0
2026-09-28 00:36:00,1.13802,1.13806,1.13799,1.13806,0.0
2026-09-28 00:37:00,1.13804,1.13811,1.13797,1.13798,0.0
2026-09-28 00:38:00,1.13802,1.13807,1.13802,1.13807,0.0
2026-09-28 00:39:00,1.13805,1.1381,1.13799,1.1381,0.0
2026-09-28 00:40:00,1.13808,1.13808,1.13793,1.13796,0.0
2026-09-28 00:41:00,1.138,1.138,1.13788,1.1379,0.0
2026-09-28 00:42:00,1.13793,1.13816,1.13786,1.13808,0.0
2026-09-28 00:43:00,1.13797,1.13826,1.13797,1.13822,0.0
2026-09-28 00:44:00,1.13811,1.13835,1.13811,1.13832,0.0
2026-09-28 00:45:00,1.13827,1.13835,1.13827,1.13834,0.0
2026-09-28 00:46:00,1.1383,1.13844,1.1383,1.13841,0.0
2026-09-28 00:47:00,1.13837,1.13841,1.13833,1.13841,0.0
2026-09-28 00:48:00,1.13839,1.13845,1.13833,1.13835,0.0
2026-09-28 00:49:00,1.13839,1.13848,1.13839,1.13846,0.0
2026-09-28 00:50:00,1.1384,1.13853,1.1384,1.13852,0.0
2026-09-28 00:51:00,1.13848,1.13851,1.13842,1.13851,0.0
2026-09-28 00:52:00,1.1385,1.13851,1.13842,1.13851,0.0
2026-09-28 00:53:00,1.13849,1.13856,1.13846,1.13854,0.0
2026-09-28 00:54:00,1.13851,1.13858,1.13851,1.13857,0.0
2026-09-28 00:55:00,1.13852,1.1386,1.13851,1.13859,0.0
2026-09-28 00:56:00,1.13857,1.13858,1.13853,1.13858,0.0
2026-09-28 00:57:00,1.13856,1.13859,1.13843,1.13847,0.0
2026-09-28 00:58:00,1.13855,1.13856,1.1385,1.13856,0.0
2026-09-28 00:59:00,1.13854,1.1386,1.13851,1.13859,0.0
2026-09-28 01:00:00,1.13857,1.13859,1.13854,1.13857,0.0
2026-09-28 01:01:00,1.13856,1.1386,1.13847,1.1386,0.0
2026-09-28 01:02:00,1.13859,1.13859,1.13843,1.13846,0.0
2026-09-28 01:03:00,1.13852,1.13852,1.13845,1.13852,0.0
2026-09-28 01:04:00,1.1385,1.13873,1.13835,1.1385,0.0
2026-09-28 01:05:00,1.13854,1.13874,1.13854,1.13873,0.0
2026-09-28 01:06:00,1.13869,1.13869,1.13847,1.13853,0.0
2026-09-28 01:07:00,1.13865,1.13865,1.13851,1.13854,0.0
2026-09-28 01:08:00,1.13858,1.13858,1.13847,1.1385,0.0
2026-09-28 01:09:00,1.13855,1.13855,1.13845,1.13848,0.0
2026-09-28 01:10:00,1.13852,1.13852,1.13836,1.13841,0.0
2026-09-28 01:11:00,1.13848,1.13855,1.13843,1.13844,0.0
2026-09-28 01:12:00,1.13845,1.13858,1.13845,1.13857,0.0
2026-09-28 01:13:00,1.13853,1.13859,1.1385,1.13858,0.0
2026-09-28 01:14:00,1.13857,1.13857,1.1385,1.13852,0.0
2026-09-28 01:15:00,1.13853,1.13862,1.13847,1.13849,0.0
2026-09-28 01:16:00,1.13854,1.1386,1.13854,1.1386,0.0
2026-09-28 01:17:00,1.13857,1.13869,1.13857,1.13866,0.0
2026-09-28 01:18:00,1.13862,1.13866,1.13855,1.13866,0.0
2026-09-28 01:19:00,1.13864,1.13872,1.1386,1.13864,0.0
2026-09-28 01:20:00,1.13864,1.13869,1.13864,1.13869,0.0
2026-09-28 01:21:00,1.13868,1.13873,1.13861,1.13872,0.0
2026-09-28 01:22:00,1.13868,1.13872,1.13865,1.13872,0.0
2026-09-28 01:23:00,1.13871,1.13871,1.13851,1.13857,0.0
2026-09-28 01:24:00,1.13866,1.13866,1.13852,1.13855,0.0
2026-09-28 01:25:00,1.1386,1.13862,1.13854,1.13862,0.0
2026-09-28 01:26:00,1.13859,1.13875,1.13857,1.13871,0.0
2026-09-28 01:27:00,1.13865,1.13872,1.13865,1.13872,0.0
2026-09-28 01:28:00,1.13869,1.13873,1.13861,1.13873,0.0
2026-09-28 01:29:00,1.13871,1.13871,1.13858,1.13861,0.0
2026-09-28 01:30:00,1.13866,1.13867,1.13858,1.13859,0.0
2026-09-28 01:31:00,1.13862,1.13866,1.13859,1.13865,0.0
2026-09-28 01:32:00,1.13864,1.13866,1.1386,1.13866,0.0
2026-09-28 01:33:00,1.13865,1.13872,1.13861,1.13865,0.0
2026-09-28 01:34:00,1.13866,1.13871,1.13861,1.13871,0.0
2026-09-28 01:35:00,1.13869,1.13869,1.13852,1.13856,0.0
2026-09-28 01:36:00,1.13863,1.13863,1.1385,1.13853,0.0
2026-09-28 01:37:00,1.13856,1.13856,1.13847,1.13848,0.0
2026-09-28 01:38:00,1.13851,1.13852,1.13848,1.13852,0.0
2026-09-28 01:39:00,1.1385,1.13857,1.13845,1.13846,0.0
2026-09-28 01:40:00,1.13849,1.13857,1.13849,1.13856,0.0
2026-09-28 01:41:00,1.13853,1.13864,1.13853,1.13862,0.0
2026-09-28 01:42:00,1.13857,1.13865,1.13857,1.13864,0.0
2026-09-28 01:43:00,1.13862,1.13865,1.13859,1.13865,0.0
2026-09-28 01:44:00,1.13863,1.13867,1.13858,1.13859,0.0
2026-09-28 01:45:00,1.13861,1.13865,1.13858,1.13865,0.0
2026-09-28 01:46:00,1.13863,1.13863,1.13849,1.13853,0.0
2026-09-28 01:47:00,1.1386,1.1386,1.13854,1.13855,0.0
2026-09-28 01:48:00,1.13854,1.1386,1.13849,1.13858,0.0
2026-09-28 01:49:00,1.13856,1.13859,1.13855,1.13858,0.0
2026-09-28 01:50:00,1.13855,1.13865,1.13855,1.13863,0.0
2026-09-28 01:51:00,1.1386,1.13868,1.1386,1.13866,0.0
2026-09-28 01:52:00,1.13862,1.13874,1.13862,1.13872,0.0
2026-09-28 01:53:00,1.13867,1.13875,1.13867,1.13874,0.0
2026-09-28 01:54:00,1.13872,1.13874,1.13872,1.13874,0.0
2026-09-28 01:55:00,1.13872,1.13879,1.1387,1.1387,0.0
2026-09-28 01:56:00,1.13873,1.1388,1.13873,1.13879,0.0
2026-09-28 01:57:00,1.13874,1.13898,1.13869,1.13892,0.0
2026-09-28 01:58:00,1.13884,1.13899,1.13884,1.13898,0.0
2026-09-28 01:59:00,1.13894,1.13895,1.13885,1.13887,0.0
2026-09-28 02:00:00,1.13891,1.13892,1.13882,1.13892,0.0
2026-09-28 02:01:00,1.1389,1.13893,1.13885,1.13892,0.0
2026-09-28 02:02:00,1.1389,1.13891,1.13882,1.13891,0.0
2026-09-28 02:03:00,1.1389,1.1389,1.13884,1.1389,0.0
2026-09-28 02:04:00,1.13888,1.13891,1.13884,1.13888,0.0
2026-09-28 02:05:00,1.13888,1.13889,1.13882,1.13889,0.0
2026-09-28 02:06:00,1.13887,1.13892,1.13884,1.13887,0.0
2026-09-28 02:07:00,1.13888,1.13894,1.13874,1.13892,0.0
2026-09-28 02:08:00,1.13888,1.13888,1.13873,1.13875,0.0
2026-09-28 02:09:00,1.13881,1.13889,1.13881,1.13887,0.0
2026-09-28 02:10:00,1.1388,1.13894,1.1388,1.13893,0.0
2026-09-28 02:11:00,1.1389,1.13891,1.13886,1.13891,0.0
2026-09-28 02:12:00,1.13891,1.13892,1.13884,1.13892,0.0
2026-09-28 02:13:00,1.13891,1.13894,1.13886,1.13887,0.0
2026-09-28 02:14:00,1.1389,1.13894,1.1389,1.13894,0.0
2026-09-28 02:15:00,1.13891,1.13897,1.13889,1.13896,0.0
2026-09-28 02:16:00,1.13894,1.13898,1.13882,1.13897,0.0
2026-09-28 02:17:00,1.13894,1.13894,1.13882,1.13884,0.0
2026-09-28 02:18:00,1.13888,1.13891,1.13888,1.13891,0.0
2026-09-28 02:19:00,1.13889,1.13897,1.13886,1.13895,0.0
2026-09-28 02:20:00,1.13892,1.13895,1.13889,1.13895,0.0
2026-09-28 02:21:00,1.13892,1.13898,1.13887,1.13898,0.0
2026-09-28 02:22:00,1.13896,1.13897,1.13891,1.13892,0.0
2026-09-28 02:23:00,1.13893,1.13902,1.13893,1.13901,0.0
2026-09-28 02:24:00,1.13895,1.13905,1.13895,1.13904,0.0
2026-09-28 02:25:00,1.13901,1.13905,1.139,1.13904,0.0
2026-09-28 02:26:00,1.139,1.13908,1.13894,1.13907,0.0
2026-09-28 02:27:00,1.13905,1.13905,1.13893,1.13897,0.0
2026-09-28 02:28:00,1.13901,1.13901,1.13889,1.13893,0.0
2026-09-28 02:29:00,1.13899,1.13899,1.1389,1.13892,0.0
2026-09-28 02:30:00,1.13895,1.13895,1.13885,1.13887,0.0
2026-09-28 02:31:00,1.13891,1.13891,1.13884,1.13891,0.0
2026-09-28 02:32:00,1.1389,1.1389,1.13885,1.1389,0.0
2026-09-28 02:33:00,1.13889,1.1389,1.13884,1.13885,0.0
2026-09-28 02:34:00,1.13887,1.13891,1.13887,1.13891,0.0
2026-09-28 02:35:00,1.13887,1.13894,1.13887,1.13893,0.0
2026-09-28 02:36:00,1.13891,1.13893,1.13882,1.13893,0.0
2026-09-28 02:37:00,1.13891,1.13897,1.13881,1.13883,0.0
2026-09-28 02:38:00,1.13888,1.13897,1.13888,1.13896,0.0
2026-09-28 02:39:00,1.13891,1.13905,1.13891,1.13901,0.0
2026-09-28 02:40:00,1.13896,1.13902,1.13891,1.13902,0.0
2026-09-28 02:41:00,1.139,1.13901,1.13893,1.13895,0.0
2026-09-28 02:42:00,1.13897,1.13898,1.1389,1.13898,0.0
2026-09-28 02:43:00,1.13898,1.13898,1.13887,1.13898,0.0
2026-09-28 02:44:00,1.13897,1.13897,1.13887,1.13889,0.0
2026-09-28 02:45:00,1.13893,1.13897,1.13885,1.13897,0.0
2026-09-28 02:46:00,1.13894,1.13894,1.1388,1.13883,0.0
2026-09-28 02:47:00,1.13889,1.13889,1.1388,1.13882,0.0
2026-09-28 02:48:00,1.13884,1.13885,1.13876,1.13878,0.0
2026-09-28 02:49:00,1.13883,1.13883,1.13873,1.13876,0.0
2026-09-28 02:50:00,1.1388,1.13889,1.13876,1.1388,0.0
2026-09-28 02:51:00,1.1388,1.13892,1.1388,1.1389,0.0
2026-09-28 02:52:00,1.13885,1.13894,1.13885,1.13893,0.0
2026-09-28 02:53:00,1.13891,1.13894,1.13887,1.13891,0.0
2026-09-28 02:54:00,1.13891,1.13894,1.13886,1.13894,0.0
2026-09-28 02:55:00,1.13892,1.13894,1.13886,1.13887,0.0
2026-09-28 02:56:00,1.1389,1.13893,1.1389,1.13893,0.0
2026-09-28 02:57:00,1.1389,1.13895,1.13887,1.1389,0.0
2026-09-28 02:58:00,1.13891,1.13892,1.13885,1.13892,0.0
2026-09-28 02:59:00,1.1389,1.13894,1.13884,1.13885,0.0
2026-09-28 03:00:00,1.13888,1.13891,1.13881,1.13891,0.0
2026-09-28 03:01:00,1.13889,1.13892,1.13889,1.13892,0.0
2026-09-28 03:02:00,1.1389,1.1389,1.13886,1.1389,0.0
2026-09-28 03:03:00,1.13889,1.1389,1.13887,1.1389,0.0
2026-09-28 03:04:00,1.13888,1.13888,1.13882,1.13883,0.0
2026-09-28 03:05:00,1.13886,1.13886,1.13878,1.1388,0.0
2026-09-28 03:06:00,1.13881,1.13889,1.1388,1.13881,0.0
2026-09-28 03:07:00,1.13882,1.13889,1.13882,1.13888,0.0
2026-09-28 03:08:00,1.13883,1.13901,1.13879,1.13896,0.0
2026-09-28 03:09:00,1.13889,1.13899,1.13889,1.13899,0.0
2026-09-28 03:10:00,1.13895,1.13904,1.13894,1.13902,0.0
2026-09-28 03:11:00,1.13898,1.13901,1.13891,1.13901,0.0
2026-09-28 03:12:00,1.139,1.139,1.13893,1.13895,0.0
2026-09-28 03:13:00,1.13897,1.13908,1.13897,1.13905,0.0
2026-09-28 03:14:00,1.13898,1.13909,1.13898,1.13909,0.0
2026-09-28 03:15:00,1.13906,1.13911,1.13902,1.1391,0.0
2026-09-28 03:16:00,1.13909,1.13911,1.13907,1.13911,0.0
2026-09-28 03:17:00,1.13907,1.13917,1.13904,1.13915,0.0
2026-09-28 03:18:00,1.13911,1.13914,1.13907,1.13914,0.0
2026-09-28 03:19:00,1.13912,1.13914,1.13902,1.13904,0.0
2026-09-28 03:20:00,1.13909,1.13911,1.13906,1.13911,0.0
2026-09-28 03:21:00,1.13909,1.13909,1.13894,1.13899,0.0
2026-09-28 03:22:00,1.13907,1.13907,1.13894,1.13896,0.0
2026-09-28 03:23:00,1.13898,1.13898,1.13895,1.13896,0.0
2026-09-28 03:24:00,1.13896,1.13904,1.13893,1.13893,0.0
2026-09-28 03:25:00,1.13895,1.13904,1.13892,1.13903,0.0
2026-09-28 03:26:00,1.139,1.139,1.13889,1.1389,0.0
2026-09-28 03:27:00,1.13892,1.13895,1.13889,1.13895,0.0
2026-09-28 03:28:00,1.13892,1.13896,1.13887,1.13888,0.0
2026-09-28 03:29:00,1.1389,1.13893,1.13886,1.13893,0.0
2026-09-28 03:30:00,1.13891,1.13893,1.13889,1.13889,0.0
2026-09-28 03:31:00,1.13889,1.1389,1.13885,1.1389,0.0
2026-09-28 03:32:00,1.13889,1.1389,1.13886,1.13886,0.0
2026-09-28 03:33:00,1.13887,1.13888,1.13887,1.13888,0.0
2026-09-28 03:34:00,1.13888,1.13889,1.13878,1.13888,0.0
2026-09-28 03:35:00,1.13888,1.13888,1.13861,1.13867,0.0
2026-09-28 03:36:00,1.13875,1.13875,1.13856,1.1386,0.0
2026-09-28 03:37:00,1.13865,1.13865,1.13856,1.13857,0.0
2026-09-28 03:38:00,1.13858,1.13861,1.13856,1.1386,0.0
2026-09-28 03:39:00,1.13856,1.13865,1.13856,1.13864,0.0
2026-09-28 03:40:00,1.13861,1.13864,1.1386,1.13863,0.0
2026-09-28 03:41:00,1.1386,1.13876,1.1386,1.13872,0.0
2026-09-28 03:42:00,1.13866,1.13874,1.13866,1.13874,0.0
2026-09-28 03:43:00,1.13872,1.13874,1.13868,1.13874,0.0
2026-09-28 03:44:00,1.13873,1.13876,1.13872,1.13872,0.0
2026-09-28 03:45:00,1.13872,1.13874,1.13872,1.13874,0.0
2026-09-28 03:46:00,1.13872,1.13873,1.13868,1.13872,0.0
2026-09-28 03:47:00,1.13872,1.13872,1.13864,1.13866,0.0
2026-09-28 03:48:00,1.13868,1.13868,1.13863,1.13863,0.0
2026-09-28 03:49:00,1.13865,1.13865,1.13859,1.13865,0.0
2026-09-28 03:50:00,1.13863,1.13876,1.13853,1.13856,0.0
2026-09-28 03:51:00,1.13863,1.13876,1.13863,1.13875,0.0
2026-09-28 03:52:00,1.13871,1.13875,1.13868,1.13874,0.0
2026-09-28 03:53:00,1.13872,1.13872,1.13871,1.13872,0.0
2026-09-28 03:54:00,1.13871,1.13873,1.13869,1.13871,0.0
2026-09-28 03:55:00,1.13869,1.13877,1.13869,1.13875,0.0
2026-09-28 03:56:00,1.13872,1.13876,1.13872,1.13876,0.0
2026-09-28 03:57:00,1.13874,1.13878,1.13872,1.13872,0.0
2026-09-28 03:58:00,1.13872,1.13875,1.13868,1.13875,0.0
2026-09-28 03:59:00,1.13873,1.13876,1.13868,1.13869,0.0
2026-09-28 04:00:00,1.13871,1.13878,1.13861,1.13876,0.0
2026-09-28 04:01:00,1.13872,1.13872,1.13859,1.13861,0.0
2026-09-28 04:02:00,1.13864,1.13869,1.13861,1.13862,0.0
2026-09-28 04:03:00,1.13862,1.13874,1.13862,1.13873,0.0
2026-09-28 04:04:00,1.13868,1.13878,1.13868,1.13876,0.0
2026-09-28 04:05:00,1.13872,1.13876,1.13872,1.13876,0.0
2026-09-28 04:06:00,1.13874,1.13878,1.13872,1.13872,0.0
2026-09-28 04:07:00,1.13873,1.13877,1.13873,1.13877,0.0
2026-09-28 04:08:00,1.13873,1.13884,1.13872,1.13881,0.0
2026-09-28 04:09:00,1.13877,1.13882,1.13877,1.13882,0.0
2026-09-28 04:10:00,1.13878,1.13894,1.13877,1.1389,0.0
2026-09-28 04:11:00,1.13884,1.13891,1.13884,1.13891,0.0
2026-09-28 04:12:00,1.13889,1.13894,1.13887,1.13889,0.0
2026-09-28 04:13:00,1.13888,1.13891,1.13885,1.13891,0.0
2026-09-28 04:14:00,1.1389,1.1389,1.13884,1.13885,0.0
2026-09-28 04:15:00,1.13886,1.13893,1.13883,1.13884,0.0
2026-09-28 04:16:00,1.13886,1.13893,1.13885,1.13893,0.0
2026-09-28 04:17:00,1.13891,1.13891,1.13881,1.13883,0.0
2026-09-28 04:18:00,1.13886,1.13895,1.13884,1.13892,0.0
2026-09-28 04:19:00,1.13883,1.13897,1.13883,1.13895,0.0
2026-09-28 04:20:00,1.13892,1.13892,1.13888,1.13892,0.0
2026-09-28 04:21:00,1.1389,1.13897,1.13887,1.13888,0.0
2026-09-28 04:22:00,1.1389,1.13894,1.1389,1.13894,0.0
2026-09-28 04:23:00,1.13892,1.13895,1.1389,1.13892,0.0
2026-09-28 04:24:00,1.13891,1.13893,1.13885,1.13893,0.0
2026-09-28 04:25:00,1.13892,1.13892,1.13884,1.13885,0.0
2026-09-28 04:26:00,1.13886,1.13887,1.13876,1.13886,0.0
2026-09-28 04:27:00,1.13886,1.13886,1.13873,1.13877,0.0
2026-09-28 04:28:00,1.13881,1.13881,1.13871,1.13873,0.0
2026-09-28 04:29:00,1.13876,1.13877,1.13873,1.13877,0.0
2026-09-28 04:30:00,1.13874,1.13887,1.13869,1.13883,0.0
2026-09-28 04:31:00,1.13876,1.13889,1.13876,1.13887,0.0
2026-09-28 04:32:00,1.13881,1.13894,1.13881,1.13893,0.0
2026-09-28 04:33:00,1.1389,1.13894,1.1389,1.13893,0.0
2026-09-28 04:34:00,1.1389,1.139,1.1389,1.13898,0.0
2026-09-28 04:35:00,1.13893,1.13901,1.13893,1.139,0.0
2026-09-28 04:36:00,1.13897,1.139,1.13894,1.139,0.0
2026-09-28 04:37:00,1.13898,1.13899,1.13887,1.13898,0.0
2026-09-28 04:38:00,1.13897,1.13898,1.13881,1.13886,0.0
2026-09-28 04:39:00,1.13894,1.13894,1.13885,1.13886,0.0
2026-09-28 04:40:00,1.13887,1.1389,1.13887,1.1389,0.0
2026-09-28 04:41:00,1.13887,1.13896,1.13887,1.13894,0.0
2026-09-28 04:42:00,1.13889,1.13894,1.13889,1.13894,0.0
2026-09-28 04:43:00,1.13891,1.139,1.13891,1.13898,0.0
2026-09-28 04:44:00,1.13894,1.13902,1.13894,1.13901,0.0
2026-09-28 04:45:00,1.13897,1.13902,1.13895,1.13902,0.0
2026-09-28 04:46:00,1.13901,1.13901,1.13886,1.13889,0.0
2026-09-28 04:47:00,1.13894,1.13894,1.13888,1.1389,0.0
2026-09-28 04:48:00,1.13891,1.13892,1.13886,1.13887,0.0
2026-09-28 04:49:00,1.13889,1.1389,1.13886,1.13889,0.0
2026-09-28 04:50:00,1.13886,1.13892,1.13886,1.13891,0.0
2026-09-28 04:51:00,1.13889,1.13891,1.1388,1.13889,0.0
2026-09-28 04:52:00,1.13888,1.13888,1.13881,1.13882,0.0
2026-09-28 04:53:00,1.13882,1.13883,1.13873,1.13876,0.0
2026-09-28 04:54:00,1.1388,1.1388,1.13865,1.13868,0.0
2026-09-28 04:55:00,1.13873,1.13873,1.13863,1.13865,0.0
2026-09-28 04:56:00,1.1387,1.13872,1.13868,1.13872,0.0
2026-09-28 04:57:00,1.13868,1.13876,1.13868,1.13874,0.0
2026-09-28 04:58:00,1.13872,1.13874,1.13865,1.13874,0.0
2026-09-28 04:59:00,1.13872,1.13872,1.13861,1.13864,0.0
2026-09-28 05:00:00,1.13868,1.13868,1.13861,1.13863,0.0
2026-09-28 05:01:00,1.13864,1.13874,1.13864,1.13872,0.0
2026-09-28 05:02:00,1.13868,1.13871,1.13868,1.13871,0.0
2026-09-28 05:03:00,1.13869,1.13871,1.13859,1.13871,0.0
2026-09-28 05:04:00,1.1387,1.1387,1.13859,1.13861,0.0
2026-09-28 05:05:00,1.13864,1.13865,1.13861,1.13864,0.0
2026-09-28 05:06:00,1.13862,1.13864,1.13859,1.13864,0.0
2026-09-28 05:07:00,1.13864,1.13864,1.13856,1.13858,0.0
2026-09-28 05:08:00,1.13862,1.13865,1.13857,1.13857,0.0
2026-09-28 05:09:00,1.13859,1.13863,1.13859,1.13863,0.0
2026-09-28 05:10:00,1.1386,1.13864,1.13856,1.1386,0.0
2026-09-28 05:11:00,1.1386,1.13862,1.13851,1.13862,0.0
2026-09-28 05:12:00,1.13859,1.13861,1.13851,1.13852,0.0
2026-09-28 05:13:00,1.13855,1.13865,1.13855,1.13863,0.0
2026-09-28 05:14:00,1.13856,1.13865,1.13856,1.13865,0.0
2026-09-28 05:15:00,1.13863,1.13868,1.13862,1.13863,0.0
2026-09-28 05:16:00,1.13863,1.13871,1.13863,1.1387,0.0
2026-09-28 05:17:00,1.13866,1.13875,1.13866,1.13873,0.0
2026-09-28 05:18:00,1.13871,1.13873,1.13871,1.13873,0.0
2026-09-28 05:19:00,1.1387,1.13877,1.1387,1.13875,0.0
2026-09-28 05:20:00,1.13873,1.13874,1.13869,1.13874,0.0
2026-09-28 05:21:00,1.13872,1.13872,1.13868,1.13869,0.0
2026-09-28 05:22:00,1.1387,1.13872,1.1386,1.13863,0.0
2026-09-28 05:23:00,1.13867,1.13867,1.13854,1.13856,0.0
2026-09-28 05:24:00,1.1386,1.13864,1.13855,1.13856,0.0
2026-09-28 05:25:00,1.13857,1.13866,1.13857,1.13865,0.0
2026-09-28 05:26:00,1.1386,1.13866,1.1386,1.13866,0.0
2026-09-28 05:27:00,1.13865,1.13867,1.13861,1.13865,0.0
2026-09-28 05:28:00,1.13862,1.13874,1.13862,1.13871,0.0
2026-09-28 05:29:00,1.13867,1.13872,1.13865,1.13872,0.0
2026-09-28 05:30:00,1.1387,1.1387,1.13861,1.13863,0.0
2026-09-28 05:31:00,1.13866,1.13866,1.1386,1.13861,0.0
2026-09-28 05:32:00,1.13861,1.13874,1.13861,1.13872,0.0
2026-09-28 05:33:00,1.13867,1.13873,1.13867,1.13872,0.0
2026-09-28 05:34:00,1.1387,1.1388,1.1387,1.13878,0.0
2026-09-28 05:35:00,1.13872,1.13881,1.13872,1.1388,0.0
2026-09-28 05:36:00,1.13877,1.13888,1.13877,1.13886,0.0
2026-09-28 05:37:00,1.13879,1.13892,1.13879,1.1389,0.0
2026-09-28 05:38:00,1.13887,1.13891,1.13881,1.13891,0.0
2026-09-28 05:39:00,1.13889,1.13889,1.13876,1.13879,0.0
2026-09-28 05:40:00,1.13884,1.13888,1.13867,1.13872,0.0
2026-09-28 05:41:00,1.13881,1.13881,1.1386,1.13864,0.0
2026-09-28 05:42:00,1.13871,1.13879,1.13849,1.13856,0.0
2026-09-28 05:43:00,1.13868,1.13868,1.13845,1.13847,0.0
2026-09-28 05:44:00,1.13851,1.13851,1.13834,1.13837,0.0
2026-09-28 05:45:00,1.13841,1.13841,1.1383,1.13832,0.0
2026-09-28 05:46:00,1.13834,1.13834,1.13828,1.13829,0.0
2026-09-28 05:47:00,1.13831,1.13833,1.13829,1.13833,0.0
2026-09-28 05:48:00,1.1383,1.13832,1.13825,1.13832,0.0
2026-09-28 05:49:00,1.1383,1.1383,1.13823,1.13825,0.0
2026-09-28 05:50:00,1.13826,1.13827,1.13821,1.13822,0.0
2026-09-28 05:51:00,1.13824,1.13835,1.13807,1.13824,0.0
2026-09-28 05:52:00,1.13824,1.13824,1.13799,1.13803,0.0
2026-09-28 05:53:00,1.13808,1.13816,1.13803,1.13804,0.0
2026-09-28 05:54:00,1.13804,1.13823,1.13804,1.13821,0.0
2026-09-28 05:55:00,1.13815,1.13823,1.13815,1.13822,0.0
2026-09-28 05:56:00,1.1382,1.13822,1.13819,1.13822,0.0
2026-09-28 05:57:00,1.13819,1.13827,1.13819,1.13825,0.0
2026-09-28 05:58:00,1.13822,1.13828,1.13822,1.13827,0.0
2026-09-28 05:59:00,1.13822,1.13833,1.13822,1.13831,0.0
2026-09-28 06:00:00,1.13827,1.1383,1.13826,1.1383,0.0
2026-09-28 06:01:00,1.13828,1.13828,1.13819,1.13822,0.0
2026-09-28 06:02:00,1.13826,1.13828,1.13808,1.13813,0.0
2026-09-28 06:03:00,1.13821,1.13821,1.13803,1.13806,0.0
2026-09-28 06:04:00,1.13811,1.13816,1.13777,1.13789,0.0
2026-09-28 06:05:00,1.13809,1.13809,1.13768,1.13777,0.0
2026-09-28 06:06:00,1.13793,1.13793,1.13773,1.13775,0.0
2026-09-28 06:07:00,1.13778,1.13785,1.13778,1.13784,0.0
2026-09-28 06:08:00,1.13778,1.13808,1.13778,1.138,0.0
2026-09-28 06:09:00,1.13785,1.13806,1.13785,1.13801,0.0
2026-09-28 06:10:00,1.13786,1.13811,1.13786,1.13807,0.0
2026-09-28 06:11:00,1.13802,1.13815,1.13802,1.13813,0.0
2026-09-28 06:12:00,1.13805,1.13815,1.13804,1.13813,0.0
2026-09-28 06:13:00,1.13809,1.13814,1.13801,1.13813,0.0
2026-09-28 06:14:00,1.13811,1.13811,1.13788,1.13794,0.0
2026-09-28 06:15:00,1.13805,1.13805,1.13777,1.13785,0.0
2026-09-28 06:16:00,1.13799,1.13799,1.13779,1.13781,0.0
2026-09-28 06:17:00,1.13785,1.13795,1.13785,1.13792,0.0
2026-09-28 06:18:00,1.13788,1.13799,1.13776,1.13797,0.0
2026-09-28 06:19:00,1.13794,1.13794,1.1377,1.13774,0.0
2026-09-28 06:20:00,1.13781,1.13781,1.1377,1.13772,0.0
2026-09-28 06:21:00,1.13775,1.13787,1.13763,1.13766,0.0
2026-09-28 06:22:00,1.13774,1.13788,1.13774,1.13787,0.0
2026-09-28 06:23:00,1.13781,1.13785,1.13771,1.13785,0.0
2026-09-28 06:24:00,1.13783,1.13783,1.13768,1.1377,0.0
2026-09-28 06:25:00,1.13773,1.13775,1.13768,1.13775,0.0
2026-09-28 06:26:00,1.13774,1.13778,1.13767,1.13768,0.0
2026-09-28 06:27:00,1.1377,1.1378,1.1377,1.13779,0.0
2026-09-28 06:28:00,1.13777,1.13777,1.13767,1.13769,0.0
2026-09-28 06:29:00,1.13772,1.13772,1.13767,1.13768,0.0
2026-09-28 06:30:00,1.13768,1.13783,1.13762,1.13778,0.0
2026-09-28 06:31:00,1.13772,1.13782,1.13772,1.13782,0.0
2026-09-28 06:32:00,1.13778,1.13785,1.13778,1.13784,0.0
2026-09-28 06:33:00,1.13781,1.13783,1.13775,1.13783,0.0
2026-09-28 06:34:00,1.1378,1.1378,1.13767,1.1377,0.0
2026-09-28 06:35:00,1.13776,1.13776,1.13766,1.13767,0.0
2026-09-28 06:36:00,1.13769,1.13784,1.13769,1.13781,0.0
2026-09-28 06:37:00,1.13773,1.13785,1.13772,1.13784,0.0
2026-09-28 06:38:00,1.13781,1.13781,1.13773,1.13775,0.0
2026-09-28 06:39:00,1.13775,1.13795,1.13773,1.1379,0.0
2026-09-28 06:40:00,1.13783,1.13794,1.13783,1.13794,0.0
2026-09-28 06:41:00,1.1379,1.13803,1.1379,1.138,0.0
2026-09-28 06:42:00,1.13795,1.13804,1.13795,1.13803,0.0
2026-09-28 06:43:00,1.13797,1.13813,1.13797,1.1381,0.0
2026-09-28 06:44:00,1.13806,1.13811,1.13806,1.1381,0.0
2026-09-28 06:45:00,1.13808,1.13818,1.13808,1.13816,0.0
2026-09-28 06:46:00,1.13811,1.13817,1.13806,1.13816,0.0
2026-09-28 06:47:00,1.13814,1.13814,1.13806,1.13807,0.0
2026-09-28 06:48:00,1.13808,1.13818,1.13808,1.13815,0.0
2026-09-28 06:49:00,1.13811,1.13816,1.1381,1.13816,0.0
2026-09-28 06:50:00,1.13814,1.13814,1.13799,1.13803,0.0
2026-09-28 06:51:00,1.1381,1.1381,1.13799,1.13802,0.0
2026-09-28 06:52:00,1.13805,1.13805,1.13799,1.138,0.0
2026-09-28 06:53:00,1.13802,1.13816,1.13768,1.13779,0.0
2026-09-28 06:54:00,1.13799,1.13799,1.13762,1.13766,0.0
2026-09-28 06:55:00,1.13773,1.13773,1.13758,1.1376,0.0
2026-09-28 06:56:00,1.13763,1.13772,1.13763,1.13769,0.0
2026-09-28 06:57:00,1.13763,1.13773,1.13763,1.13772,0.0
2026-09-28 06:58:00,1.1377,1.1377,1.13763,1.13765,0.0
2026-09-28 06:59:00,1.13767,1.13776,1.13767,1.13774,0.0
2026-09-28 07:00:00,1.13771,1.13785,1.13758,1.13782,0.0
2026-09-28 07:01:00,1.13775,1.13775,1.1374,1.13747,0.0
2026-09-28 07:02:00,1.13756,1.13756,1.13729,1.13734,0.0
2026-09-28 07:03:00,1.13743,1.13743,1.13728,1.13729,0.0
2026-09-28 07:04:00,1.13732,1.13735,1.13729,1.13732,0.0
2026-09-28 07:05:00,1.1373,1.13736,1.1373,1.13735,0.0
2026-09-28 07:06:00,1.13732,1.13732,1.13724,1.13726,0.0
2026-09-28 07:07:00,1.13728,1.13738,1.13728,1.13736,0.0
2026-09-28 07:08:00,1.13728,1.13749,1.13728,1.13744,0.0
2026-09-28 07:09:00,1.13737,1.13755,1.13737,1.13752,0.0
2026-09-28 07:10:00,1.13743,1.13771,1.13743,1.13765,0.0
2026-09-28 07:11:00,1.13758,1.13771,1.13758,1.1377,0.0
2026-09-28 07:12:00,1.13765,1.13771,1.13764,1.1377,0.0
2026-09-28 07:13:00,1.13769,1.1377,1.13758,1.13762,0.0
2026-09-28 07:14:00,1.13767,1.13767,1.13754,1.13757,0.0
2026-09-28 07:15:00,1.13761,1.13761,1.13731,1.13738,0.0
2026-09-28 07:16:00,1.13752,1.13752,1.13732,1.13734,0.0
2026-09-28 07:17:00,1.13738,1.13748,1.13738,1.13746,0.0
2026-09-28 07:18:00,1.13741,1.13752,1.13741,1.13751,0.0
2026-09-28 07:19:00,1.13745,1.13759,1.13745,1.13756,0.0
2026-09-28 07:20:00,1.13753,1.13764,1.13744,1.13762,0.0
2026-09-28 07:21:00,1.13756,1.13756,1.13738,1.1374,0.0
2026-09-28 07:22:00,1.13744,1.13748,1.1374,1.13744,0.0
2026-09-28 07:23:00,1.1374,1.13764,1.13739,1.13759,0.0
2026-09-28 07:24:00,1.13751,1.13767,1.13751,1.13765,0.0
2026-09-28 07:25:00,1.13759,1.13774,1.13759,1.13772,0.0
2026-09-28 07:26:00,1.13768,1.13772,1.13768,1.13772,0.0
2026-09-28 07:27:00,1.13771,1.13772,1.13768,1.13771,0.0
2026-09-28 07:28:00,1.13769,1.13772,1.13766,1.13771,0.0
2026-09-28 07:29:00,1.1377,1.1377,1.13757,1.13761,0.0
2026-09-28 07:30:00,1.13766,1.13768,1.13757,1.13758,0.0
2026-09-28 07:31:00,1.13761,1.13769,1.13761,1.13768,0.0
2026-09-28 07:32:00,1.13762,1.13786,1.13759,1.1378,0.0
2026-09-28 07:33:00,1.13772,1.13789,1.13771,1.13787,0.0
2026-09-28 07:34:00,1.13782,1.13782,1.13768,1.1377,0.0
2026-09-28 07:35:00,1.13772,1.13772,1.1377,1.1377,0.0
2026-09-28 07:36:00,1.1377,1.13777,1.1377,1.13776,0.0
2026-09-28 07:37:00,1.13772,1.13779,1.13772,1.13777,0.0
2026-09-28 07:38:00,1.13775,1.13779,1.13774,1.13779,0.0
2026-09-28 07:39:00,1.13778,1.13778,1.13763,1.13766,0.0
2026-09-28 07:40:00,1.13772,1.13772,1.13758,1.13762,0.0
2026-09-28 07:41:00,1.13766,1.13774,1.1375,1.13753,0.0
2026-09-28 07:42:00,1.13762,1.13773,1.13762,1.13772,0.0
2026-09-28 07:43:00,1.13769,1.13769,1.13754,1.13759,0.0
2026-09-28 07:44:00,1.13766,1.13766,1.13751,1.13754,0.0
2026-09-28 07:45:00,1.13758,1.1377,1.13743,1.13746,0.0
2026-09-28 07:46:00,1.13752,1.1378,1.13752,1.13775,0.0
2026-09-28 07:47:00,1.13766,1.13786,1.13766,1.13784,0.0
2026-09-28 07:48:00,1.13778,1.13809,1.13775,1.138,0.0
2026-09-28 07:49:00,1.13787,1.13834,1.13787,1.13825,0.0
2026-09-28 07:50:00,1.13801,1.13851,1.13801,1.13845,0.0
2026-09-28 07:51:00,1.13837,1.13851,1.13837,1.1385,0.0
2026-09-28 07:52:00,1.13847,1.13847,1.13834,1.13837,0.0
2026-09-28 07:53:00,1.13844,1.13858,1.13819,1.13827,0.0
2026-09-28 07:54:00,1.13842,1.13842,1.1381,1.13813,0.0
2026-09-28 07:55:00,1.1382,1.13825,1.13816,1.13817,0.0
2026-09-28 07:56:00,1.13817,1.13839,1.13817,1.13834,0.0
2026-09-28 07:57:00,1.13825,1.13842,1.13815,1.1384,0.0
2026-09-28 07:58:00,1.13836,1.13836,1.13812,1.13816,0.0
2026-09-28 07:59:00,1.13823,1.13834,1.13815,1.13817,0.0
2026-09-28 08:00:00,1.13823,1.1384,1.13823,1.13838,0.0
2026-09-28 08:01:00,1.13829,1.13877,1.13809,1.13864,0.0
2026-09-28 08:02:00,1.13847,1.13888,1.13847,1.13883,0.0
2026-09-28 08:03:00,1.13868,1.13898,1.13868,1.13895,0.0
2026-09-28 08:04:00,1.13888,1.13895,1.13849,1.13861,0.0
2026-09-28 08:05:00,1.13882,1.13882,1.13855,1.13858,0.0
2026-09-28 08:06:00,1.13864,1.13869,1.13849,1.13868,0.0
2026-09-28 08:07:00,1.13864,1.13864,1.1382,1.13831,0.0
2026-09-28 08:08:00,1.13851,1.13851,1.13817,1.13821,0.0
2026-09-28 08:09:00,1.13828,1.13835,1.1382,1.13834,0.0
2026-09-28 08:10:00,1.13831,1.13831,1.13817,1.13818,0.0
2026-09-28 08:11:00,1.13821,1.13825,1.13812,1.13824,0.0
2026-09-28 08:12:00,1.13821,1.13821,1.13808,1.1381,0.0
2026-09-28 08:13:00,1.13816,1.13816,1.1381,1.13816,0.0
2026-09-28 08:14:00,1.13813,1.13833,1.13803,1.13827,0.0
2026-09-28 08:15:00,1.13817,1.13836,1.13817,1.13834,0.0
2026-09-28 08:16:00,1.13828,1.13836,1.13821,1.13835,0.0
2026-09-28 08:17:00,1.13833,1.13833,1.13821,1.13823,0.0
2026-09-28 08:18:00,1.13825,1.1383,1.13825,1.1383,0.0
2026-09-28 08:19:00,1.13828,1.13828,1.13821,1.13828,0.0
2026-09-28 08:20:00,1.13827,1.13832,1.13808,1.13814,0.0
2026-09-28 08:21:00,1.13824,1.1384,1.13783,1.13792,0.0
2026-09-28 08:22:00,1.13814,1.13857,1.13814,1.1385,0.0
2026-09-28 08:23:00,1.1383,1.1387,1.1383,1.13866,0.0
2026-09-28 08:24:00,1.1386,1.13871,1.13849,1.1387,0.0
2026-09-28 08:25:00,1.13866,1.13866,1.13849,1.13852,0.0
2026-09-28 08:26:00,1.13858,1.13858,1.13846,1.1385,0.0
2026-09-28 08:27:00,1.13856,1.13856,1.13833,1.1384,0.0
2026-09-28 08:28:00,1.13851,1.13851,1.13819,1.13825,0.0
2026-09-28 08:29:00,1.13835,1.13835,1.13802,1.13809,0.0
2026-09-28 08:30:00,1.13821,1.13821,1.13792,1.13796,0.0
2026-09-28 08:31:00,1.138,1.138,1.13781,1.13785,0.0
2026-09-28 08:32:00,1.13791,1.13799,1.1377,1.13774,0.0
2026-09-28 08:33:00,1.13785,1.13807,1.13785,1.13803,0.0
2026-09-28 08:34:00,1.13793,1.1381,1.13792,1.13808,0.0
2026-09-28 08:35:00,1.13803,1.13803,1.13786,1.13788,0.0
2026-09-28 08:36:00,1.13792,1.13792,1.1378,1.13783,0.0
2026-09-28 08:37:00,1.13787,1.13787,1.13779,1.1378,0.0
2026-09-28 08:38:00,1.13781,1.13787,1.1378,1.13787,0.0
2026-09-28 08:39:00,1.13785,1.13785,1.13777,1.13778,0.0
2026-09-28 08:40:00,1.1378,1.13784,1.1378,1.13784,0.0
2026-09-28 08:41:00,1.13781,1.13787,1.13779,1.13781,0.0
2026-09-28 08:42:00,1.13782,1.13789,1.13782,1.13788,0.0
2026-09-28 08:43:00,1.13781,1.13791,1.13781,1.1379,0.0
2026-09-28 08:44:00,1.13787,1.13796,1.1377,1.13793,0.0
2026-09-28 08:45:00,1.13787,1.13787,1.13769,1.13771,0.0
2026-09-28 08:46:00,1.13775,1.13784,1.13775,1.13784,0.0
2026-09-28 08:47:00,1.13782,1.13797,1.13776,1.13777,0.0
2026-09-28 08:48:00,1.13778,1.13799,1.13778,1.13798,0.0
2026-09-28 08:49:00,1.13795,1.13795,1.13786,1.13789,0.0
2026-09-28 08:50:00,1.13793,1.13793,1.13777,1.1378,0.0
2026-09-28 08:51:00,1.13784,1.13784,1.13771,1.13773,0.0
2026-09-28 08:52:00,1.13775,1.13781,1.13775,1.13775,0.0
2026-09-28 08:53:00,1.13776,1.13779,1.13775,1.13779,0.0
2026-09-28 08:54:00,1.13775,1.13785,1.13775,1.13783,0.0
2026-09-28 08:55:00,1.1378,1.13782,1.13776,1.13782,0.0
2026-09-28 08:56:00,1.1378,1.13785,1.1378,1.13784,0.0
2026-09-28 08:57:00,1.13782,1.13783,1.13773,1.13782,0.0
2026-09-28 08:58:00,1.13781,1.13781,1.13772,1.13774,0.0
2026-09-28 08:59:00,1.13776,1.13776,1.13763,1.13766,0.0
2026-09-28 09:00:00,1.1377,1.1377,1.13753,1.13758,0.0
2026-09-28 09:01:00,1.13765,1.13765,1.13754,1.13755,0.0
2026-09-28 09:02:00,1.13757,1.13761,1.13755,1.13761,0.0
2026-09-28 09:03:00,1.13759,1.13764,1.13753,1.13754,0.0
2026-09-28 09:04:00,1.13757,1.13766,1.13752,1.13764,0.0
2026-09-28 09:05:00,1.1376,1.1376,1.13744,1.13747,0.0
2026-09-28 09:06:00,1.13752,1.1376,1.13744,1.13745,0.0
2026-09-28 09:07:00,1.13746,1.13768,1.13746,1.13766,0.0
2026-09-28 09:08:00,1.1376,1.13767,1.13758,1.13766,0.0
2026-09-28 09:09:00,1.13764,1.13764,1.13737,1.13745,0.0
2026-09-28 09:10:00,1.13759,1.13759,1.13736,1.13738,0.0
2026-09-28 09:11:00,1.13744,1.13763,1.13744,1.13758,0.0
2026-09-28 09:12:00,1.13744,1.13775,1.13744,1.1377,0.0
2026-09-28 09:13:00,1.13764,1.13772,1.13764,1.13772,0.0
2026-09-28 09:14:00,1.1377,1.1377,1.1376,1.13762,0.0
2026-09-28 09:15:00,1.13767,1.13767,1.13758,1.1376,0.0
2026-09-28 09:16:00,1.13762,1.13762,1.13755,1.13757,0.0
2026-09-28 09:17:00,1.13759,1.13759,1.13753,1.13754,0.0
2026-09-28 09:18:00,1.13756,1.13765,1.13756,1.13763,0.0
2026-09-28 09:19:00,1.13756,1.1377,1.13756,1.13768,0.0
2026-09-28 09:20:00,1.13764,1.13772,1.13764,1.13771,0.0
2026-09-28 09:21:00,1.13767,1.13778,1.13767,1.13776,0.0
2026-09-28 09:22:00,1.13773,1.13777,1.13773,1.13777,0.0
2026-09-28 09:23:00,1.13773,1.13784,1.13773,1.13781,0.0
2026-09-28 09:24:00,1.13777,1.13781,1.13777,1.13781,0.0
2026-09-28 09:25:00,1.13779,1.13787,1.13775,1.13776,0.0
2026-09-28 09:26:00,1.13779,1.13784,1.13775,1.13784,0.0
2026-09-28 09:27:00,1.13782,1.13786,1.13779,1.13785,0.0
2026-09-28 09:28:00,1.13783,1.13786,1.13779,1.13785,0.0
2026-09-28 09:29:00,1.13784,1.13787,1.13784,1.13787,0.0
2026-09-28 09:30:00,1.13785,1.13785,1.13781,1.13785,0.0
2026-09-28 09:31:00,1.13784,1.13784,1.13776,1.13778,0.0
2026-09-28 09:32:00,1.13781,1.13784,1.13778,1.13778,0.0
2026-09-28 09:33:00,1.13779,1.13781,1.13777,1.13781,0.0
2026-09-28 09:34:00,1.13779,1.13788,1.13775,1.13776,0.0
2026-09-28 09:35:00,1.1378,1.13785,1.1378,1.13785,0.0
2026-09-28 09:36:00,1.13783,1.13784,1.13781,1.13781,0.0
2026-09-28 09:37:00,1.13782,1.13782,1.1378,1.1378,0.0
2026-09-28 09:38:00,1.1378,1.13782,1.13775,1.13782,0.0
2026-09-28 09:39:00,1.13781,1.13781,1.1377,1.13771,0.0
2026-09-28 09:40:00,1.13773,1.13779,1.13772,1.13779,0.0
2026-09-28 09:41:00,1.13777,1.13777,1.13772,1.13772,0.0
2026-09-28 09:42:00,1.13773,1.13777,1.13773,1.13777,0.0
2026-09-28 09:43:00,1.13772,1.13784,1.13772,1.13781,0.0
2026-09-28 09:44:00,1.13777,1.13782,1.13777,1.13782,0.0
2026-09-28 09:45:00,1.13779,1.13786,1.13779,1.13784,0.0
2026-09-28 09:46:00,1.1378,1.13784,1.13776,1.13784,0.0
2026-09-28 09:47:00,1.13781,1.13781,1.13773,1.13774,0.0
2026-09-28 09:48:00,1.13777,1.13779,1.13776,1.13779,0.0
2026-09-28 09:49:00,1.13778,1.13778,1.13773,1.13774,0.0
2026-09-28 09:50:00,1.13775,1.1378,1.13775,1.13775,0.0
2026-09-28 09:51:00,1.13776,1.13779,1.1377,1.13779,0.0
2026-09-28 09:52:00,1.13777,1.13777,1.13773,1.13773,0.0
2026-09-28 09:53:00,1.13774,1.13775,1.13771,1.13775,0.0
2026-09-28 09:54:00,1.13773,1.13777,1.13772,1.13772,0.0
2026-09-28 09:55:00,1.13772,1.13774,1.13771,1.13774,0.0
2026-09-28 09:56:00,1.13771,1.13776,1.13771,1.13775,0.0
2026-09-28 09:57:00,1.13773,1.13784,1.13749,1.13773,0.0
2026-09-28 09:58:00,1.13773,1.13773,1.13736,1.13741,0.0
2026-09-28 09:59:00,1.13749,1.13749,1.13735,1.13736,0.0
2026-09-28 10:00:00,1.1374,1.13757,1.1374,1.13754,0.0
2026-09-28 10:01:00,1.13745,1.13755,1.13745,1.13754,0.0
2026-09-28 10:02:00,1.13752,1.13765,1.13728,1.13736,0.0
2026-09-28 10:03:00,1.13751,1.13751,1.1372,1.13723,0.0
2026-09-28 10:04:00,1.13728,1.13729,1.13723,1.13729,0.0
2026-09-28 10:05:00,1.13727,1.13734,1.13721,1.13722,0.0
2026-09-28 10:06:00,1.13726,1.13732,1.13726,1.13732,0.0
2026-09-28 10:07:00,1.1373,1.1373,1.13723,1.13724,0.0
2026-09-28 10:08:00,1.13727,1.13731,1.13726,1.13726,0.0
2026-09-28 10:09:00,1.13726,1.13741,1.13726,1.13738,0.0
2026-09-28 10:10:00,1.1373,1.1375,1.1373,1.13746,0.0
2026-09-28 10:11:00,1.13741,1.13759,1.13729,1.13756,0.0
2026-09-28 10:12:00,1.1375,1.1375,1.1372,1.13723,0.0
2026-09-28 10:13:00,1.13729,1.13738,1.13707,1.13713,0.0
2026-09-28 10:14:00,1.13725,1.13725,1.13701,1.13703,0.0
2026-09-28 10:15:00,1.13709,1.13713,1.13707,1.13712,0.0
2026-09-28 10:16:00,1.13707,1.13714,1.13707,1.13713,0.0
2026-09-28 10:17:00,1.13711,1.13711,1.137,1.13703,0.0
2026-09-28 10:18:00,1.13708,1.13708,1.13698,1.137,0.0
2026-09-28 10:19:00,1.13702,1.13702,1.1368,1.13702,0.0
2026-09-28 10:20:00,1.137,1.137,1.1367,1.13675,0.0
2026-09-28 10:21:00,1.13683,1.13683,1.13671,1.13672,0.0
2026-09-28 10:22:00,1.13675,1.13687,1.13675,1.13685,0.0
2026-09-28 10:23:00,1.13678,1.13692,1.13678,1.1369,0.0
2026-09-28 10:24:00,1.13687,1.13689,1.13685,1.13689,0.0
2026-09-28 10:25:00,1.13686,1.1371,1.13677,1.13703,0.0
2026-09-28 10:26:00,1.13693,1.13712,1.13693,1.1371,0.0
2026-09-28 10:27:00,1.13704,1.13718,1.13704,1.13717,0.0
2026-09-28 10:28:00,1.13713,1.13718,1.1371,1.13711,0.0
2026-09-28 10:29:00,1.13711,1.13726,1.13711,1.13723,0.0
2026-09-28 10:30:00,1.13717,1.13728,1.13717,1.13727,0.0
2026-09-28 10:31:00,1.13724,1.13728,1.13716,1.13728,0.0
2026-09-28 10:32:00,1.13726,1.13726,1.13715,1.13716,0.0
2026-09-28 10:33:00,1.13719,1.13719,1.13713,1.13714,0.0
2026-09-28 10:34:00,1.13715,1.1372,1.13711,1.13712,0.0
2026-09-28 10:35:00,1.13715,1.13719,1.13715,1.13718,0.0
2026-09-28 10:36:00,1.13714,1.1372,1.13711,1.1372,0.0
2026-09-28 10:37:00,1.13718,1.13718,1.1371,1.13712,0.0
2026-09-28 10:38:00,1.13713,1.13723,1.13713,1.13721,0.0
2026-09-28 10:39:00,1.13716,1.13729,1.13716,1.13726,0.0
2026-09-28 10:40:00,1.1372,1.13735,1.1372,1.13733,0.0
2026-09-28 10:41:00,1.13727,1.13742,1.13727,1.13739,0.0
2026-09-28 10:42:00,1.13735,1.13741,1.13735,1.13741,0.0
2026-09-28 10:43:00,1.13738,1.13744,1.13737,1.13743,0.0
2026-09-28 10:44:00,1.13741,1.13741,1.13733,1.13735,0.0
2026-09-28 10:45:00,1.13737,1.13744,1.13731,1.13732,0.0
2026-09-28 10:46:00,1.13736,1.13743,1.13732,1.13742,0.0
2026-09-28 10:47:00,1.13739,1.13739,1.13731,1.13732,0.0
2026-09-28 10:48:00,1.13733,1.13736,1.13728,1.13736,0.0
2026-09-28 10:49:00,1.13734,1.13734,1.13727,1.13728,0.0
2026-09-28 10:50:00,1.13728,1.13737,1.13728,1.13735,0.0
2026-09-28 10:51:00,1.13731,1.13736,1.13719,1.13736,0.0
2026-09-28 10:52:00,1.13734,1.13734,1.13723,1.13724,0.0
2026-09-28 10:53:00,1.13728,1.13729,1.13723,1.13729,0.0
2026-09-28 10:54:00,1.13727,1.13733,1.13727,1.13731,0.0
2026-09-28 10:55:00,1.13729,1.1373,1.13723,1.1373,0.0
2026-09-28 10:56:00,1.13728,1.13731,1.13726,1.13726,0.0
2026-09-28 10:57:00,1.13726,1.13728,1.13726,1.13728,0.0
2026-09-28 10:58:00,1.13726,1.13736,1.13726,1.13734,0.0
2026-09-28 10:59:00,1.13729,1.13738,1.13729,1.13737,0.0
2026-09-28 11:00:00,1.13733,1.13739,1.13733,1.13739,0.0
2026-09-28 11:01:00,1.13737,1.13737,1.13722,1.13726,0.0
2026-09-28 11:02:00,1.13733,1.13733,1.13718,1.13722,0.0
2026-09-28 11:03:00,1.13728,1.13728,1.13713,1.13715,0.0
2026-09-28 11:04:00,1.13719,1.13721,1.13718,1.13721,0.0
2026-09-28 11:05:00,1.13718,1.13726,1.13718,1.13724,0.0
2026-09-28 11:06:00,1.1372,1.13723,1.13719,1.13723,0.0
2026-09-28 11:07:00,1.1372,1.13724,1.13718,1.13723,0.0
2026-09-28 11:08:00,1.13722,1.13722,1.13716,1.13718,0.0
2026-09-28 11:09:00,1.1372,1.1372,1.13713,1.13715,0.0
2026-09-28 11:10:00,1.13717,1.13717,1.13711,1.13712,0.0
2026-09-28 11:11:00,1.13714,1.13715,1.1371,1.13715,0.0
2026-09-28 11:12:00,1.13714,1.13714,1.13701,1.13704,0.0
2026-09-28 11:13:00,1.13709,1.13709,1.13701,1.13703,0.0
2026-09-28 11:14:00,1.13705,1.13712,1.13697,1.13699,0.0
2026-09-28 11:15:00,1.13704,1.13711,1.13704,1.13711,0.0
2026-09-28 11:16:00,1.13707,1.13731,1.13698,1.13724,0.0
2026-09-28 11:17:00,1.13714,1.13732,1.13714,1.13731,0.0
2026-09-28 11:18:00,1.13725,1.13736,1.13725,1.13735,0.0
2026-09-28 11:19:00,1.13732,1.13732,1.13719,1.13722,0.0
2026-09-28 11:20:00,1.13728,1.13731,1.1372,1.13722,0.0
2026-09-28 11:21:00,1.13723,1.13734,1.13723,1.13732,0.0
2026-09-28 11:22:00,1.13729,1.13743,1.13729,1.13739,0.0
2026-09-28 11:23:00,1.13729,1.1375,1.13729,1.13748,0.0
2026-09-28 11:24:00,1.13744,1.1375,1.13736,1.13749,0.0
2026-09-28 11:25:00,1.13745,1.13745,1.13735,1.13736,0.0
2026-09-28 11:26:00,1.13738,1.13741,1.13738,1.13741,0.0
2026-09-28 11:27:00,1.13738,1.13749,1.13737,1.13746,0.0
2026-09-28 11:28:00,1.13741,1.13747,1.13741,1.13746,0.0
2026-09-28 11:29:00,1.13744,1.13751,1.13741,1.1375,0.0
2026-09-28 11:30:00,1.13747,1.1375,1.13744,1.1375,0.0
2026-09-28 11:31:00,1.13749,1.13754,1.13744,1.13753,0.0
2026-09-28 11:32:00,1.13748,1.13761,1.13748,1.13758,0.0
2026-09-28 11:33:00,1.13754,1.1376,1.13751,1.1376,0.0
2026-09-28 11:34:00,1.13758,1.13758,1.13745,1.13748,0.0
2026-09-28 11:35:00,1.13755,1.13757,1.13751,1.13755,0.0
2026-09-28 11:36:00,1.13751,1.13764,1.13751,1.13762,0.0
2026-09-28 11:37:00,1.13759,1.13762,1.13754,1.13762,0.0
2026-09-28 11:38:00,1.13758,1.13768,1.13758,1.13766,0.0
2026-09-28 11:39:00,1.13763,1.13769,1.13759,1.13768,0.0
2026-09-28 11:40:00,1.13764,1.1377,1.13759,1.1377,0.0
2026-09-28 11:41:00,1.13768,1.13768,1.13751,1.13756,0.0
2026-09-28 11:42:00,1.13765,1.13765,1.13748,1.13752,0.0
2026-09-28 11:43:00,1.1376,1.1376,1.13745,1.13746,0.0
2026-09-28 11:44:00,1.1375,1.13755,1.1375,1.13755,0.0
2026-09-28 11:45:00,1.1375,1.1376,1.1375,1.13758,0.0
2026-09-28 11:46:00,1.13755,1.1376,1.13748,1.13759,0.0
2026-09-28 11:47:00,1.13756,1.13756,1.13745,1.13747,0.0
2026-09-28 11:48:00,1.13749,1.13749,1.13737,1.1374,0.0
2026-09-28 11:49:00,1.13744,1.13744,1.13732,1.13735,0.0
2026-09-28 11:50:00,1.13741,1.13741,1.13726,1.13728,0.0
2026-09-28 11:51:00,1.13732,1.13732,1.13723,1.13725,0.0
2026-09-28 11:52:00,1.13727,1.13727,1.13723,1.13723,0.0
2026-09-28 11:53:00,1.13724,1.13728,1.13714,1.13727,0.0
2026-09-28 11:54:00,1.13724,1.13724,1.13713,1.13714,0.0
2026-09-28 11:55:00,1.13715,1.13721,1.13711,1.13715,0.0
2026-09-28 11:56:00,1.1371,1.13738,1.1371,1.13732,0.0
2026-09-28 11:57:00,1.13724,1.1375,1.13724,1.13745,0.0
2026-09-28 11:58:00,1.13731,1.13763,1.13731,1.13759,0.0
2026-09-28 11:59:00,1.13752,1.13763,1.13745,1.13762,0.0
2026-09-28 12:00:00,1.13759,1.13759,1.13745,1.13748,0.0
2026-09-28 12:01:00,1.13751,1.13754,1.13745,1.13754,0.0
2026-09-28 12:02:00,1.13753,1.13753,1.13742,1.13745,0.0
2026-09-28 12:03:00,1.1375,1.1375,1.13729,1.13733,0.0
2026-09-28 12:04:00,1.1374,1.13758,1.13726,1.13728,0.0
2026-09-28 12:05:00,1.13725,1.1378,1.13725,1.13772,0.0
2026-09-28 12:06:00,1.13762,1.13789,1.13762,1.13785,0.0
2026-09-28 12:07:00,1.13772,1.13805,1.13772,1.138,0.0
2026-09-28 12:08:00,1.13792,1.13809,1.13789,1.13807,0.0
2026-09-28 12:09:00,1.13802,1.13802,1.13773,1.13779,0.0
2026-09-28 12:10:00,1.13789,1.13789,1.13771,1.13776,0.0
2026-09-28 12:11:00,1.13783,1.13783,1.13758,1.13765,0.0
2026-09-28 12:12:00,1.13778,1.13778,1.13764,1.13765,0.0
2026-09-28 12:13:00,1.13768,1.13771,1.13755,1.13771,0.0
2026-09-28 12:14:00,1.13768,1.13769,1.13759,1.1376,0.0
2026-09-28 12:15:00,1.13764,1.13767,1.13762,1.13767,0.0
2026-09-28 12:16:00,1.13764,1.13774,1.13762,1.13771,0.0
2026-09-28 12:17:00,1.13767,1.13772,1.13764,1.13772,0.0
2026-09-28 12:18:00,1.1377,1.1377,1.13754,1.13758,0.0
2026-09-28 12:19:00,1.13766,1.13768,1.13757,1.13759,0.0
2026-09-28 12:20:00,1.1376,1.1378,1.1376,1.13776,0.0
2026-09-28 12:21:00,1.13768,1.13787,1.13768,1.13784,0.0
2026-09-28 12:22:00,1.13778,1.13789,1.13767,1.13788,0.0
2026-09-28 12:23:00,1.13786,1.13786,1.13754,1.13761,0.0
2026-09-28 12:24:00,1.13772,1.13772,1.13755,1.13758,0.0
2026-09-28 12:25:00,1.13761,1.13767,1.13759,1.13765,0.0
2026-09-28 12:26:00,1.13763,1.13767,1.13762,1.13766,0.0
2026-09-28 12:27:00,1.13761,1.13766,1.13757,1.13765,0.0
2026-09-28 12:28:00,1.13764,1.13764,1.13749,1.13752,0.0
2026-09-28 12:29:00,1.13757,1.13757,1.13744,1.13746,0.0
2026-09-28 12:30:00,1.1375,1.1375,1.13741,1.13742,0.0
2026-09-28 12:31:00,1.13744,1.13744,1.13737,1.13739,0.0
2026-09-28 12:32:00,1.13742,1.13742,1.13736,1.13737,0.0
2026-09-28 12:33:00,1.13739,1.13743,1.13729,1.13742,0.0
2026-09-28 12:34:00,1.13739,1.1374,1.13728,1.13729,0.0
2026-09-28 12:35:00,1.13732,1.13742,1.13732,1.13741,0.0
2026-09-28 12:36:00,1.13734,1.13745,1.13732,1.13744,0.0
2026-09-28 12:37:00,1.1374,1.1374,1.13724,1.13728,0.0
2026-09-28 12:38:00,1.13734,1.13737,1.13724,1.13725,0.0
2026-09-28 12:39:00,1.13729,1.13735,1.13724,1.13735,0.0
2026-09-28 12:40:00,1.13733,1.13733,1.13726,1.13727,0.0
2026-09-28 12:41:00,1.13729,1.13729,1.1371,1.13715,0.0
2026-09-28 12:42:00,1.13723,1.13723,1.13706,1.13709,0.0
2026-09-28 12:43:00,1.13713,1.13714,1.13705,1.13706,0.0
2026-09-28 12:44:00,1.13709,1.13717,1.13702,1.13716,0.0
2026-09-28 12:45:00,1.13712,1.13712,1.13698,1.13699,0.0
2026-09-28 12:46:00,1.13703,1.13703,1.13698,1.13703,0.0
2026-09-28 12:47:00,1.137,1.13702,1.13691,1.13702,0.0
2026-09-28 12:48:00,1.137,1.137,1.13679,1.13684,0.0
2026-09-28 12:49:00,1.13691,1.13693,1.1368,1.13681,0.0
2026-09-28 12:50:00,1.13684,1.13691,1.13684,1.13691,0.0
2026-09-28 12:51:00,1.13689,1.13695,1.13689,1.13694,0.0
2026-09-28 12:52:00,1.13691,1.13692,1.13676,1.13692,0.0
2026-09-28 12:53:00,1.1369,1.1369,1.13665,1.1367,0.0
2026-09-28 12:54:00,1.13677,1.13681,1.13668,1.13669,0.0
2026-09-28 12:55:00,1.13673,1.13681,1.1367,1.1368,0.0
2026-09-28 12:56:00,1.13677,1.13686,1.13664,1.13667,0.0
2026-09-28 12:57:00,1.13674,1.13691,1.13674,1.13688,0.0
2026-09-28 12:58:00,1.13679,1.13708,1.13679,1.13703,0.0
2026-09-28 12:59:00,1.13694,1.13707,1.13694,1.13706,0.0
2026-09-28 13:00:00,1.13703,1.13704,1.13701,1.13703,0.0
2026-09-28 13:01:00,1.13702,1.13702,1.13679,1.13687,0.0
2026-09-28 13:02:00,1.137,1.137,1.13669,1.13674,0.0
2026-09-28 13:03:00,1.13683,1.13683,1.13669,1.1367,0.0
2026-09-28 13:04:00,1.13672,1.13679,1.13657,1.13672,0.0
2026-09-28 13:05:00,1.13672,1.13672,1.13648,1.13652,0.0
2026-09-28 13:06:00,1.13658,1.13658,1.1365,1.13652,0.0
2026-09-28 13:07:00,1.13654,1.13655,1.13652,1.13652,0.0
2026-09-28 13:08:00,1.13652,1.13661,1.13636,1.13652,0.0
2026-09-28 13:09:00,1.13651,1.13651,1.1363,1.13633,0.0
2026-09-28 13:10:00,1.13637,1.13641,1.13635,1.13637,0.0
2026-09-28 13:11:00,1.13636,1.13643,1.13636,1.13643,0.0
2026-09-28 13:12:00,1.13641,1.13641,1.13625,1.13628,0.0
2026-09-28 13:13:00,1.13633,1.13633,1.13627,1.13629,0.0
2026-09-28 13:14:00,1.1363,1.13636,1.13623,1.13624,0.0
2026-09-28 13:15:00,1.13628,1.13634,1.13628,1.13634,0.0
2026-09-28 13:16:00,1.13632,1.13643,1.13624,1.13626,0.0
2026-09-28 13:17:00,1.13632,1.1364,1.13632,1.1364,0.0
2026-09-28 13:18:00,1.13637,1.13642,1.13635,1.13641,0.0
2026-09-28 13:19:00,1.1364,1.1364,1.13631,1.13633,0.0
2026-09-28 13:20:00,1.13636,1.13644,1.13629,1.13631,0.0
2026-09-28 13:21:00,1.13633,1.13646,1.13633,1.13645,0.0
2026-09-28 13:22:00,1.13641,1.1365,1.13641,1.13649,0.0
2026-09-28 13:23:00,1.13644,1.13654,1.13644,1.13652,0.0
2026-09-28 13:24:00,1.1365,1.13653,1.13649,1.13653,0.0
2026-09-28 13:25:00,1.13651,1.13662,1.13641,1.13644,0.0
2026-09-28 13:26:00,1.13651,1.13664,1.13651,1.13663,0.0
2026-09-28 13:27:00,1.13656,1.13671,1.13656,1.13669,0.0
2026-09-28 13:28:00,1.13666,1.13671,1.13658,1.1367,0.0
2026-09-28 13:29:00,1.13666,1.13666,1.13652,1.13655,0.0
2026-09-28 13:30:00,1.13659,1.13661,1.13652,1.13653,0.0
2026-09-28 13:31:00,1.13653,1.13662,1.13648,1.13661,0.0
2026-09-28 13:32:00,1.13659,1.13659,1.13647,1.13648,0.0
2026-09-28 13:33:00,1.1365,1.13653,1.13633,1.13639,0.0
2026-09-28 13:34:00,1.13648,1.13648,1.13591,1.13605,0.0
2026-09-28 13:35:00,1.13626,1.13626,1.13577,1.13584,0.0
2026-09-28 13:36:00,1.13598,1.13598,1.13578,1.13579,0.0
2026-09-28 13:37:00,1.13583,1.13608,1.13583,1.13601,0.0
2026-09-28 13:38:00,1.13579,1.13642,1.13579,1.1363,0.0
2026-09-28 13:39:00,1.13613,1.13647,1.13613,1.13643,0.0
2026-09-28 13:40:00,1.13633,1.13654,1.13633,1.13652,0.0
2026-09-28 13:41:00,1.13647,1.13658,1.13647,1.13656,0.0
2026-09-28 13:42:00,1.1365,1.13661,1.1365,1.1366,0.0
2026-09-28 13:43:00,1.13657,1.13661,1.13652,1.1366,0.0
2026-09-28 13:44:00,1.13659,1.13667,1.13657,1.13665,0.0
2026-09-28 13:45:00,1.13656,1.13682,1.13656,1.13677,0.0
2026-09-28 13:46:00,1.13669,1.13689,1.13661,1.13686,0.0
2026-09-28 13:47:00,1.13679,1.1368,1.13657,1.1366,0.0
2026-09-28 13:48:00,1.13668,1.13692,1.13668,1.13687,0.0
2026-09-28 13:49:00,1.13672,1.13704,1.13672,1.137,0.0
2026-09-28 13:50:00,1.13694,1.13704,1.13691,1.13703,0.0
2026-09-28 13:51:00,1.137,1.137,1.1366,1.13671,0.0
2026-09-28 13:52:00,1.13691,1.13691,1.13657,1.13662,0.0
2026-09-28 13:53:00,1.13669,1.13669,1.13658,1.1366,0.0
2026-09-28 13:54:00,1.13663,1.13665,1.13657,1.13658,0.0
2026-09-28 13:55:00,1.13661,1.13663,1.1366,1.13663,0.0
2026-09-28 13:56:00,1.13661,1.13661,1.13643,1.13649,0.0
2026-09-28 13:57:00,1.13657,1.13657,1.13627,1.13632,0.0
2026-09-28 13:58:00,1.13641,1.13648,1.13626,1.13629,0.0
2026-09-28 13:59:00,1.13636,1.13647,1.13634,1.13646,0.0
2026-09-28 14:00:00,1.13643,1.13643,1.13636,1.13637,0.0
2026-09-28 14:01:00,1.13638,1.13639,1.13634,1.13638,0.0
2026-09-28 14:02:00,1.13637,1.13645,1.13637,1.13643,0.0
2026-09-28 14:03:00,1.13638,1.13648,1.13638,1.13646,0.0
2026-09-28 14:04:00,1.13643,1.13652,1.1363,1.1365,0.0
2026-09-28 14:05:00,1.13646,1.13646,1.13625,1.13627,0.0
2026-09-28 14:06:00,1.13632,1.13636,1.1362,1.13624,0.0
2026-09-28 14:07:00,1.1363,1.1363,1.13613,1.13616,0.0
2026-09-28 14:08:00,1.13621,1.13634,1.13618,1.13621,0.0
2026-09-28 14:09:00,1.13616,1.13648,1.13616,1.13644,0.0
2026-09-28 14:10:00,1.13637,1.13647,1.13637,1.13646,0.0
2026-09-28 14:11:00,1.13642,1.13664,1.13641,1.13658,0.0
2026-09-28 14:12:00,1.13647,1.13675,1.13647,1.1367,0.0
2026-09-28 14:13:00,1.13662,1.13683,1.13662,1.1368,0.0
2026-09-28 14:14:00,1.13673,1.13685,1.1367,1.13684,0.0
2026-09-28 14:15:00,1.13681,1.13681,1.13658,1.13665,0.0
2026-09-28 14:16:00,1.13676,1.13676,1.13665,1.13666,0.0
2026-09-28 14:17:00,1.13669,1.13671,1.13664,1.13671,0.0
2026-09-28 14:18:00,1.13669,1.13669,1.13652,1.13657,0.0
2026-09-28 14:19:00,1.13664,1.13664,1.13642,1.13647,0.0
2026-09-28 14:20:00,1.13655,1.13655,1.13642,1.13643,0.0
2026-09-28 14:21:00,1.13645,1.13648,1.13643,1.13648,0.0
2026-09-28 14:22:00,1.13646,1.13657,1.13644,1.13654,0.0
2026-09-28 14:23:00,1.13647,1.13668,1.13647,1.13663,0.0
2026-09-28 14:24:00,1.13656,1.1367,1.13656,1.13669,0.0
2026-09-28 14:25:00,1.13665,1.13681,1.13664,1.13677,0.0
2026-09-28 14:26:00,1.13671,1.13688,1.13671,1.13685,0.0
2026-09-28 14:27:00,1.13675,1.13689,1.13674,1.13688,0.0
2026-09-28 14:28:00,1.13685,1.13693,1.13665,1.13672,0.0
2026-09-28 14:29:00,1.13683,1.13683,1.13666,1.13667,0.0
2026-09-28 14:30:00,1.13671,1.13683,1.13671,1.13681,0.0
2026-09-28 14:31:00,1.13674,1.13687,1.13672,1.13686,0.0
2026-09-28 14:32:00,1.13683,1.13683,1.13645,1.13654,0.0
2026-09-28 14:33:00,1.13669,1.13669,1.13652,1.13654,0.0
2026-09-28 14:34:00,1.13656,1.13661,1.13656,1.1366,0.0
2026-09-28 14:35:00,1.13658,1.13662,1.13651,1.13661,0.0
2026-09-28 14:36:00,1.13659,1.13659,1.13644,1.13647,0.0
2026-09-28 14:37:00,1.13651,1.13651,1.13644,1.13646,0.0
2026-09-28 14:38:00,1.13645,1.13659,1.13645,1.13655,0.0
2026-09-28 14:39:00,1.13651,1.13661,1.13644,1.13659,0.0
2026-09-28 14:40:00,1.13655,1.13655,1.13635,1.13639,0.0
2026-09-28 14:41:00,1.13646,1.13646,1.13625,1.1363,0.0
2026-09-28 14:42:00,1.13637,1.13637,1.13614,1.13619,0.0
2026-09-28 14:43:00,1.13626,1.13626,1.13594,1.136,0.0
2026-09-28 14:44:00,1.1361,1.1361,1.13581,1.13586,0.0
2026-09-28 14:45:00,1.13595,1.13595,1.13576,1.13578,0.0
2026-09-28 14:46:00,1.13582,1.13585,1.13566,1.13571,0.0
2026-09-28 14:47:00,1.13578,1.13578,1.13563,1.13564,0.0
2026-09-28 14:48:00,1.13566,1.13567,1.13559,1.13566,0.0
2026-09-28 14:49:00,1.13564,1.13573,1.13554,1.13556,0.0
2026-09-28 14:50:00,1.13562,1.13585,1.13562,1.1358,0.0
2026-09-28 14:51:00,1.13566,1.13595,1.13566,1.13592,0.0
2026-09-28 14:52:00,1.13586,1.13586,1.13556,1.13564,0.0
2026-09-28 14:53:00,1.13578,1.13578,1.13554,1.13557,0.0
2026-09-28 14:54:00,1.13562,1.13562,1.13555,1.13557,0.0
2026-09-28 14:55:00,1.1356,1.13562,1.13549,1.13562,0.0
2026-09-28 14:56:00,1.1356,1.13588,1.13527,1.13536,0.0
2026-09-28 14:57:00,1.1356,1.13597,1.1356,1.13593,0.0
2026-09-28 14:58:00,1.13581,1.13642,1.13556,1.13627,0.0
2026-09-28 14:59:00,1.13605,1.13649,1.13605,1.13645,0.0
2026-09-28 15:00:00,1.13635,1.13654,1.13635,1.13651,0.0
2026-09-28 15:01:00,1.13646,1.13654,1.1363,1.13653,0.0
2026-09-28 15:02:00,1.1365,1.1365,1.13634,1.13637,0.0
2026-09-28 15:03:00,1.13641,1.13641,1.13613,1.13621,0.0
2026-09-28 15:04:00,1.13635,1.13635,1.13616,1.13619,0.0
2026-09-28 15:05:00,1.13622,1.13637,1.13614,1.13616,0.0
2026-09-28 15:06:00,1.13624,1.13639,1.13624,1.13638,0.0
2026-09-28 15:07:00,1.13633,1.13654,1.13625,1.13648,0.0
2026-09-28 15:08:00,1.1364,1.13654,1.1364,1.13653,0.0
2026-09-28 15:09:00,1.13649,1.13659,1.13649,1.13657,0.0
2026-09-28 15:10:00,1.13654,1.13657,1.13649,1.13657,0.0
2026-09-28 15:11:00,1.13654,1.13667,1.13651,1.13664,0.0
2026-09-28 15:12:00,1.13658,1.1367,1.13658,1.13668,0.0
2026-09-28 15:13:00,1.13664,1.13671,1.13658,1.13671,0.0
2026-09-28 15:14:00,1.13669,1.13669,1.13662,1.13664,0.0
2026-09-28 15:15:00,1.13667,1.13671,1.13645,1.1367,0.0
2026-09-28 15:16:00,1.13667,1.13674,1.13645,1.13649,0.0
2026-09-28 15:17:00,1.13659,1.13674,1.13659,1.13673,0.0
2026-09-28 15:18:00,1.13669,1.13677,1.13662,1.13675,0.0
2026-09-28 15:19:00,1.13673,1.13674,1.13665,1.13674,0.0
2026-09-28 15:20:00,1.13672,1.13679,1.13667,1.13677,0.0
2026-09-28 15:21:00,1.13673,1.13681,1.13671,1.13679,0.0
2026-09-28 15:22:00,1.13674,1.13687,1.13674,1.13686,0.0
2026-09-28 15:23:00,1.13682,1.13696,1.13682,1.13692,0.0
2026-09-28 15:24:00,1.13685,1.13703,1.13685,1.13701,0.0
2026-09-28 15:25:00,1.13694,1.13704,1.13693,1.13703,0.0
2026-09-28 15:26:00,1.13702,1.13703,1.13692,1.13703,0.0
2026-09-28 15:27:00,1.13701,1.13719,1.13689,1.13701,0.0
2026-09-28 15:28:00,1.13704,1.13719,1.13704,1.13718,0.0
2026-09-28 15:29:00,1.13714,1.13715,1.13702,1.13714,0.0
2026-09-28 15:30:00,1.13713,1.13713,1.13697,1.13701,0.0
2026-09-28 15:31:00,1.13707,1.13707,1.13693,1.13697,0.0
2026-09-28 15:32:00,1.13704,1.13705,1.137,1.13704,0.0
2026-09-28 15:33:00,1.13703,1.13706,1.13696,1.13706,0.0
2026-09-28 15:34:00,1.13704,1.13704,1.13692,1.13695,0.0
2026-09-28 15:35:00,1.137,1.137,1.13688,1.13691,0.0
2026-09-28 15:36:00,1.13695,1.13707,1.13695,1.13704,0.0
2026-09-28 15:37:00,1.137,1.13707,1.137,1.13706,0.0
2026-09-28 15:38:00,1.13701,1.13713,1.13701,1.13711,0.0
2026-09-28 15:39:00,1.13708,1.13722,1.13689,1.13718,0.0
2026-09-28 15:40:00,1.1371,1.1371,1.13679,1.13685,0.0
2026-09-28 15:41:00,1.13694,1.13694,1.13673,1.13678,0.0
2026-09-28 15:42:00,1.13687,1.13687,1.13675,1.13676,0.0
2026-09-28 15:43:00,1.13678,1.13682,1.13676,1.13682,0.0
2026-09-28 15:44:00,1.13681,1.13682,1.13676,1.13682,0.0
2026-09-28 15:45:00,1.1368,1.13684,1.13674,1.13683,0.0
2026-09-28 15:46:00,1.13681,1.13685,1.13673,1.13684,0.0
2026-09-28 15:47:00,1.13682,1.13682,1.1367,1.13672,0.0
2026-09-28 15:48:00,1.13675,1.13675,1.13667,1.13669,0.0
2026-09-28 15:49:00,1.13671,1.13678,1.13667,1.13671,0.0
2026-09-28 15:50:00,1.13672,1.13677,1.13672,1.13676,0.0
2026-09-28 15:51:00,1.13672,1.1368,1.13669,1.13679,0.0
2026-09-28 15:52:00,1.13677,1.13677,1.13653,1.1366,0.0
2026-09-28 15:53:00,1.13671,1.13671,1.13651,1.13654,0.0
2026-09-28 15:54:00,1.13661,1.13661,1.13643,1.13647,0.0
2026-09-28 15:55:00,1.13653,1.13653,1.13643,1.13645,0.0
2026-09-28 15:56:00,1.13647,1.1366,1.13639,1.13641,0.0
2026-09-28 15:57:00,1.13648,1.13667,1.13648,1.13664,0.0
2026-09-28 15:58:00,1.13654,1.13674,1.13654,1.13672,0.0
2026-09-28 15:59:00,1.13667,1.13669,1.13661,1.13669,0.0
2026-09-28 16:00:00,1.13666,1.13671,1.1366,1.1367,0.0
2026-09-28 16:01:00,1.13669,1.13669,1.13651,1.13656,0.0
2026-09-28 16:02:00,1.13664,1.13665,1.13656,1.13657,0.0
2026-09-28 16:03:00,1.13659,1.13663,1.13654,1.13663,0.0
2026-09-28 16:04:00,1.13662,1.13662,1.13649,1.13653,0.0
2026-09-28 16:05:00,1.13659,1.1367,1.13648,1.1365,0.0
2026-09-28 16:06:00,1.13655,1.13674,1.13655,1.13672,0.0
2026-09-28 16:07:00,1.13666,1.13676,1.13666,1.13674,0.0
2026-09-28 16:08:00,1.13671,1.13677,1.13657,1.13676,0.0
2026-09-28 16:09:00,1.13673,1.13673,1.13661,1.13663,0.0
2026-09-28 16:10:00,1.13665,1.13665,1.13652,1.13655,0.0
2026-09-28 16:11:00,1.1366,1.1366,1.13649,1.13653,0.0
2026-09-28 16:12:00,1.13658,1.13658,1.13644,1.13647,0.0
2026-09-28 16:13:00,1.13652,1.13654,1.13648,1.13649,0.0
2026-09-28 16:14:00,1.13649,1.13662,1.13649,1.13658,0.0
2026-09-28 16:15:00,1.13652,1.13662,1.13652,1.13662,0.0
2026-09-28 16:16:00,1.1366,1.13667,1.13652,1.13654,0.0
2026-09-28 16:17:00,1.1366,1.13686,1.1366,1.13679,0.0
2026-09-28 16:18:00,1.13659,1.13698,1.13659,1.13694,0.0
2026-09-28 16:19:00,1.13689,1.13705,1.13673,1.13701,0.0
2026-09-28 16:20:00,1.13695,1.13716,1.13651,1.13661,0.0
2026-09-28 16:21:00,1.13686,1.13746,1.13686,1.13734,0.0
2026-09-28 16:22:00,1.13707,1.13763,1.13707,1.13757,0.0
2026-09-28 16:23:00,1.13747,1.13762,1.13741,1.13761,0.0
2026-09-28 16:24:00,1.13757,1.13758,1.13741,1.13743,0.0
2026-09-28 16:25:00,1.13746,1.13777,1.13746,1.1377,0.0
2026-09-28 16:26:00,1.13759,1.13805,1.13759,1.13795,0.0
2026-09-28 16:27:00,1.13769,1.13854,1.13766,1.13837,0.0
2026-09-28 16:28:00,1.13814,1.13869,1.13814,1.13863,0.0
2026-09-28 16:29:00,1.13846,1.13876,1.13845,1.13874,0.0
2026-09-28 16:30:00,1.13865,1.13867,1.13824,1.13833,0.0
2026-09-28 16:31:00,1.13851,1.13851,1.13807,1.13815,0.0
2026-09-28 16:32:00,1.13828,1.13828,1.13794,1.138,0.0
2026-09-28 16:33:00,1.13811,1.13811,1.13767,1.13779,0.0
2026-09-28 16:34:00,1.13799,1.13799,1.13753,1.1376,0.0
2026-09-28 16:35:00,1.13771,1.13771,1.13753,1.13758,0.0
2026-09-28 16:36:00,1.13765,1.13765,1.13745,1.13749,0.0
2026-09-28 16:37:00,1.13756,1.13758,1.13744,1.13747,0.0
2026-09-28 16:38:00,1.13749,1.13772,1.13749,1.13767,0.0
2026-09-28 16:39:00,1.13761,1.13771,1.13757,1.13771,0.0
2026-09-28 16:40:00,1.13768,1.13772,1.13757,1.13759,0.0
2026-09-28 16:41:00,1.13765,1.13769,1.1376,1.13769,0.0
2026-09-28 16:42:00,1.13767,1.13768,1.13754,1.13768,0.0
2026-09-28 16:43:00,1.13767,1.13767,1.13751,1.13755,0.0
2026-09-28 16:44:00,1.13762,1.13762,1.13744,1.13749,0.0
2026-09-28 16:45:00,1.13757,1.13757,1.13746,1.13747,0.0
2026-09-28 16:46:00,1.13749,1.13753,1.13742,1.13753,0.0
2026-09-28 16:47:00,1.13751,1.13763,1.13744,1.13751,0.0
2026-09-28 16:48:00,1.13753,1.13763,1.13753,1.13762,0.0
2026-09-28 16:49:00,1.13759,1.13759,1.1374,1.13746,0.0
2026-09-28 16:50:00,1.13756,1.13756,1.13737,1.13741,0.0
2026-09-28 16:51:00,1.13747,1.13747,1.13729,1.13733,0.0
2026-09-28 16:52:00,1.13741,1.13745,1.13719,1.13725,0.0
2026-09-28 16:53:00,1.13737,1.13737,1.13719,1.13721,0.0
2026-09-28 16:54:00,1.13724,1.13746,1.13724,1.13741,0.0
2026-09-28 16:55:00,1.13732,1.1375,1.13732,1.13749,0.0
2026-09-28 16:56:00,1.13745,1.13749,1.13733,1.13749,0.0
2026-09-28 16:57:00,1.13746,1.13746,1.13726,1.13729,0.0
2026-09-28 16:58:00,1.13733,1.13733,1.13722,1.13724,0.0
2026-09-28 16:59:00,1.13728,1.13732,1.13723,1.13732,0.0
2026-09-28 17:00:00,1.13729,1.13729,1.13711,1.13716,0.0
2026-09-28 17:01:00,1.13723,1.13723,1.13711,1.13713,0.0
2026-09-28 17:02:00,1.13716,1.13725,1.13716,1.13723,0.0
2026-09-28 17:03:00,1.13718,1.13724,1.13714,1.13723,0.0
2026-09-28 17:04:00,1.13721,1.13721,1.13698,1.13704,0.0
2026-09-28 17:05:00,1.13714,1.13714,1.13698,1.137,0.0
2026-09-28 17:06:00,1.13704,1.13711,1.13695,1.1371,0.0
2026-09-28 17:07:00,1.13709,1.13709,1.13694,1.13695,0.0
2026-09-28 17:08:00,1.137,1.13708,1.137,1.13708,0.0
2026-09-28 17:09:00,1.13705,1.13712,1.13701,1.13702,0.0
2026-09-28 17:10:00,1.13705,1.1371,1.13705,1.1371,0.0
2026-09-28 17:11:00,1.13707,1.13746,1.13676,1.13733,0.0
2026-09-28 17:12:00,1.13713,1.1379,1.13713,1.13774,0.0
2026-09-28 17:13:00,1.13736,1.13826,1.13736,1.13814,0.0
2026-09-28 17:14:00,1.13792,1.13837,1.13792,1.13832,0.0
2026-09-28 17:15:00,1.13823,1.13839,1.13823,1.13838,0.0
2026-09-28 17:16:00,1.13837,1.13837,1.13806,1.13812,0.0
2026-09-28 17:17:00,1.13822,1.13822,1.13809,1.13813,0.0
2026-09-28 17:18:00,1.13818,1.13818,1.13777,1.13788,0.0
2026-09-28 17:19:00,1.13805,1.13805,1.1376,1.1377,0.0
2026-09-28 17:20:00,1.13789,1.13789,1.13749,1.13755,0.0
2026-09-28 17:21:00,1.13766,1.13766,1.1375,1.13753,0.0
2026-09-28 17:22:00,1.13758,1.13765,1.13755,1.13763,0.0
2026-09-28 17:23:00,1.1376,1.13762,1.13751,1.13762,0.0
2026-09-28 17:24:00,1.13761,1.13762,1.13754,1.13756,0.0
2026-09-28 17:25:00,1.13758,1.13768,1.13755,1.13765,0.0
2026-09-28 17:26:00,1.1376,1.1377,1.1376,1.13769,0.0
2026-09-28 17:27:00,1.13766,1.13778,1.13764,1.13775,0.0
2026-09-28 17:28:00,1.1377,1.13777,1.13767,1.13777,0.0
2026-09-28 17:29:00,1.13774,1.13779,1.1377,1.13771,0.0
2026-09-28 17:30:00,1.13774,1.13787,1.13758,1.13783,0.0
2026-09-28 17:31:00,1.13776,1.13776,1.13755,1.13757,0.0
2026-09-28 17:32:00,1.13761,1.13763,1.13758,1.13763,0.0
2026-09-28 17:33:00,1.1376,1.13766,1.13755,1.13765,0.0
2026-09-28 17:34:00,1.13764,1.13764,1.1375,1.13754,0.0
2026-09-28 17:35:00,1.1376,1.1376,1.1374,1.13745,0.0
2026-09-28 17:36:00,1.13752,1.13754,1.13744,1.13745,0.0
2026-09-28 17:37:00,1.13746,1.13755,1.13741,1.13754,0.0
2026-09-28 17:38:00,1.13752,1.13752,1.13737,1.1374,0.0
2026-09-28 17:39:00,1.13745,1.13745,1.13737,1.13739,0.0
2026-09-28 17:40:00,1.13741,1.1375,1.13735,1.13748,0.0
2026-09-28 17:41:00,1.13745,1.13753,1.13741,1.13751,0.0
2026-09-28 17:42:00,1.13743,1.13762,1.13743,1.1376,0.0
2026-09-28 17:43:00,1.13755,1.13764,1.13755,1.13762,0.0
2026-09-28 17:44:00,1.13757,1.13768,1.13754,1.13767,0.0
2026-09-28 17:45:00,1.13765,1.13766,1.1376,1.13761,0.0
2026-09-28 17:46:00,1.13764,1.13768,1.13748,1.13767,0.0
2026-09-28 17:47:00,1.13766,1.1377,1.13746,1.13749,0.0
2026-09-28 17:48:00,1.13756,1.13772,1.13753,1.13771,0.0
2026-09-28 17:49:00,1.13768,1.13773,1.13753,1.13755,0.0
2026-09-28 17:50:00,1.13762,1.13776,1.13762,1.13774,0.0
2026-09-28 17:51:00,1.13766,1.13783,1.13766,1.13781,0.0
2026-09-28 17:52:00,1.13778,1.13781,1.13771,1.13781,0.0
2026-09-28 17:53:00,1.13778,1.13778,1.13755,1.13762,0.0
2026-09-28 17:54:00,1.13775,1.13775,1.13759,1.13762,0.0
2026-09-28 17:55:00,1.13767,1.13767,1.13758,1.13767,0.0
2026-09-28 17:56:00,1.13766,1.13769,1.13757,1.1376,0.0
2026-09-28 17:57:00,1.13765,1.13771,1.13763,1.1377,0.0
2026-09-28 17:58:00,1.13766,1.13775,1.13766,1.13773,0.0
2026-09-28 17:59:00,1.13771,1.13775,1.1376,1.13774,0.0
2026-09-28 18:00:00,1.13771,1.13774,1.13762,1.13763,0.0
2026-09-28 18:01:00,1.13767,1.13771,1.13762,1.13771,0.0
2026-09-28 18:02:00,1.13769,1.13771,1.13762,1.13764,0.0
2026-09-28 18:03:00,1.13767,1.13768,1.13763,1.13768,0.0
2026-09-28 18:04:00,1.13766,1.13777,1.13762,1.13775,0.0
2026-09-28 18:05:00,1.13769,1.13778,1.13769,1.13777,0.0
2026-09-28 18:06:00,1.13774,1.13778,1.1377,1.13778,0.0
2026-09-28 18:07:00,1.13777,1.13777,1.13762,1.13766,0.0
2026-09-28 18:08:00,1.13774,1.13774,1.13764,1.13766,0.0
2026-09-28 18:09:00,1.13767,1.13776,1.13763,1.13764,0.0
2026-09-28 18:10:00,1.13768,1.13779,1.13768,1.13777,0.0
2026-09-28 18:11:00,1.13769,1.13784,1.13769,1.13782,0.0
2026-09-28 18:12:00,1.13779,1.13779,1.1377,1.13773,0.0
2026-09-28 18:13:00,1.13776,1.13776,1.13768,1.1377,0.0
2026-09-28 18:14:00,1.13774,1.13774,1.13766,1.13768,0.0
2026-09-28 18:15:00,1.1377,1.13771,1.13764,1.13771,0.0
2026-09-28 18:16:00,1.1377,1.1377,1.13751,1.13757,0.0
2026-09-28 18:17:00,1.13767,1.13767,1.13748,1.13751,0.0
2026-09-28 18:18:00,1.13755,1.13755,1.13745,1.13747,0.0
2026-09-28 18:19:00,1.13752,1.13752,1.13746,1.13748,0.0
2026-09-28 18:20:00,1.13748,1.13757,1.13748,1.13754,0.0
2026-09-28 18:21:00,1.13751,1.13755,1.13751,1.13755,0.0
2026-09-28 18:22:00,1.13752,1.13769,1.13749,1.13764,0.0
2026-09-28 18:23:00,1.13758,1.1377,1.13758,1.13769,0.0
2026-09-28 18:24:00,1.13764,1.13766,1.13753,1.13766,0.0
2026-09-28 18:25:00,1.13765,1.13765,1.13755,1.13757,0.0
2026-09-28 18:26:00,1.1376,1.13761,1.13753,1.13761,0.0
2026-09-28 18:27:00,1.1376,1.1376,1.13753,1.13753,0.0
2026-09-28 18:28:00,1.13754,1.13756,1.13748,1.13756,0.0
2026-09-28 18:29:00,1.13754,1.13754,1.13737,1.13741,0.0
2026-09-28 18:30:00,1.13746,1.13746,1.13733,1.13736,0.0
2026-09-28 18:31:00,1.13739,1.13741,1.13735,1.13735,0.0
2026-09-28 18:32:00,1.13736,1.13758,1.13712,1.13751,0.0
2026-09-28 18:33:00,1.13739,1.13739,1.13696,1.13702,0.0
2026-09-28 18:34:00,1.13712,1.13712,1.13695,1.13697,0.0
2026-09-28 18:35:00,1.137,1.13707,1.137,1.13706,0.0
2026-09-28 18:36:00,1.13702,1.13711,1.13702,1.13709,0.0
2026-09-28 18:37:00,1.13705,1.13711,1.13705,1.13711,0.0
2026-09-28 18:38:00,1.1371,1.1371,1.13701,1.13702,0.0
2026-09-28 18:39:00,1.13705,1.13713,1.13691,1.13711,0.0
2026-09-28 18:40:00,1.13706,1.13706,1.13683,1.13686,0.0
2026-09-28 18:41:00,1.13692,1.13692,1.13685,1.13687,0.0
2026-09-28 18:42:00,1.13688,1.13696,1.13685,1.13686,0.0
2026-09-28 18:43:00,1.13688,1.13696,1.13688,1.13695,0.0
2026-09-28 18:44:00,1.13691,1.13706,1.13691,1.13702,0.0
2026-09-28 18:45:00,1.13696,1.13705,1.13692,1.13704,0.0
2026-09-28 18:46:00,1.13702,1.13702,1.13689,1.13691,0.0
2026-09-28 18:47:00,1.13694,1.13694,1.13688,1.13689,0.0
2026-09-28 18:48:00,1.13692,1.13692,1.13687,1.13692,0.0
2026-09-28 18:49:00,1.1369,1.137,1.13682,1.13684,0.0
2026-09-28 18:50:00,1.1369,1.13699,1.1369,1.13699,0.0
2026-09-28 18:51:00,1.13696,1.13707,1.13694,1.13704,0.0
2026-09-28 18:52:00,1.13699,1.13704,1.13697,1.13704,0.0
2026-09-28 18:53:00,1.13702,1.13706,1.13697,1.13698,0.0
2026-09-28 18:54:00,1.137,1.13709,1.13691,1.13707,0.0
2026-09-28 18:55:00,1.13702,1.13702,1.13687,1.13689,0.0
2026-09-28 18:56:00,1.13691,1.13691,1.1368,1.13684,0.0
2026-09-28 18:57:00,1.1369,1.1369,1.13679,1.13681,0.0
2026-09-28 18:58:00,1.13682,1.13694,1.13682,1.13691,0.0
2026-09-28 18:59:00,1.13687,1.13695,1.13685,1.13694,0.0
2026-09-28 19:00:00,1.13692,1.13692,1.1368,1.13682,0.0
2026-09-28 19:01:00,1.13686,1.13698,1.13671,1.13694,0.0
2026-09-28 19:02:00,1.13687,1.13687,1.13652,1.13659,0.0
2026-09-28 19:03:00,1.1367,1.13676,1.13654,1.13657,0.0
2026-09-28 19:04:00,1.13658,1.13696,1.13658,1.13689,0.0
2026-09-28 19:05:00,1.13677,1.137,1.13677,1.13698,0.0
2026-09-28 19:06:00,1.13692,1.13695,1.13685,1.13695,0.0
2026-09-28 19:07:00,1.13694,1.13694,1.13682,1.13684,0.0
2026-09-28 19:08:00,1.13688,1.13688,1.1368,1.13682,0.0
2026-09-28 19:09:00,1.13685,1.13685,1.13675,1.13678,0.0
2026-09-28 19:10:00,1.13683,1.13684,1.1368,1.13684,0.0
2026-09-28 19:11:00,1.13681,1.13689,1.1368,1.13681,0.0
2026-09-28 19:12:00,1.13682,1.13689,1.13673,1.13688,0.0
2026-09-28 19:13:00,1.13684,1.13684,1.13671,1.13674,0.0
2026-09-28 19:14:00,1.13678,1.13678,1.13675,1.13678,0.0
2026-09-28 19:15:00,1.13676,1.13678,1.13673,1.13678,0.0
2026-09-28 19:16:00,1.13677,1.13682,1.13674,1.13675,0.0
2026-09-28 19:17:00,1.13675,1.13686,1.13675,1.13685,0.0
2026-09-28 19:18:00,1.13681,1.13693,1.13681,1.1369,0.0
2026-09-28 19:19:00,1.13686,1.13692,1.13685,1.13692,0.0
2026-09-28 19:20:00,1.13689,1.137,1.13688,1.13697,0.0
2026-09-28 19:21:00,1.13692,1.13701,1.13687,1.137,0.0
2026-09-28 19:22:00,1.13696,1.13696,1.13683,1.13685,0.0
2026-09-28 19:23:00,1.13689,1.13689,1.13678,1.1368,0.0
2026-09-28 19:24:00,1.13683,1.13686,1.1368,1.1368,0.0
2026-09-28 19:25:00,1.13681,1.13691,1.13681,1.13688,0.0
2026-09-28 19:26:00,1.13682,1.13696,1.13682,1.13695,0.0
2026-09-28 19:27:00,1.13691,1.13703,1.13691,1.13699,0.0
2026-09-28 19:28:00,1.13694,1.13704,1.13694,1.13704,0.0
2026-09-28 19:29:00,1.13701,1.13703,1.13693,1.13695,0.0
2026-09-28 19:30:00,1.137,1.13701,1.13693,1.13701,0.0
2026-09-28 19:31:00,1.13699,1.13699,1.13687,1.13691,0.0
2026-09-28 19:32:00,1.13697,1.13697,1.13692,1.13693,0.0
2026-09-28 19:33:00,1.13693,1.13696,1.1368,1.13696,0.0
2026-09-28 19:34:00,1.13693,1.13693,1.13666,1.13672,0.0
2026-09-28 19:35:00,1.1368,1.13693,1.13667,1.1367,0.0
2026-09-28 19:36:00,1.13675,1.13695,1.13675,1.13693,0.0
2026-09-28 19:37:00,1.13689,1.13693,1.13689,1.13693,0.0
2026-09-28 19:38:00,1.1369,1.13692,1.13687,1.13692,0.0
2026-09-28 19:39:00,1.13691,1.13691,1.13684,1.13691,0.0
2026-09-28 19:40:00,1.13689,1.13689,1.13678,1.13681,0.0
2026-09-28 19:41:00,1.13686,1.13686,1.13679,1.13681,0.0
2026-09-28 19:42:00,1.13681,1.13688,1.13681,1.13686,0.0
2026-09-28 19:43:00,1.13683,1.13685,1.13681,1.13685,0.0
2026-09-28 19:44:00,1.13683,1.13689,1.13679,1.1368,0.0
2026-09-28 19:45:00,1.13682,1.13689,1.13682,1.13688,0.0
2026-09-28 19:46:00,1.13684,1.13693,1.13684,1.13692,0.0
2026-09-28 19:47:00,1.13689,1.13692,1.13687,1.13691,0.0
2026-09-28 19:48:00,1.1369,1.13693,1.1368,1.13693,0.0
2026-09-28 19:49:00,1.13691,1.13691,1.13679,1.1368,0.0
2026-09-28 19:50:00,1.13682,1.13683,1.13676,1.13683,0.0
2026-09-28 19:51:00,1.1368,1.13694,1.13676,1.1369,0.0
2026-09-28 19:52:00,1.13684,1.13695,1.13684,1.13694,0.0
2026-09-28 19:53:00,1.13688,1.13698,1.13683,1.13697,0.0
2026-09-28 19:54:00,1.13695,1.13695,1.13683,1.13686,0.0
2026-09-28 19:55:00,1.13691,1.13691,1.13678,1.13681,0.0
2026-09-28 19:56:00,1.13686,1.13686,1.13671,1.13673,0.0
2026-09-28 19:57:00,1.13677,1.13677,1.13667,1.13669,0.0
2026-09-28 19:58:00,1.13673,1.13676,1.13663,1.13666,0.0
2026-09-28 19:59:00,1.13671,1.13675,1.13671,1.13675,0.0
2026-09-28 20:00:00,1.13673,1.13676,1.13665,1.13673,0.0
2026-09-28 20:01:00,1.13673,1.13676,1.1367,1.13675,0.0
2026-09-28 20:02:00,1.1367,1.13682,1.1367,1.1368,0.0
2026-09-28 20:03:00,1.13677,1.13683,1.13669,1.13682,0.0
2026-09-28 20:04:00,1.13675,1.13707,1.13669,1.13699,0.0
2026-09-28 20:05:00,1.13687,1.1371,1.13687,1.13708,0.0
2026-09-28 20:06:00,1.13702,1.13714,1.13698,1.13713,0.0
2026-09-28 20:07:00,1.1371,1.1371,1.13692,1.13696,0.0
2026-09-28 20:08:00,1.13702,1.13702,1.13684,1.13689,0.0
2026-09-28 20:09:00,1.13696,1.13696,1.1368,1.13682,0.0
2026-09-28 20:10:00,1.13687,1.13693,1.13685,1.13691,0.0
2026-09-28 20:11:00,1.13684,1.13704,1.13684,1.137,0.0
2026-09-28 20:12:00,1.13695,1.13702,1.13695,1.13702,0.0
2026-09-28 20:13:00,1.13699,1.13707,1.13697,1.13699,0.0
2026-09-28 20:14:00,1.137,1.13705,1.137,1.13705,0.0
2026-09-28 20:15:00,1.13701,1.1371,1.13701,1.13709,0.0
2026-09-28 20:16:00,1.13706,1.13708,1.13705,1.13708,0.0
2026-09-28 20:17:00,1.13706,1.13709,1.13704,1.13709,0.0
2026-09-28 20:18:00,1.13708,1.13708,1.13701,1.13702,0.0
2026-09-28 20:19:00,1.13704,1.13706,1.13701,1.13706,0.0
2026-09-28 20:20:00,1.13703,1.13711,1.13703,1.13709,0.0
2026-09-28 20:21:00,1.13707,1.1371,1.13706,1.1371,0.0
2026-09-28 20:22:00,1.13707,1.13714,1.13707,1.13712,0.0
2026-09-28 20:23:00,1.13709,1.13713,1.13704,1.13713,0.0
2026-09-28 20:24:00,1.1371,1.13712,1.13703,1.13704,0.0
2026-09-28 20:25:00,1.13706,1.13709,1.13706,1.13709,0.0
2026-09-28 20:26:00,1.13708,1.13709,1.13702,1.13708,0.0
2026-09-28 20:27:00,1.13707,1.13711,1.13706,1.13707,0.0
2026-09-28 20:28:00,1.13706,1.13712,1.13706,1.13712,0.0
2026-09-28 20:29:00,1.1371,1.1371,1.137,1.13703,0.0
2026-09-28 20:30:00,1.13708,1.13708,1.13701,1.13708,0.0
2026-09-28 20:31:00,1.13705,1.13717,1.13702,1.13713,0.0
2026-09-28 20:32:00,1.13708,1.13715,1.13708,1.13715,0.0
2026-09-28 20:33:00,1.13712,1.13725,1.13712,1.13722,0.0
2026-09-28 20:34:00,1.13717,1.13722,1.13717,1.13722,0.0
2026-09-28 20:35:00,1.1372,1.13725,1.13716,1.1372,0.0
2026-09-28 20:36:00,1.1372,1.13722,1.13715,1.13722,0.0
2026-09-28 20:37:00,1.13721,1.13721,1.13707,1.13721,0.0
2026-09-28 20:38:00,1.1372,1.1372,1.13707,1.13709,0.0
2026-09-28 20:39:00,1.13712,1.13718,1.13711,1.13718,0.0
2026-09-28 20:40:00,1.13716,1.13721,1.13715,1.13715,0.0
2026-09-28 20:41:00,1.13716,1.13727,1.13716,1.13725,0.0
2026-09-28 20:42:00,1.13716,1.13731,1.13716,1.13729,0.0
2026-09-28 20:43:00,1.13725,1.13733,1.13713,1.13731,0.0
2026-09-28 20:44:00,1.13727,1.13727,1.13714,1.13715,0.0
2026-09-28 20:45:00,1.13718,1.13722,1.13706,1.13721,0.0
2026-09-28 20:46:00,1.13718,1.13718,1.13707,1.13709,0.0
2026-09-28 20:47:00,1.13711,1.13714,1.13707,1.13708,0.0
2026-09-28 20:48:00,1.13709,1.13715,1.13709,1.13715,0.0
2026-09-28 20:49:00,1.13713,1.13714,1.13706,1.13707,0.0
2026-09-28 20:50:00,1.13711,1.13713,1.13707,1.13713,0.0
2026-09-28 20:51:00,1.13711,1.13713,1.13706,1.13707,0.0
2026-09-28 20:52:00,1.1371,1.13711,1.13705,1.13711,0.0
2026-09-28 20:53:00,1.13708,1.13714,1.13705,1.13706,0.0
2026-09-28 20:54:00,1.13708,1.13711,1.13705,1.13711,0.0
2026-09-28 20:55:00,1.13709,1.13713,1.13707,1.13707,0.0
2026-09-28 20:56:00,1.13708,1.13711,1.13708,1.13711,0.0
2026-09-28 20:57:00,1.13709,1.13719,1.13709,1.13717,0.0
2026-09-28 20:58:00,1.13711,1.13719,1.13709,1.13718,0.0
2026-09-28 20:59:00,1.13716,1.13717,1.13713,1.13716,0.0
2026-09-28 21:00:00,1.13713,1.13718,1.13713,1.13717,0.0
2026-09-28 21:01:00,1.13715,1.13722,1.13695,1.13701,0.0
2026-09-28 21:02:00,1.13712,1.13714,1.13682,1.13687,0.0
2026-09-28 21:03:00,1.13698,1.13728,1.13689,1.13722,0.0
2026-09-28 21:04:00,1.13712,1.13715,1.13683,1.13686,0.0
2026-09-28 21:05:00,1.13692,1.1371,1.13692,1.13706,0.0
2026-09-28 21:06:00,1.13695,1.13724,1.13695,1.13717,0.0
2026-09-28 21:07:00,1.13706,1.1373,1.13695,1.13727,0.0
2026-09-28 21:08:00,1.13721,1.13721,1.13682,1.13687,0.0
2026-09-28 21:09:00,1.13695,1.13713,1.13674,1.13676,0.0
2026-09-28 21:10:00,1.13679,1.1371,1.13674,1.13675,0.0
2026-09-28 21:11:00,1.13674,1.13707,1.13674,1.137,0.0
2026-09-28 21:12:00,1.13686,1.1371,1.13671,1.13673,0.0
2026-09-28 21:13:00,1.13671,1.13709,1.13671,1.13703,0.0
2026-09-28 21:14:00,1.13692,1.13713,1.13684,1.13686,0.0
2026-09-28 21:15:00,1.13686,1.13711,1.13679,1.13704,0.0
2026-09-28 21:16:00,1.13692,1.13709,1.13692,1.13707,0.0
2026-09-28 21:17:00,1.13703,1.13707,1.13697,1.13698,0.0
2026-09-28 21:18:00,1.137,1.13709,1.13692,1.13693,0.0
2026-09-28 21:19:00,1.13695,1.13709,1.13695,1.13706,0.0
2026-09-28 21:20:00,1.13698,1.13709,1.13698,1.13707,0.0
2026-09-28 21:21:00,1.13702,1.1371,1.13692,1.13694,0.0
2026-09-28 21:22:00,1.13694,1.13711,1.1369,1.13706,0.0
2026-09-28 21:23:00,1.137,1.13709,1.137,1.13709,0.0
2026-09-28 21:24:00,1.13706,1.13709,1.13702,1.13702,0.0
2026-09-28 21:25:00,1.13703,1.13708,1.13693,1.13703,0.0
2026-09-28 21:26:00,1.13702,1.13714,1.1369,1.13691,0.0
2026-09-28 21:27:00,1.13695,1.13707,1.13695,1.13705,0.0
2026-09-28 21:28:00,1.137,1.13707,1.13693,1.13695,0.0
2026-09-28 21:29:00,1.13697,1.13713,1.13688,1.13689,0.0
2026-09-28 21:30:00,1.13691,1.13706,1.13691,1.13701,0.0
2026-09-28 21:31:00,1.1369,1.13709,1.1369,1.13704,0.0
2026-09-28 21:32:00,1.13697,1.1371,1.13695,1.13707,0.0
2026-09-28 21:33:00,1.13699,1.13706,1.13694,1.13695,0.0
2026-09-28 21:34:00,1.13697,1.13704,1.13697,1.13703,0.0
2026-09-28 21:35:00,1.13699,1.13702,1.13698,1.13698,0.0
2026-09-28 21:36:00,1.13698,1.13704,1.13696,1.13698,0.0
2026-09-28 21:37:00,1.13696,1.13706,1.13695,1.13703,0.0
2026-09-28 21:38:00,1.13698,1.13707,1.13698,1.13706,0.0
2026-09-28 21:39:00,1.13703,1.13704,1.13696,1.13697,0.0
2026-09-28 21:40:00,1.13698,1.13707,1.13698,1.13705,0.0
2026-09-28 21:41:00,1.137,1.13706,1.137,1.13706,0.0
2026-09-28 21:42:00,1.13703,1.13708,1.13703,1.13707,0.0
2026-09-28 21:43:00,1.13704,1.13713,1.13703,1.13711,0.0
2026-09-28 21:44:00,1.13704,1.13708,1.13701,1.13704,0.0
2026-09-28 21:45:00,1.13704,1.13705,1.13702,1.13705,0.0
2026-09-28 21:46:00,1.13702,1.13707,1.13702,1.13707,0.0
2026-09-28 21:47:00,1.13705,1.13707,1.13702,1.13703,0.0
2026-09-28 21:48:00,1.13703,1.13709,1.13702,1.13709,0.0
2026-09-28 21:49:00,1.13707,1.13711,1.13704,1.13704,0.0
2026-09-28 21:50:00,1.13705,1.13711,1.13704,1.13711,0.0
2026-09-28 21:51:00,1.13709,1.13709,1.13706,1.13706,0.0
2026-09-28 21:52:00,1.13706,1.13708,1.13702,1.13708,0.0
2026-09-28 21:53:00,1.13705,1.1371,1.13705,1.13709,0.0
2026-09-28 21:54:00,1.13706,1.13708,1.13701,1.13708,0.0
2026-09-28 21:55:00,1.13705,1.13707,1.13704,1.13707,0.0
2026-09-28 21:56:00,1.13706,1.13706,1.137,1.13701,0.0
2026-09-28 21:57:00,1.13702,1.13704,1.13696,1.13704,0.0
2026-09-28 21:58:00,1.13703,1.13706,1.13697,1.13698,0.0
2026-09-28 21:59:00,1.13699,1.13711,1.13695,1.13696,0.0
2026-09-28 22:00:00,1.13696,1.13724,1.13687,1.13689,0.0
2026-09-28 22:01:00,1.13696,1.13732,1.13696,1.13725,0.0
2026-09-28 22:02:00,1.13707,1.13745,1.13707,1.13738,0.0
2026-09-28 22:03:00,1.13729,1.13748,1.13729,1.13746,0.0
2026-09-28 22:04:00,1.13739,1.13748,1.13736,1.13747,0.0
2026-09-28 22:05:00,1.13745,1.13753,1.13728,1.13734,0.0
2026-09-28 22:06:00,1.13744,1.13744,1.13727,1.13729,0.0
2026-09-28 22:07:00,1.13732,1.13733,1.13727,1.13733,0.0
2026-09-28 22:08:00,1.13731,1.13739,1.13731,1.13737,0.0
2026-09-28 22:09:00,1.13732,1.13739,1.13732,1.13738,0.0
2026-09-28 22:10:00,1.13737,1.13739,1.13733,1.13739,0.0
2026-09-28 22:11:00,1.13737,1.13744,1.13733,1.13742,0.0
2026-09-28 22:12:00,1.13739,1.13745,1.13727,1.13744,0.0
2026-09-28 22:13:00,1.13741,1.13743,1.13731,1.13732,0.0
2026-09-28 22:14:00,1.13735,1.1374,1.13735,1.1374,0.0
2026-09-28 22:15:00,1.13738,1.13744,1.13735,1.13742,0.0
2026-09-28 22:16:00,1.1374,1.13741,1.13735,1.13741,0.0
2026-09-28 22:17:00,1.13739,1.13741,1.13736,1.13741,0.0
2026-09-28 22:18:00,1.1374,1.1374,1.13731,1.13733,0.0
2026-09-28 22:19:00,1.13737,1.13737,1.13732,1.13733,0.0
2026-09-28 22:20:00,1.13734,1.13743,1.1373,1.13731,0.0
2026-09-28 22:21:00,1.13733,1.13742,1.13733,1.13742,0.0
2026-09-28 22:22:00,1.13739,1.13745,1.13738,1.13744,0.0
2026-09-28 22:23:00,1.13742,1.13743,1.13736,1.13743,0.0
2026-09-28 22:24:00,1.13741,1.13744,1.13736,1.13737,0.0
2026-09-28 22:25:00,1.1374,1.13742,1.13731,1.13742,0.0
2026-09-28 22:26:00,1.1374,1.1374,1.13728,1.13731,0.0
2026-09-28 22:27:00,1.13736,1.13736,1.13731,1.13732,0.0
2026-09-28 22:28:00,1.13732,1.13742,1.13732,1.1374,0.0
2026-09-28 22:29:00,1.13735,1.13742,1.13735,1.13741,0.0
2026-09-28 22:30:00,1.13739,1.13742,1.13732,1.13742,0.0
2026-09-28 22:31:00,1.1374,1.1374,1.13729,1.13731,0.0
2026-09-28 22:32:00,1.13736,1.13737,1.13727,1.13737,0.0
2026-09-28 22:33:00,1.13735,1.13735,1.1372,1.13724,0.0
2026-09-28 22:34:00,1.13731,1.13731,1.13718,1.13721,0.0
2026-09-28 22:35:00,1.13724,1.13727,1.13718,1.13726,0.0
2026-09-28 22:36:00,1.13725,1.13725,1.13718,1.1372,0.0
2026-09-28 22:37:00,1.13723,1.13723,1.13719,1.13719,0.0
2026-09-28 22:38:00,1.1372,1.13722,1.13718,1.1372,0.0
2026-09-28 22:39:00,1.13719,1.13722,1.13716,1.13722,0.0
2026-09-28 22:40:00,1.13721,1.13721,1.13714,1.13715,0.0
2026-09-28 22:41:00,1.13718,1.13721,1.13714,1.13721,0.0
2026-09-28 22:42:00,1.13718,1.13723,1.13714,1.13722,0.0
2026-09-28 22:43:00,1.1372,1.13721,1.13715,1.13721,0.0
2026-09-28 22:44:00,1.13719,1.13725,1.13715,1.13716,0.0
2026-09-28 22:45:00,1.13719,1.13722,1.13713,1.13722,0.0
2026-09-28 22:46:00,1.1372,1.13726,1.13714,1.13724,0.0
2026-09-28 22:47:00,1.13721,1.13724,1.13718,1.13723,0.0
2026-09-28 22:48:00,1.13721,1.13726,1.13718,1.13719,0.0
2026-09-28 22:49:00,1.13719,1.13721,1.13713,1.13721,0.0
2026-09-28 22:50:00,1.1372,1.13721,1.13713,1.13721,0.0
2026-09-28 22:51:00,1.1372,1.1372,1.13713,1.13714,0.0
2026-09-28 22:52:00,1.13717,1.13717,1.1371,1.13717,0.0
2026-09-28 22:53:00,1.13715,1.13715,1.13707,1.13708,0.0
2026-09-28 22:54:00,1.13712,1.13715,1.13707,1.13708,0.0
2026-09-28 22:55:00,1.13707,1.13719,1.13707,1.13718,0.0
2026-09-28 22:56:00,1.13715,1.13715,1.13709,1.1371,0.0
2026-09-28 22:57:00,1.13711,1.13717,1.13708,1.13709,0.0
2026-09-28 22:58:00,1.1371,1.13714,1.1371,1.13714,0.0
2026-09-28 22:59:00,1.13713,1.13721,1.1371,1.13711,0.0
2026-09-28 23:00:00,1.13711,1.13722,1.13711,1.13721,0.0
2026-09-28 23:01:00,1.13719,1.13722,1.13715,1.13722,0.0
2026-09-28 23:02:00,1.1372,1.1372,1.1371,1.13713,0.0
2026-09-28 23:03:00,1.13719,1.13719,1.13706,1.1371,0.0
2026-09-28 23:04:00,1.13716,1.13723,1.13702,1.13704,0.0
2026-09-28 23:05:00,1.13712,1.13722,1.1371,1.13721,0.0
2026-09-28 23:06:00,1.13718,1.13722,1.13711,1.13712,0.0
2026-09-28 23:07:00,1.13716,1.13719,1.1371,1.13719,0.0
2026-09-28 23:08:00,1.13717,1.13718,1.13711,1.13713,0.0
2026-09-28 23:09:00,1.13716,1.13716,1.13714,1.13714,0.0
2026-09-28 23:10:00,1.13714,1.13716,1.13714,1.13716,0.0
2026-09-28 23:11:00,1.13715,1.1372,1.13711,1.13715,0.0
2026-09-28 23:12:00,1.13715,1.1372,1.13712,1.1372,0.0
2026-09-28 23:13:00,1.13718,1.13719,1.13711,1.13711,0.0
2026-09-28 23:14:00,1.13713,1.13717,1.13711,1.13717,0.0
2026-09-28 23:15:00,1.13715,1.13721,1.13709,1.1371,0.0
2026-09-28 23:16:00,1.13713,1.13719,1.13713,1.13719,0.0
2026-09-28 23:17:00,1.13716,1.13724,1.13716,1.13723,0.0
2026-09-28 23:18:00,1.1372,1.13721,1.13718,1.13721,0.0
2026-09-28 23:19:00,1.13719,1.13722,1.13713,1.13722,0.0
2026-09-28 23:20:00,1.13721,1.13722,1.13714,1.13715,0.0
2026-09-28 23:21:00,1.13717,1.13722,1.13714,1.13722,0.0
2026-09-28 23:22:00,1.13721,1.13721,1.13714,1.13714,0.0
2026-09-28 23:23:00,1.13715,1.13716,1.13712,1.13716,0.0
2026-09-28 23:24:00,1.13714,1.13718,1.13712,1.13712,0.0
2026-09-28 23:25:00,1.13713,1.13715,1.13711,1.13715,0.0
2026-09-28 23:26:00,1.13713,1.13718,1.13711,1.13711,0.0
2026-09-28 23:27:00,1.13713,1.13715,1.13713,1.13715,0.0
2026-09-28 23:28:00,1.13713,1.1372,1.13711,1.13719,0.0
2026-09-28 23:29:00,1.13716,1.13717,1.13711,1.13717,0.0
2026-09-28 23:30:00,1.13716,1.13723,1.13715,1.13721,0.0
2026-09-28 23:31:00,1.13716,1.13723,1.13716,1.13722,0.0
2026-09-28 23:32:00,1.13721,1.13729,1.13716,1.13717,0.0
2026-09-28 23:33:00,1.13717,1.13722,1.13716,1.13721,0.0
2026-09-28 23:34:00,1.1372,1.1372,1.13716,1.1372,0.0
2026-09-28 23:35:00,1.13718,1.1372,1.13711,1.1372,0.0
2026-09-28 23:36:00,1.13719,1.13719,1.13707,1.13711,0.0
2026-09-28 23:37:00,1.13715,1.13718,1.13711,1.13712,0.0
2026-09-28 23:38:00,1.13714,1.13719,1.13713,1.13718,0.0
2026-09-28 23:39:00,1.13713,1.13723,1.13713,1.13722,0.0
2026-09-28 23:40:00,1.1372,1.13722,1.13715,1.13716,0.0
2026-09-28 23:41:00,1.13717,1.13726,1.13715,1.13725,0.0
2026-09-28 23:42:00,1.1372,1.13727,1.13714,1.13726,0.0
2026-09-28 23:43:00,1.13724,1.13724,1.13718,1.1372,0.0
2026-09-28 23:44:00,1.1372,1.13727,1.13718,1.1372,0.0
2026-09-28 23:45:00,1.13721,1.13725,1.13715,1.13725,0.0
2026-09-28 23:46:00,1.13723,1.13723,1.13715,1.13717,0.0
2026-09-28 23:47:00,1.1372,1.13722,1.13704,1.13709,0.0
2026-09-28 23:48:00,1.13717,1.13717,1.13704,1.13706,0.0
2026-09-28 23:49:00,1.1371,1.1371,1.13705,1.1371,0.0
2026-09-28 23:50:00,1.13709,1.13709,1.13702,1.13704,0.0
2026-09-28 23:51:00,1.13707,1.13707,1.137,1.13701,0.0
2026-09-28 23:52:00,1.13704,1.13707,1.13704,1.13707,0.0
2026-09-28 23:53:00,1.13704,1.13714,1.13701,1.13704,0.0
2026-09-28 23:54:00,1.13706,1.13713,1.13706,1.13713,0.0
2026-09-28 23:55:00,1.1371,1.13717,1.13705,1.1371,0.0
2026-09-28 23:56:00,1.13711,1.13715,1.13705,1.13715,0.0
2026-09-28 23:57:00,1.13712,1.13718,1.13707,1.13712,0.0
2026-09-28 23:58:00,1.13712,1.13716,1.13705,1.13716,0.0
2026-09-28 23:59:00,1.13714,1.13714,1.13705,1.13707,0.0
2026-09-29 00:00:00,1.1371,1.13711,1.13704,1.13711,0.0
2026-09-29 00:01:00,1.1371,1.1371,1.13692,1.13697,0.0
2026-09-29 00:02:00,1.13707,1.13707,1.13689,1.1369,0.0
2026-09-29 00:03:00,1.13694,1.13697,1.13688,1.13697,0.0
2026-09-29 00:04:00,1.13694,1.13694,1.13682,1.13684,0.0
2026-09-29 00:05:00,1.13687,1.13687,1.13675,1.13678,0.0
2026-09-29 00:06:00,1.13681,1.13681,1.13675,1.13675,0.0
2026-09-29 00:07:00,1.13676,1.13679,1.13671,1.13678,0.0
2026-09-29 00:08:00,1.13676,1.13676,1.13671,1.13671,0.0
2026-09-29 00:09:00,1.13672,1.13673,1.13666,1.13668,0.0
2026-09-29 00:10:00,1.13671,1.13671,1.13658,1.13661,0.0
2026-09-29 00:11:00,1.13666,1.13666,1.13656,1.13657,0.0
2026-09-29 00:12:00,1.13659,1.13661,1.13657,1.13661,0.0
2026-09-29 00:13:00,1.13657,1.13667,1.13657,1.13665,0.0
2026-09-29 00:14:00,1.13661,1.13665,1.1366,1.13665,0.0
2026-09-29 00:15:00,1.13663,1.13666,1.13658,1.13659,0.0
2026-09-29 00:16:00,1.13661,1.13664,1.13655,1.13664,0.0
2026-09-29 00:17:00,1.13661,1.13661,1.13649,1.13652,0.0
2026-09-29 00:18:00,1.13656,1.13656,1.13635,1.1364,0.0
2026-09-29 00:19:00,1.13648,1.13648,1.1363,1.13633,0.0
2026-09-29 00:20:00,1.13638,1.13643,1.13635,1.13636,0.0
2026-09-29 00:21:00,1.13636,1.1364,1.13635,1.1364,0.0
2026-09-29 00:22:00,1.13639,1.13639,1.13634,1.13634,0.0
2026-09-29 00:23:00,1.13635,1.1364,1.13635,1.13639,0.0
2026-09-29 00:24:00,1.13635,1.13642,1.13635,1.13641,0.0
2026-09-29 00:25:00,1.1364,1.1364,1.13638,1.1364,0.0
2026-09-29 00:26:00,1.13637,1.13642,1.13635,1.13641,0.0
2026-09-29 00:27:00,1.1364,1.1364,1.13635,1.13636,0.0
2026-09-29 00:28:00,1.13636,1.13642,1.13635,1.13641,0.0
2026-09-29 00:29:00,1.13639,1.13642,1.13636,1.13639,0.0
2026-09-29 00:30:00,1.13638,1.13644,1.13638,1.13643,0.0
2026-09-29 00:31:00,1.13639,1.13653,1.13639,1.13649,0.0
2026-09-29 00:32:00,1.13642,1.13654,1.13642,1.13654,0.0
2026-09-29 00:33:00,1.13651,1.13658,1.1365,1.13651,0.0
2026-09-29 00:34:00,1.13652,1.13657,1.13652,1.13657,0.0
2026-09-29 00:35:00,1.13655,1.13663,1.13648,1.13649,0.0
2026-09-29 00:36:00,1.13654,1.13666,1.13654,1.13664,0.0
2026-09-29 00:37:00,1.13657,1.13667,1.13657,1.13666,0.0
2026-09-29 00:38:00,1.13664,1.13664,1.13658,1.13664,0.0
2026-09-29 00:39:00,1.13662,1.13671,1.13658,1.13662,0.0
2026-09-29 00:40:00,1.13662,1.13671,1.13662,1.1367,0.0
2026-09-29 00:41:00,1.13667,1.13675,1.13667,1.13674,0.0
2026-09-29 00:42:00,1.1367,1.13675,1.1367,1.13674,0.0
2026-09-29 00:43:00,1.13673,1.13677,1.13658,1.13673,0.0
2026-09-29 00:44:00,1.13672,1.13672,1.13656,1.13657,0.0
2026-09-29 00:45:00,1.13661,1.13665,1.13652,1.13664,0.0
2026-09-29 00:46:00,1.13661,1.13661,1.13651,1.13652,0.0
2026-09-29 00:47:00,1.13655,1.13657,1.13653,1.13657,0.0
2026-09-29 00:48:00,1.13654,1.13656,1.13649,1.13656,0.0
2026-09-29 00:49:00,1.13654,1.13656,1.13651,1.13652,0.0
2026-09-29 00:50:00,1.13651,1.13658,1.13647,1.13658,0.0
2026-09-29 00:51:00,1.13656,1.13656,1.13645,1.13646,0.0
2026-09-29 00:52:00,1.13648,1.13653,1.13647,1.13653,0.0
2026-09-29 00:53:00,1.13651,1.13653,1.13647,1.13648,0.0
2026-09-29 00:54:00,1.1365,1.13652,1.13645,1.13652,0.0
2026-09-29 00:55:00,1.13649,1.1366,1.13647,1.13657,0.0
2026-09-29 00:56:00,1.13652,1.13663,1.13652,1.13661,0.0
2026-09-29 00:57:00,1.13654,1.13673,1.13654,1.1367,0.0
2026-09-29 00:58:00,1.13665,1.1367,1.13663,1.1367,0.0
2026-09-29 00:59:00,1.13668,1.13676,1.13665,1.13668,0.0
2026-09-29 01:00:00,1.13668,1.13676,1.13662,1.13675,0.0
2026-09-29 01:01:00,1.13672,1.13672,1.13658,1.1366,0.0
2026-09-29 01:02:00,1.13663,1.13664,1.13661,1.13661,0.0
2026-09-29 01:03:00,1.13661,1.13674,1.13661,1.13671,0.0
2026-09-29 01:04:00,1.1366,1.13684,1.1366,1.13681,0.0
2026-09-29 01:05:00,1.13675,1.13683,1.13674,1.13683,0.0
2026-09-29 01:06:00,1.1368,1.13684,1.13672,1.13673,0.0
2026-09-29 01:07:00,1.13676,1.13683,1.13674,1.13682,0.0
2026-09-29 01:08:00,1.1368,1.13684,1.13671,1.13672,0.0
2026-09-29 01:09:00,1.13676,1.13683,1.13673,1.13682,0.0
2026-09-29 01:10:00,1.13679,1.13679,1.13669,1.13671,0.0
2026-09-29 01:11:00,1.13674,1.13674,1.13666,1.13668,0.0
2026-09-29 01:12:00,1.1367,1.13671,1.13663,1.13671,0.0
2026-09-29 01:13:00,1.13669,1.13676,1.13666,1.13667,0.0
2026-09-29 01:14:00,1.13669,1.1368,1.13669,1.13678,0.0
2026-09-29 01:15:00,1.13672,1.13682,1.13672,1.13681,0.0
2026-09-29 01:16:00,1.13678,1.1368,1.13671,1.1368,0.0
2026-09-29 01:17:00,1.13677,1.13683,1.1367,1.13671,0.0
2026-09-29 01:18:00,1.13675,1.1368,1.13675,1.1368,0.0
2026-09-29 01:19:00,1.13678,1.13684,1.13678,1.13683,0.0
2026-09-29 01:20:00,1.13681,1.13681,1.13678,1.13681,0.0
2026-09-29 01:21:00,1.13679,1.13687,1.13679,1.13685,0.0
2026-09-29 01:22:00,1.13681,1.13687,1.13681,1.13686,0.0
2026-09-29 01:23:00,1.13685,1.13687,1.13675,1.13687,0.0
2026-09-29 01:24:00,1.13686,1.13687,1.13679,1.1368,0.0
2026-09-29 01:25:00,1.13682,1.13687,1.13675,1.13687,0.0
2026-09-29 01:26:00,1.13684,1.13686,1.13677,1.13677,0.0
2026-09-29 01:27:00,1.13679,1.13685,1.13674,1.13685,0.0
2026-09-29 01:28:00,1.13682,1.13685,1.13675,1.13676,0.0
2026-09-29 01:29:00,1.13679,1.13682,1.13675,1.13682,0.0
2026-09-29 01:30:00,1.1368,1.13685,1.13676,1.13684,0.0
2026-09-29 01:31:00,1.13682,1.13688,1.13676,1.13682,0.0
2026-09-29 01:32:00,1.13682,1.1369,1.13682,1.13689,0.0
2026-09-29 01:33:00,1.13687,1.13692,1.13685,1.13691,0.0
2026-09-29 01:34:00,1.13689,1.13692,1.13682,1.13692,0.0
2026-09-29 01:35:00,1.13689,1.13692,1.13679,1.1368,0.0
2026-09-29 01:36:00,1.13684,1.13692,1.13684,1.13691,0.0
2026-09-29 01:37:00,1.13687,1.13699,1.13687,1.13697,0.0
2026-09-29 01:38:00,1.13693,1.13696,1.13689,1.13696,0.0
2026-09-29 01:39:00,1.13694,1.13694,1.13685,1.13687,0.0
2026-09-29 01:40:00,1.13692,1.13692,1.13682,1.13685,0.0
2026-09-29 01:41:00,1.13689,1.13689,1.13679,1.13681,0.0
2026-09-29 01:42:00,1.13684,1.13684,1.13674,1.13676,0.0
2026-09-29 01:43:00,1.13678,1.1368,1.13678,1.1368,0.0
2026-09-29 01:44:00,1.13678,1.13679,1.1367,1.13672,0.0
2026-09-29 01:45:00,1.13677,1.1368,1.13674,1.13679,0.0
2026-09-29 01:46:00,1.13675,1.13685,1.13675,1.13682,0.0
2026-09-29 01:47:00,1.13678,1.13683,1.13678,1.13683,0.0
2026-09-29 01:48:00,1.1368,1.13687,1.1368,1.13685,0.0
2026-09-29 01:49:00,1.13681,1.13684,1.13681,1.13684,0.0
2026-09-29 01:50:00,1.13682,1.13683,1.13678,1.13683,0.0
2026-09-29 01:51:00,1.13682,1.13682,1.13667,1.13671,0.0
2026-09-29 01:52:00,1.13677,1.13677,1.13659,1.13662,0.0
2026-09-29 01:53:00,1.13667,1.13667,1.13653,1.13655,0.0
2026-09-29 01:54:00,1.13658,1.13662,1.13657,1.13662,0.0
2026-09-29 01:55:00,1.1366,1.1366,1.13653,1.13654,0.0
2026-09-29 01:56:00,1.13657,1.1366,1.13656,1.13659,0.0
2026-09-29 01:57:00,1.13655,1.13668,1.13655,1.13665,0.0
2026-09-29 01:58:00,1.13661,1.13665,1.13661,1.13665,0.0
2026-09-29 01:59:00,1.13662,1.13667,1.13662,1.13666,0.0
2026-09-29 02:00:00,1.13663,1.13673,1.13662,1.13663,0.0
2026-09-29 02:01:00,1.13661,1.13676,1.13661,1.13674,0.0
2026-09-29 02:02:00,1.13671,1.13681,1.13671,1.13679,0.0
2026-09-29 02:03:00,1.13674,1.13682,1.13674,1.13682,0.0
2026-09-29 02:04:00,1.13679,1.13684,1.13678,1.13683,0.0
2026-09-29 02:05:00,1.13681,1.13683,1.13676,1.13683,0.0
2026-09-29 02:06:00,1.13681,1.13684,1.13673,1.13675,0.0
2026-09-29 02:07:00,1.1368,1.13682,1.13675,1.13682,0.0
2026-09-29 02:08:00,1.13679,1.13685,1.13679,1.13679,0.0
2026-09-29 02:09:00,1.1368,1.13682,1.13676,1.13682,0.0
2026-09-29 02:10:00,1.13679,1.13687,1.13679,1.13686,0.0
2026-09-29 02:11:00,1.13683,1.13685,1.1368,1.13685,0.0
2026-09-29 02:12:00,1.13684,1.13691,1.13682,1.13689,0.0
2026-09-29 02:13:00,1.13684,1.13694,1.13684,1.13692,0.0
2026-09-29 02:14:00,1.13689,1.13694,1.13687,1.13694,0.0
2026-09-29 02:15:00,1.13691,1.13702,1.1369,1.13699,0.0
2026-09-29 02:16:00,1.13694,1.137,1.13694,1.137,0.0
2026-09-29 02:17:00,1.13698,1.13703,1.13695,1.13698,0.0
2026-09-29 02:18:00,1.13698,1.137,1.13692,1.137,0.0
2026-09-29 02:19:00,1.13698,1.13705,1.13692,1.13693,0.0
2026-09-29 02:20:00,1.13697,1.13708,1.13697,1.13706,0.0
2026-09-29 02:21:00,1.137,1.13711,1.137,1.1371,0.0
2026-09-29 02:22:00,1.13709,1.13709,1.13697,1.137,0.0
2026-09-29 02:23:00,1.13705,1.13712,1.137,1.13705,0.0
2026-09-29 02:24:00,1.13702,1.13717,1.13702,1.13715,0.0
2026-09-29 02:25:00,1.13711,1.13717,1.13702,1.13717,0.0
2026-09-29 02:26:00,1.13715,1.13715,1.13698,1.13702,0.0
2026-09-29 02:27:00,1.13708,1.13715,1.13691,1.13697,0.0
2026-09-29 02:28:00,1.13707,1.13707,1.13684,1.13688,0.0
2026-09-29 02:29:00,1.13694,1.13694,1.13687,1.13688,0.0
2026-09-29 02:30:00,1.13689,1.13696,1.13689,1.13694,0.0
2026-09-29 02:31:00,1.1369,1.13693,1.1369,1.13693,0.0
2026-09-29 02:32:00,1.13691,1.13693,1.13682,1.13693,0.0
2026-09-29 02:33:00,1.13692,1.13692,1.13679,1.13682,0.0
2026-09-29 02:34:00,1.13687,1.13691,1.13682,1.1369,0.0
2026-09-29 02:35:00,1.13685,1.13697,1.13685,1.13695,0.0
2026-09-29 02:36:00,1.13691,1.13696,1.13688,1.13696,0.0
2026-09-29 02:37:00,1.13693,1.137,1.13689,1.1369,0.0
2026-09-29 02:38:00,1.13693,1.137,1.13693,1.13699,0.0
2026-09-29 02:39:00,1.13693,1.13711,1.13693,1.13708,0.0
2026-09-29 02:40:00,1.13702,1.13711,1.13697,1.1371,0.0
2026-09-29 02:41:00,1.13707,1.13707,1.13689,1.13693,0.0
2026-09-29 02:42:00,1.137,1.137,1.13687,1.1369,0.0
2026-09-29 02:43:00,1.13694,1.13694,1.13691,1.13694,0.0
2026-09-29 02:44:00,1.13692,1.13697,1.13692,1.13692,0.0
2026-09-29 02:45:00,1.13693,1.13697,1.13689,1.13697,0.0
2026-09-29 02:46:00,1.13695,1.13698,1.13689,1.1369,0.0
2026-09-29 02:47:00,1.13692,1.13696,1.13692,1.13696,0.0
2026-09-29 02:48:00,1.13693,1.137,1.13691,1.13698,0.0
2026-09-29 02:49:00,1.13694,1.13698,1.13689,1.13698,0.0
2026-09-29 02:50:00,1.13696,1.13697,1.13688,1.1369,0.0
2026-09-29 02:51:00,1.13693,1.13695,1.13688,1.13695,0.0
2026-09-29 02:52:00,1.13693,1.13693,1.1368,1.13683,0.0
2026-09-29 02:53:00,1.13688,1.13688,1.13679,1.1368,0.0
2026-09-29 02:54:00,1.13682,1.13683,1.13676,1.13683,0.0
2026-09-29 02:55:00,1.13682,1.13683,1.13678,1.13678,0.0
2026-09-29 02:56:00,1.13679,1.13682,1.13679,1.13682,0.0
2026-09-29 02:57:00,1.13679,1.13689,1.13678,1.13686,0.0
2026-09-29 02:58:00,1.13682,1.13689,1.13676,1.13688,0.0
2026-09-29 02:59:00,1.13685,1.13686,1.13676,1.13677,0.0
2026-09-29 03:00:00,1.1368,1.13683,1.13673,1.13683,0.0
2026-09-29 03:01:00,1.13681,1.13685,1.13679,1.13679,0.0
2026-09-29 03:02:00,1.1368,1.13683,1.13679,1.13683,0.0
2026-09-29 03:03:00,1.13682,1.13685,1.13682,1.13685,0.0
2026-09-29 03:04:00,1.13683,1.13683,1.1367,1.13683,0.0
2026-09-29 03:05:00,1.13682,1.13682,1.13666,1.1367,0.0
2026-09-29 03:06:00,1.13675,1.13675,1.13666,1.13667,0.0
2026-09-29 03:07:00,1.13669,1.13671,1.13665,1.13671,0.0
2026-09-29 03:08:00,1.13668,1.13673,1.13666,1.13666,0.0
2026-09-29 03:09:00,1.13667,1.13674,1.13658,1.13673,0.0
2026-09-29 03:10:00,1.13669,1.1367,1.13659,1.1366,0.0
2026-09-29 03:11:00,1.13663,1.13671,1.13663,1.1367,0.0
2026-09-29 03:12:00,1.13665,1.13671,1.13661,1.13671,0.0
2026-09-29 03:13:00,1.13669,1.13669,1.13657,1.13658,0.0
2026-09-29 03:14:00,1.13661,1.13665,1.13661,1.13665,0.0
2026-09-29 03:15:00,1.13663,1.1367,1.13659,1.1366,0.0
2026-09-29 03:16:00,1.13662,1.13669,1.13662,1.13669,0.0
2026-09-29 03:17:00,1.13665,1.13677,1.13665,1.13674,0.0
2026-09-29 03:18:00,1.13671,1.13675,1.13671,1.13675,0.0
2026-09-29 03:19:00,1.13672,1.13681,1.13672,1.13678,0.0
2026-09-29 03:20:00,1.13674,1.13678,1.13671,1.13678,0.0
2026-09-29 03:21:00,1.13676,1.13681,1.1367,1.13671,0.0
2026-09-29 03:22:00,1.13674,1.13679,1.13674,1.13679,0.0
2026-09-29 03:23:00,1.13677,1.13678,1.13666,1.13678,0.0
2026-09-29 03:24:00,1.13677,1.13677,1.13669,1.1367,0.0
2026-09-29 03:25:00,1.13671,1.13673,1.13666,1.13673,0.0
2026-09-29 03:26:00,1.13671,1.13674,1.13666,1.13667,0.0
2026-09-29 03:27:00,1.13669,1.13672,1.13669,1.13672,0.0
2026-09-29 03:28:00,1.1367,1.13675,1.13667,1.1367,0.0
2026-09-29 03:29:00,1.1367,1.13672,1.13669,1.13672,0.0
2026-09-29 03:30:00,1.1367,1.1367,1.13665,1.1367,0.0
2026-09-29 03:31:00,1.13669,1.13669,1.13654,1.13658,0.0
2026-09-29 03:32:00,1.13664,1.13664,1.13652,1.13653,0.0
2026-09-29 03:33:00,1.13655,1.13655,1.13648,1.13649,0.0
2026-09-29 03:34:00,1.13652,1.13652,1.13645,1.13646,0.0
2026-09-29 03:35:00,1.13648,1.13648,1.13643,1.13644,0.0
2026-09-29 03:36:00,1.13646,1.13647,1.13642,1.13646,0.0
2026-09-29 03:37:00,1.13643,1.13649,1.13643,1.13647,0.0
2026-09-29 03:38:00,1.13645,1.13647,1.1364,1.13647,0.0
2026-09-29 03:39:00,1.13645,1.13645,1.13639,1.1364,0.0
2026-09-29 03:40:00,1.13641,1.13643,1.13633,1.13641,0.0
2026-09-29 03:41:00,1.1364,1.1364,1.13632,1.13633,0.0
2026-09-29 03:42:00,1.13635,1.13636,1.13634,1.13635,0.0
2026-09-29 03:43:00,1.13634,1.1364,1.13634,1.13639,0.0
2026-09-29 03:44:00,1.13636,1.13638,1.13632,1.13638,0.0
2026-09-29 03:45:00,1.13637,1.13637,1.13627,1.13629,0.0
2026-09-29 03:46:00,1.13632,1.13634,1.13629,1.13629,0.0
2026-09-29 03:47:00,1.1363,1.13633,1.13627,1.13633,0.0
2026-09-29 03:48:00,1.1363,1.13635,1.13628,1.13628,0.0
2026-09-29 03:49:00,1.13629,1.13633,1.13627,1.13633,0.0
2026-09-29 03:50:00,1.13631,1.13631,1.13625,1.13626,0.0
2026-09-29 03:51:00,1.13628,1.13629,1.13623,1.13624,0.0
2026-09-29 03:52:00,1.13625,1.13628,1.13625,1.13628,0.0
2026-09-29 03:53:00,1.13627,1.13627,1.13622,1.13623,0.0
2026-09-29 03:54:00,1.13623,1.13625,1.13623,1.13625,0.0
2026-09-29 03:55:00,1.13624,1.13625,1.13623,1.13624,0.0
2026-09-29 03:56:00,1.13624,1.13627,1.13614,1.13624,0.0
2026-09-29 03:57:00,1.13623,1.13623,1.13605,1.13608,0.0
2026-09-29 03:58:00,1.13613,1.13613,1.13605,1.13607,0.0
2026-09-29 03:59:00,1.13609,1.1361,1.13603,1.13604,0.0
2026-09-29 04:00:00,1.13606,1.13612,1.13604,1.1361,0.0
2026-09-29 04:01:00,1.13604,1.13612,1.13604,1.13611,0.0
2026-09-29 04:02:00,1.13608,1.1361,1.13608,1.1361,0.0
2026-09-29 04:03:00,1.13608,1.13615,1.13608,1.13614,0.0
2026-09-29 04:04:00,1.1361,1.13614,1.1361,1.13613,0.0
2026-09-29 04:05:00,1.13612,1.13617,1.13612,1.13616,0.0
2026-09-29 04:06:00,1.13612,1.13626,1.13612,1.13623,0.0
2026-09-29 04:07:00,1.13617,1.13624,1.13617,1.13624,0.0
2026-09-29 04:08:00,1.13622,1.13626,1.13618,1.13618,0.0
2026-09-29 04:09:00,1.1362,1.13623,1.13618,1.13623,0.0
2026-09-29 04:10:00,1.13621,1.1363,1.13615,1.13617,0.0
2026-09-29 04:11:00,1.13621,1.13627,1.13621,1.13627,0.0
2026-09-29 04:12:00,1.13625,1.13625,1.13618,1.1362,0.0
2026-09-29 04:13:00,1.13623,1.13623,1.13617,1.13618,0.0
2026-09-29 04:14:00,1.1362,1.13621,1.13617,1.1362,0.0
2026-09-29 04:15:00,1.13619,1.13625,1.13619,1.13623,0.0
2026-09-29 04:16:00,1.1362,1.13624,1.1362,1.13624,0.0
2026-09-29 04:17:00,1.13622,1.13625,1.1362,1.1362,0.0
2026-09-29 04:18:00,1.13621,1.13624,1.13616,1.13624,0.0
2026-09-29 04:19:00,1.13621,1.13624,1.13615,1.13615,0.0
2026-09-29 04:20:00,1.13618,1.13621,1.13618,1.13621,0.0
2026-09-29 04:21:00,1.13619,1.13625,1.13619,1.13623,0.0
2026-09-29 04:22:00,1.1362,1.13622,1.1362,1.13622,0.0
2026-09-29 04:23:00,1.13621,1.13625,1.1362,1.13621,0.0
2026-09-29 04:24:00,1.1362,1.13626,1.1362,1.13625,0.0
2026-09-29 04:25:00,1.13622,1.13627,1.13622,1.13627,0.0
2026-09-29 04:26:00,1.13624,1.13628,1.13624,1.13627,0.0
2026-09-29 04:27:00,1.13625,1.13627,1.13623,1.13627,0.0
2026-09-29 04:28:00,1.13624,1.13629,1.13623,1.13623,0.0
2026-09-29 04:29:00,1.13624,1.13627,1.13624,1.13627,0.0
2026-09-29 04:30:00,1.13624,1.13638,1.13618,1.13633,0.0
2026-09-29 04:31:00,1.13627,1.13639,1.13627,1.13638,0.0
2026-09-29 04:32:00,1.13633,1.13644,1.13633,1.13642,0.0
2026-09-29 04:33:00,1.13638,1.13644,1.13632,1.13643,0.0
2026-09-29 04:34:00,1.13641,1.13641,1.13626,1.13628,0.0
2026-09-29 04:35:00,1.13633,1.13633,1.13618,1.1362,0.0
2026-09-29 04:36:00,1.13624,1.13624,1.13614,1.13617,0.0
2026-09-29 04:37:00,1.1362,1.13624,1.13615,1.13616,0.0
2026-09-29 04:38:00,1.13618,1.13622,1.13618,1.13622,0.0
2026-09-29 04:39:00,1.1362,1.1362,1.13614,1.13616,0.0
2026-09-29 04:40:00,1.13619,1.13619,1.13612,1.13614,0.0
2026-09-29 04:41:00,1.13615,1.13623,1.13609,1.1361,0.0
2026-09-29 04:42:00,1.13614,1.1362,1.13612,1.1362,0.0
2026-09-29 04:43:00,1.13619,1.1362,1.13614,1.13619,0.0
2026-09-29 04:44:00,1.13619,1.13619,1.13608,1.13611,0.0
2026-09-29 04:45:00,1.13617,1.1362,1.13613,1.13614,0.0
2026-09-29 04:46:00,1.13614,1.13625,1.13614,1.13623,0.0
2026-09-29 04:47:00,1.13619,1.13624,1.13619,1.13624,0.0
2026-09-29 04:48:00,1.13621,1.13623,1.13618,1.13621,0.0
2026-09-29 04:49:00,1.13621,1.13621,1.13616,1.13621,0.0
2026-09-29 04:50:00,1.13619,1.13625,1.13615,1.13616,0.0
2026-09-29 04:51:00,1.13618,1.13622,1.13617,1.13622,0.0
2026-09-29 04:52:00,1.1362,1.13623,1.1362,1.13622,0.0
2026-09-29 04:53:00,1.13621,1.13624,1.136,1.13607,0.0
2026-09-29 04:54:00,1.13619,1.13619,1.136,1.13603,0.0
2026-09-29 04:55:00,1.13609,1.13609,1.13596,1.136,0.0
2026-09-29 04:56:00,1.13607,1.13607,1.13598,1.136,0.0
2026-09-29 04:57:00,1.13603,1.13604,1.13591,1.13594,0.0
2026-09-29 04:58:00,1.13601,1.13605,1.13599,1.13604,0.0
2026-09-29 04:59:00,1.13599,1.13606,1.13599,1.13604,0.0
2026-09-29 05:00:00,1.13602,1.13603,1.13599,1.13603,0.0
2026-09-29 05:01:00,1.13601,1.13613,1.13593,1.13595,0.0
2026-09-29 05:02:00,1.13602,1.13612,1.13602,1.13611,0.0
2026-09-29 05:03:00,1.13608,1.13615,1.13608,1.13614,0.0
2026-09-29 05:04:00,1.13611,1.13612,1.13611,1.13612,0.0
2026-09-29 05:05:00,1.13612,1.13612,1.13602,1.13612,0.0
2026-09-29 05:06:00,1.13611,1.13611,1.13595,1.13598,0.0
2026-09-29 05:07:00,1.13603,1.13603,1.13592,1.13594,0.0
2026-09-29 05:08:00,1.13597,1.13607,1.13592,1.13593,0.0
2026-09-29 05:09:00,1.13598,1.13608,1.13598,1.13607,0.0
2026-09-29 05:10:00,1.13602,1.13611,1.13602,1.1361,0.0
2026-09-29 05:11:00,1.13607,1.13611,1.13598,1.1361,0.0
2026-09-29 05:12:00,1.13607,1.13607,1.13599,1.136,0.0
2026-09-29 05:13:00,1.13601,1.13607,1.13601,1.13606,0.0
2026-09-29 05:14:00,1.13603,1.13614,1.13603,1.13612,0.0
2026-09-29 05:15:00,1.13607,1.13613,1.13607,1.13612,0.0
2026-09-29 05:16:00,1.13611,1.13615,1.13609,1.13614,0.0
2026-09-29 05:17:00,1.1361,1.13621,1.1361,1.13619,0.0
2026-09-29 05:18:00,1.13615,1.1362,1.13615,1.1362,0.0
2026-09-29 05:19:00,1.13617,1.13621,1.13612,1.1362,0.0
2026-09-29 05:20:00,1.13619,1.13619,1.13611,1.13613,0.0
2026-09-29 05:21:00,1.13616,1.13617,1.13609,1.1361,0.0
2026-09-29 05:22:00,1.13613,1.13614,1.13611,1.13614,0.0
2026-09-29 05:23:00,1.13612,1.13617,1.13611,1.13612,0.0
2026-09-29 05:24:00,1.13612,1.13616,1.13604,1.13615,0.0
2026-09-29 05:25:00,1.13613,1.13613,1.13602,1.13603,0.0
2026-09-29 05:26:00,1.13605,1.13605,1.136,1.13601,0.0
2026-09-29 05:27:00,1.13602,1.13605,1.13599,1.13605,0.0
2026-09-29 05:28:00,1.13603,1.13605,1.13598,1.13599,0.0
2026-09-29 05:29:00,1.136,1.13605,1.136,1.13604,0.0
2026-09-29 05:30:00,1.13599,1.1361,1.13599,1.13608,0.0
2026-09-29 05:31:00,1.13605,1.13609,1.13596,1.13608,0.0
2026-09-29 05:32:00,1.13605,1.13605,1.13598,1.13599,0.0
2026-09-29 05:33:00,1.136,1.13606,1.13578,1.13585,0.0
2026-09-29 05:34:00,1.13598,1.13598,1.13571,1.13576,0.0
2026-09-29 05:35:00,1.13584,1.13584,1.13568,1.1357,0.0
2026-09-29 05:36:00,1.13572,1.13581,1.13572,1.1358,0.0
2026-09-29 05:37:00,1.13577,1.13583,1.13577,1.13582,0.0
2026-09-29 05:38:00,1.1358,1.13583,1.1358,1.13583,0.0
2026-09-29 05:39:00,1.13579,1.13591,1.13578,1.13587,0.0
2026-09-29 05:40:00,1.13583,1.13589,1.13583,1.13589,0.0
2026-09-29 05:41:00,1.13586,1.1359,1.13586,1.13589,0.0
2026-09-29 05:42:00,1.13587,1.1359,1.13579,1.13587,0.0
2026-09-29 05:43:00,1.13586,1.13586,1.13574,1.13576,0.0
2026-09-29 05:44:00,1.1358,1.13583,1.13571,1.13572,0.0
2026-09-29 05:45:00,1.13573,1.13585,1.13573,1.13584,0.0
2026-09-29 05:46:00,1.13582,1.13582,1.13568,1.1357,0.0
2026-09-29 05:47:00,1.13574,1.13574,1.13563,1.13566,0.0
2026-09-29 05:48:00,1.13571,1.13571,1.13558,1.13559,0.0
2026-09-29 05:49:00,1.13562,1.13562,1.13557,1.13562,0.0
2026-09-29 05:50:00,1.13559,1.1356,1.13555,1.13556,0.0
2026-09-29 05:51:00,1.13558,1.13558,1.13551,1.13553,0.0
2026-09-29 05:52:00,1.13555,1.13564,1.13545,1.13547,0.0
2026-09-29 05:53:00,1.13553,1.13563,1.13553,1.13562,0.0
2026-09-29 05:54:00,1.1356,1.13566,1.13557,1.13558,0.0
2026-09-29 05:55:00,1.13559,1.13567,1.13559,1.13566,0.0
2026-09-29 05:56:00,1.13563,1.1357,1.13563,1.13569,0.0
2026-09-29 05:57:00,1.13565,1.13572,1.13565,1.13571,0.0
2026-09-29 05:58:00,1.13568,1.13571,1.13558,1.1357,0.0
2026-09-29 05:59:00,1.13568,1.13571,1.13556,1.13557,0.0
2026-09-29 06:00:00,1.13562,1.13572,1.13562,1.13571,0.0
2026-09-29 06:01:00,1.13565,1.13585,1.13562,1.1358,0.0
2026-09-29 06:02:00,1.13573,1.13587,1.13573,1.13585,0.0
2026-09-29 06:03:00,1.13578,1.13609,1.13575,1.13602,0.0
2026-09-29 06:04:00,1.1359,1.13619,1.1359,1.13614,0.0
2026-09-29 06:05:00,1.13605,1.13628,1.13605,1.13625,0.0
2026-09-29 06:06:00,1.13619,1.13629,1.13619,1.13628,0.0
2026-09-29 06:07:00,1.13625,1.13625,1.13616,1.13625,0.0
2026-09-29 06:08:00,1.13623,1.13637,1.13616,1.13623,0.0
2026-09-29 06:09:00,1.13625,1.13646,1.13625,1.13642,0.0
2026-09-29 06:10:00,1.1363,1.13655,1.1363,1.13652,0.0
2026-09-29 06:11:00,1.13648,1.13653,1.13645,1.13653,0.0
2026-09-29 06:12:00,1.1365,1.13652,1.13643,1.13652,0.0
2026-09-29 06:13:00,1.1365,1.13651,1.13639,1.13642,0.0
2026-09-29 06:14:00,1.13646,1.13663,1.13646,1.13659,0.0
2026-09-29 06:15:00,1.13652,1.13663,1.13644,1.13662,0.0
2026-09-29 06:16:00,1.1366,1.1366,1.13627,1.13635,0.0
2026-09-29 06:17:00,1.1365,1.1365,1.13622,1.13626,0.0
2026-09-29 06:18:00,1.13634,1.13634,1.13616,1.13621,0.0
2026-09-29 06:19:00,1.13629,1.13632,1.13616,1.13618,0.0
2026-09-29 06:20:00,1.13623,1.1363,1.13623,1.1363,0.0
2026-09-29 06:21:00,1.13627,1.13644,1.13617,1.13638,0.0
2026-09-29 06:22:00,1.1363,1.13644,1.1363,1.13643,0.0
2026-09-29 06:23:00,1.13639,1.13644,1.13634,1.13635,0.0
2026-09-29 06:24:00,1.13638,1.13642,1.13636,1.13642,0.0
2026-09-29 06:25:00,1.1364,1.1364,1.13634,1.1364,0.0
2026-09-29 06:26:00,1.13639,1.13643,1.13634,1.13634,0.0
2026-09-29 06:27:00,1.13635,1.13642,1.13635,1.13642,0.0
2026-09-29 06:28:00,1.13639,1.13649,1.13636,1.13639,0.0
2026-09-29 06:29:00,1.13641,1.13649,1.13641,1.13649,0.0
2026-09-29 06:30:00,1.13644,1.13652,1.13644,1.13651,0.0
2026-09-29 06:31:00,1.13649,1.13649,1.13639,1.13642,0.0
2026-09-29 06:32:00,1.13645,1.13656,1.13641,1.13653,0.0
2026-09-29 06:33:00,1.13647,1.13654,1.13647,1.13654,0.0
2026-09-29 06:34:00,1.13652,1.13652,1.13639,1.13643,0.0
2026-09-29 06:35:00,1.13649,1.13649,1.13632,1.13635,0.0
2026-09-29 06:36:00,1.1364,1.1364,1.1362,1.13626,0.0
2026-09-29 06:37:00,1.13637,1.13637,1.13617,1.13621,0.0
2026-09-29 06:38:00,1.13627,1.13627,1.13618,1.1362,0.0
2026-09-29 06:39:00,1.13621,1.13631,1.13617,1.13621,0.0
2026-09-29 06:40:00,1.13623,1.13631,1.13623,1.1363,0.0
2026-09-29 06:41:00,1.13626,1.13636,1.13626,1.13634,0.0
2026-09-29 06:42:00,1.1363,1.13643,1.1363,1.1364,0.0
2026-09-29 06:43:00,1.13631,1.13643,1.13628,1.1364,0.0
2026-09-29 06:44:00,1.13634,1.13642,1.13634,1.13641,0.0
2026-09-29 06:45:00,1.13639,1.13643,1.13634,1.13639,0.0
2026-09-29 06:46:00,1.13638,1.13649,1.13638,1.13646,0.0
2026-09-29 06:47:00,1.1364,1.13652,1.1364,1.13651,0.0
2026-09-29 06:48:00,1.13648,1.13651,1.13644,1.13651,0.0
2026-09-29 06:49:00,1.13649,1.13649,1.1364,1.13643,0.0
2026-09-29 06:50:00,1.13646,1.13646,1.13635,1.13637,0.0
2026-09-29 06:51:00,1.13639,1.13648,1.13616,1.13623,0.0
2026-09-29 06:52:00,1.13635,1.13635,1.13611,1.13613,0.0
2026-09-29 06:53:00,1.13619,1.1362,1.13616,1.13617,0.0
2026-09-29 06:54:00,1.13616,1.13623,1.13616,1.13622,0.0
2026-09-29 06:55:00,1.13619,1.13621,1.13616,1.13621,0.0
2026-09-29 06:56:00,1.13619,1.13619,1.13603,1.13608,0.0
2026-09-29 06:57:00,1.13616,1.13616,1.13604,1.13605,0.0
2026-09-29 06:58:00,1.13608,1.1362,1.13608,1.13619,0.0
2026-09-29 06:59:00,1.13614,1.13617,1.13598,1.13616,0.0
2026-09-29 07:00:00,1.13613,1.13619,1.136,1.13602,0.0
2026-09-29 07:01:00,1.136,1.13627,1.136,1.13624,0.0
2026-09-29 07:02:00,1.1362,1.13632,1.13605,1.13629,0.0
2026-09-29 07:03:00,1.13623,1.13623,1.13608,1.13609,0.0
2026-09-29 07:04:00,1.13613,1.13621,1.13607,1.1362,0.0
2026-09-29 07:05:00,1.13616,1.13616,1.13604,1.13606,0.0
2026-09-29 07:06:00,1.13609,1.13613,1.13609,1.13612,0.0
2026-09-29 07:07:00,1.13609,1.13616,1.13609,1.13615,0.0
2026-09-29 07:08:00,1.13612,1.13626,1.13608,1.13612,0.0
2026-09-29 07:09:00,1.13614,1.13626,1.13614,1.13626,0.0
2026-09-29 07:10:00,1.13623,1.13623,1.1362,1.1362,0.0
2026-09-29 07:11:00,1.1362,1.13625,1.13606,1.13611,0.0
2026-09-29 07:12:00,1.13618,1.13618,1.13602,1.13604,0.0
2026-09-29 07:13:00,1.13607,1.13613,1.13585,1.13592,0.0
2026-09-29 07:14:00,1.13603,1.13603,1.1358,1.13583,0.0
2026-09-29 07:15:00,1.13589,1.13589,1.13578,1.1358,0.0
2026-09-29 07:16:00,1.13581,1.13585,1.1358,1.13585,0.0
2026-09-29 07:17:00,1.13584,1.13584,1.13571,1.13574,0.0
2026-09-29 07:18:00,1.13578,1.13578,1.13572,1.13573,0.0
2026-09-29 07:19:00,1.13573,1.13581,1.1357,1.13573,0.0
2026-09-29 07:20:00,1.13574,1.13582,1.13574,1.13581,0.0
2026-09-29 07:21:00,1.13577,1.13581,1.13573,1.1358,0.0
2026-09-29 07:22:00,1.13579,1.13586,1.13555,1.13563,0.0
2026-09-29 07:23:00,1.13578,1.13578,1.13562,1.13563,0.0
2026-09-29 07:24:00,1.13566,1.13566,1.13562,1.13563,0.0
2026-09-29 07:25:00,1.13563,1.13566,1.13559,1.13566,0.0
2026-09-29 07:26:00,1.13564,1.13571,1.13563,1.13564,0.0
2026-09-29 07:27:00,1.13563,1.13568,1.13563,1.13567,0.0
2026-09-29 07:28:00,1.13563,1.13568,1.1356,1.13567,0.0
2026-09-29 07:29:00,1.13566,1.13567,1.13554,1.13566,0.0
2026-09-29 07:30:00,1.13564,1.13564,1.13555,1.13556,0.0
2026-09-29 07:31:00,1.13559,1.13584,1.13466,1.13559,0.0
2026-09-29 07:32:00,1.13561,1.13561,1.13428,1.13464,0.0
2026-09-29 07:33:00,1.13521,1.13521,1.13443,1.13456,0.0
2026-09-29 07:34:00,1.1348,1.1348,1.13434,1.13442,0.0
2026-09-29 07:35:00,1.13457,1.13457,1.13435,1.13438,0.0
2026-09-29 07:36:00,1.13444,1.13494,1.13444,1.1348,0.0
2026-09-29 07:37:00,1.13454,1.13485,1.13454,1.13483,0.0
2026-09-29 07:38:00,1.13478,1.13478,1.13471,1.13478,0.0
2026-09-29 07:39:00,1.13476,1.13495,1.1346,1.13464,0.0
2026-09-29 07:40:00,1.13475,1.135,1.13475,1.13498,0.0
2026-09-29 07:41:00,1.1349,1.13503,1.1349,1.135,0.0
2026-09-29 07:42:00,1.13496,1.135,1.13496,1.135,0.0
2026-09-29 07:43:00,1.13498,1.13511,1.13491,1.13498,0.0
2026-09-29 07:44:00,1.135,1.13513,1.13497,1.13511,0.0
2026-09-29 07:45:00,1.13507,1.13507,1.13485,1.1349,0.0
2026-09-29 07:46:00,1.13498,1.13498,1.13491,1.13492,0.0
2026-09-29 07:47:00,1.13493,1.13493,1.13476,1.13482,0.0
2026-09-29 07:48:00,1.13491,1.13497,1.13482,1.13483,0.0
2026-09-29 07:49:00,1.13485,1.13495,1.13484,1.13495,0.0
2026-09-29 07:50:00,1.13492,1.13492,1.1348,1.13482,0.0
2026-09-29 07:51:00,1.13485,1.13486,1.13479,1.13481,0.0
2026-09-29 07:52:00,1.1348,1.13501,1.13477,1.13496,0.0
2026-09-29 07:53:00,1.13489,1.13504,1.13489,1.13502,0.0
2026-09-29 07:54:00,1.13495,1.13512,1.13495,1.1351,0.0
2026-09-29 07:55:00,1.13506,1.1351,1.135,1.1351,0.0
2026-09-29 07:56:00,1.13508,1.13514,1.13502,1.13503,0.0
2026-09-29 07:57:00,1.13504,1.13514,1.13504,1.13513,0.0
2026-09-29 07:58:00,1.13511,1.13511,1.13499,1.13502,0.0
2026-09-29 07:59:00,1.13507,1.13507,1.13496,1.13497,0.0
2026-09-29 08:00:00,1.13498,1.135,1.13494,1.135,0.0
2026-09-29 08:01:00,1.13496,1.13505,1.13496,1.13503,0.0
2026-09-29 08:02:00,1.13499,1.13503,1.13499,1.13503,0.0
2026-09-29 08:03:00,1.135,1.13516,1.13495,1.13511,0.0
2026-09-29 08:04:00,1.13504,1.13514,1.13504,1.13514,0.0
2026-09-29 08:05:00,1.1351,1.13515,1.13493,1.13515,0.0
2026-09-29 08:06:00,1.13513,1.13513,1.13494,1.13497,0.0
2026-09-29 08:07:00,1.13501,1.13501,1.13471,1.1348,0.0
2026-09-29 08:08:00,1.13496,1.13496,1.13467,1.13471,0.0
2026-09-29 08:09:00,1.13478,1.13478,1.13467,1.13469,0.0
2026-09-29 08:10:00,1.13471,1.13471,1.13465,1.13466,0.0
2026-09-29 08:11:00,1.13467,1.13467,1.1346,1.13461,0.0
2026-09-29 08:12:00,1.13461,1.13477,1.1346,1.13473,0.0
2026-09-29 08:13:00,1.13468,1.13478,1.13468,1.13477,0.0
2026-09-29 08:14:00,1.13471,1.13485,1.13471,1.13483,0.0
2026-09-29 08:15:00,1.1348,1.13482,1.13474,1.13482,0.0
2026-09-29 08:16:00,1.1348,1.13484,1.13477,1.13478,0.0
2026-09-29 08:17:00,1.13479,1.13491,1.13479,1.13488,0.0
2026-09-29 08:18:00,1.13481,1.13491,1.13481,1.1349,0.0
2026-09-29 08:19:00,1.13488,1.13499,1.13487,1.13496,0.0
2026-09-29 08:20:00,1.13491,1.13498,1.13491,1.13498,0.0
2026-09-29 08:21:00,1.13496,1.13505,1.13489,1.13491,0.0
2026-09-29 08:22:00,1.13496,1.13506,1.13496,1.13505,0.0
2026-09-29 08:23:00,1.135,1.13518,1.13496,1.13513,0.0
2026-09-29 08:24:00,1.13507,1.13524,1.13507,1.13521,0.0
2026-09-29 08:25:00,1.13513,1.13522,1.13513,1.13521,0.0
2026-09-29 08:26:00,1.13518,1.13521,1.13491,1.13498,0.0
2026-09-29 08:27:00,1.13511,1.13511,1.13482,1.13485,0.0
2026-09-29 08:28:00,1.13491,1.13506,1.13491,1.13502,0.0
2026-09-29 08:29:00,1.13495,1.13508,1.13483,1.13506,0.0
2026-09-29 08:30:00,1.13502,1.13502,1.13474,1.13477,0.0
2026-09-29 08:31:00,1.13482,1.13484,1.13457,1.13463,0.0
2026-09-29 08:32:00,1.13475,1.13475,1.13456,1.13458,0.0
2026-09-29 08:33:00,1.1346,1.13463,1.13447,1.13451,0.0
2026-09-29 08:34:00,1.13457,1.13457,1.13447,1.13448,0.0
2026-09-29 08:35:00,1.13449,1.13455,1.13442,1.13454,0.0
2026-09-29 08:36:00,1.1345,1.13451,1.1344,1.13441,0.0
2026-09-29 08:37:00,1.13444,1.13449,1.13444,1.13449,0.0
2026-09-29 08:38:00,1.13448,1.13451,1.13443,1.13444,0.0
2026-09-29 08:39:00,1.13444,1.13456,1.13444,1.13454,0.0
2026-09-29 08:40:00,1.1345,1.1346,1.13442,1.13458,0.0
2026-09-29 08:41:00,1.13455,1.13455,1.13437,1.13439,0.0
2026-09-29 08:42:00,1.13444,1.13452,1.13444,1.13452,0.0
2026-09-29 08:43:00,1.13449,1.1345,1.1344,1.13443,0.0
2026-09-29 08:44:00,1.13448,1.13449,1.13443,1.13444,0.0
2026-09-29 08:45:00,1.13444,1.13453,1.13444,1.13452,0.0
2026-09-29 08:46:00,1.1345,1.13452,1.1344,1.1345,0.0
2026-09-29 08:47:00,1.13449,1.13449,1.13439,1.1344,0.0
2026-09-29 08:48:00,1.13442,1.13444,1.1344,1.1344,0.0
2026-09-29 08:49:00,1.13441,1.13452,1.13441,1.13449,0.0
2026-09-29 08:50:00,1.13441,1.13467,1.13441,1.13461,0.0
2026-09-29 08:51:00,1.13453,1.13469,1.13453,1.13468,0.0
2026-09-29 08:52:00,1.13462,1.13477,1.13462,1.13475,0.0
2026-09-29 08:53:00,1.13471,1.13475,1.13471,1.13475,0.0
2026-09-29 08:54:00,1.13472,1.13478,1.13472,1.13477,0.0
2026-09-29 08:55:00,1.13474,1.13481,1.13464,1.13479,0.0
2026-09-29 08:56:00,1.13474,1.13474,1.13452,1.13457,0.0
2026-09-29 08:57:00,1.13465,1.13465,1.13456,1.13457,0.0
2026-09-29 08:58:00,1.13458,1.13462,1.13456,1.13462,0.0
2026-09-29 08:59:00,1.13461,1.13467,1.13455,1.13456,0.0
2026-09-29 09:00:00,1.13459,1.13475,1.13459,1.13472,0.0
2026-09-29 09:01:00,1.13463,1.13485,1.13463,1.13481,0.0
2026-09-29 09:02:00,1.13477,1.13488,1.13471,1.13486,0.0
2026-09-29 09:03:00,1.13482,1.13482,1.13462,1.13466,0.0
2026-09-29 09:04:00,1.13473,1.13473,1.13466,1.13473,0.0
2026-09-29 09:05:00,1.1347,1.13478,1.1347,1.13476,0.0
2026-09-29 09:06:00,1.13474,1.1348,1.13463,1.13478,0.0
2026-09-29 09:07:00,1.13474,1.13474,1.13453,1.13457,0.0
2026-09-29 09:08:00,1.13464,1.13464,1.13446,1.13448,0.0
2026-09-29 09:09:00,1.13451,1.13451,1.13443,1.13451,0.0
2026-09-29 09:10:00,1.1345,1.1345,1.13431,1.13436,0.0
2026-09-29 09:11:00,1.13443,1.13443,1.13431,1.13434,0.0
2026-09-29 09:12:00,1.13437,1.13437,1.13422,1.13426,0.0
2026-09-29 09:13:00,1.1343,1.13442,1.13393,1.13402,0.0
2026-09-29 09:14:00,1.13422,1.13422,1.13384,1.13387,0.0
2026-09-29 09:15:00,1.13392,1.13392,1.13365,1.13371,0.0
2026-09-29 09:16:00,1.13381,1.13381,1.13367,1.13368,0.0
2026-09-29 09:17:00,1.13371,1.13376,1.13371,1.13376,0.0
2026-09-29 09:18:00,1.13374,1.13376,1.13374,1.13376,0.0
2026-09-29 09:19:00,1.13374,1.13379,1.13372,1.13374,0.0
2026-09-29 09:20:00,1.13374,1.13385,1.13374,1.13383,0.0
2026-09-29 09:21:00,1.13376,1.13395,1.13376,1.1339,0.0
2026-09-29 09:22:00,1.13385,1.13398,1.13385,1.13397,0.0
2026-09-29 09:23:00,1.1339,1.13401,1.1339,1.13399,0.0
2026-09-29 09:24:00,1.13395,1.13397,1.13371,1.13377,0.0
2026-09-29 09:25:00,1.13387,1.13387,1.1337,1.13371,0.0
2026-09-29 09:26:00,1.13374,1.13379,1.13363,1.13374,0.0
2026-09-29 09:27:00,1.13373,1.13373,1.13357,1.1336,0.0
2026-09-29 09:28:00,1.13364,1.13364,1.13347,1.1335,0.0
2026-09-29 09:29:00,1.13354,1.13366,1.13352,1.13354,0.0
2026-09-29 09:30:00,1.13352,1.13365,1.13348,1.13363,0.0
2026-09-29 09:31:00,1.13359,1.13359,1.13345,1.13347,0.0
2026-09-29 09:32:00,1.13349,1.13363,1.13344,1.13358,0.0
2026-09-29 09:33:00,1.13353,1.13362,1.13353,1.13362,0.0
2026-09-29 09:34:00,1.13358,1.13375,1.13356,1.1337,0.0
2026-09-29 09:35:00,1.13364,1.13373,1.13364,1.13373,0.0
2026-09-29 09:36:00,1.1337,1.1337,1.13361,1.13363,0.0
2026-09-29 09:37:00,1.13365,1.13365,1.13348,1.13352,0.0
2026-09-29 09:38:00,1.13357,1.13357,1.13341,1.13344,0.0
2026-09-29 09:39:00,1.13349,1.13349,1.13335,1.13338,0.0
2026-09-29 09:40:00,1.13342,1.13342,1.13336,1.13337,0.0
2026-09-29 09:41:00,1.13339,1.13343,1.13335,1.13335,0.0
2026-09-29 09:42:00,1.13337,1.13344,1.13331,1.13343,0.0
2026-09-29 09:43:00,1.1334,1.13354,1.13315,1.13321,0.0
2026-09-29 09:44:00,1.13336,1.13366,1.13336,1.13361,0.0
2026-09-29 09:45:00,1.13347,1.13369,1.13347,1.13367,0.0
2026-09-29 09:46:00,1.13363,1.13368,1.13363,1.13367,0.0
2026-09-29 09:47:00,1.13364,1.13365,1.13352,1.13364,0.0
2026-09-29 09:48:00,1.13364,1.13364,1.13349,1.13351,0.0
2026-09-29 09:49:00,1.13354,1.13354,1.13345,1.13347,0.0
2026-09-29 09:50:00,1.13351,1.13351,1.13334,1.13337,0.0
2026-09-29 09:51:00,1.13342,1.13342,1.13331,1.13333,0.0
2026-09-29 09:52:00,1.13334,1.13347,1.13334,1.13343,0.0
2026-09-29 09:53:00,1.13339,1.13346,1.13338,1.13346,0.0
2026-09-29 09:54:00,1.13343,1.13365,1.13317,1.13325,0.0
2026-09-29 09:55:00,1.13343,1.1337,1.13343,1.13367,0.0
2026-09-29 09:56:00,1.13359,1.13367,1.1335,1.13366,0.0
2026-09-29 09:57:00,1.13363,1.13363,1.13345,1.13348,0.0
2026-09-29 09:58:00,1.13351,1.13359,1.13347,1.13359,0.0
2026-09-29 09:59:00,1.13358,1.13358,1.13339,1.13342,0.0
2026-09-29 10:00:00,1.13346,1.13346,1.1334,1.13341,0.0
2026-09-29 10:01:00,1.13342,1.13361,1.13335,1.13355,0.0
2026-09-29 10:02:00,1.13346,1.1337,1.13346,1.13366,0.0
2026-09-29 10:03:00,1.13354,1.13376,1.13354,1.13374,0.0
2026-09-29 10:04:00,1.13369,1.13369,1.13363,1.13364,0.0
2026-09-29 10:05:00,1.13365,1.13376,1.1336,1.13365,0.0
2026-09-29 10:06:00,1.13367,1.13374,1.13367,1.13374,0.0
2026-09-29 10:07:00,1.13371,1.1338,1.13371,1.13378,0.0
2026-09-29 10:08:00,1.13374,1.13383,1.13374,1.13381,0.0
2026-09-29 10:09:00,1.13377,1.13384,1.13377,1.13384,0.0
2026-09-29 10:10:00,1.13382,1.13382,1.13367,1.13371,0.0
2026-09-29 10:11:00,1.13377,1.13377,1.13365,1.13368,0.0
2026-09-29 10:12:00,1.13372,1.13372,1.13366,1.13366,0.0
2026-09-29 10:13:00,1.13367,1.13372,1.13363,1.13372,0.0
2026-09-29 10:14:00,1.13369,1.13379,1.13355,1.13358,0.0
2026-09-29 10:15:00,1.13366,1.1338,1.13366,1.13379,0.0
2026-09-29 10:16:00,1.13375,1.13381,1.13359,1.13362,0.0
2026-09-29 10:17:00,1.13369,1.13381,1.13369,1.1338,0.0
2026-09-29 10:18:00,1.13376,1.13384,1.13376,1.13383,0.0
2026-09-29 10:19:00,1.13381,1.1339,1.13381,1.13387,0.0
2026-09-29 10:20:00,1.13382,1.13393,1.13382,1.13392,0.0
2026-09-29 10:21:00,1.13388,1.13394,1.13386,1.13393,0.0
2026-09-29 10:22:00,1.13391,1.13395,1.13381,1.13394,0.0
2026-09-29 10:23:00,1.1339,1.1339,1.13377,1.13378,0.0
2026-09-29 10:24:00,1.13382,1.13386,1.13377,1.13378,0.0
2026-09-29 10:25:00,1.13378,1.13394,1.13378,1.1339,0.0
2026-09-29 10:26:00,1.13385,1.13393,1.13385,1.13392,0.0
2026-09-29 10:27:00,1.13388,1.13406,1.13387,1.13401,0.0
2026-09-29 10:28:00,1.13394,1.13407,1.13394,1.13406,0.0
2026-09-29 10:29:00,1.13402,1.13407,1.13398,1.13402,0.0
2026-09-29 10:30:00,1.13401,1.13425,1.13401,1.13418,0.0
2026-09-29 10:31:00,1.13407,1.1343,1.13407,1.13428,0.0
2026-09-29 10:32:00,1.13422,1.13428,1.13411,1.13427,0.0
2026-09-29 10:33:00,1.13424,1.13426,1.13404,1.1341,0.0
2026-09-29 10:34:00,1.13419,1.13419,1.13395,1.134,0.0
2026-09-29 10:35:00,1.13407,1.13407,1.13393,1.13397,0.0
2026-09-29 10:36:00,1.13402,1.13413,1.13402,1.1341,0.0
2026-09-29 10:37:00,1.13406,1.1341,1.13401,1.1341,0.0
2026-09-29 10:38:00,1.13408,1.13416,1.13407,1.13414,0.0
2026-09-29 10:39:00,1.13409,1.13414,1.13404,1.13414,0.0
2026-09-29 10:40:00,1.13413,1.13416,1.13407,1.13409,0.0
2026-09-29 10:41:00,1.1341,1.13424,1.1341,1.1342,0.0
2026-09-29 10:42:00,1.13416,1.13423,1.1341,1.13423,0.0
2026-09-29 10:43:00,1.13421,1.13424,1.13415,1.13416,0.0
2026-09-29 10:44:00,1.13419,1.13424,1.13416,1.13423,0.0
2026-09-29 10:45:00,1.13418,1.13434,1.13418,1.13431,0.0
2026-09-29 10:46:00,1.13427,1.13436,1.13427,1.13434,0.0
2026-09-29 10:47:00,1.13428,1.13445,1.13428,1.13442,0.0
2026-09-29 10:48:00,1.13437,1.13442,1.13433,1.13442,0.0
2026-09-29 10:49:00,1.13441,1.13443,1.13433,1.13441,0.0
2026-09-29 10:50:00,1.1344,1.13454,1.13438,1.13449,0.0
2026-09-29 10:51:00,1.13442,1.13463,1.13442,1.1346,0.0
2026-09-29 10:52:00,1.13451,1.1348,1.13451,1.13474,0.0
2026-09-29 10:53:00,1.13465,1.13482,1.13465,1.13481,0.0
2026-09-29 10:54:00,1.13476,1.13476,1.13465,1.13468,0.0
2026-09-29 10:55:00,1.13475,1.13475,1.13461,1.13465,0.0
2026-09-29 10:56:00,1.1347,1.13482,1.1346,1.13463,0.0
2026-09-29 10:57:00,1.1347,1.13487,1.1347,1.13484,0.0
2026-09-29 10:58:00,1.13476,1.13493,1.13476,1.13491,0.0
2026-09-29 10:59:00,1.13488,1.13492,1.13485,1.13486,0.0
2026-09-29 11:00:00,1.13486,1.13494,1.13486,1.13494,0.0
2026-09-29 11:01:00,1.13491,1.13493,1.13478,1.13493,0.0
2026-09-29 11:02:00,1.13492,1.13492,1.13471,1.13477,0.0
2026-09-29 11:03:00,1.13486,1.13486,1.13456,1.13463,0.0
2026-09-29 11:04:00,1.13475,1.13475,1.13457,1.13461,0.0
2026-09-29 11:05:00,1.13464,1.1347,1.13458,1.13469,0.0
2026-09-29 11:06:00,1.13467,1.13467,1.1346,1.13467,0.0
2026-09-29 11:07:00,1.13465,1.13465,1.13451,1.13455,0.0
2026-09-29 11:08:00,1.13462,1.13462,1.13444,1.13449,0.0
2026-09-29 11:09:00,1.13456,1.13456,1.13448,1.1345,0.0
2026-09-29 11:10:00,1.13454,1.13458,1.13448,1.13454,0.0
2026-09-29 11:11:00,1.13453,1.13458,1.13451,1.13458,0.0
2026-09-29 11:12:00,1.13456,1.13462,1.13451,1.13452,0.0
2026-09-29 11:13:00,1.13455,1.13461,1.13455,1.13461,0.0
2026-09-29 11:14:00,1.13458,1.13462,1.13448,1.13461,0.0
2026-09-29 11:15:00,1.13459,1.13465,1.13456,1.13463,0.0
2026-09-29 11:16:00,1.13456,1.13482,1.13455,1.13476,0.0
2026-09-29 11:17:00,1.13468,1.13483,1.13468,1.13482,0.0
2026-09-29 11:18:00,1.13477,1.13485,1.13474,1.13485,0.0
2026-09-29 11:19:00,1.13483,1.13483,1.13464,1.1347,0.0
2026-09-29 11:20:00,1.13479,1.13479,1.13466,1.13469,0.0
2026-09-29 11:21:00,1.13472,1.13483,1.13467,1.13468,0.0
2026-09-29 11:22:00,1.13472,1.13484,1.13472,1.13484,0.0
2026-09-29 11:23:00,1.1348,1.13484,1.13473,1.13483,0.0
2026-09-29 11:24:00,1.13482,1.13482,1.1347,1.13482,0.0
2026-09-29 11:25:00,1.1348,1.13487,1.13473,1.13474,0.0
2026-09-29 11:26:00,1.13478,1.13493,1.13469,1.1349,0.0
2026-09-29 11:27:00,1.13484,1.13484,1.13458,1.13463,0.0
2026-09-29 11:28:00,1.13471,1.13471,1.1346,1.13463,0.0
2026-09-29 11:29:00,1.13468,1.13475,1.13465,1.13473,0.0
2026-09-29 11:30:00,1.13469,1.13479,1.13469,1.13477,0.0
2026-09-29 11:31:00,1.13473,1.13479,1.1347,1.13479,0.0
2026-09-29 11:32:00,1.13477,1.13485,1.13473,1.13477,0.0
2026-09-29 11:33:00,1.13478,1.13484,1.13478,1.13484,0.0
2026-09-29 11:34:00,1.13481,1.13486,1.13476,1.13485,0.0
2026-09-29 11:35:00,1.13483,1.13485,1.13478,1.13485,0.0
2026-09-29 11:36:00,1.1348,1.13496,1.1348,1.13493,0.0
2026-09-29 11:37:00,1.13488,1.13493,1.13487,1.13493,0.0
2026-09-29 11:38:00,1.13491,1.13491,1.13476,1.13481,0.0
2026-09-29 11:39:00,1.13488,1.1349,1.1348,1.13481,0.0
2026-09-29 11:40:00,1.13482,1.13493,1.13482,1.13492,0.0
2026-09-29 11:41:00,1.1349,1.13492,1.13474,1.13492,0.0
2026-09-29 11:42:00,1.1349,1.1349,1.13467,1.13474,0.0
2026-09-29 11:43:00,1.13486,1.13486,1.13462,1.13466,0.0
2026-09-29 11:44:00,1.13473,1.13478,1.13473,1.13477,0.0
2026-09-29 11:45:00,1.13472,1.13483,1.13469,1.1348,0.0
2026-09-29 11:46:00,1.13476,1.1349,1.13476,1.13487,0.0
2026-09-29 11:47:00,1.13475,1.13498,1.13475,1.13496,0.0
2026-09-29 11:48:00,1.13492,1.13492,1.13483,1.13492,0.0
2026-09-29 11:49:00,1.13491,1.13501,1.13482,1.13485,0.0
2026-09-29 11:50:00,1.13489,1.13526,1.13489,1.13516,0.0
2026-09-29 11:51:00,1.13498,1.13537,1.13498,1.13533,0.0
2026-09-29 11:52:00,1.13525,1.13525,1.13488,1.13499,0.0
2026-09-29 11:53:00,1.13517,1.13517,1.13494,1.13498,0.0
2026-09-29 11:54:00,1.135,1.13519,1.135,1.13517,0.0
2026-09-29 11:55:00,1.13513,1.1352,1.1351,1.13519,0.0
2026-09-29 11:56:00,1.13513,1.13533,1.13513,1.13529,0.0
2026-09-29 11:57:00,1.13523,1.13531,1.13519,1.13531,0.0
2026-09-29 11:58:00,1.13528,1.13528,1.13516,1.13519,0.0
2026-09-29 11:59:00,1.13524,1.13524,1.1351,1.13514,0.0
2026-09-29 12:00:00,1.1352,1.13524,1.13514,1.13516,0.0
2026-09-29 12:01:00,1.13518,1.13537,1.13518,1.13532,0.0
2026-09-29 12:02:00,1.13523,1.13548,1.13523,1.13544,0.0
2026-09-29 12:03:00,1.13533,1.13555,1.13533,1.13552,0.0
2026-09-29 12:04:00,1.13548,1.13568,1.13548,1.13563,0.0
2026-09-29 12:05:00,1.13547,1.13582,1.13547,1.13577,0.0
2026-09-29 12:06:00,1.13571,1.13587,1.13556,1.13584,0.0
2026-09-29 12:07:00,1.13578,1.13578,1.13551,1.13556,0.0
2026-09-29 12:08:00,1.13565,1.13565,1.13552,1.13555,0.0
2026-09-29 12:09:00,1.13559,1.13568,1.13559,1.13566,0.0
2026-09-29 12:10:00,1.13563,1.13568,1.13545,1.13567,0.0
2026-09-29 12:11:00,1.13565,1.13565,1.13545,1.13548,0.0
2026-09-29 12:12:00,1.13553,1.13554,1.13541,1.13553,0.0
2026-09-29 12:13:00,1.13553,1.13553,1.13536,1.13541,0.0
2026-09-29 12:14:00,1.13547,1.13558,1.13538,1.1354,0.0
2026-09-29 12:15:00,1.13547,1.13556,1.13547,1.13556,0.0
2026-09-29 12:16:00,1.13553,1.1356,1.13551,1.13558,0.0
2026-09-29 12:17:00,1.13555,1.13563,1.13534,1.13561,0.0
2026-09-29 12:18:00,1.13556,1.13556,1.13542,1.13543,0.0
2026-09-29 12:19:00,1.13547,1.13556,1.13537,1.13554,0.0
2026-09-29 12:20:00,1.13551,1.13551,1.13523,1.1353,0.0
2026-09-29 12:21:00,1.13541,1.13541,1.13513,1.13519,0.0
2026-09-29 12:22:00,1.13529,1.13529,1.13519,1.13521,0.0
2026-09-29 12:23:00,1.13523,1.13528,1.13515,1.13527,0.0
2026-09-29 12:24:00,1.13526,1.1353,1.13505,1.13511,0.0
2026-09-29 12:25:00,1.13522,1.13522,1.13502,1.13504,0.0
2026-09-29 12:26:00,1.1351,1.13522,1.1351,1.1352,0.0
2026-09-29 12:27:00,1.13514,1.13516,1.13505,1.13516,0.0
2026-09-29 12:28:00,1.13514,1.13514,1.13502,1.13504,0.0
2026-09-29 12:29:00,1.13507,1.1352,1.13499,1.13501,0.0
2026-09-29 12:30:00,1.13506,1.13525,1.13506,1.13522,0.0
2026-09-29 12:31:00,1.13516,1.13525,1.13509,1.13525,0.0
2026-09-29 12:32:00,1.13523,1.13523,1.13504,1.13506,0.0
2026-09-29 12:33:00,1.13509,1.13518,1.13509,1.13517,0.0
2026-09-29 12:34:00,1.13512,1.13514,1.13493,1.13512,0.0
2026-09-29 12:35:00,1.13511,1.13515,1.13484,1.13491,0.0
2026-09-29 12:36:00,1.13504,1.13504,1.13479,1.13482,0.0
2026-09-29 12:37:00,1.13487,1.13496,1.13476,1.13494,0.0
2026-09-29 12:38:00,1.13488,1.13488,1.13462,1.13467,0.0
2026-09-29 12:39:00,1.13476,1.13476,1.13462,1.13464,0.0
2026-09-29 12:40:00,1.13467,1.13467,1.13462,1.13467,0.0
2026-09-29 12:41:00,1.13466,1.13471,1.13464,1.13464,0.0
2026-09-29 12:42:00,1.13465,1.1348,1.13465,1.13477,0.0
2026-09-29 12:43:00,1.13469,1.13495,1.13469,1.13489,0.0
2026-09-29 12:44:00,1.13481,1.13496,1.13481,1.13495,0.0
2026-09-29 12:45:00,1.1349,1.135,1.1349,1.13498,0.0
2026-09-29 12:46:00,1.13495,1.13507,1.13483,1.13504,0.0
2026-09-29 12:47:00,1.13498,1.13498,1.13471,1.13476,0.0
2026-09-29 12:48:00,1.13483,1.13483,1.13465,1.13469,0.0
2026-09-29 12:49:00,1.13474,1.13477,1.13471,1.13472,0.0
2026-09-29 12:50:00,1.13472,1.13474,1.13466,1.13474,0.0
2026-09-29 12:51:00,1.13473,1.13473,1.13467,1.13468,0.0
2026-09-29 12:52:00,1.13469,1.13475,1.13467,1.13469,0.0
2026-09-29 12:53:00,1.1347,1.13479,1.1347,1.13478,0.0
2026-09-29 12:54:00,1.13473,1.13481,1.13473,1.13479,0.0
2026-09-29 12:55:00,1.13476,1.13481,1.13471,1.1348,0.0
2026-09-29 12:56:00,1.13478,1.13478,1.1347,1.13471,0.0
2026-09-29 12:57:00,1.13473,1.13475,1.13466,1.13475,0.0
2026-09-29 12:58:00,1.13472,1.13472,1.13449,1.13455,0.0
2026-09-29 12:59:00,1.13466,1.13466,1.13446,1.13449,0.0
2026-09-29 13:00:00,1.13454,1.13454,1.13444,1.13446,0.0
2026-09-29 13:01:00,1.13448,1.13459,1.13448,1.13456,0.0
2026-09-29 13:02:00,1.1345,1.13461,1.1345,1.1346,0.0
2026-09-29 13:03:00,1.13458,1.13462,1.13455,1.13455,0.0
2026-09-29 13:04:00,1.13457,1.13464,1.13452,1.13463,0.0
2026-09-29 13:05:00,1.1346,1.1346,1.13447,1.13448,0.0
2026-09-29 13:06:00,1.13452,1.13455,1.13443,1.13452,0.0
2026-09-29 13:07:00,1.13451,1.13451,1.1344,1.13441,0.0
2026-09-29 13:08:00,1.13445,1.13446,1.1344,1.13446,0.0
2026-09-29 13:09:00,1.13444,1.13454,1.13437,1.13439,0.0
2026-09-29 13:10:00,1.13443,1.13455,1.13443,1.13454,0.0
2026-09-29 13:11:00,1.1345,1.13455,1.13443,1.13455,0.0
2026-09-29 13:12:00,1.13453,1.13453,1.13444,1.13445,0.0
2026-09-29 13:13:00,1.13447,1.13457,1.13447,1.13455,0.0
2026-09-29 13:14:00,1.13448,1.13462,1.13448,1.1346,0.0
2026-09-29 13:15:00,1.13457,1.1346,1.13455,1.1346,0.0
2026-09-29 13:16:00,1.13457,1.13466,1.13457,1.13463,0.0
2026-09-29 13:17:00,1.13459,1.13463,1.13458,1.13463,0.0
2026-09-29 13:18:00,1.13461,1.1347,1.13456,1.13457,0.0
2026-09-29 13:19:00,1.13461,1.13474,1.13453,1.13472,0.0
2026-09-29 13:20:00,1.13466,1.13466,1.13438,1.13444,0.0
2026-09-29 13:21:00,1.13453,1.13453,1.13435,1.13437,0.0
2026-09-29 13:22:00,1.13441,1.13447,1.13441,1.13446,0.0
2026-09-29 13:23:00,1.13443,1.13446,1.1344,1.13446,0.0
2026-09-29 13:24:00,1.13445,1.13447,1.13442,1.13445,0.0
2026-09-29 13:25:00,1.13442,1.13456,1.13442,1.13453,0.0
2026-09-29 13:26:00,1.13449,1.13454,1.13449,1.13454,0.0
2026-09-29 13:27:00,1.13452,1.13459,1.1345,1.13452,0.0
2026-09-29 13:28:00,1.13453,1.13458,1.13453,1.13457,0.0
2026-09-29 13:29:00,1.13454,1.13457,1.13447,1.13457,0.0
2026-09-29 13:30:00,1.13456,1.13456,1.13439,1.13443,0.0
2026-09-29 13:31:00,1.13449,1.13449,1.13435,1.13438,0.0
2026-09-29 13:32:00,1.13443,1.13446,1.13443,1.13445,0.0
2026-09-29 13:33:00,1.13443,1.13446,1.13426,1.13443,0.0
2026-09-29 13:34:00,1.13443,1.13443,1.13413,1.13419,0.0
2026-09-29 13:35:00,1.13427,1.13427,1.13407,1.13411,0.0
2026-09-29 13:36:00,1.13416,1.13416,1.13411,1.13411,0.0
2026-09-29 13:37:00,1.13412,1.13413,1.13407,1.13413,0.0
2026-09-29 13:38:00,1.1341,1.13423,1.13406,1.13419,0.0
2026-09-29 13:39:00,1.13413,1.13427,1.13402,1.13425,0.0
2026-09-29 13:40:00,1.13419,1.13419,1.13403,1.13405,0.0
2026-09-29 13:41:00,1.13408,1.1342,1.13408,1.13418,0.0
2026-09-29 13:42:00,1.13412,1.13431,1.13412,1.13427,0.0
2026-09-29 13:43:00,1.13419,1.13434,1.13419,1.13432,0.0
2026-09-29 13:44:00,1.13429,1.13429,1.13417,1.1342,0.0
2026-09-29 13:45:00,1.13424,1.13424,1.13411,1.13413,0.0
2026-09-29 13:46:00,1.13417,1.1343,1.13413,1.13426,0.0
2026-09-29 13:47:00,1.13413,1.13443,1.13413,1.13437,0.0
2026-09-29 13:48:00,1.1343,1.13443,1.1343,1.13442,0.0
2026-09-29 13:49:00,1.13437,1.13452,1.13437,1.1345,0.0
2026-09-29 13:50:00,1.13445,1.1345,1.13443,1.1345,0.0
2026-09-29 13:51:00,1.13447,1.13452,1.13442,1.13452,0.0
2026-09-29 13:52:00,1.1345,1.1345,1.13439,1.13441,0.0
2026-09-29 13:53:00,1.13444,1.13452,1.1344,1.1345,0.0
2026-09-29 13:54:00,1.13445,1.13453,1.13444,1.13452,0.0
2026-09-29 13:55:00,1.13451,1.13459,1.13438,1.13457,0.0
2026-09-29 13:56:00,1.13452,1.13452,1.13425,1.1343,0.0
2026-09-29 13:57:00,1.13437,1.13437,1.13424,1.13427,0.0
2026-09-29 13:58:00,1.13429,1.13436,1.13428,1.13429,0.0
2026-09-29 13:59:00,1.1343,1.13452,1.13406,1.13445,0.0
2026-09-29 14:00:00,1.13434,1.13434,1.13396,1.134,0.0
2026-09-29 14:01:00,1.13408,1.1343,1.13408,1.13428,0.0
2026-09-29 14:02:00,1.13423,1.13423,1.13384,1.13396,0.0
2026-09-29 14:03:00,1.13416,1.13416,1.13385,1.13387,0.0
2026-09-29 14:04:00,1.13393,1.13424,1.13393,1.13417,0.0
2026-09-29 14:05:00,1.13398,1.13446,1.13398,1.13438,0.0
2026-09-29 14:06:00,1.13428,1.13447,1.13428,1.13446,0.0
2026-09-29 14:07:00,1.13443,1.13443,1.13434,1.13436,0.0
2026-09-29 14:08:00,1.13438,1.13438,1.13428,1.13431,0.0
2026-09-29 14:09:00,1.13434,1.13447,1.13423,1.13426,0.0
2026-09-29 14:10:00,1.13434,1.13447,1.13434,1.13446,0.0
2026-09-29 14:11:00,1.13442,1.13442,1.13431,1.13433,0.0
2026-09-29 14:12:00,1.13437,1.13437,1.13425,1.13427,0.0
2026-09-29 14:13:00,1.1343,1.13442,1.1343,1.13439,0.0
2026-09-29 14:14:00,1.13431,1.13446,1.1343,1.13444,0.0
2026-09-29 14:15:00,1.1344,1.1344,1.13434,1.13436,0.0
2026-09-29 14:16:00,1.13437,1.13437,1.13426,1.1343,0.0
2026-09-29 14:17:00,1.13434,1.13434,1.13412,1.13417,0.0
2026-09-29 14:18:00,1.13425,1.13425,1.13407,1.13409,0.0
2026-09-29 14:19:00,1.13414,1.13414,1.13398,1.13402,0.0
2026-09-29 14:20:00,1.13407,1.13411,1.13398,1.134,0.0
2026-09-29 14:21:00,1.13404,1.1341,1.13399,1.13409,0.0
2026-09-29 14:22:00,1.13406,1.13425,1.13406,1.1342,0.0
2026-09-29 14:23:00,1.1341,1.13429,1.1341,1.13427,0.0
2026-09-29 14:24:00,1.13423,1.13429,1.13415,1.13429,0.0
2026-09-29 14:25:00,1.13427,1.13427,1.1342,1.13421,0.0
2026-09-29 14:26:00,1.13423,1.13428,1.13408,1.13427,0.0
2026-09-29 14:27:00,1.13424,1.13438,1.134,1.13406,0.0
2026-09-29 14:28:00,1.1342,1.13448,1.1342,1.13444,0.0
2026-09-29 14:29:00,1.1343,1.13457,1.1343,1.13455,0.0
2026-09-29 14:30:00,1.1345,1.13454,1.13446,1.13453,0.0
2026-09-29 14:31:00,1.13449,1.13457,1.13446,1.13456,0.0
2026-09-29 14:32:00,1.13454,1.13458,1.13444,1.13454,0.0
2026-09-29 14:33:00,1.13454,1.13459,1.13439,1.13459,0.0
2026-09-29 14:34:00,1.13458,1.13458,1.13442,1.13443,0.0
2026-09-29 14:35:00,1.13447,1.13453,1.13446,1.13453,0.0
2026-09-29 14:36:00,1.1345,1.13456,1.1344,1.13455,0.0
2026-09-29 14:37:00,1.13453,1.13455,1.13437,1.13442,0.0
2026-09-29 14:38:00,1.13449,1.13449,1.13433,1.13436,0.0
2026-09-29 14:39:00,1.13442,1.13443,1.13433,1.13442,0.0
2026-09-29 14:40:00,1.13441,1.13446,1.13431,1.13433,0.0
2026-09-29 14:41:00,1.13438,1.13446,1.13438,1.13445,0.0
2026-09-29 14:42:00,1.13442,1.13447,1.13434,1.13446,0.0
2026-09-29 14:43:00,1.13443,1.13444,1.13435,1.13444,0.0
2026-09-29 14:44:00,1.13443,1.13443,1.13422,1.13427,0.0
2026-09-29 14:45:00,1.13436,1.13436,1.13425,1.13426,0.0
2026-09-29 14:46:00,1.13428,1.13432,1.13418,1.13428,0.0
2026-09-29 14:47:00,1.13427,1.13427,1.13401,1.13407,0.0
2026-09-29 14:48:00,1.13416,1.13416,1.13393,1.13398,0.0
2026-09-29 14:49:00,1.13405,1.13414,1.13397,1.13399,0.0
2026-09-29 14:50:00,1.13404,1.13414,1.13402,1.13413,0.0
2026-09-29 14:51:00,1.1341,1.1341,1.13389,1.13394,0.0
2026-09-29 14:52:00,1.13403,1.13408,1.13392,1.13393,0.0
2026-09-29 14:53:00,1.13396,1.13411,1.13396,1.1341,0.0
2026-09-29 14:54:00,1.13407,1.13407,1.13398,1.13399,0.0
2026-09-29 14:55:00,1.13402,1.13407,1.13399,1.13407,0.0
2026-09-29 14:56:00,1.13405,1.13405,1.13394,1.13396,0.0
2026-09-29 14:57:00,1.134,1.13408,1.13399,1.13406,0.0
2026-09-29 14:58:00,1.13399,1.13417,1.13399,1.13413,0.0
2026-09-29 14:59:00,1.13408,1.1342,1.13398,1.13418,0.0
2026-09-29 15:00:00,1.13413,1.13413,1.13395,1.13398,0.0
2026-09-29 15:01:00,1.13403,1.13403,1.13388,1.13391,0.0
2026-09-29 15:02:00,1.13396,1.13396,1.13386,1.13388,0.0
2026-09-29 15:03:00,1.1339,1.13395,1.13389,1.13395,0.0
2026-09-29 15:04:00,1.13393,1.13393,1.13376,1.13381,0.0
2026-09-29 15:05:00,1.1339,1.1339,1.13367,1.13371,0.0
2026-09-29 15:06:00,1.13377,1.13377,1.13357,1.13362,0.0
2026-09-29 15:07:00,1.13369,1.13369,1.13356,1.13358,0.0
2026-09-29 15:08:00,1.13361,1.13363,1.1335,1.13353,0.0
2026-09-29 15:09:00,1.13358,1.13358,1.13347,1.13348,0.0
2026-09-29 15:10:00,1.13352,1.13367,1.13352,1.13362,0.0
2026-09-29 15:11:00,1.13349,1.13375,1.13349,1.13373,0.0
2026-09-29 15:12:00,1.13368,1.13372,1.13345,1.13353,0.0
2026-09-29 15:13:00,1.13366,1.13366,1.13343,1.13346,0.0
2026-09-29 15:14:00,1.13352,1.13352,1.13343,1.13344,0.0
2026-09-29 15:15:00,1.13347,1.13361,1.13347,1.13357,0.0
2026-09-29 15:16:00,1.13346,1.13373,1.13346,1.13368,0.0
2026-09-29 15:17:00,1.1336,1.13376,1.1336,1.13374,0.0
2026-09-29 15:18:00,1.1337,1.1337,1.13348,1.13353,0.0
2026-09-29 15:19:00,1.1336,1.13364,1.13341,1.13346,0.0
2026-09-29 15:20:00,1.13355,1.13355,1.1334,1.13341,0.0
2026-09-29 15:21:00,1.13345,1.13356,1.13345,1.13354,0.0
2026-09-29 15:22:00,1.13347,1.13358,1.13345,1.13357,0.0
2026-09-29 15:23:00,1.13355,1.13355,1.13317,1.13328,0.0
2026-09-29 15:24:00,1.13347,1.13347,1.13299,1.13308,0.0
2026-09-29 15:25:00,1.13325,1.13325,1.13299,1.13301,0.0
2026-09-29 15:26:00,1.13307,1.1332,1.13293,1.13317,0.0
2026-09-29 15:27:00,1.13311,1.13311,1.13279,1.13284,0.0
2026-09-29 15:28:00,1.13291,1.13293,1.13275,1.13278,0.0
2026-09-29 15:29:00,1.13278,1.13307,1.13278,1.13302,0.0
2026-09-29 15:30:00,1.13296,1.13314,1.13296,1.13311,0.0
2026-09-29 15:31:00,1.13301,1.13317,1.13301,1.13315,0.0
2026-09-29 15:32:00,1.13312,1.13321,1.13308,1.13309,0.0
2026-09-29 15:33:00,1.13309,1.13328,1.13309,1.13325,0.0
2026-09-29 15:34:00,1.13317,1.13345,1.13317,1.13338,0.0
2026-09-29 15:35:00,1.13327,1.13349,1.13327,1.13348,0.0
2026-09-29 15:36:00,1.13342,1.13352,1.13341,1.13351,0.0
2026-09-29 15:37:00,1.13348,1.13348,1.13335,1.13339,0.0
2026-09-29 15:38:00,1.13344,1.13344,1.13334,1.13335,0.0
2026-09-29 15:39:00,1.13338,1.13338,1.1333,1.13338,0.0
2026-09-29 15:40:00,1.13336,1.13338,1.13331,1.13332,0.0
2026-09-29 15:41:00,1.13335,1.13342,1.13317,1.13323,0.0
2026-09-29 15:42:00,1.13334,1.13334,1.13316,1.13318,0.0
2026-09-29 15:43:00,1.13321,1.13321,1.13317,1.13318,0.0
2026-09-29 15:44:00,1.13318,1.13323,1.13314,1.13322,0.0
2026-09-29 15:45:00,1.13318,1.13331,1.13318,1.13328,0.0
2026-09-29 15:46:00,1.13322,1.13331,1.13322,1.13331,0.0
2026-09-29 15:47:00,1.13327,1.13352,1.13316,1.13345,0.0
2026-09-29 15:48:00,1.13334,1.13353,1.13334,1.13352,0.0
2026-09-29 15:49:00,1.13348,1.13348,1.13331,1.13335,0.0
2026-09-29 15:50:00,1.13343,1.13343,1.13335,1.13337,0.0
2026-09-29 15:51:00,1.13338,1.13338,1.13327,1.13331,0.0
2026-09-29 15:52:00,1.13336,1.13336,1.13327,1.13329,0.0
2026-09-29 15:53:00,1.1333,1.13334,1.1333,1.13334,0.0
2026-09-29 15:54:00,1.13333,1.13333,1.13321,1.13324,0.0
2026-09-29 15:55:00,1.13329,1.13332,1.13321,1.13322,0.0
2026-09-29 15:56:00,1.13322,1.13345,1.13322,1.1334,0.0
2026-09-29 15:57:00,1.13333,1.13348,1.13333,1.13347,0.0
2026-09-29 15:58:00,1.1334,1.13354,1.1334,1.13352,0.0
2026-09-29 15:59:00,1.13349,1.13352,1.13348,1.13352,0.0
2026-09-29 16:00:00,1.13349,1.13361,1.13344,1.13357,0.0
2026-09-29 16:01:00,1.13351,1.13358,1.13351,1.13358,0.0
2026-09-29 16:02:00,1.13356,1.13356,1.13352,1.13356,0.0
2026-09-29 16:03:00,1.13356,1.13356,1.1335,1.13351,0.0
2026-09-29 16:04:00,1.13352,1.13354,1.13352,1.13354,0.0
2026-09-29 16:05:00,1.13353,1.13353,1.1334,1.13344,0.0
2026-09-29 16:06:00,1.13351,1.13351,1.13338,1.1334,0.0
2026-09-29 16:07:00,1.13341,1.13356,1.13341,1.13352,0.0
2026-09-29 16:08:00,1.13348,1.13354,1.13348,1.13354,0.0
2026-09-29 16:09:00,1.13352,1.13354,1.1335,1.1335,0.0
2026-09-29 16:10:00,1.13351,1.13353,1.13345,1.13353,0.0
2026-09-29 16:11:00,1.1335,1.1335,1.13336,1.13339,0.0
2026-09-29 16:12:00,1.13345,1.1335,1.13323,1.13329,0.0
2026-09-29 16:13:00,1.1334,1.1334,1.13294,1.13305,0.0
2026-09-29 16:14:00,1.13323,1.13323,1.1329,1.13294,0.0
2026-09-29 16:15:00,1.13301,1.13301,1.13289,1.13291,0.0
2026-09-29 16:16:00,1.13292,1.13302,1.13292,1.133,0.0
2026-09-29 16:17:00,1.13296,1.13298,1.13291,1.13298,0.0
2026-09-29 16:18:00,1.13296,1.13298,1.13294,1.13294,0.0
2026-09-29 16:19:00,1.13294,1.13297,1.13288,1.13297,0.0
2026-09-29 16:20:00,1.13294,1.13297,1.13287,1.13288,0.0
2026-09-29 16:21:00,1.1329,1.13297,1.13284,1.13296,0.0
2026-09-29 16:22:00,1.13292,1.13294,1.13283,1.13284,0.0
2026-09-29 16:23:00,1.13287,1.13298,1.13287,1.13296,0.0
2026-09-29 16:24:00,1.1329,1.13301,1.1329,1.133,0.0
2026-09-29 16:25:00,1.13296,1.13304,1.13296,1.13302,0.0
2026-09-29 16:26:00,1.13299,1.13313,1.13299,1.13309,0.0
2026-09-29 16:27:00,1.133,1.13318,1.133,1.13316,0.0
2026-09-29 16:28:00,1.13313,1.13327,1.13295,1.13323,0.0
2026-09-29 16:29:00,1.13317,1.13317,1.13295,1.13297,0.0
2026-09-29 16:30:00,1.13302,1.13311,1.13296,1.1331,0.0
2026-09-29 16:31:00,1.13306,1.13306,1.13295,1.13297,0.0
2026-09-29 16:32:00,1.133,1.13305,1.13293,1.13304,0.0
2026-09-29 16:33:00,1.133,1.133,1.1329,1.13291,0.0
2026-09-29 16:34:00,1.13293,1.13301,1.13293,1.13293,0.0
2026-09-29 16:35:00,1.13293,1.13303,1.13293,1.13302,0.0
2026-09-29 16:36:00,1.133,1.13305,1.13297,1.13297,0.0
2026-09-29 16:37:00,1.13299,1.13311,1.13299,1.13309,0.0
2026-09-29 16:38:00,1.13302,1.13303,1.13289,1.13293,0.0
2026-09-29 16:39:00,1.133,1.133,1.13286,1.13289,0.0
2026-09-29 16:40:00,1.13292,1.13292,1.13285,1.13286,0.0
2026-09-29 16:41:00,1.13289,1.13291,1.13277,1.13281,0.0
2026-09-29 16:42:00,1.13286,1.13286,1.13271,1.13274,0.0
2026-09-29 16:43:00,1.13279,1.13279,1.1327,1.13272,0.0
2026-09-29 16:44:00,1.13274,1.13274,1.13267,1.13269,0.0
2026-09-29 16:45:00,1.13272,1.13272,1.13233,1.13245,0.0
2026-09-29 16:46:00,1.13264,1.13264,1.13173,1.13194,0.0
2026-09-29 16:47:00,1.13237,1.13237,1.1317,1.13177,0.0
2026-09-29 16:48:00,1.13191,1.13202,1.13191,1.13202,0.0
2026-09-29 16:49:00,1.13198,1.13203,1.13193,1.13202,0.0
2026-09-29 16:50:00,1.13199,1.13199,1.13189,1.13191,0.0
2026-09-29 16:51:00,1.13191,1.13208,1.13191,1.13205,0.0
2026-09-29 16:52:00,1.132,1.13205,1.132,1.13205,0.0
2026-09-29 16:53:00,1.13203,1.13205,1.13203,1.13205,0.0
2026-09-29 16:54:00,1.13205,1.13205,1.13195,1.13197,0.0
2026-09-29 16:55:00,1.132,1.132,1.13191,1.13193,0.0
2026-09-29 16:56:00,1.13194,1.13195,1.1319,1.13195,0.0
2026-09-29 16:57:00,1.13194,1.13194,1.13178,1.13182,0.0
2026-09-29 16:58:00,1.13189,1.13189,1.13145,1.13157,0.0
2026-09-29 16:59:00,1.13171,1.13171,1.13122,1.13129,0.0
2026-09-29 17:00:00,1.13138,1.13158,1.13138,1.13155,0.0
2026-09-29 17:01:00,1.1315,1.13153,1.13146,1.13153,0.0
2026-09-29 17:02:00,1.13151,1.13151,1.13146,1.13147,0.0
2026-09-29 17:03:00,1.13147,1.13149,1.1314,1.13142,0.0
2026-09-29 17:04:00,1.13144,1.13166,1.13144,1.1316,0.0
2026-09-29 17:05:00,1.13149,1.1317,1.13149,1.13168,0.0
2026-09-29 17:06:00,1.13163,1.13171,1.13163,1.13171,0.0
2026-09-29 17:07:00,1.13169,1.1317,1.13162,1.13169,0.0
2026-09-29 17:08:00,1.13168,1.13168,1.13157,1.1316,0.0
2026-09-29 17:09:00,1.13165,1.13165,1.13159,1.13159,0.0
2026-09-29 17:10:00,1.1316,1.1316,1.13153,1.1316,0.0
2026-09-29 17:11:00,1.13158,1.13171,1.13146,1.13149,0.0
2026-09-29 17:12:00,1.13157,1.13171,1.13157,1.1317,0.0
2026-09-29 17:13:00,1.13165,1.13176,1.13165,1.13175,0.0
2026-09-29 17:14:00,1.13172,1.13173,1.13171,1.13173,0.0
2026-09-29 17:15:00,1.13172,1.13173,1.13171,1.13173,0.0
2026-09-29 17:16:00,1.13172,1.13172,1.13167,1.13168,0.0
2026-09-29 17:17:00,1.13171,1.13171,1.13164,1.13171,0.0
2026-09-29 17:18:00,1.13169,1.13171,1.13163,1.13164,0.0
2026-09-29 17:19:00,1.13167,1.13175,1.13167,1.13173,0.0
2026-09-29 17:20:00,1.13165,1.13179,1.13165,1.13177,0.0
2026-09-29 17:21:00,1.13173,1.13178,1.13159,1.13163,0.0
2026-09-29 17:22:00,1.1317,1.1317,1.13149,1.13153,0.0
2026-09-29 17:23:00,1.1316,1.1316,1.13146,1.13148,0.0
2026-09-29 17:24:00,1.13151,1.1316,1.13151,1.13159,0.0
2026-09-29 17:25:00,1.13157,1.13158,1.13149,1.13158,0.0
2026-09-29 17:26:00,1.13157,1.13157,1.13146,1.13148,0.0
2026-09-29 17:27:00,1.13149,1.13162,1.13149,1.1316,0.0
2026-09-29 17:28:00,1.13156,1.13165,1.13149,1.13164,0.0
2026-09-29 17:29:00,1.1316,1.13162,1.13142,1.13144,0.0
2026-09-29 17:30:00,1.13152,1.13179,1.13152,1.13172,0.0
2026-09-29 17:31:00,1.13154,1.13182,1.13154,1.13179,0.0
2026-09-29 17:32:00,1.13174,1.13175,1.13158,1.13163,0.0
2026-09-29 17:33:00,1.1317,1.1317,1.13159,1.1316,0.0
2026-09-29 17:34:00,1.13162,1.13164,1.13161,1.13164,0.0
2026-09-29 17:35:00,1.13163,1.13166,1.13163,1.13166,0.0
2026-09-29 17:36:00,1.13164,1.13164,1.13158,1.13164,0.0
2026-09-29 17:37:00,1.13163,1.13164,1.13158,1.13159,0.0
2026-09-29 17:38:00,1.1316,1.13164,1.13159,1.13164,0.0
2026-09-29 17:39:00,1.13162,1.13163,1.1315,1.13154,0.0
2026-09-29 17:40:00,1.13159,1.13159,1.1315,1.13151,0.0
2026-09-29 17:41:00,1.13153,1.13157,1.13153,1.13157,0.0
2026-09-29 17:42:00,1.13153,1.13164,1.13153,1.13162,0.0
2026-09-29 17:43:00,1.13158,1.13164,1.13158,1.13163,0.0
2026-09-29 17:44:00,1.13159,1.13166,1.13159,1.13165,0.0
2026-09-29 17:45:00,1.13162,1.13176,1.13162,1.13172,0.0
2026-09-29 17:46:00,1.13163,1.13187,1.13163,1.13183,0.0
2026-09-29 17:47:00,1.13172,1.13193,1.13172,1.13191,0.0
2026-09-29 17:48:00,1.13185,1.13185,1.13177,1.13179,0.0
2026-09-29 17:49:00,1.1318,1.13182,1.13173,1.1318,0.0
2026-09-29 17:50:00,1.13179,1.13188,1.13153,1.1316,0.0
2026-09-29 17:51:00,1.13174,1.13174,1.13147,1.13149,0.0
2026-09-29 17:52:00,1.13156,1.13166,1.13156,1.13165,0.0
2026-09-29 17:53:00,1.13162,1.13164,1.13162,1.13162,0.0
2026-09-29 17:54:00,1.13162,1.13164,1.13151,1.13155,0.0
2026-09-29 17:55:00,1.1316,1.1316,1.13146,1.13148,0.0
2026-09-29 17:56:00,1.13151,1.13151,1.13145,1.13146,0.0
2026-09-29 17:57:00,1.13147,1.13152,1.13146,1.13151,0.0
2026-09-29 17:58:00,1.13147,1.13157,1.13147,1.13155,0.0
2026-09-29 17:59:00,1.13151,1.13157,1.13151,1.13157,0.0
2026-09-29 18:00:00,1.13152,1.13222,1.13097,1.13199,0.0
2026-09-29 18:01:00,1.13168,1.13249,1.13168,1.13237,0.0
2026-09-29 18:02:00,1.13206,1.13274,1.13206,1.13266,0.0
2026-09-29 18:03:00,1.13253,1.13277,1.13253,1.13275,0.0
2026-09-29 18:04:00,1.13269,1.13285,1.13263,1.13282,0.0
2026-09-29 18:05:00,1.13276,1.13307,1.13276,1.13299,0.0
2026-09-29 18:06:00,1.13282,1.13314,1.13282,1.13312,0.0
2026-09-29 18:07:00,1.13306,1.13318,1.13306,1.13316,0.0
2026-09-29 18:08:00,1.13311,1.1332,1.13296,1.13319,0.0
2026-09-29 18:09:00,1.13316,1.13316,1.13305,1.13306,0.0
2026-09-29 18:10:00,1.13308,1.13314,1.13286,1.13293,0.0
2026-09-29 18:11:00,1.13306,1.13307,1.13287,1.13289,0.0
2026-09-29 18:12:00,1.13296,1.13319,1.13296,1.13314,0.0
2026-09-29 18:13:00,1.13299,1.13345,1.13299,1.13337,0.0
2026-09-29 18:14:00,1.13323,1.13367,1.13323,1.13358,0.0
2026-09-29 18:15:00,1.1334,1.1338,1.1334,1.13376,0.0
2026-09-29 18:16:00,1.13367,1.13376,1.13354,1.13357,0.0
2026-09-29 18:17:00,1.13362,1.1338,1.13362,1.13379,0.0
2026-09-29 18:18:00,1.13373,1.1338,1.13363,1.13379,0.0
2026-09-29 18:19:00,1.13378,1.13378,1.13372,1.13378,0.0
2026-09-29 18:20:00,1.13376,1.13376,1.13356,1.13362,0.0
2026-09-29 18:21:00,1.13373,1.13373,1.13363,1.13365,0.0
2026-09-29 18:22:00,1.13366,1.13379,1.13366,1.13376,0.0
2026-09-29 18:23:00,1.13371,1.13383,1.13371,1.13381,0.0
2026-09-29 18:24:00,1.13373,1.13389,1.13362,1.13388,0.0
2026-09-29 18:25:00,1.13383,1.13383,1.13361,1.13365,0.0
2026-09-29 18:26:00,1.1337,1.13374,1.13367,1.1337,0.0
2026-09-29 18:27:00,1.13368,1.13374,1.13359,1.13373,0.0
2026-09-29 18:28:00,1.13371,1.1338,1.13361,1.13363,0.0
2026-09-29 18:29:00,1.13364,1.13393,1.13364,1.13388,0.0
2026-09-29 18:30:00,1.13382,1.13395,1.13379,1.13394,0.0
2026-09-29 18:31:00,1.13389,1.13389,1.13359,1.13367,0.0
2026-09-29 18:32:00,1.13378,1.13378,1.13347,1.13354,0.0
2026-09-29 18:33:00,1.13366,1.13366,1.13353,1.13355,0.0
2026-09-29 18:34:00,1.13358,1.13362,1.13344,1.13361,0.0
2026-09-29 18:35:00,1.13358,1.13358,1.13349,1.1335,0.0
2026-09-29 18:36:00,1.13352,1.13373,1.13352,1.13366,0.0
2026-09-29 18:37:00,1.13354,1.13381,1.13354,1.13378,0.0
2026-09-29 18:38:00,1.1337,1.13396,1.1337,1.1339,0.0
2026-09-29 18:39:00,1.13382,1.13414,1.13382,1.13407,0.0
2026-09-29 18:40:00,1.13388,1.13433,1.13388,1.13426,0.0
2026-09-29 18:41:00,1.13417,1.13434,1.13417,1.13433,0.0
2026-09-29 18:42:00,1.13428,1.13438,1.13426,1.13435,0.0
2026-09-29 18:43:00,1.13431,1.13444,1.13417,1.13441,0.0
2026-09-29 18:44:00,1.13434,1.13434,1.13406,1.13412,0.0
2026-09-29 18:45:00,1.13421,1.13421,1.13399,1.13404,0.0
2026-09-29 18:46:00,1.13412,1.13412,1.13389,1.13396,0.0
2026-09-29 18:47:00,1.13409,1.13409,1.1338,1.13386,0.0
2026-09-29 18:48:00,1.13395,1.13395,1.13379,1.13383,0.0
2026-09-29 18:49:00,1.13387,1.13389,1.13379,1.1338,0.0
2026-09-29 18:50:00,1.13384,1.13388,1.13381,1.13388,0.0
2026-09-29 18:51:00,1.13384,1.13405,1.13376,1.13399,0.0
2026-09-29 18:52:00,1.13391,1.13408,1.13391,1.13406,0.0
2026-09-29 18:53:00,1.13399,1.13423,1.13399,1.13418,0.0
2026-09-29 18:54:00,1.13411,1.13424,1.13411,1.13423,0.0
2026-09-29 18:55:00,1.13419,1.13421,1.13408,1.13421,0.0
2026-09-29 18:56:00,1.1342,1.1342,1.13404,1.13408,0.0
2026-09-29 18:57:00,1.13415,1.13415,1.13402,1.13406,0.0
2026-09-29 18:58:00,1.13412,1.13412,1.13395,1.13399,0.0
2026-09-29 18:59:00,1.13407,1.13412,1.13403,1.13407,0.0
2026-09-29 19:00:00,1.13403,1.13423,1.13403,1.13419,0.0
2026-09-29 19:01:00,1.13414,1.13421,1.13414,1.13421,0.0
2026-09-29 19:02:00,1.13418,1.13422,1.13412,1.13421,0.0
2026-09-29 19:03:00,1.13419,1.13419,1.13408,1.13419,0.0
2026-09-29 19:04:00,1.13416,1.13424,1.13416,1.13423,0.0
2026-09-29 19:05:00,1.13421,1.13421,1.13416,1.13421,0.0
2026-09-29 19:06:00,1.1342,1.13423,1.13412,1.13423,0.0
2026-09-29 19:07:00,1.13421,1.13421,1.1341,1.13421,0.0
2026-09-29 19:08:00,1.1342,1.13424,1.13411,1.1342,0.0
2026-09-29 19:09:00,1.13417,1.13426,1.13417,1.13425,0.0
2026-09-29 19:10:00,1.13423,1.1343,1.13404,1.13423,0.0
2026-09-29 19:11:00,1.13423,1.13423,1.13395,1.13401,0.0
2026-09-29 19:12:00,1.13409,1.13409,1.1339,1.13395,0.0
2026-09-29 19:13:00,1.13402,1.13404,1.1339,1.13393,0.0
2026-09-29 19:14:00,1.13399,1.13401,1.13399,1.13401,0.0
2026-09-29 19:15:00,1.134,1.134,1.13392,1.134,0.0
2026-09-29 19:16:00,1.13399,1.13399,1.13388,1.1339,0.0
2026-09-29 19:17:00,1.13394,1.134,1.13392,1.13394,0.0
2026-09-29 19:18:00,1.13392,1.13405,1.13392,1.13403,0.0
2026-09-29 19:19:00,1.13399,1.13409,1.13399,1.13407,0.0
2026-09-29 19:20:00,1.13401,1.13418,1.13401,1.13415,0.0
2026-09-29 19:21:00,1.1341,1.13418,1.13406,1.13417,0.0
2026-09-29 19:22:00,1.13414,1.13414,1.13404,1.13405,0.0
2026-09-29 19:23:00,1.13409,1.13411,1.13406,1.13411,0.0
2026-09-29 19:24:00,1.13409,1.13417,1.13407,1.13415,0.0
2026-09-29 19:25:00,1.13411,1.13416,1.1341,1.13415,0.0
2026-09-29 19:26:00,1.13413,1.13422,1.13412,1.1342,0.0
2026-09-29 19:27:00,1.13416,1.13421,1.13403,1.13421,0.0
2026-09-29 19:28:00,1.13419,1.13419,1.1341,1.13412,0.0
2026-09-29 19:29:00,1.13414,1.13418,1.13407,1.13414,0.0
2026-09-29 19:30:00,1.13414,1.13419,1.13403,1.13418,0.0
2026-09-29 19:31:00,1.13416,1.13416,1.13402,1.13404,0.0
2026-09-29 19:32:00,1.13409,1.13413,1.13409,1.13413,0.0
2026-09-29 19:33:00,1.13408,1.13419,1.13408,1.13418,0.0
2026-09-29 19:34:00,1.13415,1.13417,1.13401,1.13406,0.0
2026-09-29 19:35:00,1.13413,1.13413,1.13398,1.13401,0.0
2026-09-29 19:36:00,1.13407,1.13408,1.13401,1.13403,0.0
2026-09-29 19:37:00,1.13405,1.13419,1.13405,1.13415,0.0
2026-09-29 19:38:00,1.13406,1.13428,1.13406,1.13424,0.0
2026-09-29 19:39:00,1.13418,1.13429,1.13418,1.13429,0.0
2026-09-29 19:40:00,1.13425,1.13429,1.13413,1.13428,0.0
2026-09-29 19:41:00,1.13426,1.13426,1.13408,1.13412,0.0
2026-09-29 19:42:00,1.13419,1.13419,1.13399,1.13403,0.0
2026-09-29 19:43:00,1.13411,1.13412,1.13397,1.134,0.0
2026-09-29 19:44:00,1.13406,1.13406,1.1339,1.13393,0.0
2026-09-29 19:45:00,1.13398,1.13398,1.13392,1.13393,0.0
2026-09-29 19:46:00,1.13394,1.13394,1.13376,1.13382,0.0
2026-09-29 19:47:00,1.13392,1.13392,1.13362,1.13368,0.0
2026-09-29 19:48:00,1.13377,1.13377,1.13359,1.13362,0.0
2026-09-29 19:49:00,1.13367,1.13368,1.13361,1.13361,0.0
2026-09-29 19:50:00,1.13363,1.13368,1.13363,1.13368,0.0
2026-09-29 19:51:00,1.13364,1.1337,1.13363,1.13369,0.0
2026-09-29 19:52:00,1.13368,1.13368,1.13362,1.13368,0.0
2026-09-29 19:53:00,1.13365,1.13381,1.13358,1.13376,0.0
2026-09-29 19:54:00,1.13368,1.13385,1.13368,1.13383,0.0
2026-09-29 19:55:00,1.13374,1.134,1.13374,1.13395,0.0
2026-09-29 19:56:00,1.13386,1.13401,1.13386,1.134,0.0
2026-09-29 19:57:00,1.13396,1.13396,1.13371,1.13377,0.0
2026-09-29 19:58:00,1.13388,1.13388,1.13371,1.13373,0.0
2026-09-29 19:59:00,1.13376,1.13386,1.13376,1.13384,0.0
2026-09-29 20:00:00,1.13378,1.13394,1.13378,1.13391,0.0
2026-09-29 20:01:00,1.13386,1.13392,1.13385,1.13392,0.0
2026-09-29 20:02:00,1.1339,1.13392,1.13383,1.13384,0.0
2026-09-29 20:03:00,1.13388,1.1339,1.13381,1.1339,0.0
2026-09-29 20:04:00,1.13387,1.13393,1.13379,1.1338,0.0
2026-09-29 20:05:00,1.13384,1.13391,1.13384,1.13391,0.0
2026-09-29 20:06:00,1.13388,1.134,1.13388,1.13397,0.0
2026-09-29 20:07:00,1.13392,1.134,1.13392,1.13399,0.0
2026-09-29 20:08:00,1.13397,1.13402,1.13397,1.13402,0.0
2026-09-29 20:09:00,1.13399,1.13404,1.13397,1.13403,0.0
2026-09-29 20:10:00,1.134,1.13417,1.13371,1.13412,0.0
2026-09-29 20:11:00,1.13404,1.13404,1.13356,1.13364,0.0
2026-09-29 20:12:00,1.13375,1.13375,1.13354,1.13357,0.0
2026-09-29 20:13:00,1.13361,1.13375,1.13358,1.13371,0.0
2026-09-29 20:14:00,1.13365,1.13372,1.13365,1.13372,0.0
2026-09-29 20:15:00,1.1337,1.1337,1.13362,1.13364,0.0
2026-09-29 20:16:00,1.13369,1.13369,1.13353,1.13356,0.0
2026-09-29 20:17:00,1.13362,1.13362,1.13345,1.1335,0.0
2026-09-29 20:18:00,1.13358,1.13358,1.13348,1.13349,0.0
2026-09-29 20:19:00,1.1335,1.13352,1.13347,1.13352,0.0
2026-09-29 20:20:00,1.1335,1.13359,1.13346,1.13347,0.0
2026-09-29 20:21:00,1.13351,1.13359,1.13351,1.13358,0.0
2026-09-29 20:22:00,1.13354,1.13366,1.13354,1.13363,0.0
2026-09-29 20:23:00,1.1336,1.13363,1.13359,1.13363,0.0
2026-09-29 20:24:00,1.13361,1.13361,1.13354,1.13356,0.0
2026-09-29 20:25:00,1.1336,1.1336,1.13349,1.13352,0.0
2026-09-29 20:26:00,1.13356,1.13364,1.13356,1.13362,0.0
2026-09-29 20:27:00,1.13358,1.13362,1.13358,1.13362,0.0
2026-09-29 20:28:00,1.1336,1.13362,1.1335,1.13362,0.0
2026-09-29 20:29:00,1.13361,1.13361,1.13352,1.13354,0.0
2026-09-29 20:30:00,1.13357,1.13357,1.13347,1.13357,0.0
2026-09-29 20:31:00,1.13355,1.13367,1.13347,1.13349,0.0
2026-09-29 20:32:00,1.13356,1.13367,1.13356,1.13366,0.0
2026-09-29 20:33:00,1.13362,1.13374,1.13361,1.13371,0.0
2026-09-29 20:34:00,1.13366,1.13374,1.13366,1.13373,0.0
2026-09-29 20:35:00,1.13368,1.13383,1.13368,1.13381,0.0
2026-09-29 20:36:00,1.13376,1.13383,1.13376,1.13382,0.0
2026-09-29 20:37:00,1.13378,1.13387,1.13378,1.13386,0.0
2026-09-29 20:38:00,1.13383,1.13391,1.13383,1.13389,0.0
2026-09-29 20:39:00,1.13385,1.13392,1.13383,1.13392,0.0
2026-09-29 20:40:00,1.13389,1.13394,1.13386,1.13386,0.0
2026-09-29 20:41:00,1.13388,1.13393,1.13388,1.13393,0.0
2026-09-29 20:42:00,1.13389,1.13397,1.13389,1.13396,0.0
2026-09-29 20:43:00,1.13394,1.13395,1.13392,1.13395,0.0
2026-09-29 20:44:00,1.13391,1.13405,1.13391,1.13402,0.0
2026-09-29 20:45:00,1.13397,1.13402,1.13392,1.13402,0.0
2026-09-29 20:46:00,1.134,1.13404,1.13395,1.134,0.0
2026-09-29 20:47:00,1.13399,1.13406,1.13399,1.13404,0.0
2026-09-29 20:48:00,1.134,1.13409,1.134,1.13408,0.0
2026-09-29 20:49:00,1.13405,1.13411,1.13402,1.1341,0.0
2026-09-29 20:50:00,1.13408,1.13414,1.13407,1.13413,0.0
2026-09-29 20:51:00,1.13407,1.13421,1.13407,1.13419,0.0
2026-09-29 20:52:00,1.13415,1.13419,1.13413,1.13419,0.0
2026-09-29 20:53:00,1.13417,1.13424,1.13411,1.13417,0.0
2026-09-29 20:54:00,1.13418,1.13421,1.13413,1.13421,0.0
2026-09-29 20:55:00,1.13418,1.13433,1.13416,1.13429,0.0
2026-09-29 20:56:00,1.13423,1.13431,1.13423,1.13431,0.0
2026-09-29 20:57:00,1.13429,1.13429,1.13419,1.13421,0.0
2026-09-29 20:58:00,1.13425,1.13431,1.13425,1.13429,0.0
2026-09-29 20:59:00,1.13426,1.13433,1.13408,1.13432,0.0
2026-09-29 21:00:00,1.13431,1.13431,1.13401,1.13407,0.0
2026-09-29 21:01:00,1.13418,1.13421,1.13403,1.13407,0.0
2026-09-29 21:02:00,1.13415,1.13415,1.13399,1.134,0.0
2026-09-29 21:03:00,1.13403,1.13408,1.13399,1.13403,0.0
2026-09-29 21:04:00,1.134,1.13419,1.13389,1.13413,0.0
2026-09-29 21:05:00,1.13404,1.13446,1.13404,1.13436,0.0
2026-09-29 21:06:00,1.1341,1.13461,1.13402,1.13456,0.0
2026-09-29 21:07:00,1.13445,1.13445,1.13411,1.13415,0.0
2026-09-29 21:08:00,1.13422,1.13431,1.13402,1.13431,0.0
2026-09-29 21:09:00,1.1343,1.1343,1.1339,1.13395,0.0
2026-09-29 21:10:00,1.13404,1.13414,1.13397,1.13413,0.0
2026-09-29 21:11:00,1.1341,1.13411,1.13392,1.13394,0.0
2026-09-29 21:12:00,1.134,1.13411,1.134,1.13411,0.0
2026-09-29 21:13:00,1.13407,1.13412,1.13403,1.13411,0.0
2026-09-29 21:14:00,1.13408,1.13412,1.13395,1.13411,0.0
2026-09-29 21:15:00,1.13408,1.13417,1.13391,1.13394,0.0
2026-09-29 21:16:00,1.13403,1.13419,1.13403,1.13417,0.0
2026-09-29 21:17:00,1.13413,1.13413,1.13399,1.13401,0.0
2026-09-29 21:18:00,1.13404,1.13407,1.13403,1.13404,0.0
2026-09-29 21:19:00,1.13403,1.13408,1.13403,1.13407,0.0
2026-09-29 21:20:00,1.13404,1.13412,1.13398,1.13399,0.0
2026-09-29 21:21:00,1.13403,1.13412,1.13403,1.13412,0.0
2026-09-29 21:22:00,1.13408,1.13418,1.13408,1.13415,0.0
2026-09-29 21:23:00,1.13412,1.13419,1.13412,1.13418,0.0
2026-09-29 21:24:00,1.13413,1.13432,1.13408,1.13427,0.0
2026-09-29 21:25:00,1.13419,1.13431,1.13416,1.1343,0.0
2026-09-29 21:26:00,1.13427,1.13428,1.13415,1.13418,0.0
2026-09-29 21:27:00,1.13425,1.13427,1.13419,1.13425,0.0
2026-09-29 21:28:00,1.13423,1.13428,1.13415,1.13428,0.0
2026-09-29 21:29:00,1.13427,1.13427,1.13412,1.13417,0.0
2026-09-29 21:30:00,1.13425,1.13427,1.13416,1.13418,0.0
2026-09-29 21:31:00,1.1342,1.13429,1.13415,1.13428,0.0
2026-09-29 21:32:00,1.13426,1.13427,1.1342,1.13427,0.0
2026-09-29 21:33:00,1.13424,1.13434,1.13415,1.13431,0.0
2026-09-29 21:34:00,1.13426,1.13432,1.1341,1.13432,0.0
2026-09-29 21:35:00,1.1343,1.13432,1.13415,1.13419,0.0
2026-09-29 21:36:00,1.13426,1.13429,1.13417,1.13429,0.0
2026-09-29 21:37:00,1.13427,1.13434,1.13417,1.13432,0.0
2026-09-29 21:38:00,1.13429,1.13431,1.13413,1.13431,0.0
2026-09-29 21:39:00,1.1343,1.1343,1.13412,1.13418,0.0
2026-09-29 21:40:00,1.13427,1.13431,1.13413,1.13427,0.0
2026-09-29 21:41:00,1.13427,1.1343,1.13416,1.1343,0.0
2026-09-29 21:42:00,1.13428,1.13432,1.13415,1.13428,0.0
2026-09-29 21:43:00,1.13428,1.1343,1.13417,1.1343,0.0
2026-09-29 21:44:00,1.13427,1.13436,1.13424,1.13427,0.0
2026-09-29 21:45:00,1.13429,1.13435,1.1342,1.13435,0.0
2026-09-29 21:46:00,1.13431,1.13443,1.13421,1.13441,0.0
2026-09-29 21:47:00,1.13436,1.1344,1.13421,1.1344,0.0
2026-09-29 21:48:00,1.13438,1.13439,1.13429,1.13439,0.0
2026-09-29 21:49:00,1.13438,1.1344,1.13431,1.13433,0.0
2026-09-29 21:50:00,1.13436,1.13441,1.13434,1.13441,0.0
2026-09-29 21:51:00,1.13439,1.13446,1.13425,1.13429,0.0
2026-09-29 21:52:00,1.13439,1.13448,1.13422,1.13447,0.0
2026-09-29 21:53:00,1.13444,1.13444,1.13425,1.13429,0.0
2026-09-29 21:54:00,1.13436,1.13436,1.13424,1.13428,0.0
2026-09-29 21:55:00,1.13432,1.13437,1.13425,1.13436,0.0
2026-09-29 21:56:00,1.13434,1.13436,1.13426,1.13434,0.0
2026-09-29 21:57:00,1.13431,1.13441,1.13426,1.1344,0.0
2026-09-29 21:58:00,1.13437,1.13438,1.13434,1.13438,0.0
2026-09-29 21:59:00,1.13437,1.13442,1.13434,1.13441,0.0
2026-09-29 22:00:00,1.13437,1.13443,1.13435,1.13442,0.0
2026-09-29 22:01:00,1.1344,1.13445,1.13413,1.13422,0.0
2026-09-29 22:02:00,1.13438,1.13438,1.13417,1.13419,0.0
2026-09-29 22:03:00,1.13424,1.13431,1.13424,1.13431,0.0
2026-09-29 22:04:00,1.13428,1.13435,1.13424,1.13433,0.0
2026-09-29 22:05:00,1.1343,1.13434,1.13421,1.13433,0.0
2026-09-29 22:06:00,1.13431,1.13431,1.13422,1.13424,0.0
2026-09-29 22:07:00,1.13427,1.13431,1.13417,1.13427,0.0
2026-09-29 22:08:00,1.13427,1.13427,1.13415,1.13417,0.0
2026-09-29 22:09:00,1.13419,1.13421,1.13415,1.13416,0.0
2026-09-29 22:10:00,1.13418,1.13423,1.13418,1.13422,0.0
2026-09-29 22:11:00,1.13419,1.13431,1.13418,1.13427,0.0
2026-09-29 22:12:00,1.13423,1.1343,1.13423,1.1343,0.0
2026-09-29 22:13:00,1.13428,1.13428,1.1342,1.13422,0.0
2026-09-29 22:14:00,1.13425,1.13425,1.1342,1.13421,0.0
2026-09-29 22:15:00,1.13422,1.13425,1.13419,1.1342,0.0
2026-09-29 22:16:00,1.13421,1.13422,1.13417,1.13422,0.0
2026-09-29 22:17:00,1.1342,1.1342,1.13408,1.13411,0.0
2026-09-29 22:18:00,1.13417,1.13417,1.13407,1.13409,0.0
2026-09-29 22:19:00,1.1341,1.13414,1.1341,1.13414,0.0
2026-09-29 22:20:00,1.13412,1.13419,1.13411,1.13412,0.0
2026-09-29 22:21:00,1.13412,1.13419,1.13412,1.13419,0.0
2026-09-29 22:22:00,1.13416,1.13423,1.13413,1.13414,0.0
2026-09-29 22:23:00,1.13416,1.13421,1.13415,1.13421,0.0
2026-09-29 22:24:00,1.13418,1.13423,1.13415,1.13418,0.0
2026-09-29 22:25:00,1.13419,1.13421,1.13415,1.13421,0.0
2026-09-29 22:26:00,1.13418,1.13424,1.13416,1.13418,0.0
2026-09-29 22:27:00,1.13418,1.13421,1.13418,1.13421,0.0
2026-09-29 22:28:00,1.1342,1.1342,1.13404,1.13409,0.0
2026-09-29 22:29:00,1.13419,1.13419,1.13403,1.13405,0.0
2026-09-29 22:30:00,1.13409,1.13409,1.13403,1.13409,0.0
2026-09-29 22:31:00,1.13407,1.13407,1.13397,1.134,0.0
2026-09-29 22:32:00,1.13405,1.13405,1.13397,1.13399,0.0
2026-09-29 22:33:00,1.13401,1.13403,1.13395,1.13396,0.0
2026-09-29 22:34:00,1.134,1.134,1.13394,1.134,0.0
2026-09-29 22:35:00,1.13398,1.134,1.13394,1.13395,0.0
2026-09-29 22:36:00,1.13397,1.13401,1.13385,1.13397,0.0
2026-09-29 22:37:00,1.13396,1.13396,1.13386,1.13387,0.0
2026-09-29 22:38:00,1.13389,1.13394,1.13389,1.13394,0.0
2026-09-29 22:39:00,1.13392,1.13395,1.1339,1.13395,0.0
2026-09-29 22:40:00,1.13394,1.13394,1.13388,1.13389,0.0
2026-09-29 22:41:00,1.13391,1.13392,1.13386,1.13392,0.0
2026-09-29 22:42:00,1.1339,1.13394,1.13388,1.13388,0.0
2026-09-29 22:43:00,1.1339,1.13393,1.13389,1.13393,0.0
2026-09-29 22:44:00,1.13391,1.13391,1.13386,1.13387,0.0
2026-09-29 22:45:00,1.13389,1.13389,1.13383,1.13385,0.0
2026-09-29 22:46:00,1.13385,1.13392,1.13384,1.1339,0.0
2026-09-29 22:47:00,1.13388,1.13389,1.13383,1.13389,0.0
2026-09-29 22:48:00,1.13388,1.13391,1.13385,1.13386,0.0
2026-09-29 22:49:00,1.13387,1.13388,1.13384,1.13388,0.0
2026-09-29 22:50:00,1.13387,1.13389,1.13384,1.13389,0.0
2026-09-29 22:51:00,1.13387,1.1339,1.13385,1.13389,0.0
2026-09-29 22:52:00,1.13388,1.13389,1.13386,1.13389,0.0
2026-09-29 22:53:00,1.13387,1.13393,1.13386,1.13387,0.0
2026-09-29 22:54:00,1.13388,1.13391,1.13388,1.13391,0.0
2026-09-29 22:55:00,1.13388,1.13394,1.13385,1.13393,0.0
2026-09-29 22:56:00,1.1339,1.13391,1.13385,1.13391,0.0
2026-09-29 22:57:00,1.13389,1.13392,1.13384,1.13385,0.0
2026-09-29 22:58:00,1.13388,1.13389,1.13384,1.13389,0.0
2026-09-29 22:59:00,1.13388,1.13389,1.13383,1.13388,0.0
2026-09-29 23:00:00,1.13387,1.13387,1.1338,1.13387,0.0
2026-09-29 23:01:00,1.13386,1.13386,1.1338,1.13382,0.0
2026-09-29 23:02:00,1.13384,1.13384,1.13371,1.13374,0.0
2026-09-29 23:03:00,1.13379,1.13379,1.1337,1.13372,0.0
2026-09-29 23:04:00,1.13371,1.13384,1.13371,1.13382,0.0
2026-09-29 23:05:00,1.13379,1.13382,1.13378,1.13382,0.0
2026-09-29 23:06:00,1.13379,1.13385,1.13379,1.13379,0.0
2026-09-29 23:07:00,1.1338,1.13382,1.13379,1.13382,0.0
2026-09-29 23:08:00,1.1338,1.13389,1.13377,1.13386,0.0
2026-09-29 23:09:00,1.13381,1.13388,1.13381,1.13387,0.0
2026-09-29 23:10:00,1.13385,1.13394,1.13385,1.13392,0.0
2026-09-29 23:11:00,1.13387,1.13395,1.13387,1.13394,0.0
2026-09-29 23:12:00,1.13392,1.13395,1.13389,1.13394,0.0
2026-09-29 23:13:00,1.1339,1.13405,1.1339,1.13401,0.0
2026-09-29 23:14:00,1.13396,1.13403,1.13396,1.13403,0.0
2026-09-29 23:15:00,1.134,1.13408,1.134,1.13406,0.0
2026-09-29 23:16:00,1.13403,1.13412,1.13403,1.1341,0.0
2026-09-29 23:17:00,1.13402,1.13414,1.13402,1.13412,0.0
2026-09-29 23:18:00,1.13408,1.13411,1.13404,1.13411,0.0
2026-09-29 23:19:00,1.1341,1.1341,1.13407,1.13408,0.0
2026-09-29 23:20:00,1.13408,1.13408,1.13402,1.13404,0.0
2026-09-29 23:21:00,1.13406,1.13406,1.13401,1.13402,0.0
2026-09-29 23:22:00,1.13402,1.13406,1.13401,1.13405,0.0
2026-09-29 23:23:00,1.13404,1.13405,1.13399,1.13405,0.0
2026-09-29 23:24:00,1.13403,1.13406,1.13398,1.13399,0.0
2026-09-29 23:25:00,1.13401,1.13403,1.13399,1.13403,0.0
2026-09-29 23:26:00,1.13401,1.13406,1.13398,1.13399,0.0
2026-09-29 23:27:00,1.13401,1.13403,1.13401,1.13403,0.0
2026-09-29 23:28:00,1.13401,1.1341,1.13401,1.13408,0.0
2026-09-29 23:29:00,1.13403,1.13408,1.13403,1.13408,0.0
2026-09-29 23:30:00,1.13406,1.13409,1.13397,1.13409,0.0
2026-09-29 23:31:00,1.13408,1.13408,1.13394,1.13396,0.0
2026-09-29 23:32:00,1.13399,1.13399,1.13386,1.1339,0.0
2026-09-29 23:33:00,1.13394,1.13396,1.13386,1.13388,0.0
2026-09-29 23:34:00,1.13392,1.13394,1.13388,1.13394,0.0
2026-09-29 23:35:00,1.13392,1.13397,1.13387,1.13388,0.0
2026-09-29 23:36:00,1.1339,1.13394,1.13388,1.13394,0.0
2026-09-29 23:37:00,1.13392,1.13394,1.13389,1.13389,0.0
2026-09-29 23:38:00,1.1339,1.13393,1.13389,1.13392,0.0
2026-09-29 23:39:00,1.1339,1.13395,1.13389,1.13394,0.0
2026-09-29 23:40:00,1.1339,1.13397,1.1339,1.13396,0.0
2026-09-29 23:41:00,1.13392,1.134,1.13392,1.13399,0.0
2026-09-29 23:42:00,1.13395,1.13408,1.13395,1.13404,0.0
2026-09-29 23:43:00,1.13399,1.13407,1.13399,1.13407,0.0
2026-09-29 23:44:00,1.13405,1.13407,1.13399,1.134,0.0
2026-09-29 23:45:00,1.13403,1.13406,1.13402,1.13406,0.0
2026-09-29 23:46:00,1.13402,1.13409,1.13402,1.13407,0.0
2026-09-29 23:47:00,1.13404,1.13408,1.13399,1.13407,0.0
2026-09-29 23:48:00,1.13405,1.13405,1.13397,1.13398,0.0
2026-09-29 23:49:00,1.134,1.134,1.13394,1.134,0.0
2026-09-29 23:50:00,1.13399,1.13399,1.13394,1.13395,0.0
2026-09-29 23:51:00,1.13396,1.13396,1.1339,1.13392,0.0
2026-09-29 23:52:00,1.13394,1.13396,1.13389,1.13396,0.0
2026-09-29 23:53:00,1.13394,1.13398,1.13388,1.13389,0.0
2026-09-29 23:54:00,1.13391,1.13398,1.13391,1.13397,0.0
2026-09-29 23:55:00,1.13393,1.13406,1.13392,1.13403,0.0
2026-09-29 23:56:00,1.13397,1.13403,1.13397,1.13403,0.0
2026-09-29 23:57:00,1.134,1.13413,1.134,1.1341,0.0
2026-09-29 23:58:00,1.13406,1.1341,1.13404,1.1341,0.0
2026-09-29 23:59:00,1.13408,1.13411,1.13403,1.13408,0.0
2026-09-30 00:00:00,1.13408,1.13409,1.13403,1.13408,0.0
2026-09-30 00:01:00,1.13408,1.13409,1.13395,1.13409,0.0
2026-09-30 00:02:00,1.13408,1.13408,1.13398,1.134,0.0
2026-09-30 00:03:00,1.13403,1.13409,1.13381,1.13403,0.0
2026-09-30 00:04:00,1.13403,1.13403,1.13385,1.13386,0.0
2026-09-30 00:05:00,1.1339,1.13393,1.13388,1.13393,0.0
2026-09-30 00:06:00,1.13391,1.13401,1.13386,1.13391,0.0
2026-09-30 00:07:00,1.13392,1.13398,1.13392,1.13398,0.0
2026-09-30 00:08:00,1.13396,1.13396,1.13383,1.13387,0.0
2026-09-30 00:09:00,1.13394,1.13394,1.13383,1.13386,0.0
2026-09-30 00:10:00,1.13391,1.13397,1.13388,1.13389,0.0
2026-09-30 00:11:00,1.13389,1.134,1.13389,1.13398,0.0
2026-09-30 00:12:00,1.13395,1.13402,1.13395,1.13401,0.0
2026-09-30 00:13:00,1.13398,1.13408,1.13397,1.13405,0.0
2026-09-30 00:14:00,1.13401,1.13415,1.1339,1.13412,0.0
2026-09-30 00:15:00,1.13407,1.13407,1.13381,1.13385,0.0
2026-09-30 00:16:00,1.13391,1.13391,1.13375,1.13379,0.0
2026-09-30 00:17:00,1.13386,1.13386,1.13377,1.13377,0.0
2026-09-30 00:18:00,1.13379,1.13382,1.13379,1.13382,0.0
2026-09-30 00:19:00,1.1338,1.13387,1.1338,1.13385,0.0
2026-09-30 00:20:00,1.13382,1.13385,1.13376,1.13385,0.0
2026-09-30 00:21:00,1.13383,1.13383,1.13374,1.13375,0.0
2026-09-30 00:22:00,1.13376,1.13383,1.13376,1.13381,0.0
2026-09-30 00:23:00,1.13378,1.13378,1.13371,1.13373,0.0
2026-09-30 00:24:00,1.13375,1.13385,1.13371,1.13375,0.0
2026-09-30 00:25:00,1.13377,1.13386,1.13377,1.13385,0.0
2026-09-30 00:26:00,1.1338,1.13392,1.1338,1.1339,0.0
2026-09-30 00:27:00,1.13387,1.13389,1.13383,1.13389,0.0
2026-09-30 00:28:00,1.13386,1.13392,1.13381,1.13391,0.0
2026-09-30 00:29:00,1.13388,1.13393,1.13386,1.13392,0.0
2026-09-30 00:30:00,1.13387,1.13395,1.13387,1.13395,0.0
2026-09-30 00:31:00,1.13393,1.13393,1.13389,1.1339,0.0
2026-09-30 00:32:00,1.13392,1.13393,1.13386,1.13393,0.0
2026-09-30 00:33:00,1.13391,1.13391,1.13386,1.13387,0.0
2026-09-30 00:34:00,1.13388,1.13393,1.13386,1.13392,0.0
2026-09-30 00:35:00,1.13386,1.13397,1.13386,1.13395,0.0
2026-09-30 00:36:00,1.13392,1.13394,1.13388,1.13394,0.0
2026-09-30 00:37:00,1.13391,1.13396,1.13389,1.13395,0.0
2026-09-30 00:38:00,1.13393,1.13395,1.13385,1.13393,0.0
2026-09-30 00:39:00,1.13391,1.13393,1.13385,1.13386,0.0
2026-09-30 00:40:00,1.13387,1.13391,1.13381,1.13391,0.0
2026-09-30 00:41:00,1.1339,1.13394,1.13388,1.1339,0.0
2026-09-30 00:42:00,1.13388,1.13394,1.13388,1.13393,0.0
2026-09-30 00:43:00,1.13392,1.13392,1.13386,1.13392,0.0
2026-09-30 00:44:00,1.1339,1.1339,1.13383,1.13385,0.0
2026-09-30 00:45:00,1.13389,1.13389,1.13379,1.13389,0.0
2026-09-30 00:46:00,1.13387,1.13387,1.13377,1.13379,0.0
2026-09-30 00:47:00,1.13383,1.13383,1.13377,1.13383,0.0
2026-09-30 00:48:00,1.13381,1.13385,1.1338,1.13381,0.0
2026-09-30 00:49:00,1.13381,1.13382,1.13378,1.13382,0.0
2026-09-30 00:50:00,1.1338,1.1338,1.13371,1.1338,0.0
2026-09-30 00:51:00,1.13379,1.13379,1.1337,1.13372,0.0
2026-09-30 00:52:00,1.13374,1.13378,1.13374,1.13377,0.0
2026-09-30 00:53:00,1.13374,1.13382,1.13374,1.1338,0.0
2026-09-30 00:54:00,1.13377,1.13383,1.13367,1.13382,0.0
2026-09-30 00:55:00,1.1338,1.13381,1.13365,1.13367,0.0
2026-09-30 00:56:00,1.13373,1.13395,1.13373,1.13389,0.0
2026-09-30 00:57:00,1.13372,1.13411,1.13372,1.13406,0.0
2026-09-30 00:58:00,1.13398,1.1341,1.13397,1.13409,0.0
2026-09-30 00:59:00,1.13406,1.13406,1.13399,1.13401,0.0
2026-09-30 01:00:00,1.13404,1.13406,1.1339,1.13395,0.0
2026-09-30 01:01:00,1.13403,1.13403,1.13392,1.13393,0.0
2026-09-30 01:02:00,1.13394,1.13394,1.13381,1.13385,0.0
2026-09-30 01:03:00,1.13392,1.13392,1.13372,1.13377,0.0
2026-09-30 01:04:00,1.13385,1.13385,1.1337,1.13372,0.0
2026-09-30 01:05:00,1.13376,1.13381,1.13367,1.1338,0.0
2026-09-30 01:06:00,1.13376,1.13376,1.13366,1.13366,0.0
2026-09-30 01:07:00,1.13368,1.13372,1.13367,1.13372,0.0
2026-09-30 01:08:00,1.13369,1.13372,1.13366,1.13369,0.0
2026-09-30 01:09:00,1.13369,1.13372,1.13361,1.13369,0.0
2026-09-30 01:10:00,1.13368,1.13368,1.13359,1.1336,0.0
2026-09-30 01:11:00,1.13362,1.13365,1.13361,1.13362,0.0
2026-09-30 01:12:00,1.13361,1.13371,1.13361,1.13369,0.0
2026-09-30 01:13:00,1.13363,1.13371,1.13363,1.1337,0.0
2026-09-30 01:14:00,1.13369,1.13369,1.13362,1.13363,0.0
2026-09-30 01:15:00,1.13364,1.13369,1.13361,1.13362,0.0
2026-09-30 01:16:00,1.13364,1.13373,1.13363,1.13371,0.0
2026-09-30 01:17:00,1.13362,1.13392,1.13361,1.13386,0.0
2026-09-30 01:18:00,1.13377,1.13393,1.13377,1.13392,0.0
2026-09-30 01:19:00,1.13385,1.13404,1.13385,1.13401,0.0
2026-09-30 01:20:00,1.13395,1.13401,1.13395,1.13401,0.0
2026-09-30 01:21:00,1.13399,1.134,1.13389,1.13399,0.0
2026-09-30 01:22:00,1.13398,1.13398,1.13392,1.13398,0.0
2026-09-30 01:23:00,1.13397,1.13398,1.13392,1.13398,0.0
2026-09-30 01:24:00,1.13396,1.13398,1.13392,1.13393,0.0
2026-09-30 01:25:00,1.13396,1.13399,1.13383,1.13396,0.0
2026-09-30 01:26:00,1.13395,1.13395,1.13385,1.13386,0.0
2026-09-30 01:27:00,1.13389,1.13391,1.13385,1.13391,0.0
2026-09-30 01:28:00,1.13388,1.13404,1.13381,1.13399,0.0
2026-09-30 01:29:00,1.13392,1.13409,1.13392,1.13406,0.0
2026-09-30 01:30:00,1.13398,1.13416,1.13398,1.13414,0.0
2026-09-30 01:31:00,1.1341,1.13413,1.13399,1.13412,0.0
2026-09-30 01:32:00,1.13411,1.13411,1.13399,1.13401,0.0
2026-09-30 01:33:00,1.13403,1.13416,1.13403,1.13413,0.0
2026-09-30 01:34:00,1.13408,1.13421,1.13408,1.13419,0.0
2026-09-30 01:35:00,1.13412,1.13425,1.13412,1.13423,0.0
2026-09-30 01:36:00,1.13421,1.13424,1.1342,1.13424,0.0
2026-09-30 01:37:00,1.13419,1.13428,1.13419,1.13427,0.0
2026-09-30 01:38:00,1.13425,1.13432,1.13406,1.13425,0.0
2026-09-30 01:39:00,1.13424,1.13424,1.13404,1.13407,0.0
2026-09-30 01:40:00,1.13412,1.13412,1.13406,1.13407,0.0
2026-09-30 01:41:00,1.13408,1.1341,1.13408,1.1341,0.0
2026-09-30 01:42:00,1.13409,1.13414,1.13406,1.13406,0.0
2026-09-30 01:43:00,1.13407,1.13415,1.13407,1.13415,0.0
2026-09-30 01:44:00,1.13413,1.13416,1.13413,1.13415,0.0
2026-09-30 01:45:00,1.13414,1.13422,1.13397,1.13403,0.0
2026-09-30 01:46:00,1.13413,1.13413,1.13386,1.1339,0.0
2026-09-30 01:47:00,1.13395,1.13402,1.13363,1.13372,0.0
2026-09-30 01:48:00,1.1339,1.1339,1.13365,1.13367,0.0
2026-09-30 01:49:00,1.13372,1.13374,1.13356,1.13361,0.0
2026-09-30 01:50:00,1.13369,1.13369,1.13356,1.13358,0.0
2026-09-30 01:51:00,1.13361,1.13361,1.13354,1.13356,0.0
2026-09-30 01:52:00,1.13358,1.13362,1.13357,1.13361,0.0
2026-09-30 01:53:00,1.13357,1.13359,1.13352,1.13359,0.0
2026-09-30 01:54:00,1.13358,1.13358,1.1335,1.13352,0.0
2026-09-30 01:55:00,1.13353,1.13361,1.13353,1.1336,0.0
2026-09-30 01:56:00,1.13357,1.13363,1.13348,1.13362,0.0
2026-09-30 01:57:00,1.13358,1.13358,1.13343,1.13345,0.0
2026-09-30 01:58:00,1.13349,1.13349,1.13344,1.13345,0.0
2026-09-30 01:59:00,1.13345,1.13349,1.13343,1.13348,0.0
2026-09-30 02:00:00,1.13346,1.13353,1.13343,1.13346,0.0
2026-09-30 02:01:00,1.13344,1.13356,1.13344,1.13354,0.0
2026-09-30 02:02:00,1.1335,1.13358,1.1335,1.13357,0.0
2026-09-30 02:03:00,1.13353,1.13359,1.13353,1.13359,0.0
2026-09-30 02:04:00,1.13357,1.13359,1.13357,1.13357,0.0
2026-09-30 02:05:00,1.13357,1.13361,1.13356,1.1336,0.0
2026-09-30 02:06:00,1.13355,1.13365,1.13355,1.13363,0.0
2026-09-30 02:07:00,1.1336,1.13363,1.13357,1.13363,0.0
2026-09-30 02:08:00,1.1336,1.13367,1.13359,1.13366,0.0
2026-09-30 02:09:00,1.13363,1.13364,1.13358,1.13364,0.0
2026-09-30 02:10:00,1.13362,1.13365,1.13361,1.13362,0.0
2026-09-30 02:11:00,1.13361,1.13362,1.13353,1.13362,0.0
2026-09-30 02:12:00,1.13361,1.13363,1.13356,1.13361,0.0
2026-09-30 02:13:00,1.1336,1.13367,1.1336,1.13365,0.0
2026-09-30 02:14:00,1.13361,1.1337,1.13361,1.13369,0.0
2026-09-30 02:15:00,1.13364,1.13378,1.13364,1.13375,0.0
2026-09-30 02:16:00,1.13371,1.13383,1.13371,1.13381,0.0
2026-09-30 02:17:00,1.13373,1.13385,1.13373,1.13383,0.0
2026-09-30 02:18:00,1.13381,1.13385,1.13379,1.13384,0.0
2026-09-30 02:19:00,1.13378,1.13393,1.13378,1.13391,0.0
2026-09-30 02:20:00,1.13387,1.1339,1.1338,1.1339,0.0
2026-09-30 02:21:00,1.13388,1.13399,1.13384,1.13396,0.0
2026-09-30 02:22:00,1.13389,1.13399,1.13383,1.13398,0.0
2026-09-30 02:23:00,1.13396,1.13396,1.13379,1.13384,0.0
2026-09-30 02:24:00,1.1339,1.1339,1.13379,1.13382,0.0
2026-09-30 02:25:00,1.13387,1.13387,1.1338,1.13387,0.0
2026-09-30 02:26:00,1.13384,1.13403,1.13373,1.13397,0.0
2026-09-30 02:27:00,1.13388,1.13404,1.13388,1.13403,0.0
2026-09-30 02:28:00,1.13398,1.13407,1.13398,1.13405,0.0
2026-09-30 02:29:00,1.13401,1.13404,1.13399,1.13404,0.0
2026-09-30 02:30:00,1.13402,1.13402,1.13389,1.13402,0.0
2026-09-30 02:31:00,1.13401,1.13401,1.1339,1.13392,0.0
2026-09-30 02:32:00,1.13394,1.13396,1.13392,1.13396,0.0
2026-09-30 02:33:00,1.13395,1.13395,1.13383,1.13386,0.0
2026-09-30 02:34:00,1.13392,1.13392,1.13383,1.13392,0.0
2026-09-30 02:35:00,1.13391,1.13391,1.13379,1.13382,0.0
2026-09-30 02:36:00,1.13388,1.13388,1.13377,1.1338,0.0
2026-09-30 02:37:00,1.13383,1.13388,1.13375,1.13377,0.0
2026-09-30 02:38:00,1.13383,1.13398,1.13383,1.13394,0.0
2026-09-30 02:39:00,1.13382,1.13402,1.13382,1.13399,0.0
2026-09-30 02:40:00,1.13395,1.13403,1.13388,1.13402,0.0
2026-09-30 02:41:00,1.13398,1.13398,1.13384,1.13387,0.0
2026-09-30 02:42:00,1.13391,1.13391,1.13376,1.1338,0.0
2026-09-30 02:43:00,1.13387,1.13387,1.13377,1.13379,0.0
2026-09-30 02:44:00,1.13381,1.13383,1.13374,1.13376,0.0
2026-09-30 02:45:00,1.1338,1.13383,1.13379,1.13383,0.0
2026-09-30 02:46:00,1.13379,1.13396,1.13377,1.13391,0.0
2026-09-30 02:47:00,1.13385,1.13412,1.13385,1.13406,0.0
2026-09-30 02:48:00,1.13387,1.13425,1.13387,1.13421,0.0
2026-09-30 02:49:00,1.13415,1.13422,1.13415,1.13422,0.0
2026-09-30 02:50:00,1.13419,1.13423,1.13417,1.13422,0.0
2026-09-30 02:51:00,1.13421,1.13421,1.13413,1.13415,0.0
2026-09-30 02:52:00,1.13419,1.13419,1.13401,1.13407,0.0
2026-09-30 02:53:00,1.13417,1.13417,1.13393,1.13398,0.0
2026-09-30 02:54:00,1.13406,1.13406,1.13397,1.13398,0.0
2026-09-30 02:55:00,1.13399,1.13404,1.13399,1.13403,0.0
2026-09-30 02:56:00,1.13401,1.13403,1.13399,1.13403,0.0
2026-09-30 02:57:00,1.134,1.13402,1.13395,1.134,0.0
2026-09-30 02:58:00,1.134,1.13401,1.13395,1.134,0.0
2026-09-30 02:59:00,1.13397,1.13399,1.13392,1.13399,0.0
2026-09-30 03:00:00,1.13398,1.13398,1.1339,1.13392,0.0
2026-09-30 03:01:00,1.13392,1.13407,1.13392,1.13404,0.0
2026-09-30 03:02:00,1.13399,1.13406,1.13395,1.13405,0.0
2026-09-30 03:03:00,1.13403,1.13403,1.13397,1.13398,0.0
2026-09-30 03:04:00,1.13398,1.13405,1.13398,1.13403,0.0
2026-09-30 03:05:00,1.13399,1.13404,1.13399,1.13404,0.0
2026-09-30 03:06:00,1.13402,1.13404,1.13395,1.13396,0.0
2026-09-30 03:07:00,1.13399,1.13404,1.13393,1.13403,0.0
2026-09-30 03:08:00,1.134,1.134,1.13388,1.1339,0.0
2026-09-30 03:09:00,1.13394,1.13394,1.13386,1.13394,0.0
2026-09-30 03:10:00,1.13391,1.13397,1.13386,1.13391,0.0
2026-09-30 03:11:00,1.13391,1.13394,1.13385,1.13394,0.0
2026-09-30 03:12:00,1.13392,1.13393,1.13383,1.13392,0.0
2026-09-30 03:13:00,1.13392,1.13392,1.13381,1.13384,0.0
2026-09-30 03:14:00,1.13389,1.13395,1.13386,1.13389,0.0
2026-09-30 03:15:00,1.13387,1.134,1.13387,1.13398,0.0
2026-09-30 03:16:00,1.13395,1.13401,1.13385,1.134,0.0
2026-09-30 03:17:00,1.13398,1.13399,1.13387,1.13388,0.0
2026-09-30 03:18:00,1.13391,1.13399,1.13391,1.13398,0.0
2026-09-30 03:19:00,1.13393,1.13403,1.13393,1.13402,0.0
2026-09-30 03:20:00,1.134,1.13401,1.13393,1.134,0.0
2026-09-30 03:21:00,1.13398,1.13399,1.1339,1.13391,0.0
2026-09-30 03:22:00,1.13394,1.13396,1.13388,1.13396,0.0
2026-09-30 03:23:00,1.13395,1.13395,1.13384,1.13387,0.0
2026-09-30 03:24:00,1.13392,1.13392,1.13388,1.13388,0.0
2026-09-30 03:25:00,1.13389,1.13391,1.13389,1.13391,0.0
2026-09-30 03:26:00,1.13389,1.13399,1.13386,1.13389,0.0
2026-09-30 03:27:00,1.13391,1.13398,1.13391,1.13398,0.0
2026-09-30 03:28:00,1.13394,1.13404,1.13393,1.13401,0.0
2026-09-30 03:29:00,1.13397,1.13401,1.13397,1.13401,0.0
2026-09-30 03:30:00,1.13399,1.13401,1.13394,1.13399,0.0
2026-09-30 03:31:00,1.13399,1.134,1.13388,1.13392,0.0
2026-09-30 03:32:00,1.13397,1.13397,1.13376,1.13382,0.0
2026-09-30 03:33:00,1.13392,1.13392,1.13362,1.13368,0.0
2026-09-30 03:34:00,1.13379,1.13379,1.13358,1.13362,0.0
2026-09-30 03:35:00,1.13369,1.13369,1.13345,1.13349,0.0
2026-09-30 03:36:00,1.13356,1.13356,1.13339,1.13342,0.0
2026-09-30 03:37:00,1.13347,1.13354,1.13337,1.13339,0.0
2026-09-30 03:38:00,1.13344,1.13352,1.13344,1.13352,0.0
2026-09-30 03:39:00,1.13349,1.13359,1.13345,1.13349,0.0
2026-09-30 03:40:00,1.13351,1.13363,1.13351,1.13361,0.0
2026-09-30 03:41:00,1.13354,1.13361,1.13353,1.1336,0.0
2026-09-30 03:42:00,1.13359,1.13359,1.13348,1.1335,0.0
2026-09-30 03:43:00,1.13354,1.13354,1.13348,1.13349,0.0
2026-09-30 03:44:00,1.1335,1.13352,1.13345,1.13346,0.0
2026-09-30 03:45:00,1.13347,1.13352,1.13343,1.13352,0.0
2026-09-30 03:46:00,1.1335,1.1335,1.13339,1.1334,0.0
2026-09-30 03:47:00,1.13344,1.13345,1.13337,1.13344,0.0
2026-09-30 03:48:00,1.13343,1.13343,1.13332,1.13334,0.0
2026-09-30 03:49:00,1.13337,1.13337,1.13327,1.13329,0.0
2026-09-30 03:50:00,1.13331,1.13332,1.13326,1.13327,0.0
2026-09-30 03:51:00,1.1333,1.13335,1.13326,1.13327,0.0
2026-09-30 03:52:00,1.13327,1.13336,1.13327,1.13335,0.0
2026-09-30 03:53:00,1.13333,1.13333,1.13329,1.13333,0.0
2026-09-30 03:54:00,1.13332,1.13334,1.13327,1.13332,0.0
2026-09-30 03:55:00,1.1333,1.13345,1.1333,1.1334,0.0
2026-09-30 03:56:00,1.13333,1.13343,1.13333,1.13343,0.0
2026-09-30 03:57:00,1.1334,1.1334,1.13326,1.1333,0.0
2026-09-30 03:58:00,1.13336,1.13336,1.13322,1.13325,0.0
2026-09-30 03:59:00,1.13331,1.13331,1.13321,1.13322,0.0
2026-09-30 04:00:00,1.13324,1.13326,1.13323,1.13326,0.0
2026-09-30 04:01:00,1.13324,1.13334,1.13324,1.13331,0.0
2026-09-30 04:02:00,1.13327,1.13331,1.13327,1.13331,0.0
2026-09-30 04:03:00,1.13329,1.13338,1.13329,1.13336,0.0
2026-09-30 04:04:00,1.13331,1.13341,1.13331,1.13339,0.0
2026-09-30 04:05:00,1.13335,1.13339,1.1333,1.13339,0.0
2026-09-30 04:06:00,1.13338,1.13338,1.13327,1.13328,0.0
2026-09-30 04:07:00,1.1333,1.13334,1.1332,1.13333,0.0
2026-09-30 04:08:00,1.13329,1.13329,1.13314,1.13316,0.0
2026-09-30 04:09:00,1.13321,1.13321,1.13313,1.13315,0.0
2026-09-30 04:10:00,1.13317,1.13318,1.13311,1.13312,0.0
2026-09-30 04:11:00,1.13314,1.13315,1.13312,1.13315,0.0
2026-09-30 04:12:00,1.13313,1.13321,1.13311,1.13319,0.0
2026-09-30 04:13:00,1.13314,1.1332,1.13314,1.1332,0.0
2026-09-30 04:14:00,1.13318,1.13319,1.13313,1.13319,0.0
2026-09-30 04:15:00,1.13318,1.13319,1.13313,1.13313,0.0
2026-09-30 04:16:00,1.13314,1.13321,1.13314,1.1332,0.0
2026-09-30 04:17:00,1.13316,1.13324,1.13316,1.13322,0.0
2026-09-30 04:18:00,1.13318,1.13322,1.13317,1.13322,0.0
2026-09-30 04:19:00,1.1332,1.1332,1.13313,1.13315,0.0
2026-09-30 04:20:00,1.13317,1.13317,1.13308,1.1331,0.0
2026-09-30 04:21:00,1.13312,1.13317,1.13312,1.13312,0.0
2026-09-30 04:22:00,1.13313,1.13314,1.13311,1.13314,0.0
2026-09-30 04:23:00,1.13313,1.13316,1.1331,1.13311,0.0
2026-09-30 04:24:00,1.13311,1.13314,1.13311,1.13314,0.0
2026-09-30 04:25:00,1.13313,1.13313,1.13311,1.13313,0.0
2026-09-30 04:26:00,1.13311,1.1332,1.13308,1.13311,0.0
2026-09-30 04:27:00,1.13312,1.1332,1.13312,1.1332,0.0
2026-09-30 04:28:00,1.13317,1.13317,1.13311,1.13312,0.0
2026-09-30 04:29:00,1.13314,1.13314,1.13311,1.13314,0.0
2026-09-30 04:30:00,1.13311,1.13315,1.13309,1.13314,0.0
2026-09-30 04:31:00,1.13312,1.13312,1.13309,1.13312,0.0
2026-09-30 04:32:00,1.1331,1.13316,1.1331,1.13314,0.0
2026-09-30 04:33:00,1.13311,1.13313,1.1331,1.13313,0.0
2026-09-30 04:34:00,1.13312,1.13312,1.13308,1.13309,0.0
2026-09-30 04:35:00,1.13309,1.13312,1.13309,1.13311,0.0
2026-09-30 04:36:00,1.1331,1.13313,1.1331,1.13313,0.0
2026-09-30 04:37:00,1.1331,1.13311,1.13293,1.1331,0.0
2026-09-30 04:38:00,1.13308,1.13308,1.13291,1.13294,0.0
2026-09-30 04:39:00,1.13296,1.13308,1.13296,1.13305,0.0
2026-09-30 04:40:00,1.13301,1.13306,1.133,1.13306,0.0
2026-09-30 04:41:00,1.13303,1.13312,1.13303,1.1331,0.0
2026-09-30 04:42:00,1.13306,1.13311,1.13298,1.1331,0.0
2026-09-30 04:43:00,1.13308,1.13308,1.13296,1.13299,0.0
2026-09-30 04:44:00,1.13304,1.13304,1.13295,1.13304,0.0
2026-09-30 04:45:00,1.13303,1.13305,1.133,1.13305,0.0
2026-09-30 04:46:00,1.13302,1.13313,1.13301,1.1331,0.0
2026-09-30 04:47:00,1.13305,1.13313,1.13305,1.13313,0.0
2026-09-30 04:48:00,1.13309,1.13323,1.13308,1.13319,0.0
2026-09-30 04:49:00,1.13314,1.1333,1.13303,1.13327,0.0
2026-09-30 04:50:00,1.1332,1.1332,1.13294,1.13298,0.0
2026-09-30 04:51:00,1.13305,1.13305,1.13289,1.13292,0.0
2026-09-30 04:52:00,1.13297,1.133,1.1329,1.13291,0.0
2026-09-30 04:53:00,1.13294,1.13298,1.13291,1.13298,0.0
2026-09-30 04:54:00,1.13296,1.13308,1.13296,1.13305,0.0
2026-09-30 04:55:00,1.13298,1.13312,1.13298,1.1331,0.0
2026-09-30 04:56:00,1.13306,1.13312,1.133,1.13312,0.0
2026-09-30 04:57:00,1.1331,1.13316,1.13304,1.13305,0.0
2026-09-30 04:58:00,1.13308,1.13316,1.13308,1.13316,0.0
2026-09-30 04:59:00,1.13311,1.13324,1.13311,1.13322,0.0
2026-09-30 05:00:00,1.13318,1.13322,1.13316,1.13322,0.0
2026-09-30 05:01:00,1.13319,1.13328,1.13316,1.13325,0.0
2026-09-30 05:02:00,1.13321,1.13325,1.1332,1.13325,0.0
2026-09-30 05:03:00,1.13323,1.13324,1.13314,1.13317,0.0
2026-09-30 05:04:00,1.13322,1.13322,1.13314,1.13316,0.0
2026-09-30 05:05:00,1.1332,1.13322,1.13317,1.13322,0.0
2026-09-30 05:06:00,1.13321,1.13325,1.13316,1.13317,0.0
2026-09-30 05:07:00,1.13321,1.13325,1.13318,1.13325,0.0
2026-09-30 05:08:00,1.13322,1.13334,1.13322,1.13331,0.0
2026-09-30 05:09:00,1.13326,1.13333,1.13325,1.13333,0.0
2026-09-30 05:10:00,1.1333,1.13339,1.13323,1.13325,0.0
2026-09-30 05:11:00,1.1333,1.13337,1.1333,1.13337,0.0
2026-09-30 05:12:00,1.13334,1.13345,1.13332,1.13343,0.0
2026-09-30 05:13:00,1.13338,1.13342,1.13332,1.13342,0.0
2026-09-30 05:14:00,1.1334,1.1334,1.13329,1.13332,0.0
2026-09-30 05:15:00,1.13338,1.1334,1.13331,1.13333,0.0
2026-09-30 05:16:00,1.13336,1.13341,1.13336,1.13341,0.0
2026-09-30 05:17:00,1.13338,1.13344,1.13336,1.13342,0.0
2026-09-30 05:18:00,1.1334,1.13343,1.13339,1.13343,0.0
2026-09-30 05:19:00,1.13339,1.13354,1.13339,1.1335,0.0
2026-09-30 05:20:00,1.13345,1.13352,1.13343,1.13352,0.0
2026-09-30 05:21:00,1.13349,1.13354,1.13345,1.13346,0.0
2026-09-30 05:22:00,1.13349,1.13351,1.13345,1.13351,0.0
2026-09-30 05:23:00,1.13349,1.13353,1.13345,1.13352,0.0
2026-09-30 05:24:00,1.13351,1.13351,1.13344,1.13346,0.0
2026-09-30 05:25:00,1.13349,1.13349,1.13343,1.13345,0.0
2026-09-30 05:26:00,1.13347,1.13352,1.13345,1.13347,0.0
2026-09-30 05:27:00,1.13347,1.13351,1.13345,1.13351,0.0
2026-09-30 05:28:00,1.13349,1.13359,1.13349,1.13356,0.0
2026-09-30 05:29:00,1.13352,1.13358,1.1335,1.13358,0.0
2026-09-30 05:30:00,1.13354,1.13365,1.13352,1.13363,0.0
2026-09-30 05:31:00,1.13359,1.13362,1.13354,1.13362,0.0
2026-09-30 05:32:00,1.13359,1.13377,1.13354,1.13372,0.0
2026-09-30 05:33:00,1.13364,1.13377,1.13364,1.13376,0.0
2026-09-30 05:34:00,1.13372,1.1338,1.13368,1.13379,0.0
2026-09-30 05:35:00,1.13376,1.1338,1.13372,1.13379,0.0
2026-09-30 05:36:00,1.13377,1.1338,1.13374,1.1338,0.0
2026-09-30 05:37:00,1.13379,1.13379,1.13367,1.1337,0.0
2026-09-30 05:38:00,1.13376,1.13376,1.13361,1.13366,0.0
2026-09-30 05:39:00,1.13373,1.13373,1.13356,1.13359,0.0
2026-09-30 05:40:00,1.13366,1.13366,1.13358,1.1336,0.0
2026-09-30 05:41:00,1.13362,1.13374,1.13362,1.13371,0.0
2026-09-30 05:42:00,1.13366,1.13371,1.13365,1.13371,0.0
2026-09-30 05:43:00,1.13368,1.13378,1.13365,1.13375,0.0
2026-09-30 05:44:00,1.1337,1.1338,1.1337,1.13378,0.0
2026-09-30 05:45:00,1.13373,1.13386,1.13373,1.13384,0.0
2026-09-30 05:46:00,1.1338,1.13395,1.1338,1.13391,0.0
2026-09-30 05:47:00,1.13385,1.13397,1.13385,1.13396,0.0
2026-09-30 05:48:00,1.13392,1.13403,1.13392,1.134,0.0
2026-09-30 05:49:00,1.13397,1.13402,1.13395,1.13402,0.0
2026-09-30 05:50:00,1.13399,1.13405,1.13397,1.13399,0.0
2026-09-30 05:51:00,1.134,1.13406,1.1339,1.13405,0.0
2026-09-30 05:52:00,1.13401,1.13401,1.13386,1.13389,0.0
2026-09-30 05:53:00,1.13395,1.13396,1.13392,1.13396,0.0
2026-09-30 05:54:00,1.13394,1.13401,1.13388,1.13399,0.0
2026-09-30 05:55:00,1.13396,1.13407,1.13396,1.13404,0.0
2026-09-30 05:56:00,1.13398,1.13411,1.13398,1.1341,0.0
2026-09-30 05:57:00,1.13405,1.13418,1.13405,1.13415,0.0
2026-09-30 05:58:00,1.1341,1.13436,1.1341,1.13429,0.0
2026-09-30 05:59:00,1.13411,1.13457,1.13411,1.1345,0.0
2026-09-30 06:00:00,1.1344,1.1346,1.13439,1.13458,0.0
2026-09-30 06:01:00,1.13454,1.13471,1.13425,1.13432,0.0
2026-09-30 06:02:00,1.1345,1.13474,1.1345,1.13472,0.0
2026-09-30 06:03:00,1.13466,1.13476,1.13465,1.13473,0.0
2026-09-30 06:04:00,1.13468,1.13487,1.13468,1.13482,0.0
2026-09-30 06:05:00,1.13471,1.13514,1.13471,1.13505,0.0
2026-09-30 06:06:00,1.13487,1.13527,1.13487,1.13521,0.0
2026-09-30 06:07:00,1.13512,1.13532,1.13512,1.1353,0.0
2026-09-30 06:08:00,1.13526,1.13526,1.13498,1.13506,0.0
2026-09-30 06:09:00,1.13518,1.13518,1.13488,1.13495,0.0
2026-09-30 06:10:00,1.13506,1.13506,1.13483,1.13487,0.0
2026-09-30 06:11:00,1.13493,1.13493,1.13483,1.13485,0.0
2026-09-30 06:12:00,1.13486,1.13499,1.13483,1.13495,0.0
2026-09-30 06:13:00,1.13489,1.135,1.13489,1.13499,0.0
2026-09-30 06:14:00,1.13493,1.13507,1.13493,1.13505,0.0
2026-09-30 06:15:00,1.13501,1.13508,1.13501,1.13507,0.0
2026-09-30 06:16:00,1.13504,1.13512,1.13501,1.13511,0.0
2026-09-30 06:17:00,1.13507,1.13519,1.13507,1.13516,0.0
2026-09-30 06:18:00,1.13511,1.13524,1.13501,1.13522,0.0
2026-09-30 06:19:00,1.13518,1.13518,1.135,1.13501,0.0
2026-09-30 06:20:00,1.13504,1.1351,1.13501,1.13509,0.0
2026-09-30 06:21:00,1.13504,1.13521,1.13504,1.13518,0.0
2026-09-30 06:22:00,1.13512,1.13522,1.13512,1.13521,0.0
2026-09-30 06:23:00,1.13515,1.13525,1.13514,1.13524,0.0
2026-09-30 06:24:00,1.13523,1.13523,1.13514,1.13516,0.0
2026-09-30 06:25:00,1.13519,1.13525,1.13519,1.13525,0.0
2026-09-30 06:26:00,1.13523,1.13537,1.13522,1.13523,0.0
2026-09-30 06:27:00,1.13523,1.13556,1.13523,1.13549,0.0
2026-09-30 06:28:00,1.13533,1.1357,1.13533,1.13565,0.0
2026-09-30 06:29:00,1.13557,1.13572,1.13557,1.13571,0.0
2026-09-30 06:30:00,1.13568,1.13568,1.13538,1.13545,0.0
2026-09-30 06:31:00,1.13556,1.13563,1.13513,1.13524,0.0
2026-09-30 06:32:00,1.13545,1.13545,1.135,1.13507,0.0
2026-09-30 06:33:00,1.13519,1.13519,1.13501,1.13504,0.0
2026-09-30 06:34:00,1.13507,1.13513,1.13502,1.13512,0.0
2026-09-30 06:35:00,1.13511,1.13513,1.13484,1.13492,0.0
2026-09-30 06:36:00,1.13506,1.13506,1.13473,1.13479,0.0
2026-09-30 06:37:00,1.1349,1.1349,1.13475,1.13477,0.0
2026-09-30 06:38:00,1.13479,1.13479,1.13466,1.1347,0.0
2026-09-30 06:39:00,1.13475,1.13476,1.13464,1.13466,0.0
2026-09-30 06:40:00,1.13471,1.13474,1.13469,1.13474,0.0
2026-09-30 06:41:00,1.13471,1.13476,1.13465,1.13475,0.0
2026-09-30 06:42:00,1.13473,1.13483,1.13467,1.1348,0.0
2026-09-30 06:43:00,1.13469,1.13518,1.13458,1.13506,0.0
2026-09-30 06:44:00,1.13489,1.13533,1.13489,1.13527,0.0
2026-09-30 06:45:00,1.13512,1.13543,1.13512,1.1354,0.0
2026-09-30 06:46:00,1.13534,1.13535,1.135,1.13512,0.0
2026-09-30 06:47:00,1.13531,1.13531,1.13488,1.13496,0.0
2026-09-30 06:48:00,1.13509,1.13509,1.13485,1.13489,0.0
2026-09-30 06:49:00,1.13497,1.13497,1.13478,1.13484,0.0
2026-09-30 06:50:00,1.13492,1.13504,1.13483,1.13485,0.0
2026-09-30 06:51:00,1.13493,1.13504,1.13491,1.13503,0.0
2026-09-30 06:52:00,1.13498,1.13513,1.13498,1.13509,0.0
2026-09-30 06:53:00,1.13504,1.1351,1.13501,1.1351,0.0
2026-09-30 06:54:00,1.13508,1.13519,1.13501,1.13503,0.0
2026-09-30 06:55:00,1.13508,1.1352,1.13508,1.13519,0.0
2026-09-30 06:56:00,1.13514,1.13532,1.13514,1.13528,0.0
2026-09-30 06:57:00,1.1352,1.13534,1.1352,1.13533,0.0
2026-09-30 06:58:00,1.1353,1.13539,1.13513,1.13537,0.0
2026-09-30 06:59:00,1.13534,1.13534,1.13502,1.13507,0.0
2026-09-30 07:00:00,1.13516,1.13516,1.13497,1.13502,0.0
2026-09-30 07:01:00,1.13509,1.13515,1.13494,1.13497,0.0
2026-09-30 07:02:00,1.13504,1.13526,1.13504,1.13521,0.0
2026-09-30 07:03:00,1.13507,1.13552,1.13507,1.13543,0.0
2026-09-30 07:04:00,1.13531,1.13561,1.13531,1.13557,0.0
2026-09-30 07:05:00,1.13549,1.13549,1.1351,1.13518,0.0
2026-09-30 07:06:00,1.13531,1.13534,1.1352,1.13522,0.0
2026-09-30 07:07:00,1.13524,1.13543,1.13524,1.1354,0.0
2026-09-30 07:08:00,1.13532,1.13546,1.13532,1.13545,0.0
2026-09-30 07:09:00,1.13542,1.13553,1.13513,1.13549,0.0
2026-09-30 07:10:00,1.13544,1.13544,1.13514,1.13517,0.0
2026-09-30 07:11:00,1.13525,1.13532,1.13525,1.13531,0.0
2026-09-30 07:12:00,1.13526,1.13532,1.13514,1.13531,0.0
2026-09-30 07:13:00,1.13527,1.13527,1.1351,1.13513,0.0
2026-09-30 07:14:00,1.13516,1.13533,1.13515,1.13529,0.0
2026-09-30 07:15:00,1.13522,1.13533,1.13522,1.13532,0.0
2026-09-30 07:16:00,1.13528,1.13536,1.13528,1.13535,0.0
2026-09-30 07:17:00,1.13533,1.1354,1.13528,1.13533,0.0
2026-09-30 07:18:00,1.13533,1.13546,1.13533,1.13544,0.0
2026-09-30 07:19:00,1.13538,1.13558,1.13538,1.13553,0.0
2026-09-30 07:20:00,1.13547,1.13557,1.13547,1.13557,0.0
2026-09-30 07:21:00,1.13554,1.13558,1.13538,1.13557,0.0
2026-09-30 07:22:00,1.13554,1.13554,1.13538,1.13541,0.0
2026-09-30 07:23:00,1.13544,1.13545,1.13533,1.13544,0.0
2026-09-30 07:24:00,1.13543,1.13543,1.13524,1.13529,0.0
2026-09-30 07:25:00,1.13538,1.13538,1.13519,1.13523,0.0
2026-09-30 07:26:00,1.13531,1.13531,1.13519,1.13521,0.0
2026-09-30 07:27:00,1.13524,1.13533,1.13524,1.13532,0.0
2026-09-30 07:28:00,1.1353,1.13536,1.13518,1.13521,0.0
2026-09-30 07:29:00,1.13527,1.13541,1.13527,1.13539,0.0
2026-09-30 07:30:00,1.13532,1.13542,1.13531,1.13541,0.0
2026-09-30 07:31:00,1.13538,1.13547,1.13526,1.13545,0.0
2026-09-30 07:32:00,1.13539,1.13539,1.13513,1.13518,0.0
2026-09-30 07:33:00,1.13526,1.13526,1.13514,1.13516,0.0
2026-09-30 07:34:00,1.13517,1.13524,1.13517,1.13523,0.0
2026-09-30 07:35:00,1.1352,1.13527,1.13497,1.13525,0.0
2026-09-30 07:36:00,1.1352,1.1352,1.13502,1.13504,0.0
2026-09-30 07:37:00,1.13508,1.13515,1.13507,1.13514,0.0
2026-09-30 07:38:00,1.13513,1.13513,1.13506,1.13508,0.0
2026-09-30 07:39:00,1.13511,1.13511,1.13488,1.13495,0.0
2026-09-30 07:40:00,1.13507,1.13508,1.13478,1.13487,0.0
2026-09-30 07:41:00,1.13503,1.13503,1.13476,1.13482,0.0
2026-09-30 07:42:00,1.13492,1.13492,1.13469,1.13476,0.0
2026-09-30 07:43:00,1.13486,1.13486,1.13466,1.13472,0.0
2026-09-30 07:44:00,1.13483,1.13487,1.13456,1.13465,0.0
2026-09-30 07:45:00,1.13481,1.13481,1.13457,1.13462,0.0
2026-09-30 07:46:00,1.13472,1.13472,1.1347,1.1347,0.0
2026-09-30 07:47:00,1.1347,1.13472,1.13456,1.13472,0.0
2026-09-30 07:48:00,1.13471,1.13471,1.13457,1.13458,0.0
2026-09-30 07:49:00,1.13461,1.13473,1.1344,1.13472,0.0
2026-09-30 07:50:00,1.13469,1.13469,1.13428,1.13438,0.0
2026-09-30 07:51:00,1.13457,1.13459,1.13434,1.13441,0.0
2026-09-30 07:52:00,1.13452,1.13452,1.13438,1.13439,0.0
2026-09-30 07:53:00,1.13442,1.13446,1.1343,1.13445,0.0
2026-09-30 07:54:00,1.13443,1.13443,1.13425,1.1343,0.0
2026-09-30 07:55:00,1.13438,1.13438,1.13429,1.13431,0.0
2026-09-30 07:56:00,1.13433,1.13446,1.1343,1.13442,0.0
2026-09-30 07:57:00,1.13434,1.13446,1.13434,1.13445,0.0
2026-09-30 07:58:00,1.13442,1.13452,1.13442,1.1345,0.0
2026-09-30 07:59:00,1.13442,1.1347,1.13442,1.13463,0.0
2026-09-30 08:00:00,1.13453,1.13474,1.13453,1.13472,0.0
2026-09-30 08:01:00,1.13467,1.1349,1.13444,1.13451,0.0
2026-09-30 08:02:00,1.13469,1.13501,1.13469,1.13496,0.0
2026-09-30 08:03:00,1.13483,1.13502,1.13483,1.135,0.0
2026-09-30 08:04:00,1.13497,1.135,1.13496,1.13499,0.0
2026-09-30 08:05:00,1.13495,1.13502,1.13489,1.13502,0.0
2026-09-30 08:06:00,1.13499,1.13499,1.13482,1.13484,0.0
2026-09-30 08:07:00,1.13488,1.13495,1.1348,1.13481,0.0
2026-09-30 08:08:00,1.13482,1.13499,1.13482,1.13497,0.0
2026-09-30 08:09:00,1.13493,1.13501,1.13493,1.135,0.0
2026-09-30 08:10:00,1.13496,1.13502,1.13491,1.13501,0.0
2026-09-30 08:11:00,1.135,1.13503,1.13487,1.13491,0.0
2026-09-30 08:12:00,1.13497,1.13497,1.13478,1.13481,0.0
2026-09-30 08:13:00,1.13488,1.13488,1.1348,1.13482,0.0
2026-09-30 08:14:00,1.13483,1.13487,1.13473,1.13487,0.0
2026-09-30 08:15:00,1.13485,1.13485,1.13469,1.13472,0.0
2026-09-30 08:16:00,1.13476,1.13479,1.13476,1.13479,0.0
2026-09-30 08:17:00,1.13478,1.13478,1.13467,1.1347,0.0
2026-09-30 08:18:00,1.13475,1.13487,1.13471,1.13472,0.0
2026-09-30 08:19:00,1.13471,1.13494,1.13471,1.13491,0.0
2026-09-30 08:20:00,1.13486,1.13494,1.13478,1.13494,0.0
2026-09-30 08:21:00,1.13492,1.13498,1.13481,1.13483,0.0
2026-09-30 08:22:00,1.13488,1.13497,1.13484,1.13497,0.0
2026-09-30 08:23:00,1.13494,1.13503,1.1348,1.13483,0.0
2026-09-30 08:24:00,1.13491,1.13506,1.13491,1.13504,0.0
2026-09-30 08:25:00,1.13496,1.13523,1.13496,1.13517,0.0
2026-09-30 08:26:00,1.13508,1.13524,1.13508,1.13523,0.0
2026-09-30 08:27:00,1.13518,1.13521,1.13511,1.13521,0.0
2026-09-30 08:28:00,1.1352,1.1352,1.13504,1.13509,0.0
2026-09-30 08:29:00,1.13517,1.13517,1.13506,1.13508,0.0
2026-09-30 08:30:00,1.13509,1.13523,1.13508,1.13519,0.0
2026-09-30 08:31:00,1.13514,1.13526,1.13514,1.13525,0.0
2026-09-30 08:32:00,1.13518,1.13541,1.13517,1.13536,0.0
2026-09-30 08:33:00,1.13529,1.1354,1.13529,1.13539,0.0
2026-09-30 08:34:00,1.13535,1.13546,1.13535,1.13544,0.0
2026-09-30 08:35:00,1.1354,1.13543,1.13533,1.13543,0.0
2026-09-30 08:36:00,1.13541,1.13541,1.13519,1.13526,0.0
2026-09-30 08:37:00,1.13537,1.13537,1.13518,1.1352,0.0
2026-09-30 08:38:00,1.13524,1.13525,1.13522,1.13522,0.0
2026-09-30 08:39:00,1.13522,1.13524,1.1352,1.13524,0.0
2026-09-30 08:40:00,1.13523,1.13523,1.13518,1.13523,0.0
2026-09-30 08:41:00,1.13521,1.13533,1.13515,1.13521,0.0
2026-09-30 08:42:00,1.13523,1.13531,1.13523,1.13531,0.0
2026-09-30 08:43:00,1.13528,1.13544,1.13522,1.13539,0.0
2026-09-30 08:44:00,1.13533,1.13543,1.13533,1.13542,0.0
2026-09-30 08:45:00,1.13538,1.13547,1.13537,1.13546,0.0
2026-09-30 08:46:00,1.13544,1.13544,1.13536,1.13538,0.0
2026-09-30 08:47:00,1.1354,1.1354,1.13532,1.13534,0.0
2026-09-30 08:48:00,1.13537,1.13547,1.13537,1.13544,0.0
2026-09-30 08:49:00,1.13538,1.1355,1.13538,1.13549,0.0
2026-09-30 08:50:00,1.13545,1.13552,1.1354,1.13551,0.0
2026-09-30 08:51:00,1.13548,1.1355,1.13547,1.1355,0.0
2026-09-30 08:52:00,1.13548,1.13551,1.13536,1.1355,0.0
2026-09-30 08:53:00,1.13546,1.13546,1.13516,1.13522,0.0
2026-09-30 08:54:00,1.13533,1.13533,1.13515,1.13517,0.0
2026-09-30 08:55:00,1.1352,1.13531,1.13518,1.13528,0.0
2026-09-30 08:56:00,1.13517,1.13553,1.13517,1.13545,0.0
2026-09-30 08:57:00,1.13533,1.13577,1.13533,1.13568,0.0
2026-09-30 08:58:00,1.13548,1.13591,1.13548,1.13586,0.0
2026-09-30 08:59:00,1.13575,1.13598,1.13575,1.13595,0.0
2026-09-30 09:00:00,1.1359,1.13601,1.13588,1.136,0.0
2026-09-30 09:01:00,1.13597,1.13597,1.1356,1.13569,0.0
2026-09-30 09:02:00,1.13585,1.13585,1.13565,1.13569,0.0
2026-09-30 09:03:00,1.1357,1.13593,1.1357,1.1359,0.0
2026-09-30 09:04:00,1.13585,1.13592,1.13585,1.13592,0.0
2026-09-30 09:05:00,1.13587,1.13606,1.13587,1.13601,0.0
2026-09-30 09:06:00,1.13595,1.13607,1.13591,1.13606,0.0
2026-09-30 09:07:00,1.13602,1.13602,1.13571,1.13579,0.0
2026-09-30 09:08:00,1.13592,1.13592,1.13555,1.13561,0.0
2026-09-30 09:09:00,1.13572,1.13572,1.13541,1.13548,0.0
2026-09-30 09:10:00,1.13561,1.13561,1.13524,1.13529,0.0
2026-09-30 09:11:00,1.13538,1.13538,1.13527,1.13529,0.0
2026-09-30 09:12:00,1.1353,1.13536,1.13529,1.13535,0.0
2026-09-30 09:13:00,1.13533,1.13533,1.13522,1.13525,0.0
2026-09-30 09:14:00,1.13529,1.13537,1.13515,1.13518,0.0
2026-09-30 09:15:00,1.13525,1.13546,1.13525,1.13542,0.0
2026-09-30 09:16:00,1.1353,1.13546,1.1353,1.13544,0.0
2026-09-30 09:17:00,1.13541,1.13541,1.13523,1.13528,0.0
2026-09-30 09:18:00,1.13535,1.13535,1.1352,1.13522,0.0
2026-09-30 09:19:00,1.13524,1.13531,1.13524,1.13529,0.0
2026-09-30 09:20:00,1.13526,1.13536,1.13526,1.13534,0.0
2026-09-30 09:21:00,1.13527,1.13541,1.13527,1.13539,0.0
2026-09-30 09:22:00,1.13536,1.13539,1.13528,1.13539,0.0
2026-09-30 09:23:00,1.13537,1.13544,1.13529,1.13531,0.0
2026-09-30 09:24:00,1.13535,1.13542,1.13528,1.13542,0.0
2026-09-30 09:25:00,1.1354,1.1355,1.13529,1.13532,0.0
2026-09-30 09:26:00,1.13538,1.13553,1.13538,1.13551,0.0
2026-09-30 09:27:00,1.13544,1.13566,1.13544,1.13562,0.0
2026-09-30 09:28:00,1.13554,1.13567,1.13554,1.13566,0.0
2026-09-30 09:29:00,1.13562,1.13562,1.13545,1.13562,0.0
2026-09-30 09:30:00,1.13562,1.13562,1.13542,1.13544,0.0
2026-09-30 09:31:00,1.13549,1.13554,1.13549,1.13554,0.0
2026-09-30 09:32:00,1.13552,1.13562,1.13546,1.13552,0.0
2026-09-30 09:33:00,1.13554,1.13577,1.13554,1.13571,0.0
2026-09-30 09:34:00,1.13553,1.13587,1.13553,1.13584,0.0
2026-09-30 09:35:00,1.1358,1.13592,1.1356,1.13589,0.0
2026-09-30 09:36:00,1.13584,1.13584,1.13562,1.13566,0.0
2026-09-30 09:37:00,1.13572,1.13573,1.13547,1.13554,0.0
2026-09-30 09:38:00,1.13566,1.13566,1.13547,1.13549,0.0
2026-09-30 09:39:00,1.13553,1.13553,1.13543,1.13545,0.0
2026-09-30 09:40:00,1.13549,1.13549,1.13541,1.13543,0.0
2026-09-30 09:41:00,1.13546,1.13546,1.13537,1.13538,0.0
2026-09-30 09:42:00,1.13542,1.13545,1.13541,1.13545,0.0
2026-09-30 09:43:00,1.13541,1.13543,1.13537,1.13543,0.0
2026-09-30 09:44:00,1.13542,1.13542,1.13536,1.13538,0.0
2026-09-30 09:45:00,1.13537,1.1356,1.13532,1.13554,0.0
2026-09-30 09:46:00,1.13546,1.1356,1.13546,1.13559,0.0
2026-09-30 09:47:00,1.13555,1.13557,1.1355,1.13551,0.0
2026-09-30 09:48:00,1.13554,1.13566,1.13552,1.13554,0.0
2026-09-30 09:49:00,1.13553,1.13578,1.13553,1.13574,0.0
2026-09-30 09:50:00,1.13565,1.13583,1.13565,1.13581,0.0
2026-09-30 09:51:00,1.13577,1.13582,1.13574,1.13582,0.0
2026-09-30 09:52:00,1.1358,1.13586,1.13577,1.13584,0.0
2026-09-30 09:53:00,1.13582,1.13585,1.13574,1.13585,0.0
2026-09-30 09:54:00,1.13582,1.13582,1.13571,1.13573,0.0
2026-09-30 09:55:00,1.13578,1.13579,1.13569,1.13579,0.0
2026-09-30 09:56:00,1.13577,1.13583,1.13572,1.13577,0.0
2026-09-30 09:57:00,1.13577,1.13581,1.13571,1.13581,0.0
2026-09-30 09:58:00,1.13578,1.13591,1.13578,1.13588,0.0
2026-09-30 09:59:00,1.13582,1.13591,1.13582,1.1359,0.0
2026-09-30 10:00:00,1.13589,1.13592,1.1358,1.13591,0.0
2026-09-30 10:01:00,1.13588,1.1361,1.13582,1.13603,0.0
2026-09-30 10:02:00,1.13594,1.13615,1.13594,1.13613,0.0
2026-09-30 10:03:00,1.13605,1.13627,1.13605,1.13623,0.0
2026-09-30 10:04:00,1.13617,1.13626,1.13617,1.13626,0.0
2026-09-30 10:05:00,1.13623,1.13639,1.13609,1.13613,0.0
2026-09-30 10:06:00,1.13624,1.13642,1.13621,1.1364,0.0
2026-09-30 10:07:00,1.13635,1.13635,1.13598,1.13607,0.0
2026-09-30 10:08:00,1.13623,1.13623,1.13604,1.13606,0.0
2026-09-30 10:09:00,1.1361,1.13612,1.13605,1.13612,0.0
2026-09-30 10:10:00,1.13611,1.13612,1.13605,1.13606,0.0
2026-09-30 10:11:00,1.13609,1.13612,1.13605,1.13612,0.0
2026-09-30 10:12:00,1.13609,1.13612,1.13602,1.13611,0.0
2026-09-30 10:13:00,1.1361,1.1361,1.13602,1.1361,0.0
2026-09-30 10:14:00,1.13608,1.13617,1.13604,1.13608,0.0
2026-09-30 10:15:00,1.1361,1.13614,1.1361,1.13614,0.0
2026-09-30 10:16:00,1.13611,1.13618,1.13604,1.13617,0.0
2026-09-30 10:17:00,1.13615,1.13615,1.13605,1.13607,0.0
2026-09-30 10:18:00,1.13611,1.13614,1.13605,1.13611,0.0
2026-09-30 10:19:00,1.1361,1.13611,1.13602,1.13611,0.0
2026-09-30 10:20:00,1.1361,1.1361,1.13594,1.13599,0.0
2026-09-30 10:21:00,1.13608,1.13608,1.13591,1.13594,0.0
2026-09-30 10:22:00,1.13599,1.13603,1.13599,1.13603,0.0
2026-09-30 10:23:00,1.13599,1.13603,1.13598,1.13602,0.0
2026-09-30 10:24:00,1.13601,1.13607,1.13586,1.13601,0.0
2026-09-30 10:25:00,1.136,1.136,1.13587,1.13588,0.0
2026-09-30 10:26:00,1.13591,1.13596,1.13591,1.13596,0.0
2026-09-30 10:27:00,1.13593,1.13597,1.13592,1.13597,0.0
2026-09-30 10:28:00,1.13595,1.13599,1.13591,1.13592,0.0
2026-09-30 10:29:00,1.13593,1.13602,1.1359,1.13601,0.0
2026-09-30 10:30:00,1.13599,1.13599,1.1358,1.13583,0.0
2026-09-30 10:31:00,1.13589,1.13589,1.13576,1.13578,0.0
2026-09-30 10:32:00,1.1358,1.13587,1.13576,1.1358,0.0
2026-09-30 10:33:00,1.13581,1.13585,1.13581,1.13585,0.0
2026-09-30 10:34:00,1.13583,1.13583,1.13574,1.13583,0.0
2026-09-30 10:35:00,1.13582,1.13582,1.13565,1.13569,0.0
2026-09-30 10:36:00,1.13576,1.13586,1.13557,1.13561,0.0
2026-09-30 10:37:00,1.1357,1.13594,1.1357,1.1359,0.0
2026-09-30 10:38:00,1.1358,1.13598,1.1358,1.13596,0.0
2026-09-30 10:39:00,1.13592,1.13592,1.13586,1.13587,0.0
2026-09-30 10:40:00,1.13589,1.13589,1.13572,1.13589,0.0
2026-09-30 10:41:00,1.13588,1.13588,1.13574,1.13576,0.0
2026-09-30 10:42:00,1.13578,1.13578,1.13565,1.13569,0.0
2026-09-30 10:43:00,1.13575,1.13575,1.13565,1.13566,0.0
2026-09-30 10:44:00,1.13569,1.13573,1.13563,1.13572,0.0
2026-09-30 10:45:00,1.1357,1.1357,1.13555,1.13558,0.0
2026-09-30 10:46:00,1.13563,1.13563,1.13546,1.13551,0.0
2026-09-30 10:47:00,1.13558,1.1356,1.13548,1.13549,0.0
2026-09-30 10:48:00,1.13552,1.13558,1.13552,1.13558,0.0
2026-09-30 10:49:00,1.13556,1.13562,1.13556,1.1356,0.0
2026-09-30 10:50:00,1.13556,1.13561,1.13555,1.1356,0.0
2026-09-30 10:51:00,1.13559,1.13563,1.13559,1.13562,0.0
2026-09-30 10:52:00,1.13559,1.13563,1.13552,1.13559,0.0
2026-09-30 10:53:00,1.13559,1.13568,1.13559,1.13566,0.0
2026-09-30 10:54:00,1.13558,1.13577,1.13558,1.13574,0.0
2026-09-30 10:55:00,1.13569,1.13575,1.13568,1.13575,0.0
2026-09-30 10:56:00,1.13573,1.13578,1.13568,1.13569,0.0
2026-09-30 10:57:00,1.13572,1.13575,1.13572,1.13575,0.0
2026-09-30 10:58:00,1.13574,1.13582,1.1357,1.13574,0.0
2026-09-30 10:59:00,1.13573,1.13595,1.13573,1.13589,0.0
2026-09-30 11:00:00,1.13578,1.13602,1.13578,1.136,0.0
2026-09-30 11:01:00,1.13594,1.13595,1.1358,1.13594,0.0
2026-09-30 11:02:00,1.13594,1.13594,1.13578,1.13582,0.0
2026-09-30 11:03:00,1.13588,1.13588,1.13577,1.13578,0.0
2026-09-30 11:04:00,1.13581,1.13589,1.13577,1.13588,0.0
2026-09-30 11:05:00,1.13585,1.13585,1.13571,1.13573,0.0
2026-09-30 11:06:00,1.13579,1.13581,1.13571,1.13581,0.0
2026-09-30 11:07:00,1.13578,1.13584,1.13578,1.13582,0.0
2026-09-30 11:08:00,1.13579,1.13584,1.13565,1.13583,0.0
2026-09-30 11:09:00,1.1358,1.1358,1.13563,1.13566,0.0
2026-09-30 11:10:00,1.13571,1.13571,1.13552,1.13558,0.0
2026-09-30 11:11:00,1.13568,1.13568,1.13551,1.13555,0.0
2026-09-30 11:12:00,1.13559,1.13561,1.13554,1.13554,0.0
2026-09-30 11:13:00,1.13556,1.13563,1.13556,1.13562,0.0
2026-09-30 11:14:00,1.13556,1.13569,1.13556,1.13567,0.0
2026-09-30 11:15:00,1.13564,1.13568,1.13556,1.13568,0.0
2026-09-30 11:16:00,1.13565,1.13565,1.13552,1.13555,0.0
2026-09-30 11:17:00,1.1356,1.13565,1.13546,1.13551,0.0
2026-09-30 11:18:00,1.13558,1.13558,1.13542,1.13544,0.0
2026-09-30 11:19:00,1.13547,1.13552,1.13546,1.13551,0.0
2026-09-30 11:20:00,1.13547,1.13554,1.13546,1.13553,0.0
2026-09-30 11:21:00,1.13551,1.13551,1.13542,1.13543,0.0
2026-09-30 11:22:00,1.13545,1.1355,1.13545,1.13549,0.0
2026-09-30 11:23:00,1.13544,1.13563,1.13541,1.13558,0.0
2026-09-30 11:24:00,1.13551,1.13578,1.13551,1.13572,0.0
2026-09-30 11:25:00,1.13556,1.13586,1.13556,1.13582,0.0
2026-09-30 11:26:00,1.13577,1.13583,1.13577,1.13583,0.0
2026-09-30 11:27:00,1.13581,1.13581,1.13562,1.13568,0.0
2026-09-30 11:28:00,1.13579,1.13579,1.13564,1.13566,0.0
2026-09-30 11:29:00,1.13569,1.13576,1.13566,1.13569,0.0
2026-09-30 11:30:00,1.13568,1.13582,1.13568,1.13579,0.0
2026-09-30 11:31:00,1.13573,1.13588,1.13573,1.13586,0.0
2026-09-30 11:32:00,1.1358,1.1359,1.13578,1.13589,0.0
2026-09-30 11:33:00,1.13586,1.13586,1.13564,1.13569,0.0
2026-09-30 11:34:00,1.13578,1.13578,1.13564,1.13565,0.0
2026-09-30 11:35:00,1.13568,1.13568,1.1356,1.13568,0.0
2026-09-30 11:36:00,1.13565,1.13579,1.13557,1.13565,0.0
2026-09-30 11:37:00,1.13567,1.13578,1.13564,1.13577,0.0
2026-09-30 11:38:00,1.13574,1.1358,1.13564,1.13566,0.0
2026-09-30 11:39:00,1.1357,1.1358,1.1357,1.13579,0.0
2026-09-30 11:40:00,1.13576,1.13576,1.13558,1.13564,0.0
2026-09-30 11:41:00,1.13573,1.13573,1.13556,1.13558,0.0
2026-09-30 11:42:00,1.13562,1.13568,1.13562,1.13568,0.0
2026-09-30 11:43:00,1.13566,1.1357,1.13564,1.13569,0.0
2026-09-30 11:44:00,1.13568,1.13569,1.1356,1.13569,0.0
2026-09-30 11:45:00,1.13566,1.13573,1.13564,1.13564,0.0
2026-09-30 11:46:00,1.13566,1.1357,1.13564,1.1357,0.0
2026-09-30 11:47:00,1.13567,1.13575,1.13567,1.13573,0.0
2026-09-30 11:48:00,1.1357,1.13586,1.1355,1.13581,0.0
2026-09-30 11:49:00,1.13572,1.13572,1.13541,1.13545,0.0
2026-09-30 11:50:00,1.1355,1.1355,1.13543,1.13545,0.0
2026-09-30 11:51:00,1.13547,1.13547,1.13536,1.13539,0.0
2026-09-30 11:52:00,1.13544,1.13544,1.13537,1.13538,0.0
2026-09-30 11:53:00,1.1354,1.13552,1.13524,1.13549,0.0
2026-09-30 11:54:00,1.13544,1.13544,1.13518,1.1352,0.0
2026-09-30 11:55:00,1.13525,1.13528,1.13516,1.13525,0.0
2026-09-30 11:56:00,1.13524,1.13524,1.13516,1.13517,0.0
2026-09-30 11:57:00,1.13518,1.13525,1.13505,1.13518,0.0
2026-09-30 11:58:00,1.13517,1.13517,1.13493,1.13498,0.0
2026-09-30 11:59:00,1.13505,1.13506,1.13494,1.13496,0.0
2026-09-30 12:00:00,1.13497,1.13512,1.13497,1.1351,0.0
2026-09-30 12:01:00,1.13506,1.13514,1.13506,1.13512,0.0
2026-09-30 12:02:00,1.13509,1.13517,1.13509,1.13516,0.0
2026-09-30 12:03:00,1.13511,1.13529,1.13511,1.13524,0.0
2026-09-30 12:04:00,1.13518,1.13531,1.13518,1.1353,0.0
2026-09-30 12:05:00,1.13523,1.13536,1.13523,1.13534,0.0
2026-09-30 12:06:00,1.13532,1.13535,1.13523,1.13532,0.0
2026-09-30 12:07:00,1.13531,1.13535,1.1352,1.13521,0.0
2026-09-30 12:08:00,1.13526,1.13536,1.13526,1.13535,0.0
2026-09-30 12:09:00,1.13529,1.13543,1.13529,1.1354,0.0
2026-09-30 12:10:00,1.13535,1.1356,1.13535,1.13553,0.0
2026-09-30 12:11:00,1.13539,1.13566,1.13539,1.13562,0.0
2026-09-30 12:12:00,1.13554,1.13568,1.13554,1.13567,0.0
2026-09-30 12:13:00,1.13564,1.13564,1.13556,1.13564,0.0
2026-09-30 12:14:00,1.13561,1.13571,1.13559,1.13568,0.0
2026-09-30 12:15:00,1.13564,1.13589,1.13542,1.13582,0.0
2026-09-30 12:16:00,1.13571,1.13571,1.13531,1.13536,0.0
2026-09-30 12:17:00,1.13544,1.13547,1.13534,1.13536,0.0
2026-09-30 12:18:00,1.13536,1.13572,1.13532,1.13564,0.0
2026-09-30 12:19:00,1.13551,1.13579,1.13551,1.13576,0.0
2026-09-30 12:20:00,1.13567,1.13586,1.13567,1.13584,0.0
2026-09-30 12:21:00,1.1358,1.1358,1.13568,1.13571,0.0
2026-09-30 12:22:00,1.13576,1.13576,1.13543,1.13552,0.0
2026-09-30 12:23:00,1.1357,1.1357,1.13542,1.13544,0.0
2026-09-30 12:24:00,1.1355,1.13558,1.13549,1.13557,0.0
2026-09-30 12:25:00,1.13551,1.13573,1.13549,1.13568,0.0
2026-09-30 12:26:00,1.13561,1.13579,1.13561,1.13576,0.0
2026-09-30 12:27:00,1.13566,1.13618,1.13546,1.13605,0.0
2026-09-30 12:28:00,1.13586,1.13627,1.13586,1.13623,0.0
2026-09-30 12:29:00,1.13612,1.13621,1.13605,1.1362,0.0
2026-09-30 12:30:00,1.13618,1.13722,1.13608,1.1361,0.0
2026-09-30 12:31:00,1.1361,1.13757,1.1361,1.13734,0.0
2026-09-30 12:32:00,1.13686,1.13785,1.13686,1.13775,0.0
2026-09-30 12:33:00,1.13757,1.1379,1.13757,1.13787,0.0
2026-09-30 12:34:00,1.13778,1.1379,1.13778,1.13788,0.0
2026-09-30 12:35:00,1.13784,1.13797,1.13773,1.13794,0.0
2026-09-30 12:36:00,1.13788,1.13788,1.13736,1.13749,0.0
2026-09-30 12:37:00,1.13769,1.13769,1.13719,1.13729,0.0
2026-09-30 12:38:00,1.13748,1.13748,1.13697,1.13707,0.0
2026-09-30 12:39:00,1.13723,1.13723,1.13687,1.13693,0.0
2026-09-30 12:40:00,1.13703,1.13703,1.13676,1.13681,0.0
2026-09-30 12:41:00,1.13689,1.13713,1.13685,1.13686,0.0
2026-09-30 12:42:00,1.13688,1.13748,1.13688,1.13736,0.0
2026-09-30 12:43:00,1.13709,1.1376,1.13709,1.13754,0.0
2026-09-30 12:44:00,1.13744,1.13748,1.13738,1.13739,0.0
2026-09-30 12:45:00,1.13738,1.13757,1.13738,1.13754,0.0
2026-09-30 12:46:00,1.13749,1.13755,1.1374,1.13755,0.0
2026-09-30 12:47:00,1.13753,1.13753,1.13706,1.13721,0.0
2026-09-30 12:48:00,1.13742,1.13742,1.13692,1.13698,0.0
2026-09-30 12:49:00,1.13706,1.13727,1.13706,1.13724,0.0
2026-09-30 12:50:00,1.13717,1.13725,1.13683,1.13694,0.0
2026-09-30 12:51:00,1.13714,1.13714,1.13671,1.13679,0.0
2026-09-30 12:52:00,1.13692,1.13692,1.1367,1.13674,0.0
2026-09-30 12:53:00,1.13679,1.13679,1.13668,1.1367,0.0
2026-09-30 12:54:00,1.13674,1.13674,1.1366,1.13662,0.0
2026-09-30 12:55:00,1.13668,1.13697,1.13668,1.13688,0.0
2026-09-30 12:56:00,1.13664,1.13707,1.13664,1.13702,0.0
2026-09-30 12:57:00,1.13694,1.13703,1.1367,1.13678,0.0
2026-09-30 12:58:00,1.13693,1.13693,1.1367,1.13673,0.0
2026-09-30 12:59:00,1.13678,1.13686,1.13652,1.13659,0.0
2026-09-30 13:00:00,1.13673,1.13673,1.13639,1.13644,0.0
2026-09-30 13:01:00,1.13653,1.13671,1.13647,1.13648,0.0
2026-09-30 13:02:00,1.13649,1.13678,1.13649,1.13675,0.0
2026-09-30 13:03:00,1.1367,1.1367,1.13651,1.13653,0.0
2026-09-30 13:04:00,1.13658,1.13673,1.13624,1.13635,0.0
2026-09-30 13:05:00,1.13657,1.13657,1.13607,1.13613,0.0
2026-09-30 13:06:00,1.13623,1.13627,1.13617,1.13618,0.0
2026-09-30 13:07:00,1.13617,1.13629,1.13613,1.13627,0.0
2026-09-30 13:08:00,1.13624,1.13624,1.13609,1.13613,0.0
2026-09-30 13:09:00,1.13616,1.13618,1.13598,1.13618,0.0
2026-09-30 13:10:00,1.13616,1.13616,1.13596,1.13599,0.0
2026-09-30 13:11:00,1.13604,1.13612,1.13592,1.13594,0.0
2026-09-30 13:12:00,1.13596,1.13629,1.13596,1.13622,0.0
2026-09-30 13:13:00,1.1361,1.13623,1.1361,1.13623,0.0
2026-09-30 13:14:00,1.1362,1.1363,1.1362,1.13627,0.0
2026-09-30 13:15:00,1.13623,1.1364,1.13623,1.13636,0.0
2026-09-30 13:16:00,1.13624,1.13651,1.13624,1.13647,0.0
2026-09-30 13:17:00,1.13642,1.1366,1.13632,1.13656,0.0
2026-09-30 13:18:00,1.13648,1.13648,1.13608,1.13617,0.0
2026-09-30 13:19:00,1.13631,1.13639,1.13611,1.13614,0.0
2026-09-30 13:20:00,1.13616,1.13642,1.13616,1.1364,0.0
2026-09-30 13:21:00,1.13634,1.13636,1.13617,1.13622,0.0
2026-09-30 13:22:00,1.13631,1.13631,1.13608,1.13611,0.0
2026-09-30 13:23:00,1.13616,1.13616,1.13605,1.13606,0.0
2026-09-30 13:24:00,1.13609,1.1361,1.13604,1.1361,0.0
2026-09-30 13:25:00,1.13608,1.13628,1.13598,1.13622,0.0
2026-09-30 13:26:00,1.13613,1.13634,1.13613,1.13631,0.0
2026-09-30 13:27:00,1.13622,1.13649,1.13622,1.13644,0.0
2026-09-30 13:28:00,1.13637,1.13652,1.1363,1.1365,0.0
2026-09-30 13:29:00,1.13645,1.13645,1.13631,1.13632,0.0
2026-09-30 13:30:00,1.13635,1.13635,1.13627,1.13629,0.0
2026-09-30 13:31:00,1.1363,1.1364,1.1363,1.13638,0.0
2026-09-30 13:32:00,1.13634,1.13638,1.13622,1.13638,0.0
2026-09-30 13:33:00,1.13636,1.13636,1.13618,1.13621,0.0
2026-09-30 13:34:00,1.13626,1.13638,1.1362,1.13622,0.0
2026-09-30 13:35:00,1.13627,1.13642,1.13624,1.1364,0.0
2026-09-30 13:36:00,1.13636,1.13636,1.13612,1.13616,0.0
2026-09-30 13:37:00,1.13624,1.13625,1.13608,1.13612,0.0
2026-09-30 13:38:00,1.13619,1.13619,1.1358,1.1359,0.0
2026-09-30 13:39:00,1.13604,1.13604,1.13555,1.13563,0.0
2026-09-30 13:40:00,1.13577,1.13577,1.13555,1.13557,0.0
2026-09-30 13:41:00,1.13561,1.13563,1.13558,1.13563,0.0
2026-09-30 13:42:00,1.13562,1.13578,1.13557,1.13558,0.0
2026-09-30 13:43:00,1.13558,1.13585,1.13558,1.13582,0.0
2026-09-30 13:44:00,1.13575,1.13575,1.13568,1.13575,0.0
2026-09-30 13:45:00,1.13573,1.13573,1.13564,1.13566,0.0
2026-09-30 13:46:00,1.13568,1.13568,1.13547,1.13552,0.0
2026-09-30 13:47:00,1.1356,1.13572,1.13538,1.13543,0.0
2026-09-30 13:48:00,1.13556,1.136,1.13556,1.13589,0.0
2026-09-30 13:49:00,1.13561,1.13617,1.13561,1.13611,0.0
2026-09-30 13:50:00,1.13602,1.13616,1.13597,1.13614,0.0
2026-09-30 13:51:00,1.13609,1.13609,1.13587,1.13591,0.0
2026-09-30 13:52:00,1.13598,1.13598,1.13573,1.13578,0.0
2026-09-30 13:53:00,1.13585,1.13585,1.13572,1.13574,0.0
2026-09-30 13:54:00,1.13577,1.13586,1.13572,1.13573,0.0
2026-09-30 13:55:00,1.13577,1.1359,1.13577,1.13588,0.0
2026-09-30 13:56:00,1.13581,1.1359,1.13578,1.13589,0.0
2026-09-30 13:57:00,1.13585,1.13585,1.1357,1.13573,0.0
2026-09-30 13:58:00,1.13578,1.13578,1.13571,1.13571,0.0
2026-09-30 13:59:00,1.13571,1.13577,1.1356,1.13571,0.0
2026-09-30 14:00:00,1.1357,1.1357,1.13558,1.13559,0.0
2026-09-30 14:01:00,1.13561,1.13561,1.13546,1.1355,0.0
2026-09-30 14:02:00,1.13556,1.13556,1.13537,1.1354,0.0
2026-09-30 14:03:00,1.13546,1.13587,1.13546,1.13575,0.0
2026-09-30 14:04:00,1.13555,1.136,1.13555,1.13595,0.0
2026-09-30 14:05:00,1.13584,1.13613,1.13578,1.13605,0.0
2026-09-30 14:06:00,1.13594,1.13635,1.13594,1.13627,0.0
2026-09-30 14:07:00,1.13604,1.13645,1.13604,1.13641,0.0
2026-09-30 14:08:00,1.13635,1.13667,1.13608,1.13658,0.0
2026-09-30 14:09:00,1.13644,1.13644,1.13592,1.136,0.0
2026-09-30 14:10:00,1.13611,1.13611,1.13586,1.1359,0.0
2026-09-30 14:11:00,1.13595,1.13595,1.13585,1.13588,0.0
2026-09-30 14:12:00,1.13592,1.13595,1.13583,1.13584,0.0
2026-09-30 14:13:00,1.13586,1.13598,1.13586,1.13597,0.0
2026-09-30 14:14:00,1.13593,1.13595,1.1359,1.13595,0.0
2026-09-30 14:15:00,1.13594,1.13594,1.13582,1.13585,0.0
2026-09-30 14:16:00,1.1359,1.1359,1.13577,1.13579,0.0
2026-09-30 14:17:00,1.13582,1.13598,1.13581,1.13593,0.0
2026-09-30 14:18:00,1.13579,1.136,1.13579,1.13598,0.0
2026-09-30 14:19:00,1.13594,1.13597,1.13593,1.13597,0.0
2026-09-30 14:20:00,1.13595,1.13598,1.13589,1.13591,0.0
2026-09-30 14:21:00,1.13594,1.13598,1.13591,1.13597,0.0
2026-09-30 14:22:00,1.13594,1.13594,1.13583,1.13586,0.0
2026-09-30 14:23:00,1.13592,1.13592,1.13581,1.13582,0.0
2026-09-30 14:24:00,1.13583,1.13592,1.13577,1.13591,0.0
2026-09-30 14:25:00,1.13589,1.13589,1.13572,1.13573,0.0
2026-09-30 14:26:00,1.13576,1.13576,1.13568,1.1357,0.0
2026-09-30 14:27:00,1.13573,1.13573,1.13564,1.13565,0.0
2026-09-30 14:28:00,1.13568,1.13568,1.13561,1.13563,0.0
2026-09-30 14:29:00,1.13565,1.13565,1.13547,1.13552,0.0
2026-09-30 14:30:00,1.13561,1.13561,1.13545,1.13548,0.0
2026-09-30 14:31:00,1.13552,1.13564,1.13544,1.13546,0.0
2026-09-30 14:32:00,1.13551,1.13564,1.13551,1.13563,0.0
2026-09-30 14:33:00,1.1356,1.13561,1.13555,1.13561,0.0
2026-09-30 14:34:00,1.1356,1.1356,1.1355,1.13552,0.0
2026-09-30 14:35:00,1.13557,1.13557,1.13538,1.13543,0.0
2026-09-30 14:36:00,1.13552,1.13552,1.13541,1.13541,0.0
2026-09-30 14:37:00,1.13543,1.13553,1.13529,1.1355,0.0
2026-09-30 14:38:00,1.13544,1.13544,1.13525,1.13526,0.0
2026-09-30 14:39:00,1.1353,1.13538,1.1353,1.13536,0.0
2026-09-30 14:40:00,1.13529,1.13545,1.13529,1.13543,0.0
2026-09-30 14:41:00,1.13539,1.13547,1.13539,1.13545,0.0
2026-09-30 14:42:00,1.1354,1.13555,1.1354,1.13553,0.0
2026-09-30 14:43:00,1.13547,1.13555,1.13547,1.13554,0.0
2026-09-30 14:44:00,1.13552,1.13552,1.13537,1.13541,0.0
2026-09-30 14:45:00,1.13547,1.13561,1.13528,1.13532,0.0
2026-09-30 14:46:00,1.13542,1.13567,1.13542,1.13565,0.0
2026-09-30 14:47:00,1.13559,1.13562,1.13542,1.13544,0.0
2026-09-30 14:48:00,1.13551,1.13568,1.13551,1.13565,0.0
2026-09-30 14:49:00,1.13556,1.13564,1.13536,1.13563,0.0
2026-09-30 14:50:00,1.13558,1.13558,1.13529,1.13534,0.0
2026-09-30 14:51:00,1.13539,1.13547,1.13504,1.13546,0.0
2026-09-30 14:52:00,1.13542,1.13542,1.13487,1.13494,0.0
2026-09-30 14:53:00,1.13506,1.13506,1.13481,1.13486,0.0
2026-09-30 14:54:00,1.13493,1.13493,1.13473,1.13475,0.0
2026-09-30 14:55:00,1.1348,1.13528,1.1348,1.13513,0.0
2026-09-30 14:56:00,1.13475,1.13543,1.13475,1.13536,0.0
2026-09-30 14:57:00,1.13525,1.13546,1.1352,1.1354,0.0
2026-09-30 14:58:00,1.13523,1.13574,1.13523,1.13564,0.0
2026-09-30 14:59:00,1.13552,1.1358,1.13552,1.13577,0.0
2026-09-30 15:00:00,1.13567,1.13592,1.13567,1.13589,0.0
2026-09-30 15:01:00,1.13583,1.13599,1.13583,1.13596,0.0
2026-09-30 15:02:00,1.13586,1.13603,1.13586,1.13602,0.0
2026-09-30 15:03:00,1.136,1.136,1.13568,1.13575,0.0
2026-09-30 15:04:00,1.13587,1.13587,1.13571,1.13573,0.0
2026-09-30 15:05:00,1.13575,1.13585,1.13574,1.13584,0.0
2026-09-30 15:06:00,1.1358,1.13593,1.13543,1.13554,0.0
2026-09-30 15:07:00,1.13577,1.13577,1.13525,1.13532,0.0
2026-09-30 15:08:00,1.13543,1.13543,1.13518,1.13523,0.0
2026-09-30 15:09:00,1.13532,1.13532,1.1351,1.13513,0.0
2026-09-30 15:10:00,1.13518,1.13531,1.13513,1.13514,0.0
2026-09-30 15:11:00,1.13513,1.13537,1.13513,1.13534,0.0
2026-09-30 15:12:00,1.13529,1.13536,1.13528,1.13535,0.0
2026-09-30 15:13:00,1.13533,1.13555,1.13529,1.13548,0.0
2026-09-30 15:14:00,1.13532,1.13563,1.13532,1.13559,0.0
2026-09-30 15:15:00,1.13553,1.13566,1.13553,1.13565,0.0
2026-09-30 15:16:00,1.13561,1.13574,1.13561,1.13571,0.0
2026-09-30 15:17:00,1.13566,1.13572,1.13566,1.13572,0.0
2026-09-30 15:18:00,1.13569,1.13574,1.13565,1.13573,0.0
2026-09-30 15:19:00,1.13571,1.13573,1.13558,1.13562,0.0
2026-09-30 15:20:00,1.13568,1.13571,1.13555,1.13557,0.0
2026-09-30 15:21:00,1.13561,1.13577,1.13561,1.13574,0.0
2026-09-30 15:22:00,1.13565,1.13581,1.13565,1.13579,0.0
2026-09-30 15:23:00,1.13575,1.13578,1.13573,1.13578,0.0
2026-09-30 15:24:00,1.13578,1.13578,1.13568,1.13578,0.0
2026-09-30 15:25:00,1.13577,1.13577,1.13546,1.13555,0.0
2026-09-30 15:26:00,1.1357,1.1357,1.13534,1.13541,0.0
2026-09-30 15:27:00,1.13555,1.13555,1.13533,1.13536,0.0
2026-09-30 15:28:00,1.13542,1.13546,1.13536,1.13537,0.0
2026-09-30 15:29:00,1.13536,1.13573,1.13525,1.13564,0.0
2026-09-30 15:30:00,1.13551,1.13602,1.13551,1.13591,0.0
2026-09-30 15:31:00,1.13563,1.13611,1.13563,1.13606,0.0
2026-09-30 15:32:00,1.13597,1.13602,1.13585,1.13601,0.0
2026-09-30 15:33:00,1.13598,1.13598,1.13581,1.13585,0.0
2026-09-30 15:34:00,1.13591,1.13594,1.13583,1.13585,0.0
2026-09-30 15:35:00,1.13588,1.13594,1.13583,1.13594,0.0
2026-09-30 15:36:00,1.13592,1.13592,1.13585,1.13586,0.0
2026-09-30 15:37:00,1.13589,1.13603,1.13562,1.1357,0.0
2026-09-30 15:38:00,1.13588,1.13588,1.13551,1.13555,0.0
2026-09-30 15:39:00,1.13561,1.13561,1.13544,1.13548,0.0
2026-09-30 15:40:00,1.13554,1.13554,1.1354,1.13542,0.0
2026-09-30 15:41:00,1.13545,1.13548,1.13538,1.13547,0.0
2026-09-30 15:42:00,1.13543,1.13554,1.13543,1.13553,0.0
2026-09-30 15:43:00,1.13549,1.13553,1.13533,1.13549,0.0
2026-09-30 15:44:00,1.13548,1.13548,1.1352,1.13525,0.0
2026-09-30 15:45:00,1.13533,1.13533,1.13518,1.1352,0.0
2026-09-30 15:46:00,1.13523,1.13523,1.13518,1.13519,0.0
2026-09-30 15:47:00,1.1352,1.13522,1.13513,1.13515,0.0
2026-09-30 15:48:00,1.13519,1.1352,1.13513,1.1352,0.0
2026-09-30 15:49:00,1.13518,1.1352,1.13515,1.13515,0.0
2026-09-30 15:50:00,1.13516,1.13523,1.13505,1.13521,0.0
2026-09-30 15:51:00,1.13516,1.13516,1.13503,1.13504,0.0
2026-09-30 15:52:00,1.13506,1.13512,1.13476,1.13484,0.0
2026-09-30 15:53:00,1.135,1.135,1.13452,1.13461,0.0
2026-09-30 15:54:00,1.13478,1.13478,1.13443,1.13447,0.0
2026-09-30 15:55:00,1.13454,1.13454,1.13444,1.13446,0.0
2026-09-30 15:56:00,1.13447,1.13458,1.13446,1.13455,0.0
2026-09-30 15:57:00,1.1345,1.13463,1.13444,1.13461,0.0
2026-09-30 15:58:00,1.13456,1.13456,1.13433,1.13437,0.0
2026-09-30 15:59:00,1.13442,1.13442,1.13429,1.13431,0.0
2026-09-30 16:00:00,1.13433,1.13443,1.13433,1.13441,0.0
2026-09-30 16:01:00,1.13437,1.13454,1.1342,1.13449,0.0
2026-09-30 16:02:00,1.1344,1.1344,1.13413,1.13416,0.0
2026-09-30 16:03:00,1.13421,1.13421,1.13412,1.13414,0.0
2026-09-30 16:04:00,1.13418,1.13418,1.13395,1.13401,0.0
2026-09-30 16:05:00,1.13412,1.13412,1.13379,1.13385,0.0
2026-09-30 16:06:00,1.13395,1.13395,1.13375,1.13378,0.0
2026-09-30 16:07:00,1.13382,1.13382,1.13374,1.13376,0.0
2026-09-30 16:08:00,1.13379,1.13379,1.13365,1.13368,0.0
2026-09-30 16:09:00,1.13371,1.13371,1.13365,1.13365,0.0
2026-09-30 16:10:00,1.13366,1.13372,1.13353,1.13366,0.0
2026-09-30 16:11:00,1.13365,1.13365,1.13353,1.13354,0.0
2026-09-30 16:12:00,1.13356,1.13366,1.13346,1.13364,0.0
2026-09-30 16:13:00,1.13359,1.13359,1.13331,1.13337,0.0
2026-09-30 16:14:00,1.13346,1.13357,1.1333,1.13332,0.0
2026-09-30 16:15:00,1.13335,1.13366,1.13335,1.13362,0.0
2026-09-30 16:16:00,1.13352,1.13385,1.13352,1.13377,0.0
2026-09-30 16:17:00,1.13365,1.13384,1.13365,1.13383,0.0
2026-09-30 16:18:00,1.13378,1.13378,1.13358,1.13363,0.0
2026-09-30 16:19:00,1.13371,1.13371,1.13356,1.13359,0.0
2026-09-30 16:20:00,1.13361,1.13365,1.13358,1.13358,0.0
2026-09-30 16:21:00,1.13359,1.13367,1.13359,1.13365,0.0
2026-09-30 16:22:00,1.13359,1.13376,1.13358,1.13372,0.0
2026-09-30 16:23:00,1.13365,1.13381,1.13365,1.13378,0.0
2026-09-30 16:24:00,1.13371,1.13385,1.13371,1.13384,0.0
2026-09-30 16:25:00,1.1338,1.13384,1.1338,1.13384,0.0
2026-09-30 16:26:00,1.13383,1.13384,1.13367,1.13372,0.0
2026-09-30 16:27:00,1.13381,1.13381,1.13366,1.13367,0.0
2026-09-30 16:28:00,1.1337,1.13371,1.13363,1.13371,0.0
2026-09-30 16:29:00,1.13368,1.13382,1.13363,1.13377,0.0
2026-09-30 16:30:00,1.13371,1.13379,1.13371,1.13379,0.0
2026-09-30 16:31:00,1.13376,1.13378,1.13372,1.13376,0.0
2026-09-30 16:32:00,1.13376,1.13377,1.13372,1.13373,0.0
2026-09-30 16:33:00,1.13373,1.13382,1.13373,1.13381,0.0
2026-09-30 16:34:00,1.13377,1.13381,1.1337,1.1338,0.0
2026-09-30 16:35:00,1.13379,1.13379,1.13358,1.13363,0.0
2026-09-30 16:36:00,1.13371,1.13371,1.13357,1.13359,0.0
2026-09-30 16:37:00,1.13362,1.13362,1.13358,1.13362,0.0
2026-09-30 16:38:00,1.13359,1.13374,1.13354,1.13369,0.0
2026-09-30 16:39:00,1.13363,1.13379,1.13363,1.13377,0.0
2026-09-30 16:40:00,1.13368,1.13381,1.13368,1.13379,0.0
2026-09-30 16:41:00,1.13375,1.1338,1.13375,1.13379,0.0
2026-09-30 16:42:00,1.13375,1.13382,1.13375,1.13381,0.0
2026-09-30 16:43:00,1.13379,1.13379,1.13376,1.13379,0.0
2026-09-30 16:44:00,1.13377,1.13381,1.13375,1.1338,0.0
2026-09-30 16:45:00,1.13378,1.13385,1.13378,1.13378,0.0
2026-09-30 16:46:00,1.13378,1.1338,1.13375,1.1338,0.0
2026-09-30 16:47:00,1.13378,1.13379,1.13371,1.13373,0.0
2026-09-30 16:48:00,1.13377,1.1338,1.13367,1.13379,0.0
2026-09-30 16:49:00,1.13376,1.13376,1.13367,1.13368,0.0
2026-09-30 16:50:00,1.1337,1.13374,1.13366,1.13374,0.0
2026-09-30 16:51:00,1.13371,1.13378,1.13367,1.13368,0.0
2026-09-30 16:52:00,1.13371,1.1338,1.13365,1.13378,0.0
2026-09-30 16:53:00,1.13374,1.13374,1.13358,1.13361,0.0
2026-09-30 16:54:00,1.13366,1.13366,1.13357,1.13358,0.0
2026-09-30 16:55:00,1.1336,1.13371,1.1336,1.13369,0.0
2026-09-30 16:56:00,1.13363,1.13373,1.13363,1.13372,0.0
2026-09-30 16:57:00,1.13369,1.13379,1.13369,1.13377,0.0
2026-09-30 16:58:00,1.13369,1.13388,1.13369,1.13384,0.0
2026-09-30 16:59:00,1.1338,1.1339,1.1338,1.13389,0.0
2026-09-30 17:00:00,1.13382,1.13402,1.1338,1.13397,0.0
2026-09-30 17:01:00,1.1339,1.13404,1.1339,1.13402,0.0
2026-09-30 17:02:00,1.13396,1.1341,1.13396,1.13408,0.0
2026-09-30 17:03:00,1.13405,1.13411,1.13393,1.1341,0.0
2026-09-30 17:04:00,1.13406,1.13406,1.13384,1.13389,0.0
2026-09-30 17:05:00,1.13396,1.13396,1.13379,1.13381,0.0
2026-09-30 17:06:00,1.13384,1.13388,1.13384,1.13388,0.0
2026-09-30 17:07:00,1.13386,1.13386,1.13381,1.13382,0.0
2026-09-30 17:08:00,1.13384,1.13384,1.1338,1.13384,0.0
2026-09-30 17:09:00,1.13381,1.13395,1.13376,1.1339,0.0
2026-09-30 17:10:00,1.13385,1.13393,1.13385,1.13393,0.0
2026-09-30 17:11:00,1.1339,1.13395,1.13386,1.13387,0.0
2026-09-30 17:12:00,1.1339,1.13392,1.13385,1.13392,0.0
2026-09-30 17:13:00,1.1339,1.13398,1.13387,1.1339,0.0
2026-09-30 17:14:00,1.1339,1.13399,1.13386,1.13398,0.0
2026-09-30 17:15:00,1.13394,1.13404,1.13394,1.13403,0.0
2026-09-30 17:16:00,1.13399,1.13404,1.13398,1.13403,0.0
2026-09-30 17:17:00,1.13402,1.13403,1.13401,1.13403,0.0
2026-09-30 17:18:00,1.13401,1.13405,1.13401,1.13401,0.0
2026-09-30 17:19:00,1.13402,1.13403,1.13398,1.13403,0.0
2026-09-30 17:20:00,1.13401,1.13401,1.13386,1.13391,0.0
2026-09-30 17:21:00,1.13397,1.13397,1.13384,1.13387,0.0
2026-09-30 17:22:00,1.1339,1.13395,1.13381,1.13383,0.0
2026-09-30 17:23:00,1.13386,1.13394,1.13386,1.13393,0.0
2026-09-30 17:24:00,1.1339,1.13392,1.13386,1.13392,0.0
2026-09-30 17:25:00,1.13391,1.13393,1.13388,1.13388,0.0
2026-09-30 17:26:00,1.13389,1.13393,1.13389,1.13393,0.0
2026-09-30 17:27:00,1.13392,1.13393,1.13389,1.13392,0.0
2026-09-30 17:28:00,1.13392,1.13392,1.13388,1.13392,0.0
2026-09-30 17:29:00,1.13389,1.13406,1.13378,1.13389,0.0
2026-09-30 17:30:00,1.13392,1.13406,1.13392,1.13405,0.0
2026-09-30 17:31:00,1.13401,1.13402,1.13395,1.13397,0.0
2026-09-30 17:32:00,1.134,1.134,1.13393,1.13395,0.0
2026-09-30 17:33:00,1.13397,1.13406,1.13391,1.13392,0.0
2026-09-30 17:34:00,1.13396,1.13405,1.13395,1.13404,0.0
2026-09-30 17:35:00,1.13402,1.13402,1.13386,1.1339,0.0
2026-09-30 17:36:00,1.13395,1.13395,1.13383,1.13385,0.0
2026-09-30 17:37:00,1.13387,1.13387,1.13379,1.1338,0.0
2026-09-30 17:38:00,1.13381,1.13387,1.13377,1.13378,0.0
2026-09-30 17:39:00,1.13381,1.13388,1.13381,1.13387,0.0
2026-09-30 17:40:00,1.13382,1.13393,1.13382,1.13391,0.0
2026-09-30 17:41:00,1.13388,1.13391,1.13385,1.13391,0.0
2026-09-30 17:42:00,1.13387,1.13397,1.13387,1.13395,0.0
2026-09-30 17:43:00,1.13392,1.13396,1.13385,1.13395,0.0
2026-09-30 17:44:00,1.13392,1.13392,1.13377,1.13381,0.0
2026-09-30 17:45:00,1.13387,1.13387,1.13372,1.13376,0.0
2026-09-30 17:46:00,1.13382,1.13382,1.13372,1.13374,0.0
2026-09-30 17:47:00,1.13377,1.13384,1.13376,1.13377,0.0
2026-09-30 17:48:00,1.13378,1.13386,1.13372,1.13385,0.0
2026-09-30 17:49:00,1.13382,1.13382,1.13366,1.13368,0.0
2026-09-30 17:50:00,1.13372,1.13374,1.13368,1.13374,0.0
2026-09-30 17:51:00,1.1337,1.13379,1.13369,1.13376,0.0
2026-09-30 17:52:00,1.13372,1.13377,1.13369,1.13377,0.0
2026-09-30 17:53:00,1.13374,1.13374,1.13361,1.13364,0.0
2026-09-30 17:54:00,1.13369,1.13369,1.13357,1.13359,0.0
2026-09-30 17:55:00,1.13361,1.13366,1.13361,1.13366,0.0
2026-09-30 17:56:00,1.13364,1.13364,1.13357,1.13358,0.0
2026-09-30 17:57:00,1.1336,1.1336,1.13358,1.1336,0.0
2026-09-30 17:58:00,1.13359,1.13359,1.13354,1.13355,0.0
2026-09-30 17:59:00,1.13358,1.13358,1.13354,1.13358,0.0
2026-09-30 18:00:00,1.13356,1.13361,1.13355,1.13355,0.0
2026-09-30 18:01:00,1.13356,1.13359,1.13352,1.13359,0.0
2026-09-30 18:02:00,1.13357,1.13368,1.13345,1.13348,0.0
2026-09-30 18:03:00,1.13356,1.13376,1.13356,1.13372,0.0
2026-09-30 18:04:00,1.13362,1.13377,1.13362,1.13375,0.0
2026-09-30 18:05:00,1.13372,1.13372,1.13371,1.13372,0.0
2026-09-30 18:06:00,1.13371,1.13374,1.1337,1.13371,0.0
2026-09-30 18:07:00,1.1337,1.13372,1.13366,1.13372,0.0
2026-09-30 18:08:00,1.13371,1.13374,1.13362,1.13373,0.0
2026-09-30 18:09:00,1.13371,1.13371,1.13358,1.13359,0.0
2026-09-30 18:10:00,1.13363,1.13365,1.13359,1.13365,0.0
2026-09-30 18:11:00,1.13362,1.13369,1.13357,1.13358,0.0
2026-09-30 18:12:00,1.13361,1.13369,1.13358,1.13368,0.0
2026-09-30 18:13:00,1.13365,1.13365,1.13352,1.13354,0.0
2026-09-30 18:14:00,1.13359,1.13359,1.13347,1.1335,0.0
2026-09-30 18:15:00,1.13353,1.13353,1.13349,1.1335,0.0
2026-09-30 18:16:00,1.1335,1.13353,1.1335,1.1335,0.0
2026-09-30 18:17:00,1.1335,1.13354,1.1335,1.13354,0.0
2026-09-30 18:18:00,1.13351,1.13359,1.13351,1.13357,0.0
2026-09-30 18:19:00,1.13353,1.13358,1.13352,1.13358,0.0
2026-09-30 18:20:00,1.13356,1.13357,1.13349,1.1335,0.0
2026-09-30 18:21:00,1.13352,1.13356,1.1335,1.13355,0.0
2026-09-30 18:22:00,1.13352,1.13355,1.1335,1.1335,0.0
2026-09-30 18:23:00,1.13351,1.13351,1.13347,1.13351,0.0
2026-09-30 18:24:00,1.1335,1.13351,1.13348,1.13348,0.0
2026-09-30 18:25:00,1.13349,1.13349,1.13344,1.13345,0.0
2026-09-30 18:26:00,1.13347,1.13347,1.13335,1.13339,0.0
2026-09-30 18:27:00,1.13344,1.13344,1.13332,1.13334,0.0
2026-09-30 18:28:00,1.13336,1.13339,1.13331,1.13332,0.0
2026-09-30 18:29:00,1.13333,1.13345,1.13333,1.13342,0.0
2026-09-30 18:30:00,1.13337,1.13343,1.13337,1.13343,0.0
2026-09-30 18:31:00,1.1334,1.13344,1.13336,1.13343,0.0
2026-09-30 18:32:00,1.13341,1.13341,1.13322,1.13327,0.0
2026-09-30 18:33:00,1.13334,1.13334,1.13325,1.13326,0.0
2026-09-30 18:34:00,1.13327,1.13331,1.13327,1.13331,0.0
2026-09-30 18:35:00,1.13329,1.13333,1.13329,1.13332,0.0
2026-09-30 18:36:00,1.13331,1.13333,1.1333,1.13331,0.0
2026-09-30 18:37:00,1.1333,1.13335,1.1333,1.13334,0.0
2026-09-30 18:38:00,1.13331,1.13338,1.13331,1.13336,0.0
2026-09-30 18:39:00,1.13333,1.13337,1.13329,1.13337,0.0
2026-09-30 18:40:00,1.13335,1.13335,1.13327,1.13328,0.0
2026-09-30 18:41:00,1.1333,1.13332,1.13325,1.13332,0.0
2026-09-30 18:42:00,1.1333,1.1333,1.13321,1.13323,0.0
2026-09-30 18:43:00,1.13326,1.13326,1.13321,1.13322,0.0
2026-09-30 18:44:00,1.13322,1.13333,1.13322,1.13331,0.0
2026-09-30 18:45:00,1.13327,1.13332,1.13321,1.13331,0.0
2026-09-30 18:46:00,1.13329,1.13329,1.1332,1.13321,0.0
2026-09-30 18:47:00,1.13323,1.13324,1.1332,1.1332,0.0
2026-09-30 18:48:00,1.13321,1.13325,1.13321,1.13325,0.0
2026-09-30 18:49:00,1.13322,1.13324,1.13318,1.13319,0.0
2026-09-30 18:50:00,1.13321,1.13322,1.13318,1.13322,0.0
2026-09-30 18:51:00,1.1332,1.13326,1.1332,1.1332,0.0
2026-09-30 18:52:00,1.13321,1.13324,1.1332,1.13324,0.0
2026-09-30 18:53:00,1.13321,1.13324,1.13318,1.13321,0.0
2026-09-30 18:54:00,1.13321,1.13321,1.13318,1.13321,0.0
2026-09-30 18:55:00,1.13319,1.13327,1.13319,1.13325,0.0
2026-09-30 18:56:00,1.13321,1.13325,1.13321,1.13325,0.0
2026-09-30 18:57:00,1.13324,1.13324,1.13314,1.13317,0.0
2026-09-30 18:58:00,1.13321,1.13321,1.13314,1.13316,0.0
2026-09-30 18:59:00,1.13319,1.1332,1.13317,1.1332,0.0
2026-09-30 19:00:00,1.13317,1.13325,1.13317,1.13323,0.0
2026-09-30 19:01:00,1.1332,1.13325,1.13315,1.13324,0.0
2026-09-30 19:02:00,1.13321,1.13321,1.13312,1.13313,0.0
2026-09-30 19:03:00,1.13316,1.13317,1.13311,1.13317,0.0
2026-09-30 19:04:00,1.13315,1.13315,1.13307,1.13309,0.0
2026-09-30 19:05:00,1.13312,1.13313,1.13303,1.13312,0.0
2026-09-30 19:06:00,1.13311,1.13311,1.13302,1.13304,0.0
2026-09-30 19:07:00,1.13307,1.13307,1.13295,1.13296,0.0
2026-09-30 19:08:00,1.13299,1.13299,1.13281,1.13287,0.0
2026-09-30 19:09:00,1.13296,1.13296,1.13282,1.13283,0.0
2026-09-30 19:10:00,1.13288,1.13294,1.13288,1.13293,0.0
2026-09-30 19:11:00,1.1329,1.13294,1.13289,1.13293,0.0
2026-09-30 19:12:00,1.13291,1.13291,1.13287,1.13291,0.0
2026-09-30 19:13:00,1.13289,1.13294,1.13289,1.13289,0.0
2026-09-30 19:14:00,1.13289,1.13294,1.13289,1.13293,0.0
2026-09-30 19:15:00,1.13288,1.13301,1.13288,1.13299,0.0
2026-09-30 19:16:00,1.13294,1.13298,1.13294,1.13298,0.0
2026-09-30 19:17:00,1.13297,1.13298,1.13294,1.13298,0.0
2026-09-30 19:18:00,1.13297,1.13297,1.1329,1.13292,0.0
2026-09-30 19:19:00,1.13295,1.13296,1.1329,1.13296,0.0
2026-09-30 19:20:00,1.13294,1.13303,1.13286,1.13288,0.0
2026-09-30 19:21:00,1.13293,1.13303,1.13293,1.13302,0.0
2026-09-30 19:22:00,1.13298,1.13318,1.13291,1.13312,0.0
2026-09-30 19:23:00,1.13305,1.13317,1.13305,1.13317,0.0
2026-09-30 19:24:00,1.13313,1.13315,1.13308,1.13315,0.0
2026-09-30 19:25:00,1.13314,1.13314,1.13308,1.13309,0.0
2026-09-30 19:26:00,1.1331,1.13316,1.13305,1.13316,0.0
2026-09-30 19:27:00,1.13314,1.13314,1.13299,1.13301,0.0
2026-09-30 19:28:00,1.13306,1.13316,1.13306,1.13314,0.0
2026-09-30 19:29:00,1.13307,1.13319,1.13307,1.13317,0.0
2026-09-30 19:30:00,1.13313,1.13318,1.13311,1.13318,0.0
2026-09-30 19:31:00,1.13316,1.13316,1.13307,1.13308,0.0
2026-09-30 19:32:00,1.13311,1.13315,1.13293,1.13299,0.0
2026-09-30 19:33:00,1.13309,1.13313,1.13293,1.13295,0.0
2026-09-30 19:34:00,1.13302,1.13311,1.13302,1.13311,0.0
2026-09-30 19:35:00,1.13308,1.13308,1.13293,1.13297,0.0
2026-09-30 19:36:00,1.13304,1.13304,1.13291,1.13293,0.0
2026-09-30 19:37:00,1.13297,1.13297,1.13287,1.13289,0.0
2026-09-30 19:38:00,1.13291,1.13291,1.13281,1.13283,0.0
2026-09-30 19:39:00,1.13287,1.13287,1.13277,1.13279,0.0
2026-09-30 19:40:00,1.13281,1.13281,1.13273,1.13275,0.0
2026-09-30 19:41:00,1.13278,1.13287,1.13257,1.13264,0.0
2026-09-30 19:42:00,1.13276,1.13276,1.13255,1.13256,0.0
2026-09-30 19:43:00,1.13258,1.13261,1.13247,1.13251,0.0
2026-09-30 19:44:00,1.13256,1.13256,1.13245,1.13246,0.0
2026-09-30 19:45:00,1.13248,1.13251,1.13245,1.13251,0.0
2026-09-30 19:46:00,1.13249,1.13249,1.13241,1.13243,0.0
2026-09-30 19:47:00,1.13246,1.13246,1.1323,1.13233,0.0
2026-09-30 19:48:00,1.13238,1.1325,1.13227,1.13229,0.0
2026-09-30 19:49:00,1.13229,1.13262,1.13229,1.13257,0.0
2026-09-30 19:50:00,1.1325,1.13264,1.1325,1.13263,0.0
2026-09-30 19:51:00,1.13257,1.13271,1.13257,1.13269,0.0
2026-09-30 19:52:00,1.13264,1.13267,1.13254,1.13266,0.0
2026-09-30 19:53:00,1.13264,1.13268,1.13253,1.13255,0.0
2026-09-30 19:54:00,1.13259,1.13266,1.13259,1.13266,0.0
2026-09-30 19:55:00,1.13264,1.13264,1.13253,1.13256,0.0
2026-09-30 19:56:00,1.1326,1.1326,1.13246,1.13249,0.0
2026-09-30 19:57:00,1.13253,1.13257,1.13249,1.1325,0.0
2026-09-30 19:58:00,1.1325,1.1325,1.13239,1.1325,0.0
2026-09-30 19:59:00,1.13249,1.13261,1.13235,1.13237,0.0
2026-09-30 20:00:00,1.13237,1.13268,1.13237,1.13265,0.0
2026-09-30 20:01:00,1.13259,1.13261,1.13244,1.13259,0.0
2026-09-30 20:02:00,1.13257,1.13265,1.13242,1.13245,0.0
2026-09-30 20:03:00,1.13253,1.13271,1.13246,1.13268,0.0
2026-09-30 20:04:00,1.13262,1.13262,1.13241,1.13244,0.0
2026-09-30 20:05:00,1.1325,1.13264,1.13249,1.13259,0.0
2026-09-30 20:06:00,1.13248,1.13271,1.13248,1.13269,0.0
2026-09-30 20:07:00,1.13264,1.13264,1.13258,1.13259,0.0
2026-09-30 20:08:00,1.13261,1.13267,1.13259,1.13266,0.0
2026-09-30 20:09:00,1.13263,1.13278,1.13261,1.13273,0.0
2026-09-30 20:10:00,1.13267,1.1328,1.13267,1.13279,0.0
2026-09-30 20:11:00,1.13275,1.13279,1.13268,1.13278,0.0
2026-09-30 20:12:00,1.13276,1.13282,1.13255,1.13262,0.0
2026-09-30 20:13:00,1.13273,1.13273,1.13252,1.13255,0.0
2026-09-30 20:14:00,1.13261,1.13261,1.13244,1.13248,0.0
2026-09-30 20:15:00,1.13255,1.13256,1.13244,1.13245,0.0
2026-09-30 20:16:00,1.13248,1.13254,1.13248,1.13254,0.0
2026-09-30 20:17:00,1.13252,1.13252,1.13244,1.13252,0.0
2026-09-30 20:18:00,1.13251,1.13251,1.13236,1.13239,0.0
2026-09-30 20:19:00,1.13244,1.13246,1.1324,1.13241,0.0
2026-09-30 20:20:00,1.13241,1.13245,1.13234,1.13245,0.0
2026-09-30 20:21:00,1.13243,1.13243,1.13235,1.13237,0.0
2026-09-30 20:22:00,1.13237,1.1326,1.1323,1.13254,0.0
2026-09-30 20:23:00,1.13246,1.1328,1.13246,1.13272,0.0
2026-09-30 20:24:00,1.13252,1.13288,1.13252,1.13283,0.0
2026-09-30 20:25:00,1.13277,1.13286,1.13277,1.13286,0.0
2026-09-30 20:26:00,1.13282,1.13286,1.13282,1.13286,0.0
2026-09-30 20:27:00,1.13286,1.13286,1.13279,1.1328,0.0
2026-09-30 20:28:00,1.13282,1.13288,1.13282,1.13287,0.0
2026-09-30 20:29:00,1.13283,1.13298,1.13283,1.13294,0.0
2026-09-30 20:30:00,1.13287,1.13298,1.13287,1.13297,0.0
2026-09-30 20:31:00,1.13293,1.133,1.13293,1.13299,0.0
2026-09-30 20:32:00,1.13298,1.13299,1.13291,1.13299,0.0
2026-09-30 20:33:00,1.13296,1.13296,1.13287,1.13296,0.0
2026-09-30 20:34:00,1.13295,1.13295,1.13273,1.13279,0.0
2026-09-30 20:35:00,1.13288,1.13298,1.13275,1.13278,0.0
2026-09-30 20:36:00,1.13285,1.13298,1.13285,1.13297,0.0
2026-09-30 20:37:00,1.13293,1.13306,1.13293,1.13304,0.0
2026-09-30 20:38:00,1.13298,1.13311,1.13298,1.13309,0.0
2026-09-30 20:39:00,1.13304,1.13312,1.13304,1.13312,0.0
2026-09-30 20:40:00,1.13309,1.13319,1.13308,1.13316,0.0
2026-09-30 20:41:00,1.13311,1.13318,1.13311,1.13318,0.0
2026-09-30 20:42:00,1.13316,1.13317,1.13308,1.13309,0.0
2026-09-30 20:43:00,1.13313,1.13315,1.13311,1.13315,0.0
2026-09-30 20:44:00,1.13312,1.1332,1.13312,1.13318,0.0
2026-09-30 20:45:00,1.13315,1.1332,1.13307,1.13319,0.0
2026-09-30 20:46:00,1.13315,1.13316,1.13307,1.13308,0.0
2026-09-30 20:47:00,1.1331,1.13313,1.13307,1.13313,0.0
2026-09-30 20:48:00,1.13312,1.13312,1.13303,1.13312,0.0
2026-09-30 20:49:00,1.1331,1.1331,1.133,1.13303,0.0
2026-09-30 20:50:00,1.13308,1.13309,1.13304,1.13308,0.0
2026-09-30 20:51:00,1.13305,1.13313,1.13305,1.13311,0.0
2026-09-30 20:52:00,1.13309,1.13311,1.13304,1.13311,0.0
2026-09-30 20:53:00,1.13309,1.13309,1.13298,1.13301,0.0
2026-09-30 20:54:00,1.13307,1.13307,1.13294,1.13297,0.0
2026-09-30 20:55:00,1.13301,1.13302,1.13295,1.13297,0.0
2026-09-30 20:56:00,1.133,1.133,1.1329,1.13293,0.0
2026-09-30 20:57:00,1.13298,1.13299,1.13294,1.13294,0.0
2026-09-30 20:58:00,1.13295,1.133,1.13293,1.13299,0.0
2026-09-30 20:59:00,1.13296,1.133,1.13296,1.133,0.0
2026-09-30 21:00:00,1.13298,1.13302,1.13296,1.13298,0.0
2026-09-30 21:01:00,1.13298,1.13305,1.13295,1.13304,0.0
2026-09-30 21:02:00,1.13298,1.13311,1.13293,1.13309,0.0
2026-09-30 21:03:00,1.13305,1.13314,1.13291,1.13312,0.0
2026-09-30 21:04:00,1.13304,1.13321,1.13287,1.13319,0.0
2026-09-30 21:05:00,1.13315,1.13329,1.13295,1.13302,0.0
2026-09-30 21:06:00,1.1331,1.1334,1.13284,1.13337,0.0
2026-09-30 21:07:00,1.13329,1.13329,1.13296,1.13301,0.0
2026-09-30 21:08:00,1.13308,1.13309,1.13298,1.133,0.0
2026-09-30 21:09:00,1.13304,1.13312,1.13298,1.1331,0.0
2026-09-30 21:10:00,1.13307,1.13312,1.13295,1.13312,0.0
2026-09-30 21:11:00,1.13309,1.13316,1.13294,1.13314,0.0
2026-09-30 21:12:00,1.13311,1.13327,1.1329,1.13323,0.0
2026-09-30 21:13:00,1.13309,1.13336,1.13286,1.13333,0.0
2026-09-30 21:14:00,1.13326,1.13326,1.13295,1.13303,0.0
2026-09-30 21:15:00,1.13317,1.13318,1.13296,1.13317,0.0
2026-09-30 21:16:00,1.13317,1.13317,1.13298,1.13303,0.0
2026-09-30 21:17:00,1.1331,1.13313,1.133,1.13312,0.0
2026-09-30 21:18:00,1.1331,1.13314,1.133,1.1331,0.0
2026-09-30 21:19:00,1.13309,1.13314,1.13299,1.13314,0.0
2026-09-30 21:20:00,1.13313,1.1332,1.13299,1.13303,0.0
2026-09-30 21:21:00,1.13312,1.1332,1.133,1.1332,0.0
2026-09-30 21:22:00,1.13317,1.1332,1.13309,1.13311,0.0
2026-09-30 21:23:00,1.13316,1.13318,1.13313,1.13318,0.0
2026-09-30 21:24:00,1.13315,1.13323,1.13311,1.13312,0.0
2026-09-30 21:25:00,1.13315,1.13321,1.13314,1.13321,0.0
2026-09-30 21:26:00,1.13319,1.1332,1.13313,1.13314,0.0
2026-09-30 21:27:00,1.13315,1.13322,1.13313,1.1332,0.0
2026-09-30 21:28:00,1.13315,1.13321,1.13312,1.13313,0.0
2026-09-30 21:29:00,1.13313,1.13321,1.13313,1.1332,0.0
2026-09-30 21:30:00,1.13317,1.13321,1.13317,1.13321,0.0
2026-09-30 21:31:00,1.1332,1.1332,1.13316,1.13316,0.0
2026-09-30 21:32:00,1.13317,1.13322,1.13311,1.13321,0.0
2026-09-30 21:33:00,1.13317,1.13325,1.13306,1.13308,0.0
2026-09-30 21:34:00,1.13314,1.13323,1.13313,1.13322,0.0
2026-09-30 21:35:00,1.13319,1.13321,1.13313,1.13313,0.0
2026-09-30 21:36:00,1.13315,1.13323,1.13314,1.13321,0.0
2026-09-30 21:37:00,1.13314,1.13321,1.13314,1.1332,0.0
2026-09-30 21:38:00,1.13319,1.13321,1.13313,1.13314,0.0
2026-09-30 21:39:00,1.13315,1.13325,1.13315,1.13323,0.0
2026-09-30 21:40:00,1.13317,1.13327,1.13313,1.13313,0.0
2026-09-30 21:41:00,1.13314,1.13323,1.13312,1.1332,0.0
2026-09-30 21:42:00,1.13312,1.13326,1.13312,1.13322,0.0
2026-09-30 21:43:00,1.13317,1.13325,1.13317,1.13324,0.0
2026-09-30 21:44:00,1.13319,1.13326,1.13319,1.13325,0.0
2026-09-30 21:45:00,1.13323,1.13325,1.13316,1.13317,0.0
2026-09-30 21:46:00,1.13317,1.13325,1.13317,1.13324,0.0
2026-09-30 21:47:00,1.13321,1.13321,1.13313,1.13314,0.0
2026-09-30 21:48:00,1.13316,1.13326,1.13313,1.13314,0.0
2026-09-30 21:49:00,1.13314,1.13323,1.13314,1.1332,0.0
2026-09-30 21:50:00,1.13315,1.13323,1.13315,1.13321,0.0
2026-09-30 21:51:00,1.13316,1.13321,1.13316,1.13316,0.0
2026-09-30 21:52:00,1.13316,1.13318,1.13314,1.13318,0.0
2026-09-30 21:53:00,1.13316,1.13322,1.13313,1.13313,0.0
2026-09-30 21:54:00,1.13315,1.1332,1.13312,1.1332,0.0
2026-09-30 21:55:00,1.13317,1.13318,1.13311,1.13312,0.0
2026-09-30 21:56:00,1.13314,1.13315,1.13309,1.13315,0.0
2026-09-30 21:57:00,1.13313,1.13316,1.13311,1.13311,0.0
2026-09-30 21:58:00,1.13312,1.13313,1.13309,1.13313,0.0
2026-09-30 21:59:00,1.13313,1.13316,1.13313,1.13315,0.0
2026-09-30 22:00:00,1.13313,1.13321,1.13311,1.13311,0.0
2026-09-30 22:01:00,1.13312,1.1332,1.13312,1.13319,0.0
2026-09-30 22:02:00,1.13315,1.13315,1.13309,1.1331,0.0
2026-09-30 22:03:00,1.13312,1.13313,1.13304,1.13306,0.0
2026-09-30 22:04:00,1.13306,1.13318,1.13306,1.13315,0.0
2026-09-30 22:05:00,1.1331,1.13315,1.1331,1.13315,0.0
2026-09-30 22:06:00,1.13312,1.13324,1.1331,1.13321,0.0
2026-09-30 22:07:00,1.13316,1.13321,1.13316,1.13321,0.0
2026-09-30 22:08:00,1.1332,1.13322,1.13317,1.13317,0.0
2026-09-30 22:09:00,1.13318,1.1332,1.13318,1.1332,0.0
2026-09-30 22:10:00,1.13319,1.13321,1.13318,1.13321,0.0
2026-09-30 22:11:00,1.13318,1.13324,1.13318,1.13323,0.0
2026-09-30 22:12:00,1.1332,1.13324,1.1332,1.13324,0.0
2026-09-30 22:13:00,1.13321,1.13326,1.1332,1.1332,0.0
2026-09-30 22:14:00,1.13321,1.13324,1.13318,1.13324,0.0
2026-09-30 22:15:00,1.13322,1.13327,1.13318,1.13319,0.0
2026-09-30 22:16:00,1.13322,1.13324,1.1332,1.13324,0.0
2026-09-30 22:17:00,1.13322,1.13329,1.13318,1.13319,0.0
2026-09-30 22:18:00,1.13322,1.13327,1.13322,1.13327,0.0
2026-09-30 22:19:00,1.13325,1.13327,1.13325,1.13327,0.0
2026-09-30 22:20:00,1.13326,1.13326,1.1332,1.13321,0.0
2026-09-30 22:21:00,1.13323,1.13323,1.13319,1.13323,0.0
2026-09-30 22:22:00,1.13321,1.13324,1.13318,1.13318,0.0
2026-09-30 22:23:00,1.13319,1.13322,1.13319,1.13322,0.0
2026-09-30 22:24:00,1.13319,1.13327,1.13318,1.13319,0.0
2026-09-30 22:25:00,1.1332,1.13325,1.1332,1.13325,0.0
2026-09-30 22:26:00,1.13322,1.13326,1.13321,1.13321,0.0
2026-09-30 22:27:00,1.13322,1.13323,1.13321,1.13323,0.0
2026-09-30 22:28:00,1.13321,1.13322,1.13321,1.13322,0.0
2026-09-30 22:29:00,1.13321,1.13321,1.13317,1.13318,0.0
2026-09-30 22:30:00,1.13319,1.13319,1.13313,1.13315,0.0
2026-09-30 22:31:00,1.13317,1.13317,1.13312,1.13312,0.0
2026-09-30 22:32:00,1.13313,1.13316,1.1331,1.13316,0.0
2026-09-30 22:33:00,1.13314,1.13315,1.13308,1.13308,0.0
2026-09-30 22:34:00,1.1331,1.13314,1.13304,1.13314,0.0
2026-09-30 22:35:00,1.13311,1.13316,1.13303,1.13304,0.0
2026-09-30 22:36:00,1.13308,1.13313,1.13308,1.13313,0.0
2026-09-30 22:37:00,1.13311,1.13315,1.13309,1.13309,0.0
2026-09-30 22:38:00,1.1331,1.13312,1.1331,1.13312,0.0
2026-09-30 22:39:00,1.1331,1.13315,1.1331,1.13314,0.0
2026-09-30 22:40:00,1.13312,1.13314,1.13309,1.13314,0.0
2026-09-30 22:41:00,1.13313,1.13316,1.13313,1.13316,0.0
2026-09-30 22:42:00,1.13312,1.13319,1.13312,1.13318,0.0
2026-09-30 22:43:00,1.13315,1.13318,1.13312,1.13318,0.0
2026-09-30 22:44:00,1.13316,1.13318,1.13311,1.13312,0.0
2026-09-30 22:45:00,1.13313,1.13315,1.13308,1.13315,0.0
2026-09-30 22:46:00,1.13313,1.13315,1.13308,1.13309,0.0
2026-09-30 22:47:00,1.13312,1.13312,1.13309,1.13312,0.0
2026-09-30 22:48:00,1.13311,1.13314,1.13311,1.13311,0.0
2026-09-30 22:49:00,1.13311,1.13312,1.1331,1.13311,0.0
2026-09-30 22:50:00,1.13311,1.13313,1.13309,1.13311,0.0
2026-09-30 22:51:00,1.13309,1.13312,1.13308,1.13312,0.0
2026-09-30 22:52:00,1.13311,1.13312,1.13307,1.13312,0.0
2026-09-30 22:53:00,1.1331,1.13313,1.13307,1.13307,0.0
2026-09-30 22:54:00,1.13308,1.13315,1.13301,1.13314,0.0
2026-09-30 22:55:00,1.1331,1.1331,1.133,1.13301,0.0
2026-09-30 22:56:00,1.13303,1.13307,1.13303,1.13307,0.0
2026-09-30 22:57:00,1.13305,1.13311,1.13303,1.13303,0.0
2026-09-30 22:58:00,1.13305,1.13308,1.133,1.13308,0.0
2026-09-30 22:59:00,1.13306,1.13308,1.133,1.13308,0.0
2026-09-30 23:00:00,1.13306,1.13306,1.13302,1.13303,0.0
2026-09-30 23:01:00,1.13305,1.13305,1.13303,1.13305,0.0
2026-09-30 23:02:00,1.13303,1.13307,1.13303,1.13306,0.0
2026-09-30 23:03:00,1.13304,1.13306,1.13301,1.13306,0.0
2026-09-30 23:04:00,1.13304,1.13307,1.13301,1.13301,0.0
2026-09-30 23:05:00,1.13302,1.13305,1.13299,1.13305,0.0
2026-09-30 23:06:00,1.13302,1.13305,1.133,1.133,0.0
2026-09-30 23:07:00,1.13301,1.13302,1.133,1.13302,0.0
2026-09-30 23:08:00,1.133,1.13306,1.133,1.13305,0.0
2026-09-30 23:09:00,1.13303,1.13308,1.13302,1.13303,0.0
2026-09-30 23:10:00,1.13302,1.13311,1.13302,1.1331,0.0
2026-09-30 23:11:00,1.13308,1.13308,1.13304,1.13308,0.0
2026-09-30 23:12:00,1.13308,1.13308,1.13303,1.13304,0.0
2026-09-30 23:13:00,1.13304,1.13307,1.13304,1.13306,0.0
2026-09-30 23:14:00,1.13305,1.13305,1.133,1.13305,0.0
2026-09-30 23:15:00,1.13301,1.13313,1.13301,1.13311,0.0
2026-09-30 23:16:00,1.13307,1.13314,1.13307,1.13313,0.0
2026-09-30 23:17:00,1.13307,1.13318,1.13307,1.13316,0.0
2026-09-30 23:18:00,1.13312,1.13315,1.13311,1.13315,0.0
2026-09-30 23:19:00,1.13314,1.13318,1.13311,1.13312,0.0
2026-09-30 23:20:00,1.13312,1.13316,1.13312,1.13316,0.0
2026-09-30 23:21:00,1.13315,1.1332,1.13314,1.13319,0.0
2026-09-30 23:22:00,1.13314,1.13322,1.13314,1.13321,0.0
2026-09-30 23:23:00,1.13319,1.13322,1.13314,1.13322,0.0
2026-09-30 23:24:00,1.13319,1.13319,1.13312,1.13313,0.0
2026-09-30 23:25:00,1.13314,1.13316,1.13309,1.1331,0.0
2026-09-30 23:26:00,1.1331,1.13314,1.1331,1.13313,0.0
2026-09-30 23:27:00,1.13311,1.13312,1.13308,1.13311,0.0
2026-09-30 23:28:00,1.13309,1.13316,1.13309,1.13314,0.0
2026-09-30 23:29:00,1.1331,1.13313,1.1331,1.13313,0.0
2026-09-30 23:30:00,1.13312,1.13318,1.13311,1.13316,0.0
2026-09-30 23:31:00,1.13312,1.1332,1.13312,1.13318,0.0
2026-09-30 23:32:00,1.13316,1.1332,1.13316,1.1332,0.0
2026-09-30 23:33:00,1.13316,1.13322,1.13313,1.13321,0.0
2026-09-30 23:34:00,1.1332,1.13321,1.13313,1.1332,0.0
2026-09-30 23:35:00,1.13318,1.13318,1.13313,1.13313,0.0
2026-09-30 23:36:00,1.13314,1.13316,1.13309,1.13316,0.0
2026-09-30 23:37:00,1.13313,1.13317,1.13311,1.13313,0.0
2026-09-30 23:38:00,1.13313,1.13314,1.13312,1.13314,0.0
2026-09-30 23:39:00,1.13312,1.1332,1.13312,1.13319,0.0
2026-09-30 23:40:00,1.13315,1.13319,1.13315,1.13318,0.0
2026-09-30 23:41:00,1.13316,1.13321,1.13316,1.13321,0.0
2026-09-30 23:42:00,1.13318,1.13318,1.13311,1.13318,0.0
2026-09-30 23:43:00,1.13317,1.13318,1.133,1.13305,0.0
2026-09-30 23:44:00,1.13312,1.13312,1.13295,1.13296,0.0
2026-09-30 23:45:00,1.133,1.13304,1.13298,1.13303,0.0
2026-09-30 23:46:00,1.13299,1.13312,1.13298,1.13299,0.0
2026-09-30 23:47:00,1.133,1.13305,1.13298,1.13305,0.0
2026-09-30 23:48:00,1.13302,1.13304,1.13298,1.13298,0.0
2026-09-30 23:49:00,1.13299,1.13301,1.13295,1.13301,0.0
2026-09-30 23:50:00,1.133,1.133,1.13294,1.13295,0.0
2026-09-30 23:51:00,1.13297,1.133,1.13295,1.13295,0.0
2026-09-30 23:52:00,1.13296,1.13301,1.13285,1.13301,0.0
2026-09-30 23:53:00,1.13299,1.13299,1.13275,1.1328,0.0
2026-09-30 23:54:00,1.13288,1.13288,1.1327,1.13274,0.0
2026-09-30 23:55:00,1.13279,1.13279,1.13258,1.13264,0.0
2026-09-30 23:56:00,1.13273,1.13273,1.13257,1.13261,0.0
2026-09-30 23:57:00,1.13266,1.13271,1.13257,1.13258,0.0
2026-09-30 23:58:00,1.13263,1.13272,1.13263,1.13271,0.0
2026-09-30 23:59:00,1.13266,1.13278,1.13266,1.13276,0.0
2026-10-01 00:00:00,1.13272,1.13277,1.13267,1.13277,0.0
2026-10-01 00:01:00,1.13275,1.13277,1.13263,1.13265,0.0
2026-10-01 00:02:00,1.13267,1.13298,1.13267,1.1329,0.0
2026-10-01 00:03:00,1.13277,1.13299,1.13277,1.13297,0.0
2026-10-01 00:04:00,1.13292,1.13294,1.13289,1.13289,0.0
2026-10-01 00:05:00,1.1329,1.13295,1.13283,1.13294,0.0
2026-10-01 00:06:00,1.1329,1.13292,1.13282,1.13283,0.0
2026-10-01 00:07:00,1.13285,1.1329,1.13283,1.1329,0.0
2026-10-01 00:08:00,1.13288,1.13296,1.13279,1.13281,0.0
2026-10-01 00:09:00,1.13286,1.13295,1.13286,1.13294,0.0
2026-10-01 00:10:00,1.13292,1.13292,1.13291,1.13292,0.0
2026-10-01 00:11:00,1.13291,1.13293,1.13289,1.13289,0.0
2026-10-01 00:12:00,1.1329,1.13302,1.1329,1.13299,0.0
2026-10-01 00:13:00,1.13291,1.13308,1.13291,1.13305,0.0
2026-10-01 00:14:00,1.13301,1.13307,1.13301,1.13307,0.0
2026-10-01 00:15:00,1.13304,1.13306,1.13296,1.13298,0.0
2026-10-01 00:16:00,1.13303,1.13304,1.133,1.13304,0.0
2026-10-01 00:17:00,1.13301,1.13303,1.13296,1.13303,0.0
2026-10-01 00:18:00,1.13301,1.13303,1.13294,1.13295,0.0
2026-10-01 00:19:00,1.13295,1.13303,1.13295,1.13302,0.0
2026-10-01 00:20:00,1.133,1.133,1.13294,1.13295,0.0
2026-10-01 00:21:00,1.13296,1.13307,1.13296,1.13305,0.0
2026-10-01 00:22:00,1.13298,1.13304,1.13296,1.13304,0.0
2026-10-01 00:23:00,1.13303,1.13307,1.13299,1.133,0.0
2026-10-01 00:24:00,1.13299,1.1332,1.13299,1.13315,0.0
2026-10-01 00:25:00,1.13309,1.1332,1.13309,1.13319,0.0
2026-10-01 00:26:00,1.13316,1.13319,1.13308,1.1331,0.0
2026-10-01 00:27:00,1.13313,1.13318,1.13311,1.13317,0.0
2026-10-01 00:28:00,1.13312,1.13323,1.13312,1.13322,0.0
2026-10-01 00:29:00,1.13319,1.13325,1.13318,1.13323,0.0
2026-10-01 00:30:00,1.13318,1.13329,1.13318,1.13328,0.0
2026-10-01 00:31:00,1.13326,1.13334,1.13326,1.13326,0.0
2026-10-01 00:32:00,1.13326,1.13336,1.13321,1.13335,0.0
2026-10-01 00:33:00,1.13333,1.13333,1.13316,1.13318,0.0
2026-10-01 00:34:00,1.13322,1.13323,1.13308,1.13312,0.0
2026-10-01 00:35:00,1.13318,1.13318,1.13307,1.13308,0.0
2026-10-01 00:36:00,1.1331,1.13314,1.1331,1.13314,0.0
2026-10-01 00:37:00,1.1331,1.13319,1.1331,1.13317,0.0
2026-10-01 00:38:00,1.13315,1.1332,1.13313,1.13319,0.0
2026-10-01 00:39:00,1.13313,1.13331,1.13313,1.13328,0.0
2026-10-01 00:40:00,1.13322,1.1333,1.13322,1.13329,0.0
2026-10-01 00:41:00,1.13327,1.13329,1.13327,1.13329,0.0
2026-10-01 00:42:00,1.13328,1.13335,1.13326,1.13326,0.0
2026-10-01 00:43:00,1.13327,1.13339,1.13327,1.13338,0.0
2026-10-01 00:44:00,1.13332,1.13354,1.13331,1.13348,0.0
2026-10-01 00:45:00,1.13341,1.13354,1.13341,1.13353,0.0
2026-10-01 00:46:00,1.13349,1.13358,1.13343,1.13357,0.0
2026-10-01 00:47:00,1.13354,1.13354,1.13343,1.13345,0.0
2026-10-01 00:48:00,1.13348,1.1335,1.13341,1.13342,0.0
2026-10-01 00:49:00,1.13345,1.13347,1.13345,1.13347,0.0
2026-10-01 00:50:00,1.13345,1.13351,1.13345,1.1335,0.0
2026-10-01 00:51:00,1.13348,1.13348,1.13338,1.13348,0.0
2026-10-01 00:52:00,1.13347,1.13347,1.13339,1.13341,0.0
2026-10-01 00:53:00,1.13343,1.13354,1.13342,1.1335,0.0
2026-10-01 00:54:00,1.13345,1.13354,1.13345,1.13354,0.0
2026-10-01 00:55:00,1.13352,1.13352,1.13344,1.13345,0.0
2026-10-01 00:56:00,1.13349,1.13349,1.13345,1.13349,0.0
2026-10-01 00:57:00,1.13346,1.13353,1.13346,1.13351,0.0
2026-10-01 00:58:00,1.13348,1.13352,1.13343,1.13351,0.0
2026-10-01 00:59:00,1.13349,1.13349,1.1334,1.13341,0.0
2026-10-01 01:00:00,1.13344,1.13345,1.13327,1.13332,0.0
2026-10-01 01:01:00,1.1334,1.1334,1.13321,1.13324,0.0
2026-10-01 01:02:00,1.13329,1.13329,1.13313,1.13315,0.0
2026-10-01 01:03:00,1.13318,1.13326,1.13318,1.13324,0.0
2026-10-01 01:04:00,1.13318,1.13338,1.13318,1.13333,0.0
2026-10-01 01:05:00,1.13327,1.13345,1.13327,1.13342,0.0
2026-10-01 01:06:00,1.13333,1.13355,1.13331,1.1335,0.0
2026-10-01 01:07:00,1.13343,1.13354,1.13343,1.13354,0.0
2026-10-01 01:08:00,1.1335,1.13358,1.13346,1.13347,0.0
2026-10-01 01:09:00,1.1335,1.13355,1.13349,1.13355,0.0
2026-10-01 01:10:00,1.13352,1.13358,1.13349,1.13357,0.0
2026-10-01 01:11:00,1.13355,1.13356,1.1335,1.13356,0.0
2026-10-01 01:12:00,1.13355,1.13355,1.13347,1.13355,0.0
2026-10-01 01:13:00,1.13354,1.13354,1.13345,1.13348,0.0
2026-10-01 01:14:00,1.13353,1.13353,1.13343,1.13345,0.0
2026-10-01 01:15:00,1.13347,1.13353,1.13346,1.13347,0.0
2026-10-01 01:16:00,1.13348,1.13351,1.13341,1.13351,0.0
2026-10-01 01:17:00,1.13349,1.13353,1.13343,1.13344,0.0
2026-10-01 01:18:00,1.13347,1.1335,1.13344,1.1335,0.0
2026-10-01 01:19:00,1.13348,1.13353,1.13347,1.13348,0.0
2026-10-01 01:20:00,1.13348,1.1335,1.13347,1.1335,0.0
2026-10-01 01:21:00,1.13348,1.13359,1.13345,1.13356,0.0
2026-10-01 01:22:00,1.13348,1.13359,1.13348,1.13358,0.0
2026-10-01 01:23:00,1.13356,1.13359,1.13356,1.13359,0.0
2026-10-01 01:24:00,1.13356,1.13362,1.13356,1.1336,0.0
2026-10-01 01:25:00,1.13358,1.13363,1.13358,1.13362,0.0
2026-10-01 01:26:00,1.13358,1.13368,1.13358,1.13366,0.0
2026-10-01 01:27:00,1.13363,1.13366,1.13354,1.13366,0.0
2026-10-01 01:28:00,1.13364,1.1337,1.13358,1.13359,0.0
2026-10-01 01:29:00,1.13362,1.13367,1.13362,1.13367,0.0
2026-10-01 01:30:00,1.13365,1.13368,1.13356,1.13368,0.0
2026-10-01 01:31:00,1.13367,1.13367,1.13358,1.1336,0.0
2026-10-01 01:32:00,1.13364,1.13364,1.13347,1.13352,0.0
2026-10-01 01:33:00,1.1336,1.1336,1.13348,1.13349,0.0
2026-10-01 01:34:00,1.13351,1.13355,1.13334,1.13354,0.0
2026-10-01 01:35:00,1.13352,1.13352,1.13336,1.13337,0.0
2026-10-01 01:36:00,1.13342,1.13349,1.13339,1.13349,0.0
2026-10-01 01:37:00,1.13347,1.13347,1.13339,1.1334,0.0
2026-10-01 01:38:00,1.13342,1.13342,1.13336,1.13342,0.0
2026-10-01 01:39:00,1.1334,1.1334,1.13334,1.13336,0.0
2026-10-01 01:40:00,1.13339,1.13339,1.13334,1.13335,0.0
2026-10-01 01:41:00,1.13336,1.13337,1.13327,1.13337,0.0
2026-10-01 01:42:00,1.13336,1.13336,1.13326,1.13327,0.0
2026-10-01 01:43:00,1.13328,1.13336,1.13328,1.13336,0.0
2026-10-01 01:44:00,1.13334,1.13334,1.13327,1.13329,0.0
2026-10-01 01:45:00,1.13332,1.13332,1.13329,1.1333,0.0
2026-10-01 01:46:00,1.13329,1.13335,1.13329,1.13329,0.0
2026-10-01 01:47:00,1.1333,1.13339,1.13318,1.13337,0.0
2026-10-01 01:48:00,1.13332,1.13332,1.13316,1.13318,0.0
2026-10-01 01:49:00,1.1332,1.1332,1.13308,1.13311,0.0
2026-10-01 01:50:00,1.13315,1.13315,1.13305,1.13306,0.0
2026-10-01 01:51:00,1.13309,1.13312,1.13302,1.13309,0.0
2026-10-01 01:52:00,1.13309,1.13309,1.13294,1.13297,0.0
2026-10-01 01:53:00,1.13302,1.13302,1.13293,1.13294,0.0
2026-10-01 01:54:00,1.13295,1.13295,1.1329,1.13291,0.0
2026-10-01 01:55:00,1.13292,1.13293,1.13291,1.13291,0.0
2026-10-01 01:56:00,1.13291,1.13292,1.13279,1.13282,0.0
2026-10-01 01:57:00,1.13288,1.13288,1.13279,1.13279,0.0
2026-10-01 01:58:00,1.13281,1.13285,1.1328,1.13285,0.0
2026-10-01 01:59:00,1.13281,1.13285,1.13281,1.13281,0.0
2026-10-01 02:00:00,1.13282,1.13284,1.13279,1.13282,0.0
2026-10-01 02:01:00,1.13281,1.13281,1.13279,1.13279,0.0
2026-10-01 02:02:00,1.1328,1.1328,1.13275,1.13276,0.0
2026-10-01 02:03:00,1.13276,1.13278,1.1327,1.13278,0.0
2026-10-01 02:04:00,1.13277,1.13277,1.13267,1.13268,0.0
2026-10-01 02:05:00,1.1327,1.1327,1.13264,1.13266,0.0
2026-10-01 02:06:00,1.13267,1.13267,1.1324,1.13248,0.0
2026-10-01 02:07:00,1.1326,1.1326,1.13232,1.13237,0.0
2026-10-01 02:08:00,1.13247,1.13247,1.1323,1.13231,0.0
2026-10-01 02:09:00,1.13235,1.13242,1.13226,1.1324,0.0
2026-10-01 02:10:00,1.13236,1.13238,1.13222,1.13224,0.0
2026-10-01 02:11:00,1.13228,1.13237,1.13228,1.13236,0.0
2026-10-01 02:12:00,1.13234,1.13243,1.13233,1.1324,0.0
2026-10-01 02:13:00,1.13234,1.13243,1.13234,1.13242,0.0
2026-10-01 02:14:00,1.1324,1.13243,1.1324,1.13243,0.0
2026-10-01 02:15:00,1.13242,1.13242,1.13236,1.13237,0.0
2026-10-01 02:16:00,1.13239,1.13241,1.13234,1.13235,0.0
2026-10-01 02:17:00,1.13234,1.13251,1.13234,1.13247,0.0
2026-10-01 02:18:00,1.13243,1.1325,1.13243,1.13249,0.0
2026-10-01 02:19:00,1.13245,1.13257,1.13245,1.13255,0.0
2026-10-01 02:20:00,1.13251,1.13257,1.13247,1.13256,0.0
2026-10-01 02:21:00,1.13253,1.13253,1.13243,1.13245,0.0
2026-10-01 02:22:00,1.13248,1.1325,1.13245,1.13245,0.0
2026-10-01 02:23:00,1.13246,1.1325,1.13246,1.1325,0.0
2026-10-01 02:24:00,1.13249,1.13252,1.13248,1.13248,0.0
2026-10-01 02:25:00,1.13248,1.13251,1.13245,1.13251,0.0
2026-10-01 02:26:00,1.13249,1.1325,1.13245,1.13245,0.0
2026-10-01 02:27:00,1.13246,1.13254,1.13235,1.13252,0.0
2026-10-01 02:28:00,1.13247,1.13247,1.13234,1.13235,0.0
2026-10-01 02:29:00,1.13237,1.1324,1.13235,1.13239,0.0
2026-10-01 02:30:00,1.13235,1.13253,1.13234,1.13249,0.0
2026-10-01 02:31:00,1.13242,1.13253,1.13242,1.13252,0.0
2026-10-01 02:32:00,1.13249,1.13257,1.13248,1.13255,0.0
2026-10-01 02:33:00,1.1325,1.13259,1.1325,1.13258,0.0
2026-10-01 02:34:00,1.13255,1.13259,1.13253,1.13259,0.0
2026-10-01 02:35:00,1.13258,1.13261,1.1325,1.13251,0.0
2026-10-01 02:36:00,1.13253,1.13261,1.13253,1.1326,0.0
2026-10-01 02:37:00,1.13256,1.13261,1.13256,1.1326,0.0
2026-10-01 02:38:00,1.13258,1.13261,1.13249,1.13258,0.0
2026-10-01 02:39:00,1.13257,1.13257,1.13246,1.13247,0.0
2026-10-01 02:40:00,1.1325,1.1325,1.13244,1.13245,0.0
2026-10-01 02:41:00,1.13246,1.13256,1.13243,1.13253,0.0
2026-10-01 02:42:00,1.13247,1.13257,1.13247,1.13256,0.0
2026-10-01 02:43:00,1.13252,1.13258,1.13252,1.13257,0.0
2026-10-01 02:44:00,1.13254,1.13257,1.13254,1.13257,0.0
2026-10-01 02:45:00,1.13256,1.13258,1.13254,1.13256,0.0
2026-10-01 02:46:00,1.13254,1.13257,1.13253,1.13253,0.0
2026-10-01 02:47:00,1.13254,1.13255,1.1325,1.13255,0.0
2026-10-01 02:48:00,1.13253,1.13254,1.1325,1.1325,0.0
2026-10-01 02:49:00,1.13251,1.13252,1.13248,1.13251,0.0
2026-10-01 02:50:00,1.13248,1.13257,1.13248,1.13255,0.0
2026-10-01 02:51:00,1.13251,1.13256,1.13251,1.13255,0.0
2026-10-01 02:52:00,1.13253,1.13265,1.13253,1.13262,0.0
2026-10-01 02:53:00,1.13257,1.13264,1.13257,1.13264,0.0
2026-10-01 02:54:00,1.13262,1.13262,1.13252,1.13254,0.0
2026-10-01 02:55:00,1.13258,1.13258,1.13248,1.13249,0.0
2026-10-01 02:56:00,1.13251,1.13251,1.13245,1.13251,0.0
2026-10-01 02:57:00,1.13249,1.13251,1.13244,1.13244,0.0
2026-10-01 02:58:00,1.13246,1.13254,1.13246,1.13252,0.0
2026-10-01 02:59:00,1.13246,1.13258,1.13246,1.13255,0.0
2026-10-01 03:00:00,1.1325,1.13257,1.1325,1.13256,0.0
2026-10-01 03:01:00,1.13252,1.13264,1.13251,1.13261,0.0
2026-10-01 03:02:00,1.13255,1.13262,1.13252,1.13261,0.0
2026-10-01 03:03:00,1.13259,1.13259,1.13248,1.1325,0.0
2026-10-01 03:04:00,1.13253,1.13253,1.13244,1.13245,0.0
2026-10-01 03:05:00,1.13248,1.13248,1.13243,1.13244,0.0
2026-10-01 03:06:00,1.13245,1.1325,1.13244,1.13244,0.0
2026-10-01 03:07:00,1.13245,1.13248,1.13244,1.13248,0.0
2026-10-01 03:08:00,1.13246,1.13251,1.13244,1.13244,0.0
2026-10-01 03:09:00,1.13245,1.13254,1.13245,1.13252,0.0
2026-10-01 03:10:00,1.13245,1.13257,1.13245,1.13255,0.0
2026-10-01 03:11:00,1.13251,1.13254,1.13251,1.13254,0.0
2026-10-01 03:12:00,1.13252,1.13256,1.13252,1.13255,0.0
2026-10-01 03:13:00,1.13253,1.13255,1.13253,1.13253,0.0
2026-10-01 03:14:00,1.13253,1.13256,1.13252,1.13256,0.0
2026-10-01 03:15:00,1.13254,1.13254,1.13248,1.1325,0.0
2026-10-01 03:16:00,1.13253,1.13253,1.13249,1.13253,0.0
2026-10-01 03:17:00,1.13251,1.13251,1.13245,1.13246,0.0
2026-10-01 03:18:00,1.13248,1.13248,1.13243,1.13244,0.0
2026-10-01 03:19:00,1.13244,1.13251,1.13244,1.13244,0.0
2026-10-01 03:20:00,1.13245,1.13248,1.13245,1.13248,0.0
2026-10-01 03:21:00,1.13246,1.13248,1.13244,1.13248,0.0
2026-10-01 03:22:00,1.13247,1.13247,1.13234,1.13237,0.0
2026-10-01 03:23:00,1.13243,1.13243,1.13231,1.13233,0.0
2026-10-01 03:24:00,1.13235,1.13237,1.13232,1.13232,0.0
2026-10-01 03:25:00,1.13233,1.13239,1.13233,1.13238,0.0
2026-10-01 03:26:00,1.13235,1.13239,1.13235,1.13238,0.0
2026-10-01 03:27:00,1.13236,1.13244,1.13225,1.13242,0.0
2026-10-01 03:28:00,1.13237,1.13237,1.13218,1.1322,0.0
2026-10-01 03:29:00,1.13225,1.13225,1.13216,1.13218,0.0
2026-10-01 03:30:00,1.13219,1.1323,1.13215,1.13219,0.0
2026-10-01 03:31:00,1.13221,1.13227,1.13221,1.13227,0.0
2026-10-01 03:32:00,1.13225,1.13225,1.13218,1.1322,0.0
2026-10-01 03:33:00,1.13223,1.13223,1.13217,1.13218,0.0
2026-10-01 03:34:00,1.13219,1.1323,1.13218,1.13227,0.0
2026-10-01 03:35:00,1.13218,1.13234,1.13218,1.13231,0.0
2026-10-01 03:36:00,1.13227,1.13234,1.13227,1.13233,0.0
2026-10-01 03:37:00,1.1323,1.13239,1.13226,1.13227,0.0
2026-10-01 03:38:00,1.13231,1.13241,1.13227,1.1324,0.0
2026-10-01 03:39:00,1.13236,1.13236,1.13226,1.13227,0.0
2026-10-01 03:40:00,1.13228,1.13231,1.13223,1.13228,0.0
2026-10-01 03:41:00,1.13225,1.13239,1.13225,1.13236,0.0
2026-10-01 03:42:00,1.13231,1.13237,1.13231,1.13237,0.0
2026-10-01 03:43:00,1.13234,1.13244,1.13234,1.13242,0.0
2026-10-01 03:44:00,1.13238,1.13251,1.13238,1.13247,0.0
2026-10-01 03:45:00,1.13242,1.13253,1.13242,1.13252,0.0
2026-10-01 03:46:00,1.13249,1.13254,1.13248,1.13253,0.0
2026-10-01 03:47:00,1.13251,1.13254,1.13245,1.13254,0.0
2026-10-01 03:48:00,1.13251,1.13251,1.13244,1.13244,0.0
2026-10-01 03:49:00,1.13246,1.1325,1.13244,1.13249,0.0
2026-10-01 03:50:00,1.13244,1.13254,1.13244,1.13252,0.0
2026-10-01 03:51:00,1.13247,1.13252,1.13247,1.13252,0.0
2026-10-01 03:52:00,1.13249,1.13252,1.13246,1.13252,0.0
2026-10-01 03:53:00,1.1325,1.1325,1.13245,1.13246,0.0
2026-10-01 03:54:00,1.13247,1.13261,1.13247,1.13257,0.0
2026-10-01 03:55:00,1.13248,1.13278,1.13248,1.13271,0.0
2026-10-01 03:56:00,1.13261,1.13284,1.13261,1.13282,0.0
2026-10-01 03:57:00,1.13275,1.13291,1.13272,1.13286,0.0
2026-10-01 03:58:00,1.1328,1.13289,1.1328,1.13289,0.0
2026-10-01 03:59:00,1.13286,1.13295,1.13286,1.13293,0.0
2026-10-01 04:00:00,1.1329,1.13293,1.13289,1.13293,0.0
2026-10-01 04:01:00,1.1329,1.133,1.1329,1.13298,0.0
2026-10-01 04:02:00,1.13295,1.13299,1.13294,1.13298,0.0
2026-10-01 04:03:00,1.13295,1.13307,1.13295,1.13305,0.0
2026-10-01 04:04:00,1.133,1.13305,1.13293,1.13305,0.0
2026-10-01 04:05:00,1.13303,1.13303,1.13281,1.13288,0.0
2026-10-01 04:06:00,1.13299,1.13299,1.13267,1.13275,0.0
2026-10-01 04:07:00,1.13287,1.13287,1.13267,1.13271,0.0
2026-10-01 04:08:00,1.13275,1.13277,1.13268,1.13269,0.0
2026-10-01 04:09:00,1.13273,1.13276,1.13271,1.13275,0.0
2026-10-01 04:10:00,1.13271,1.13284,1.13271,1.13281,0.0
2026-10-01 04:11:00,1.13277,1.13281,1.13275,1.13281,0.0
2026-10-01 04:12:00,1.13279,1.13279,1.13272,1.13274,0.0
2026-10-01 04:13:00,1.13276,1.13276,1.13259,1.13264,0.0
2026-10-01 04:14:00,1.13272,1.13272,1.13261,1.13263,0.0
2026-10-01 04:15:00,1.13265,1.13265,1.13249,1.13253,0.0
2026-10-01 04:16:00,1.13258,1.13258,1.13235,1.13241,0.0
2026-10-01 04:17:00,1.1325,1.1325,1.13234,1.13235,0.0
2026-10-01 04:18:00,1.13238,1.13238,1.13233,1.13238,0.0
2026-10-01 04:19:00,1.13236,1.13236,1.13227,1.13229,0.0
2026-10-01 04:20:00,1.13233,1.13234,1.13218,1.13222,0.0
2026-10-01 04:21:00,1.13228,1.13228,1.13213,1.13215,0.0
2026-10-01 04:22:00,1.13219,1.13219,1.13206,1.13208,0.0
2026-10-01 04:23:00,1.13212,1.13214,1.13205,1.13206,0.0
2026-10-01 04:24:00,1.13207,1.13212,1.13207,1.13212,0.0
2026-10-01 04:25:00,1.1321,1.13211,1.13205,1.13206,0.0
2026-10-01 04:26:00,1.13207,1.13212,1.13207,1.13211,0.0
2026-10-01 04:27:00,1.13209,1.1321,1.13208,1.1321,0.0
2026-10-01 04:28:00,1.13208,1.13216,1.13206,1.13206,0.0
2026-10-01 04:29:00,1.13209,1.13216,1.13205,1.13215,0.0
2026-10-01 04:30:00,1.13212,1.13212,1.13205,1.13205,0.0
2026-10-01 04:31:00,1.13207,1.13214,1.13205,1.13212,0.0
2026-10-01 04:32:00,1.13205,1.13218,1.13205,1.13216,0.0
2026-10-01 04:33:00,1.13213,1.13217,1.13212,1.13216,0.0
2026-10-01 04:34:00,1.13214,1.13218,1.13211,1.13212,0.0
2026-10-01 04:35:00,1.13212,1.13218,1.13212,1.13217,0.0
2026-10-01 04:36:00,1.13215,1.13218,1.13211,1.13218,0.0
2026-10-01 04:37:00,1.13217,1.13228,1.13201,1.13204,0.0
2026-10-01 04:38:00,1.13213,1.13232,1.13213,1.1323,0.0
2026-10-01 04:39:00,1.13224,1.13231,1.13224,1.1323,0.0
2026-10-01 04:40:00,1.13228,1.1323,1.13223,1.13228,0.0
2026-10-01 04:41:00,1.13225,1.13225,1.13221,1.13225,0.0
2026-10-01 04:42:00,1.13224,1.13224,1.13215,1.13217,0.0
2026-10-01 04:43:00,1.13219,1.13219,1.13214,1.13215,0.0
2026-10-01 04:44:00,1.13216,1.13217,1.13208,1.13216,0.0
2026-10-01 04:45:00,1.13215,1.13215,1.13207,1.13208,0.0
2026-10-01 04:46:00,1.13209,1.13209,1.13205,1.13205,0.0
2026-10-01 04:47:00,1.13206,1.13212,1.13206,1.13211,0.0
2026-10-01 04:48:00,1.13206,1.13214,1.13206,1.13213,0.0
2026-10-01 04:49:00,1.1321,1.13213,1.13205,1.13213,0.0
2026-10-01 04:50:00,1.1321,1.13215,1.13207,1.13208,0.0
2026-10-01 04:51:00,1.1321,1.13212,1.13208,1.13212,0.0
2026-10-01 04:52:00,1.1321,1.13213,1.13209,1.13209,0.0
2026-10-01 04:53:00,1.1321,1.13211,1.13204,1.1321,0.0
2026-10-01 04:54:00,1.13209,1.13209,1.13203,1.13204,0.0
2026-10-01 04:55:00,1.13204,1.13205,1.13199,1.13205,0.0
2026-10-01 04:56:00,1.13204,1.13204,1.13199,1.132,0.0
2026-10-01 04:57:00,1.13201,1.13201,1.13195,1.13196,0.0
2026-10-01 04:58:00,1.13198,1.13199,1.1319,1.13198,0.0
2026-10-01 04:59:00,1.13196,1.13196,1.13189,1.13189,0.0
2026-10-01 05:00:00,1.13191,1.13194,1.13188,1.13194,0.0
2026-10-01 05:01:00,1.1319,1.13194,1.13189,1.13189,0.0
2026-10-01 05:02:00,1.13189,1.13199,1.1317,1.13176,0.0
2026-10-01 05:03:00,1.13187,1.13187,1.13159,1.13164,0.0
2026-10-01 05:04:00,1.13171,1.13177,1.13161,1.13162,0.0
2026-10-01 05:05:00,1.13163,1.13184,1.13163,1.13182,0.0
2026-10-01 05:06:00,1.13177,1.13177,1.13168,1.1317,0.0
2026-10-01 05:07:00,1.13173,1.13174,1.13172,1.13174,0.0
2026-10-01 05:08:00,1.13172,1.1318,1.13168,1.13172,0.0
2026-10-01 05:09:00,1.13173,1.13179,1.13171,1.13179,0.0
2026-10-01 05:10:00,1.13177,1.13181,1.13169,1.1317,0.0
2026-10-01 05:11:00,1.13174,1.13181,1.13174,1.1318,0.0
2026-10-01 05:12:00,1.13176,1.13179,1.1317,1.13179,0.0
2026-10-01 05:13:00,1.13177,1.13177,1.1317,1.13172,0.0
2026-10-01 05:14:00,1.13174,1.13174,1.13168,1.13169,0.0
2026-10-01 05:15:00,1.13171,1.13171,1.13164,1.13165,0.0
2026-10-01 05:16:00,1.13167,1.13171,1.13166,1.1317,0.0
2026-10-01 05:17:00,1.13166,1.13176,1.13166,1.13174,0.0
2026-10-01 05:18:00,1.1317,1.13175,1.13168,1.13175,0.0
2026-10-01 05:19:00,1.13173,1.13184,1.13165,1.13167,0.0
2026-10-01 05:20:00,1.13173,1.13182,1.13167,1.13182,0.0
2026-10-01 05:21:00,1.13179,1.13184,1.13179,1.13179,0.0
2026-10-01 05:22:00,1.13179,1.13181,1.13177,1.13181,0.0
2026-10-01 05:23:00,1.13178,1.13181,1.13177,1.13178,0.0
2026-10-01 05:24:00,1.13178,1.1318,1.13176,1.13178,0.0
2026-10-01 05:25:00,1.13177,1.13181,1.13177,1.13181,0.0
2026-10-01 05:26:00,1.13179,1.13184,1.13178,1.13178,0.0
2026-10-01 05:27:00,1.13179,1.13189,1.13179,1.13187,0.0
2026-10-01 05:28:00,1.13181,1.13194,1.13181,1.13192,0.0
2026-10-01 05:29:00,1.13189,1.13194,1.13189,1.13193,0.0
2026-10-01 05:30:00,1.1319,1.13194,1.13189,1.13193,0.0
2026-10-01 05:31:00,1.13192,1.13192,1.13187,1.13192,0.0
2026-10-01 05:32:00,1.13189,1.132,1.13188,1.13197,0.0
2026-10-01 05:33:00,1.13192,1.13204,1.13192,1.13202,0.0
2026-10-01 05:34:00,1.13195,1.13206,1.13195,1.13204,0.0
2026-10-01 05:35:00,1.132,1.13203,1.13198,1.13203,0.0
2026-10-01 05:36:00,1.13202,1.13208,1.13199,1.132,0.0
2026-10-01 05:37:00,1.13199,1.13208,1.13196,1.13207,0.0
2026-10-01 05:38:00,1.13205,1.13205,1.13191,1.13195,0.0
2026-10-01 05:39:00,1.132,1.13211,1.13185,1.13189,0.0
2026-10-01 05:40:00,1.13197,1.13209,1.13197,1.13209,0.0
2026-10-01 05:41:00,1.13206,1.13214,1.132,1.13201,0.0
2026-10-01 05:42:00,1.13206,1.13211,1.13206,1.13211,0.0
2026-10-01 05:43:00,1.13209,1.13212,1.13204,1.13211,0.0
2026-10-01 05:44:00,1.1321,1.13212,1.13207,1.13208,0.0
2026-10-01 05:45:00,1.13207,1.13213,1.13207,1.13212,0.0
2026-10-01 05:46:00,1.13209,1.13212,1.13209,1.13212,0.0
2026-10-01 05:47:00,1.13211,1.13211,1.13203,1.13211,0.0
2026-10-01 05:48:00,1.13209,1.13209,1.13204,1.13204,0.0
2026-10-01 05:49:00,1.13205,1.13208,1.13201,1.13208,0.0
2026-10-01 05:50:00,1.13205,1.13209,1.132,1.132,0.0
2026-10-01 05:51:00,1.13202,1.13212,1.13202,1.1321,0.0
2026-10-01 05:52:00,1.13204,1.13207,1.13198,1.13207,0.0
2026-10-01 05:53:00,1.13206,1.13206,1.13193,1.13196,0.0
2026-10-01 05:54:00,1.132,1.132,1.1319,1.13191,0.0
2026-10-01 05:55:00,1.13194,1.13198,1.13189,1.1319,0.0
2026-10-01 05:56:00,1.1319,1.13196,1.13189,1.13196,0.0
2026-10-01 05:57:00,1.13194,1.13194,1.13186,1.13187,0.0
2026-10-01 05:58:00,1.13191,1.13195,1.13183,1.13194,0.0
2026-10-01 05:59:00,1.13192,1.13192,1.13181,1.13182,0.0
2026-10-01 06:00:00,1.13184,1.13197,1.13182,1.13193,0.0
2026-10-01 06:01:00,1.1318,1.13237,1.13162,1.13223,0.0
2026-10-01 06:02:00,1.13205,1.13246,1.13205,1.13242,0.0
2026-10-01 06:03:00,1.13229,1.13254,1.13229,1.13252,0.0
2026-10-01 06:04:00,1.13248,1.13256,1.13237,1.13254,0.0
2026-10-01 06:05:00,1.1325,1.1325,1.13234,1.13236,0.0
2026-10-01 06:06:00,1.13239,1.13247,1.13239,1.13245,0.0
2026-10-01 06:07:00,1.13242,1.13248,1.13239,1.13248,0.0
2026-10-01 06:08:00,1.13246,1.13248,1.13243,1.13246,0.0
2026-10-01 06:09:00,1.13246,1.13247,1.13227,1.13246,0.0
2026-10-01 06:10:00,1.13244,1.13244,1.13236,1.13237,0.0
2026-10-01 06:11:00,1.13239,1.13241,1.13235,1.13241,0.0
2026-10-01 06:12:00,1.13238,1.13253,1.13236,1.13249,0.0
2026-10-01 06:13:00,1.13243,1.1325,1.13243,1.1325,0.0
2026-10-01 06:14:00,1.13248,1.13253,1.13248,1.13252,0.0
2026-10-01 06:15:00,1.13249,1.13252,1.13239,1.13251,0.0
2026-10-01 06:16:00,1.13249,1.13249,1.1323,1.13234,0.0
2026-10-01 06:17:00,1.13241,1.13241,1.13232,1.13234,0.0
2026-10-01 06:18:00,1.13237,1.13243,1.13237,1.13242,0.0
2026-10-01 06:19:00,1.13237,1.13245,1.13235,1.13244,0.0
2026-10-01 06:20:00,1.13241,1.13248,1.13218,1.13225,0.0
2026-10-01 06:21:00,1.13238,1.13238,1.13218,1.13219,0.0
2026-10-01 06:22:00,1.13222,1.13222,1.13218,1.13222,0.0
2026-10-01 06:23:00,1.13219,1.13228,1.13219,1.13226,0.0
2026-10-01 06:24:00,1.13221,1.13228,1.13216,1.13227,0.0
2026-10-01 06:25:00,1.13224,1.13224,1.13209,1.13212,0.0
2026-10-01 06:26:00,1.13216,1.13216,1.13207,1.13208,0.0
2026-10-01 06:27:00,1.13209,1.13211,1.13202,1.13211,0.0
2026-10-01 06:28:00,1.1321,1.1321,1.13186,1.13191,0.0
2026-10-01 06:29:00,1.132,1.13202,1.1319,1.13192,0.0
2026-10-01 06:30:00,1.13193,1.13201,1.13193,1.132,0.0
2026-10-01 06:31:00,1.13197,1.132,1.13195,1.132,0.0
2026-10-01 06:32:00,1.13196,1.132,1.13191,1.13199,0.0
2026-10-01 06:33:00,1.13197,1.13208,1.13194,1.13197,0.0
2026-10-01 06:34:00,1.13193,1.13214,1.13193,1.13211,0.0
2026-10-01 06:35:00,1.13206,1.13214,1.13204,1.13213,0.0
2026-10-01 06:36:00,1.13211,1.13211,1.132,1.13202,0.0
2026-10-01 06:37:00,1.13204,1.13204,1.13194,1.13197,0.0
2026-10-01 06:38:00,1.13202,1.13202,1.13185,1.13189,0.0
2026-10-01 06:39:00,1.13195,1.13195,1.13181,1.13182,0.0
2026-10-01 06:40:00,1.13184,1.13223,1.13136,1.13184,0.0
2026-10-01 06:41:00,1.1319,1.1319,1.13071,1.13094,0.0
2026-10-01 06:42:00,1.13126,1.13126,1.13061,1.13069,0.0
2026-10-01 06:43:00,1.1308,1.13109,1.13069,1.13101,0.0
2026-10-01 06:44:00,1.13089,1.13114,1.13089,1.13111,0.0
2026-10-01 06:45:00,1.13103,1.1312,1.13103,1.13118,0.0
2026-10-01 06:46:00,1.13115,1.13116,1.13106,1.13116,0.0
2026-10-01 06:47:00,1.13115,1.13115,1.13106,1.13107,0.0
2026-10-01 06:48:00,1.13109,1.13109,1.13102,1.13103,0.0
2026-10-01 06:49:00,1.13106,1.13108,1.13102,1.13106,0.0
2026-10-01 06:50:00,1.13103,1.13105,1.13098,1.13099,0.0
2026-10-01 06:51:00,1.13103,1.13109,1.13099,1.13103,0.0
2026-10-01 06:52:00,1.13098,1.13139,1.13086,1.13129,0.0
2026-10-01 06:53:00,1.13115,1.13149,1.13115,1.13144,0.0
2026-10-01 06:54:00,1.13133,1.1316,1.13131,1.13154,0.0
2026-10-01 06:55:00,1.13144,1.13162,1.13144,1.1316,0.0
2026-10-01 06:56:00,1.13156,1.13164,1.13155,1.13162,0.0
2026-10-01 06:57:00,1.13156,1.13177,1.13156,1.13172,0.0
2026-10-01 06:58:00,1.13163,1.1319,1.13163,1.13185,0.0
2026-10-01 06:59:00,1.13173,1.13195,1.13173,1.13193,0.0
2026-10-01 07:00:00,1.13189,1.13196,1.13176,1.13194,0.0
2026-10-01 07:01:00,1.1319,1.1319,1.13154,1.13163,0.0
2026-10-01 07:02:00,1.13176,1.13188,1.13127,1.1314,0.0
2026-10-01 07:03:00,1.13165,1.13165,1.13115,1.13122,0.0
2026-10-01 07:04:00,1.13139,1.13164,1.13139,1.13162,0.0
2026-10-01 07:05:00,1.13157,1.13167,1.13153,1.13164,0.0
2026-10-01 07:06:00,1.13158,1.13167,1.1315,1.13166,0.0
2026-10-01 07:07:00,1.13164,1.13173,1.1315,1.13152,0.0
2026-10-01 07:08:00,1.13153,1.1318,1.13153,1.13177,0.0
2026-10-01 07:09:00,1.13172,1.13182,1.13172,1.13181,0.0
2026-10-01 07:10:00,1.13175,1.13189,1.13175,1.13187,0.0
2026-10-01 07:11:00,1.13183,1.13191,1.13173,1.1319,0.0
2026-10-01 07:12:00,1.13186,1.13186,1.13171,1.13173,0.0
2026-10-01 07:13:00,1.13177,1.13185,1.13161,1.13166,0.0
2026-10-01 07:14:00,1.13175,1.13175,1.13154,1.13157,0.0
2026-10-01 07:15:00,1.13162,1.13165,1.13158,1.13159,0.0
2026-10-01 07:16:00,1.13159,1.13177,1.13159,1.13173,0.0
2026-10-01 07:17:00,1.13166,1.13179,1.13164,1.13178,0.0
2026-10-01 07:18:00,1.13174,1.13174,1.13148,1.13154,0.0
2026-10-01 07:19:00,1.13163,1.13163,1.13153,1.13153,0.0
2026-10-01 07:20:00,1.13155,1.13158,1.1315,1.13158,0.0
2026-10-01 07:21:00,1.13156,1.13156,1.13148,1.13149,0.0
2026-10-01 07:22:00,1.1315,1.13177,1.13109,1.13122,0.0
2026-10-01 07:23:00,1.13149,1.13149,1.1308,1.13091,0.0
2026-10-01 07:24:00,1.13106,1.13106,1.13062,1.13069,0.0
2026-10-01 07:25:00,1.13081,1.13081,1.1306,1.13062,0.0
2026-10-01 07:26:00,1.13067,1.13079,1.13067,1.13078,0.0
2026-10-01 07:27:00,1.13074,1.13074,1.13066,1.13068,0.0
2026-10-01 07:28:00,1.13071,1.13072,1.13068,1.13068,0.0
2026-10-01 07:29:00,1.13069,1.13073,1.13061,1.13072,0.0
2026-10-01 07:30:00,1.1307,1.1307,1.1306,1.13061,0.0
2026-10-01 07:31:00,1.13062,1.13104,1.13005,1.1309,0.0
2026-10-01 07:32:00,1.1307,1.1307,1.12999,1.13006,0.0
2026-10-01 07:33:00,1.13023,1.13072,1.13023,1.1306,0.0
2026-10-01 07:34:00,1.13032,1.13083,1.13032,1.13077,0.0
2026-10-01 07:35:00,1.13068,1.13077,1.13058,1.13076,0.0
2026-10-01 07:36:00,1.13072,1.13072,1.1306,1.13061,0.0
2026-10-01 07:37:00,1.13062,1.13062,1.1304,1.13046,0.0
2026-10-01 07:38:00,1.13056,1.13056,1.13039,1.13041,0.0
2026-10-01 07:39:00,1.13044,1.13063,1.13044,1.1306,0.0
2026-10-01 07:40:00,1.13055,1.13066,1.13043,1.13064,0.0
2026-10-01 07:41:00,1.13059,1.13059,1.13042,1.13043,0.0
2026-10-01 07:42:00,1.13047,1.13069,1.13029,1.13063,0.0
2026-10-01 07:43:00,1.13053,1.13053,1.13022,1.13025,0.0
2026-10-01 07:44:00,1.1303,1.13052,1.13022,1.13024,0.0
2026-10-01 07:45:00,1.13022,1.13064,1.13022,1.13057,0.0
2026-10-01 07:46:00,1.13046,1.13072,1.13046,1.13068,0.0
2026-10-01 07:47:00,1.13059,1.13089,1.13059,1.13083,0.0
2026-10-01 07:48:00,1.1307,1.13118,1.1307,1.13107,0.0
2026-10-01 07:49:00,1.13088,1.13118,1.13072,1.13114,0.0
2026-10-01 07:50:00,1.13109,1.13109,1.13066,1.1307,0.0
2026-10-01 07:51:00,1.13077,1.13077,1.1307,1.13072,0.0
2026-10-01 07:52:00,1.13073,1.13073,1.13052,1.13058,0.0
2026-10-01 07:53:00,1.13068,1.13071,1.13049,1.13053,0.0
2026-10-01 07:54:00,1.13054,1.131,1.1305,1.1309,0.0
2026-10-01 07:55:00,1.13076,1.13106,1.13076,1.13103,0.0
2026-10-01 07:56:00,1.13094,1.13111,1.13094,1.13108,0.0
2026-10-01 07:57:00,1.13103,1.1311,1.1309,1.13109,0.0
2026-10-01 07:58:00,1.13107,1.13107,1.13079,1.13085,0.0
2026-10-01 07:59:00,1.13095,1.13095,1.13065,1.13071,0.0
2026-10-01 08:00:00,1.13079,1.13079,1.13044,1.13051,0.0
2026-10-01 08:01:00,1.13065,1.13065,1.13026,1.13034,0.0
2026-10-01 08:02:00,1.13046,1.13046,1.13013,1.13019,0.0
2026-10-01 08:03:00,1.13029,1.13029,1.12988,1.12997,0.0
2026-10-01 08:04:00,1.1301,1.1301,1.12974,1.1298,0.0
2026-10-01 08:05:00,1.12985,1.13036,1.12985,1.13026,0.0
2026-10-01 08:06:00,1.13008,1.13036,1.13008,1.13033,0.0
2026-10-01 08:07:00,1.13026,1.1303,1.13025,1.13029,0.0
2026-10-01 08:08:00,1.13026,1.13036,1.13026,1.13033,0.0
2026-10-01 08:09:00,1.13028,1.13036,1.13028,1.13036,0.0
2026-10-01 08:10:00,1.13035,1.13035,1.13028,1.13028,0.0
2026-10-01 08:11:00,1.1303,1.13047,1.13009,1.13042,0.0
2026-10-01 08:12:00,1.13033,1.13033,1.12957,1.12976,0.0
2026-10-01 08:13:00,1.13001,1.13001,1.12923,1.12938,0.0
2026-10-01 08:14:00,1.12968,1.12968,1.12936,1.12939,0.0
2026-10-01 08:15:00,1.12944,1.12966,1.12934,1.12936,0.0
2026-10-01 08:16:00,1.12936,1.13002,1.12936,1.12984,0.0
2026-10-01 08:17:00,1.12952,1.1301,1.12952,1.12996,0.0
2026-10-01 08:18:00,1.1297,1.13005,1.1297,1.13001,0.0
2026-10-01 08:19:00,1.12994,1.13003,1.12993,1.13,0.0
2026-10-01 08:20:00,1.12996,1.13011,1.12959,1.13008,0.0
2026-10-01 08:21:00,1.13003,1.13003,1.12956,1.12966,0.0
2026-10-01 08:22:00,1.12981,1.12981,1.12959,1.12963,0.0
2026-10-01 08:23:00,1.12964,1.12993,1.12964,1.12988,0.0
2026-10-01 08:24:00,1.1298,1.12993,1.12971,1.1299,0.0
2026-10-01 08:25:00,1.12984,1.12995,1.12956,1.12962,0.0
2026-10-01 08:26:00,1.12975,1.13024,1.12975,1.13013,0.0
2026-10-01 08:27:00,1.12989,1.1304,1.12989,1.13035,0.0
2026-10-01 08:28:00,1.13025,1.13031,1.13025,1.13031,0.0
2026-10-01 08:29:00,1.13029,1.13029,1.13019,1.13022,0.0
2026-10-01 08:30:00,1.13027,1.13027,1.13019,1.13019,0.0
2026-10-01 08:31:00,1.1302,1.13032,1.13001,1.13028,0.0
2026-10-01 08:32:00,1.13021,1.13021,1.12982,1.12989,0.0
2026-10-01 08:33:00,1.13,1.13,1.1298,1.12985,0.0
2026-10-01 08:34:00,1.12992,1.12993,1.12979,1.1298,0.0
2026-10-01 08:35:00,1.12985,1.1299,1.12984,1.1299,0.0
2026-10-01 08:36:00,1.12988,1.12988,1.1297,1.12976,0.0
2026-10-01 08:37:00,1.12985,1.12985,1.12948,1.12956,0.0
2026-10-01 08:38:00,1.12969,1.12969,1.12948,1.12951,0.0
2026-10-01 08:39:00,1.12956,1.12956,1.12923,1.12932,0.0
2026-10-01 08:40:00,1.12945,1.12945,1.129,1.12908,0.0
2026-10-01 08:41:00,1.12922,1.12922,1.129,1.12904,0.0
2026-10-01 08:42:00,1.1291,1.1291,1.12902,1.12904,0.0
2026-10-01 08:43:00,1.12906,1.12927,1.12893,1.1292,0.0
2026-10-01 08:44:00,1.12911,1.12937,1.12907,1.12932,0.0
2026-10-01 08:45:00,1.12925,1.12925,1.12894,1.12899,0.0
2026-10-01 08:46:00,1.12908,1.12913,1.12899,1.12901,0.0
2026-10-01 08:47:00,1.12901,1.12917,1.12901,1.12916,0.0
2026-10-01 08:48:00,1.12912,1.12914,1.12905,1.12906,0.0
2026-10-01 08:49:00,1.12908,1.12917,1.12908,1.12916,0.0
2026-10-01 08:50:00,1.12912,1.1293,1.1291,1.12925,0.0
2026-10-01 08:51:00,1.12918,1.12942,1.12918,1.12937,0.0
2026-10-01 08:52:00,1.12925,1.12943,1.12924,1.12941,0.0
2026-10-01 08:53:00,1.12935,1.12956,1.12885,1.12899,0.0
2026-10-01 08:54:00,1.12929,1.12929,1.12877,1.12882,0.0
2026-10-01 08:55:00,1.12892,1.12897,1.12892,1.12896,0.0
2026-10-01 08:56:00,1.12892,1.12913,1.1289,1.12908,0.0
2026-10-01 08:57:00,1.12899,1.12915,1.12899,1.12914,0.0
2026-10-01 08:58:00,1.1291,1.12913,1.12899,1.129,0.0
2026-10-01 08:59:00,1.12901,1.1292,1.12901,1.12917,0.0
2026-10-01 09:00:00,1.12912,1.12925,1.12897,1.12923,0.0
2026-10-01 09:01:00,1.1292,1.1292,1.12885,1.12891,0.0
2026-10-01 09:02:00,1.12901,1.12901,1.12891,1.12893,0.0
2026-10-01 09:03:00,1.12895,1.12906,1.12895,1.12903,0.0
2026-10-01 09:04:00,1.129,1.12917,1.129,1.12912,0.0
2026-10-01 09:05:00,1.12898,1.12946,1.12892,1.12935,0.0
2026-10-01 09:06:00,1.1292,1.12954,1.1292,1.1295,0.0
2026-10-01 09:07:00,1.1294,1.12963,1.1294,1.1296,0.0
2026-10-01 09:08:00,1.12954,1.1297,1.12954,1.12967,0.0
2026-10-01 09:09:00,1.1296,1.12974,1.1296,1.12973,0.0
2026-10-01 09:10:00,1.12969,1.12977,1.12966,1.12975,0.0
2026-10-01 09:11:00,1.12971,1.12976,1.12965,1.12976,0.0
2026-10-01 09:12:00,1.12974,1.1298,1.12967,1.12968,0.0
2026-10-01 09:13:00,1.12972,1.12978,1.12971,1.12978,0.0
2026-10-01 09:14:00,1.12975,1.12975,1.12961,1.12966,0.0
2026-10-01 09:15:00,1.12972,1.12972,1.12959,1.12961,0.0
2026-10-01 09:16:00,1.12965,1.12976,1.12951,1.12954,0.0
2026-10-01 09:17:00,1.12962,1.12988,1.12962,1.12983,0.0
2026-10-01 09:18:00,1.12971,1.12993,1.12971,1.12991,0.0
2026-10-01 09:19:00,1.12987,1.12991,1.1298,1.12991,0.0
2026-10-01 09:20:00,1.12989,1.1299,1.12974,1.12979,0.0
2026-10-01 09:21:00,1.12987,1.12996,1.1297,1.12973,0.0
2026-10-01 09:22:00,1.12981,1.13007,1.12981,1.13003,0.0
2026-10-01 09:23:00,1.12991,1.13001,1.12983,1.13,0.0
2026-10-01 09:24:00,1.12994,1.12996,1.1296,1.12967,0.0
2026-10-01 09:25:00,1.12981,1.12981,1.12936,1.12945,0.0
2026-10-01 09:26:00,1.12958,1.12958,1.12934,1.12937,0.0
2026-10-01 09:27:00,1.1294,1.12948,1.1294,1.12947,0.0
2026-10-01 09:28:00,1.12943,1.12959,1.12943,1.12954,0.0
2026-10-01 09:29:00,1.12945,1.12969,1.12945,1.12966,0.0
2026-10-01 09:30:00,1.12957,1.1297,1.12957,1.12969,0.0
2026-10-01 09:31:00,1.12967,1.1297,1.12947,1.12954,0.0
2026-10-01 09:32:00,1.12965,1.12965,1.12939,1.12944,0.0
2026-10-01 09:33:00,1.12951,1.12952,1.12928,1.12934,0.0
2026-10-01 09:34:00,1.12944,1.12944,1.12929,1.1293,0.0
2026-10-01 09:35:00,1.12934,1.12946,1.12934,1.12943,0.0
2026-10-01 09:36:00,1.12935,1.12947,1.12919,1.12946,0.0
2026-10-01 09:37:00,1.12941,1.12941,1.12899,1.12908,0.0
2026-10-01 09:38:00,1.12923,1.12923,1.12899,1.12901,0.0
2026-10-01 09:39:00,1.12905,1.12911,1.12905,1.1291,0.0
2026-10-01 09:40:00,1.12907,1.1291,1.12904,1.1291,0.0
2026-10-01 09:41:00,1.12909,1.12909,1.12892,1.12896,0.0
2026-10-01 09:42:00,1.12903,1.12903,1.12892,1.12894,0.0
2026-10-01 09:43:00,1.12896,1.12906,1.12896,1.12904,0.0
2026-10-01 09:44:00,1.129,1.12909,1.129,1.12907,0.0
2026-10-01 09:45:00,1.129,1.12914,1.129,1.12912,0.0
2026-10-01 09:46:00,1.12909,1.12911,1.12908,1.12911,0.0
2026-10-01 09:47:00,1.12909,1.12909,1.12904,1.12909,0.0
2026-10-01 09:48:00,1.12908,1.12908,1.12899,1.12901,0.0
2026-10-01 09:49:00,1.12903,1.12903,1.12894,1.12896,0.0
2026-10-01 09:50:00,1.129,1.129,1.12862,1.12873,0.0
2026-10-01 09:51:00,1.12891,1.12891,1.12849,1.12856,0.0
2026-10-01 09:52:00,1.12868,1.12868,1.12846,1.12848,0.0
2026-10-01 09:53:00,1.12853,1.12869,1.12834,1.12864,0.0
2026-10-01 09:54:00,1.12856,1.12856,1.1283,1.12832,0.0
2026-10-01 09:55:00,1.12835,1.1285,1.12801,1.1281,0.0
2026-10-01 09:56:00,1.12829,1.12829,1.12782,1.12789,0.0
2026-10-01 09:57:00,1.12799,1.12799,1.12764,1.1277,0.0
2026-10-01 09:58:00,1.1278,1.1278,1.12759,1.12761,0.0
2026-10-01 09:59:00,1.12764,1.12766,1.12733,1.12743,0.0
2026-10-01 10:00:00,1.12761,1.12761,1.12677,1.12697,0.0
2026-10-01 10:01:00,1.12736,1.12736,1.12671,1.12677,0.0
2026-10-01 10:02:00,1.12689,1.12702,1.12685,1.127,0.0
2026-10-01 10:03:00,1.12696,1.12696,1.12672,1.12677,0.0
2026-10-01 10:04:00,1.12684,1.12684,1.1267,1.12673,0.0
2026-10-01 10:05:00,1.12673,1.12708,1.12668,1.127,0.0
2026-10-01 10:06:00,1.12688,1.1271,1.12688,1.12708,0.0
2026-10-01 10:07:00,1.127,1.12724,1.12695,1.12718,0.0
2026-10-01 10:08:00,1.12707,1.12748,1.12707,1.12739,0.0
2026-10-01 10:09:00,1.12719,1.1276,1.12719,1.12756,0.0
2026-10-01 10:10:00,1.12748,1.12748,1.12718,1.12727,0.0
2026-10-01 10:11:00,1.12742,1.12742,1.12715,1.12719,0.0
2026-10-01 10:12:00,1.12722,1.12769,1.12721,1.12759,0.0
2026-10-01 10:13:00,1.12745,1.12778,1.12745,1.12774,0.0
2026-10-01 10:14:00,1.12764,1.12779,1.12764,1.12777,0.0
2026-10-01 10:15:00,1.12773,1.12783,1.12773,1.12781,0.0
2026-10-01 10:16:00,1.12773,1.1278,1.12768,1.12779,0.0
2026-10-01 10:17:00,1.12777,1.12779,1.12765,1.12769,0.0
2026-10-01 10:18:00,1.12775,1.12799,1.12755,1.1276,0.0
2026-10-01 10:19:00,1.1277,1.1282,1.1277,1.12812,0.0
2026-10-01 10:20:00,1.12796,1.12824,1.12796,1.1282,0.0
2026-10-01 10:21:00,1.12811,1.12827,1.12811,1.12825,0.0
2026-10-01 10:22:00,1.12822,1.12822,1.12804,1.1281,0.0
2026-10-01 10:23:00,1.12819,1.12831,1.12799,1.12803,0.0
2026-10-01 10:24:00,1.12815,1.12836,1.12815,1.12834,0.0
2026-10-01 10:25:00,1.12824,1.12853,1.12824,1.12847,0.0
2026-10-01 10:26:00,1.12839,1.12853,1.12839,1.12852,0.0
2026-10-01 10:27:00,1.12847,1.12866,1.12843,1.12861,0.0
2026-10-01 10:28:00,1.12853,1.1287,1.12853,1.12868,0.0
2026-10-01 10:29:00,1.12861,1.12879,1.12861,1.12876,0.0
2026-10-01 10:30:00,1.1287,1.12901,1.1287,1.12893,0.0
2026-10-01 10:31:00,1.12878,1.12908,1.12878,1.12906,0.0
2026-10-01 10:32:00,1.12898,1.12914,1.12898,1.12911,0.0
2026-10-01 10:33:00,1.12907,1.12912,1.12907,1.12912,0.0
2026-10-01 10:34:00,1.1291,1.12922,1.12903,1.12905,0.0
2026-10-01 10:35:00,1.12912,1.12933,1.12912,1.12928,0.0
2026-10-01 10:36:00,1.12915,1.12939,1.12915,1.12936,0.0
2026-10-01 10:37:00,1.12931,1.12938,1.12929,1.12937,0.0
2026-10-01 10:38:00,1.12935,1.12935,1.12905,1.12914,0.0
2026-10-01 10:39:00,1.1293,1.1293,1.12894,1.12901,0.0
2026-10-01 10:40:00,1.12912,1.12912,1.12897,1.12899,0.0
2026-10-01 10:41:00,1.12901,1.12909,1.12901,1.12908,0.0
2026-10-01 10:42:00,1.12907,1.12918,1.12904,1.12907,0.0
2026-10-01 10:43:00,1.12903,1.12929,1.12903,1.12924,0.0
2026-10-01 10:44:00,1.12918,1.12928,1.12918,1.12928,0.0
2026-10-01 10:45:00,1.12925,1.12925,1.12902,1.12909,0.0
2026-10-01 10:46:00,1.1292,1.1292,1.12905,1.12909,0.0
2026-10-01 10:47:00,1.12912,1.12929,1.12912,1.12925,0.0
2026-10-01 10:48:00,1.12919,1.12933,1.12911,1.12931,0.0
2026-10-01 10:49:00,1.12926,1.12926,1.129,1.12905,0.0
2026-10-01 10:50:00,1.12913,1.12923,1.12905,1.12906,0.0
2026-10-01 10:51:00,1.12909,1.12936,1.12909,1.12931,0.0
2026-10-01 10:52:00,1.1292,1.12953,1.1292,1.12947,0.0
2026-10-01 10:53:00,1.12938,1.12955,1.12931,1.12954,0.0
2026-10-01 10:54:00,1.1295,1.12974,1.12923,1.12931,0.0
2026-10-01 10:55:00,1.12951,1.12979,1.12951,1.12976,0.0
2026-10-01 10:56:00,1.12969,1.12969,1.12952,1.12957,0.0
2026-10-01 10:57:00,1.12965,1.12965,1.12959,1.12965,0.0
2026-10-01 10:58:00,1.12964,1.12964,1.12948,1.12953,0.0
2026-10-01 10:59:00,1.1296,1.1296,1.12941,1.12947,0.0
2026-10-01 11:00:00,1.12956,1.12956,1.12934,1.1294,0.0
2026-10-01 11:01:00,1.12949,1.12949,1.12924,1.1293,0.0
2026-10-01 11:02:00,1.1294,1.1294,1.12927,1.12929,0.0
2026-10-01 11:03:00,1.12931,1.12956,1.12917,1.12948,0.0
2026-10-01 11:04:00,1.12936,1.12959,1.12936,1.12957,0.0
2026-10-01 11:05:00,1.12952,1.12952,1.12939,1.12943,0.0
2026-10-01 11:06:00,1.12949,1.12957,1.1292,1.12927,0.0
2026-10-01 11:07:00,1.12942,1.12942,1.12892,1.12902,0.0
2026-10-01 11:08:00,1.1292,1.1292,1.12899,1.12901,0.0
2026-10-01 11:09:00,1.12904,1.12919,1.12904,1.12918,0.0
2026-10-01 11:10:00,1.12914,1.12922,1.12905,1.12906,0.0
2026-10-01 11:11:00,1.12908,1.12937,1.12908,1.12932,0.0
2026-10-01 11:12:00,1.12919,1.12941,1.12919,1.12939,0.0
2026-10-01 11:13:00,1.12934,1.12937,1.12906,1.12914,0.0
2026-10-01 11:14:00,1.12928,1.12928,1.12906,1.12908,0.0
2026-10-01 11:15:00,1.12911,1.12926,1.12885,1.12893,0.0
2026-10-01 11:16:00,1.12909,1.12909,1.12857,1.12867,0.0
2026-10-01 11:17:00,1.12883,1.12883,1.12844,1.12851,0.0
2026-10-01 11:18:00,1.12865,1.12865,1.12843,1.12845,0.0
2026-10-01 11:19:00,1.12849,1.12852,1.12846,1.12847,0.0
2026-10-01 11:20:00,1.12847,1.1285,1.12841,1.1285,0.0
2026-10-01 11:21:00,1.12849,1.12849,1.12838,1.12839,0.0
2026-10-01 11:22:00,1.12841,1.12849,1.1284,1.12847,0.0
2026-10-01 11:23:00,1.12839,1.12853,1.12839,1.12851,0.0
2026-10-01 11:24:00,1.12848,1.12848,1.12838,1.1284,0.0
2026-10-01 11:25:00,1.12844,1.12844,1.12831,1.12833,0.0
2026-10-01 11:26:00,1.12838,1.12841,1.12821,1.12826,0.0
2026-10-01 11:27:00,1.12833,1.12833,1.12818,1.12819,0.0
2026-10-01 11:28:00,1.12823,1.1285,1.12823,1.12842,0.0
2026-10-01 11:29:00,1.12823,1.1286,1.12823,1.12857,0.0
2026-10-01 11:30:00,1.1285,1.1285,1.12818,1.12822,0.0
2026-10-01 11:31:00,1.12829,1.12832,1.12818,1.1282,0.0
2026-10-01 11:32:00,1.12821,1.12834,1.12821,1.12833,0.0
2026-10-01 11:33:00,1.1283,1.12836,1.12829,1.12835,0.0
2026-10-01 11:34:00,1.12828,1.12856,1.12823,1.12849,0.0
2026-10-01 11:35:00,1.12839,1.12863,1.12839,1.1286,0.0
2026-10-01 11:36:00,1.12849,1.129,1.12831,1.12887,0.0
2026-10-01 11:37:00,1.1287,1.12909,1.1287,1.12905,0.0
2026-10-01 11:38:00,1.12894,1.12914,1.12894,1.12911,0.0
2026-10-01 11:39:00,1.12907,1.12926,1.12907,1.12921,0.0
2026-10-01 11:40:00,1.12909,1.12944,1.12909,1.12938,0.0
2026-10-01 11:41:00,1.12926,1.12956,1.12926,1.12951,0.0
2026-10-01 11:42:00,1.12942,1.1296,1.12942,1.12959,0.0
2026-10-01 11:43:00,1.12954,1.12973,1.12947,1.12967,0.0
2026-10-01 11:44:00,1.12958,1.12975,1.12958,1.12974,0.0
2026-10-01 11:45:00,1.1297,1.12987,1.12944,1.12951,0.0
2026-10-01 11:46:00,1.12967,1.12988,1.12967,1.12987,0.0
2026-10-01 11:47:00,1.1298,1.13006,1.12978,1.13,0.0
2026-10-01 11:48:00,1.12991,1.13015,1.12991,1.1301,0.0
2026-10-01 11:49:00,1.12999,1.13027,1.12999,1.13023,0.0
2026-10-01 11:50:00,1.13016,1.13036,1.13016,1.13032,0.0
2026-10-01 11:51:00,1.13023,1.1304,1.13023,1.13039,0.0
2026-10-01 11:52:00,1.13036,1.13052,1.13034,1.13047,0.0
2026-10-01 11:53:00,1.1304,1.13054,1.1304,1.13053,0.0
2026-10-01 11:54:00,1.13051,1.13051,1.13031,1.13035,0.0
2026-10-01 11:55:00,1.13043,1.13099,1.13043,1.1308,0.0
2026-10-01 11:56:00,1.13035,1.13102,1.13035,1.13096,0.0
2026-10-01 11:57:00,1.13088,1.13108,1.13088,1.13103,0.0
2026-10-01 11:58:00,1.13091,1.13104,1.1307,1.13103,0.0
2026-10-01 11:59:00,1.13098,1.13098,1.13053,1.13062,0.0
2026-10-01 12:00:00,1.13078,1.13078,1.13039,1.13046,0.0
2026-10-01 12:01:00,1.13059,1.13059,1.13043,1.13046,0.0
2026-10-01 12:02:00,1.1305,1.13058,1.13045,1.13056,0.0
2026-10-01 12:03:00,1.1305,1.13072,1.1305,1.13066,0.0
2026-10-01 12:04:00,1.13059,1.13079,1.13049,1.13076,0.0
2026-10-01 12:05:00,1.13071,1.13071,1.13025,1.13035,0.0
2026-10-01 12:06:00,1.13051,1.13051,1.13016,1.13022,0.0
2026-10-01 12:07:00,1.13029,1.13036,1.13028,1.13029,0.0
2026-10-01 12:08:00,1.1303,1.1305,1.12998,1.13044,0.0
2026-10-01 12:09:00,1.13034,1.13034,1.13001,1.13004,0.0
2026-10-01 12:10:00,1.13011,1.13016,1.12979,1.12989,0.0
2026-10-01 12:11:00,1.13007,1.13007,1.12975,1.12979,0.0
2026-10-01 12:12:00,1.12985,1.12985,1.12976,1.12977,0.0
2026-10-01 12:13:00,1.1298,1.12987,1.12978,1.12985,0.0
2026-10-01 12:14:00,1.12978,1.12983,1.12974,1.12982,0.0
2026-10-01 12:15:00,1.12981,1.12981,1.12978,1.12981,0.0
2026-10-01 12:16:00,1.12978,1.12983,1.12978,1.12982,0.0
2026-10-01 12:17:00,1.1298,1.12981,1.12965,1.12969,0.0
2026-10-01 12:18:00,1.12976,1.12983,1.12958,1.12962,0.0
2026-10-01 12:19:00,1.1297,1.12989,1.1297,1.12986,0.0
2026-10-01 12:20:00,1.12978,1.1298,1.12957,1.1298,0.0
2026-10-01 12:21:00,1.12979,1.12979,1.12961,1.12963,0.0
2026-10-01 12:22:00,1.12967,1.12969,1.12964,1.12967,0.0
2026-10-01 12:23:00,1.12965,1.12968,1.12949,1.12968,0.0
2026-10-01 12:24:00,1.12964,1.12964,1.12931,1.12937,0.0
2026-10-01 12:25:00,1.12948,1.12948,1.12931,1.12932,0.0
2026-10-01 12:26:00,1.12935,1.12937,1.12928,1.12937,0.0
2026-10-01 12:27:00,1.12934,1.12936,1.12931,1.12934,0.0
2026-10-01 12:28:00,1.12933,1.1294,1.12909,1.12916,0.0
2026-10-01 12:29:00,1.12929,1.12929,1.12908,1.1291,0.0
2026-10-01 12:30:00,1.12913,1.12922,1.12913,1.12919,0.0
2026-10-01 12:31:00,1.12913,1.12932,1.12913,1.12929,0.0
2026-10-01 12:32:00,1.12921,1.12959,1.12921,1.12949,0.0
2026-10-01 12:33:00,1.12932,1.12966,1.12932,1.12964,0.0
2026-10-01 12:34:00,1.12958,1.12958,1.1295,1.1295,0.0
2026-10-01 12:35:00,1.12952,1.12964,1.12952,1.12961,0.0
2026-10-01 12:36:00,1.12952,1.12977,1.12952,1.12972,0.0
2026-10-01 12:37:00,1.12966,1.12988,1.12955,1.12983,0.0
2026-10-01 12:38:00,1.12974,1.12974,1.12946,1.12949,0.0
2026-10-01 12:39:00,1.12956,1.12962,1.12932,1.12938,0.0
2026-10-01 12:40:00,1.1295,1.1295,1.12925,1.12928,0.0
2026-10-01 12:41:00,1.12933,1.12952,1.12933,1.1295,0.0
2026-10-01 12:42:00,1.12946,1.12946,1.12938,1.1294,0.0
2026-10-01 12:43:00,1.12942,1.12945,1.12941,1.12941,0.0
2026-10-01 12:44:00,1.12941,1.12959,1.12915,1.12953,0.0
2026-10-01 12:45:00,1.12945,1.12945,1.12901,1.12906,0.0
2026-10-01 12:46:00,1.12914,1.12914,1.12902,1.12905,0.0
2026-10-01 12:47:00,1.12907,1.12912,1.12907,1.12911,0.0
2026-10-01 12:48:00,1.12909,1.12933,1.1288,1.12909,0.0
2026-10-01 12:49:00,1.12911,1.12911,1.12867,1.12872,0.0
2026-10-01 12:50:00,1.1288,1.12882,1.12867,1.12869,0.0
2026-10-01 12:51:00,1.1287,1.12881,1.12869,1.1288,0.0
2026-10-01 12:52:00,1.12877,1.12877,1.12867,1.12868,0.0
2026-10-01 12:53:00,1.1287,1.12882,1.1287,1.12878,0.0
2026-10-01 12:54:00,1.12869,1.12881,1.12869,1.1288,0.0
2026-10-01 12:55:00,1.12877,1.1288,1.12866,1.1287,0.0
2026-10-01 12:56:00,1.12875,1.12875,1.12858,1.12861,0.0
2026-10-01 12:57:00,1.12865,1.12865,1.12857,1.12859,0.0
2026-10-01 12:58:00,1.1286,1.12862,1.12855,1.12856,0.0
2026-10-01 12:59:00,1.12858,1.12859,1.12853,1.12859,0.0
2026-10-01 13:00:00,1.12857,1.12873,1.12848,1.12857,0.0
2026-10-01 13:01:00,1.12857,1.12873,1.12857,1.12872,0.0
2026-10-01 13:02:00,1.12869,1.12877,1.12868,1.12869,0.0
2026-10-01 13:03:00,1.12868,1.1288,1.12868,1.12879,0.0
2026-10-01 13:04:00,1.12875,1.12878,1.12864,1.12875,0.0
2026-10-01 13:05:00,1.12874,1.12874,1.12852,1.12856,0.0
2026-10-01 13:06:00,1.12863,1.12863,1.12849,1.12852,0.0
2026-10-01 13:07:00,1.12854,1.1286,1.1285,1.12859,0.0
2026-10-01 13:08:00,1.12857,1.12857,1.12846,1.12848,0.0
2026-10-01 13:09:00,1.12849,1.12862,1.12849,1.12861,0.0
2026-10-01 13:10:00,1.12858,1.12862,1.12839,1.12845,0.0
2026-10-01 13:11:00,1.12856,1.12867,1.12839,1.12841,0.0
2026-10-01 13:12:00,1.12846,1.12871,1.12846,1.12868,0.0
2026-10-01 13:13:00,1.12862,1.12862,1.12852,1.12855,0.0
2026-10-01 13:14:00,1.1286,1.1286,1.12846,1.12849,0.0
2026-10-01 13:15:00,1.12854,1.12854,1.12849,1.1285,0.0
2026-10-01 13:16:00,1.1285,1.12859,1.1285,1.12856,0.0
2026-10-01 13:17:00,1.12853,1.12866,1.12841,1.12863,0.0
2026-10-01 13:18:00,1.12856,1.12856,1.12839,1.1284,0.0
2026-10-01 13:19:00,1.12844,1.12874,1.12844,1.12864,0.0
2026-10-01 13:20:00,1.12841,1.12877,1.12841,1.12874,0.0
2026-10-01 13:21:00,1.12866,1.12867,1.12863,1.12864,0.0
2026-10-01 13:22:00,1.12864,1.12865,1.12855,1.12865,0.0
2026-10-01 13:23:00,1.12864,1.12864,1.12852,1.12854,0.0
2026-10-01 13:24:00,1.12858,1.12858,1.12836,1.12842,0.0
2026-10-01 13:25:00,1.12851,1.12851,1.12834,1.12835,0.0
2026-10-01 13:26:00,1.12839,1.1285,1.12839,1.12848,0.0
2026-10-01 13:27:00,1.12842,1.12866,1.12833,1.12859,0.0
2026-10-01 13:28:00,1.1285,1.12873,1.1285,1.1287,0.0
2026-10-01 13:29:00,1.12859,1.12881,1.12859,1.12879,0.0
2026-10-01 13:30:00,1.12875,1.12878,1.12864,1.12875,0.0
2026-10-01 13:31:00,1.12874,1.12874,1.12859,1.12862,0.0
2026-10-01 13:32:00,1.12867,1.12869,1.12863,1.12864,0.0
2026-10-01 13:33:00,1.12864,1.12889,1.12864,1.12882,0.0
2026-10-01 13:34:00,1.12866,1.12899,1.12866,1.12895,0.0
2026-10-01 13:35:00,1.12889,1.12893,1.12887,1.12893,0.0
2026-10-01 13:36:00,1.12891,1.12891,1.12872,1.12877,0.0
2026-10-01 13:37:00,1.12886,1.12886,1.12872,1.12875,0.0
2026-10-01 13:38:00,1.12879,1.12879,1.12863,1.12867,0.0
2026-10-01 13:39:00,1.12873,1.12873,1.12864,1.12866,0.0
2026-10-01 13:40:00,1.12868,1.12868,1.12852,1.12868,0.0
2026-10-01 13:41:00,1.12866,1.12866,1.12834,1.1284,0.0
2026-10-01 13:42:00,1.12849,1.12854,1.12831,1.12833,0.0
2026-10-01 13:43:00,1.12836,1.12858,1.12836,1.12856,0.0
2026-10-01 13:44:00,1.12852,1.12866,1.12852,1.12862,0.0
2026-10-01 13:45:00,1.12853,1.12885,1.1285,1.12877,0.0
2026-10-01 13:46:00,1.12866,1.12888,1.12866,1.12886,0.0
2026-10-01 13:47:00,1.1288,1.12901,1.12877,1.12896,0.0
2026-10-01 13:48:00,1.12889,1.12919,1.12889,1.12912,0.0
2026-10-01 13:49:00,1.12892,1.12931,1.12892,1.12927,0.0
2026-10-01 13:50:00,1.1292,1.12928,1.1292,1.12928,0.0
2026-10-01 13:51:00,1.12925,1.12932,1.12923,1.12931,0.0
2026-10-01 13:52:00,1.12928,1.12941,1.12928,1.12937,0.0
2026-10-01 13:53:00,1.12929,1.12946,1.12929,1.12945,0.0
2026-10-01 13:54:00,1.1294,1.1295,1.12938,1.12947,0.0
2026-10-01 13:55:00,1.12942,1.12952,1.12942,1.12951,0.0
2026-10-01 13:56:00,1.12946,1.12955,1.12945,1.12954,0.0
2026-10-01 13:57:00,1.12951,1.12958,1.12947,1.12948,0.0
2026-10-01 13:58:00,1.12946,1.12965,1.12946,1.12963,0.0
2026-10-01 13:59:00,1.12959,1.12964,1.12959,1.12963,0.0
2026-10-01 14:00:00,1.12957,1.12968,1.12938,1.12967,0.0
2026-10-01 14:01:00,1.12964,1.12966,1.12929,1.12938,0.0
2026-10-01 14:02:00,1.12953,1.12953,1.12917,1.12922,0.0
2026-10-01 14:03:00,1.12929,1.12936,1.12922,1.12934,0.0
2026-10-01 14:04:00,1.1293,1.12931,1.12893,1.12903,0.0
2026-10-01 14:05:00,1.12923,1.12923,1.12863,1.12873,0.0
2026-10-01 14:06:00,1.12889,1.12889,1.12862,1.12866,0.0
2026-10-01 14:07:00,1.1287,1.12894,1.12848,1.12855,0.0
2026-10-01 14:08:00,1.12873,1.12913,1.12873,1.12905,0.0
2026-10-01 14:09:00,1.12884,1.12927,1.12884,1.12922,0.0
2026-10-01 14:10:00,1.12914,1.1292,1.12911,1.12914,0.0
2026-10-01 14:11:00,1.12912,1.12924,1.12897,1.12923,0.0
2026-10-01 14:12:00,1.1292,1.1292,1.12882,1.12888,0.0
2026-10-01 14:13:00,1.12899,1.12899,1.12861,1.1287,0.0
2026-10-01 14:14:00,1.12887,1.12887,1.12846,1.12851,0.0
2026-10-01 14:15:00,1.12859,1.12881,1.12854,1.12855,0.0
2026-10-01 14:16:00,1.12852,1.12882,1.12852,1.1288,0.0
2026-10-01 14:17:00,1.12875,1.1288,1.12872,1.12875,0.0
2026-10-01 14:18:00,1.12871,1.12883,1.12871,1.12882,0.0
2026-10-01 14:19:00,1.12879,1.12879,1.12869,1.12871,0.0
2026-10-01 14:20:00,1.12872,1.12876,1.12872,1.12875,0.0
2026-10-01 14:21:00,1.12874,1.12878,1.12858,1.12863,0.0
2026-10-01 14:22:00,1.12871,1.12871,1.12853,1.12855,0.0
2026-10-01 14:23:00,1.12858,1.12873,1.12857,1.12857,0.0
2026-10-01 14:24:00,1.12857,1.12878,1.12857,1.12876,0.0
2026-10-01 14:25:00,1.12873,1.12875,1.12851,1.12853,0.0
2026-10-01 14:26:00,1.12861,1.12885,1.12861,1.12881,0.0
2026-10-01 14:27:00,1.12871,1.12884,1.12871,1.12881,0.0
2026-10-01 14:28:00,1.12877,1.12896,1.12863,1.12891,0.0
2026-10-01 14:29:00,1.12882,1.12882,1.12857,1.12859,0.0
2026-10-01 14:30:00,1.12863,1.12866,1.12845,1.1285,0.0
2026-10-01 14:31:00,1.12858,1.12858,1.12836,1.1284,0.0
2026-10-01 14:32:00,1.12845,1.12853,1.12821,1.12825,0.0
2026-10-01 14:33:00,1.12832,1.12881,1.12832,1.12872,0.0
2026-10-01 14:34:00,1.12852,1.12883,1.12842,1.12879,0.0
2026-10-01 14:35:00,1.1287,1.1287,1.12824,1.1283,0.0
2026-10-01 14:36:00,1.12841,1.12851,1.12816,1.12821,0.0
2026-10-01 14:37:00,1.12833,1.12858,1.12833,1.12855,0.0
2026-10-01 14:38:00,1.12845,1.1286,1.12825,1.12858,0.0
2026-10-01 14:39:00,1.12851,1.12851,1.1282,1.12825,0.0
2026-10-01 14:40:00,1.12827,1.12858,1.12827,1.12855,0.0
2026-10-01 14:41:00,1.12848,1.12852,1.12822,1.12829,0.0
2026-10-01 14:42:00,1.12842,1.12842,1.12817,1.1282,0.0
2026-10-01 14:43:00,1.12824,1.12824,1.12771,1.12787,0.0
2026-10-01 14:44:00,1.12816,1.12816,1.12721,1.1274,0.0
2026-10-01 14:45:00,1.12777,1.12777,1.12719,1.12725,0.0
2026-10-01 14:46:00,1.12737,1.12764,1.12711,1.12757,0.0
2026-10-01 14:47:00,1.12746,1.12746,1.12671,1.12685,0.0
2026-10-01 14:48:00,1.12707,1.12718,1.12677,1.12682,0.0
2026-10-01 14:49:00,1.12684,1.12722,1.12684,1.12718,0.0
2026-10-01 14:50:00,1.1271,1.12715,1.12696,1.12699,0.0
2026-10-01 14:51:00,1.12705,1.12705,1.12639,1.12659,0.0
2026-10-01 14:52:00,1.12693,1.12693,1.12627,1.12635,0.0
2026-10-01 14:53:00,1.12649,1.12649,1.12625,1.12628,0.0
2026-10-01 14:54:00,1.12633,1.12641,1.12633,1.12639,0.0
2026-10-01 14:55:00,1.12634,1.12639,1.12629,1.1263,0.0
2026-10-01 14:56:00,1.1263,1.12641,1.1263,1.1264,0.0
2026-10-01 14:57:00,1.12636,1.12647,1.12628,1.1263,0.0
2026-10-01 14:58:00,1.12627,1.12662,1.12627,1.12657,0.0
2026-10-01 14:59:00,1.1265,1.12662,1.12647,1.12661,0.0
2026-10-01 15:00:00,1.12657,1.12667,1.12643,1.12646,0.0
2026-10-01 15:01:00,1.12652,1.12668,1.12649,1.12666,0.0
2026-10-01 15:02:00,1.12661,1.12661,1.12646,1.12647,0.0
2026-10-01 15:03:00,1.1265,1.1265,1.12632,1.12637,0.0
2026-10-01 15:04:00,1.12644,1.12644,1.12623,1.12627,0.0
2026-10-01 15:05:00,1.12633,1.12633,1.12588,1.126,0.0
2026-10-01 15:06:00,1.12618,1.12618,1.12526,1.12547,0.0
2026-10-01 15:07:00,1.12592,1.12592,1.12523,1.12529,0.0
2026-10-01 15:08:00,1.12545,1.1257,1.12545,1.12566,0.0
2026-10-01 15:09:00,1.12552,1.12585,1.12552,1.1258,0.0
2026-10-01 15:10:00,1.12572,1.12587,1.12561,1.12584,0.0
2026-10-01 15:11:00,1.12578,1.12578,1.12557,1.1256,0.0
2026-10-01 15:12:00,1.12565,1.12565,1.12552,1.12555,0.0
2026-10-01 15:13:00,1.1256,1.12569,1.12558,1.12566,0.0
2026-10-01 15:14:00,1.1256,1.12579,1.1256,1.12575,0.0
2026-10-01 15:15:00,1.12567,1.126,1.12567,1.12593,0.0
2026-10-01 15:16:00,1.12576,1.12591,1.12539,1.12589,0.0
2026-10-01 15:17:00,1.1258,1.1258,1.12528,1.12535,0.0
2026-10-01 15:18:00,1.12547,1.12553,1.1254,1.12541,0.0
2026-10-01 15:19:00,1.12545,1.12564,1.12525,1.12559,0.0
2026-10-01 15:20:00,1.12551,1.12551,1.12526,1.12528,0.0
2026-10-01 15:21:00,1.12535,1.12545,1.12535,1.12544,0.0
2026-10-01 15:22:00,1.1254,1.12563,1.12537,1.12557,0.0
2026-10-01 15:23:00,1.12547,1.12564,1.12547,1.12563,0.0
2026-10-01 15:24:00,1.1256,1.12571,1.12558,1.12568,0.0
2026-10-01 15:25:00,1.1256,1.12588,1.1256,1.12581,0.0
2026-10-01 15:26:00,1.12571,1.12592,1.12568,1.1259,0.0
2026-10-01 15:27:00,1.12587,1.12587,1.12566,1.12568,0.0
2026-10-01 15:28:00,1.12574,1.1258,1.12574,1.1258,0.0
2026-10-01 15:29:00,1.12576,1.1258,1.12563,1.12579,0.0
2026-10-01 15:30:00,1.12575,1.1265,1.12469,1.12502,0.0
2026-10-01 15:31:00,1.12574,1.12574,1.12391,1.1242,0.0
2026-10-01 15:32:00,1.12466,1.12466,1.12377,1.12389,0.0
2026-10-01 15:33:00,1.1241,1.1241,1.12362,1.12373,0.0
2026-10-01 15:34:00,1.12393,1.12393,1.12337,1.1235,0.0
2026-10-01 15:35:00,1.12371,1.12371,1.12303,1.12315,0.0
2026-10-01 15:36:00,1.12338,1.12347,1.12302,1.12307,0.0
2026-10-01 15:37:00,1.12322,1.12411,1.12322,1.12388,0.0
2026-10-01 15:38:00,1.12331,1.12445,1.12331,1.12433,0.0
2026-10-01 15:39:00,1.12417,1.12453,1.12417,1.12449,0.0
2026-10-01 15:40:00,1.12437,1.12461,1.12437,1.12458,0.0
2026-10-01 15:41:00,1.12453,1.12456,1.12444,1.12453,0.0
2026-10-01 15:42:00,1.12452,1.12452,1.12434,1.12438,0.0
2026-10-01 15:43:00,1.12445,1.12446,1.12422,1.12428,0.0
2026-10-01 15:44:00,1.12439,1.12439,1.1239,1.12402,0.0
2026-10-01 15:45:00,1.12423,1.12423,1.12367,1.12375,0.0
2026-10-01 15:46:00,1.12387,1.12395,1.12365,1.12368,0.0
2026-10-01 15:47:00,1.12368,1.12408,1.12368,1.12403,0.0
2026-10-01 15:48:00,1.12396,1.12403,1.12396,1.12403,0.0
2026-10-01 15:49:00,1.124,1.12401,1.12383,1.124,0.0
2026-10-01 15:50:00,1.12396,1.12443,1.12312,1.12336,0.0
2026-10-01 15:51:00,1.12388,1.12388,1.12293,1.12301,0.0
2026-10-01 15:52:00,1.12315,1.12315,1.12293,1.12296,0.0
2026-10-01 15:53:00,1.123,1.12314,1.12277,1.12313,0.0
2026-10-01 15:54:00,1.12309,1.12309,1.12184,1.12216,0.0
2026-10-01 15:55:00,1.12272,1.12272,1.12177,1.12189,0.0
2026-10-01 15:56:00,1.12207,1.12234,1.12207,1.12229,0.0
2026-10-01 15:57:00,1.12223,1.1228,1.12223,1.12264,0.0
2026-10-01 15:58:00,1.12222,1.12318,1.12222,1.12305,0.0
2026-10-01 15:59:00,1.12287,1.12328,1.12287,1.12323,0.0
2026-10-01 16:00:00,1.12311,1.12333,1.1231,1.12328,0.0
2026-10-01 16:01:00,1.12321,1.12347,1.12321,1.12341,0.0
2026-10-01 16:02:00,1.12326,1.12355,1.12326,1.12351,0.0
2026-10-01 16:03:00,1.12343,1.12362,1.1233,1.12359,0.0
2026-10-01 16:04:00,1.12352,1.12352,1.12323,1.12326,0.0
2026-10-01 16:05:00,1.1233,1.12357,1.1233,1.12352,0.0
2026-10-01 16:06:00,1.12344,1.12362,1.12344,1.1236,0.0
2026-10-01 16:07:00,1.12354,1.12377,1.12353,1.12371,0.0
2026-10-01 16:08:00,1.12364,1.1238,1.12364,1.12379,0.0
2026-10-01 16:09:00,1.12375,1.12375,1.12349,1.12355,0.0
2026-10-01 16:10:00,1.12363,1.12366,1.12343,1.12346,0.0
2026-10-01 16:11:00,1.12347,1.1238,1.12347,1.12375,0.0
2026-10-01 16:12:00,1.12368,1.12379,1.12368,1.12378,0.0
2026-10-01 16:13:00,1.12375,1.12379,1.12364,1.12366,0.0
2026-10-01 16:14:00,1.12369,1.1238,1.12369,1.12379,0.0
2026-10-01 16:15:00,1.12376,1.12384,1.12375,1.12382,0.0
2026-10-01 16:16:00,1.12375,1.12395,1.12375,1.1239,0.0
2026-10-01 16:17:00,1.12383,1.124,1.12383,1.12398,0.0
2026-10-01 16:18:00,1.12392,1.12403,1.12391,1.124,0.0
2026-10-01 16:19:00,1.12396,1.12406,1.12396,1.12404,0.0
2026-10-01 16:20:00,1.12397,1.12402,1.12381,1.12402,0.0
2026-10-01 16:21:00,1.12398,1.12398,1.12376,1.1238,0.0
2026-10-01 16:22:00,1.12383,1.1239,1.12382,1.12388,0.0
2026-10-01 16:23:00,1.12384,1.12408,1.12384,1.12401,0.0
2026-10-01 16:24:00,1.12385,1.12413,1.12385,1.1241,0.0
2026-10-01 16:25:00,1.12404,1.12414,1.12404,1.12413,0.0
2026-10-01 16:26:00,1.12411,1.12433,1.12411,1.12427,0.0
2026-10-01 16:27:00,1.1241,1.12443,1.1241,1.12439,0.0
2026-10-01 16:28:00,1.12433,1.12457,1.12407,1.1245,0.0
2026-10-01 16:29:00,1.12438,1.12438,1.12395,1.12399,0.0
2026-10-01 16:30:00,1.12407,1.12423,1.12387,1.12418,0.0
2026-10-01 16:31:00,1.12409,1.12409,1.12378,1.12382,0.0
2026-10-01 16:32:00,1.12388,1.12402,1.12337,1.12351,0.0
2026-10-01 16:33:00,1.12378,1.12378,1.12331,1.12336,0.0
2026-10-01 16:34:00,1.12343,1.12343,1.1232,1.12325,0.0
2026-10-01 16:35:00,1.12334,1.12334,1.12313,1.12318,0.0
2026-10-01 16:36:00,1.12325,1.12325,1.12284,1.12294,0.0
2026-10-01 16:37:00,1.1231,1.1231,1.12269,1.12277,0.0
2026-10-01 16:38:00,1.12291,1.12291,1.12267,1.12269,0.0
2026-10-01 16:39:00,1.12274,1.12277,1.12271,1.12277,0.0
2026-10-01 16:40:00,1.12274,1.1228,1.12274,1.12279,0.0
2026-10-01 16:41:00,1.12276,1.12296,1.1225,1.12289,0.0
2026-10-01 16:42:00,1.12278,1.12278,1.12245,1.12248,0.0
2026-10-01 16:43:00,1.12253,1.1228,1.1225,1.1225,0.0
2026-10-01 16:44:00,1.12248,1.12285,1.12248,1.12281,0.0
2026-10-01 16:45:00,1.12274,1.12274,1.12251,1.12255,0.0
2026-10-01 16:46:00,1.12261,1.12261,1.1225,1.12252,0.0
2026-10-01 16:47:00,1.12256,1.12257,1.12248,1.12249,0.0
2026-10-01 16:48:00,1.12251,1.12261,1.12244,1.12259,0.0
2026-10-01 16:49:00,1.12256,1.12256,1.12218,1.12227,0.0
2026-10-01 16:50:00,1.12241,1.12241,1.12212,1.12217,0.0
2026-10-01 16:51:00,1.12223,1.12225,1.12197,1.12225,0.0
2026-10-01 16:52:00,1.1222,1.1222,1.12182,1.12189,0.0
2026-10-01 16:53:00,1.12202,1.12202,1.12178,1.1218,0.0
2026-10-01 16:54:00,1.12185,1.12189,1.12174,1.12185,0.0
2026-10-01 16:55:00,1.12185,1.12185,1.1217,1.12172,0.0
2026-10-01 16:56:00,1.12173,1.12177,1.12173,1.12176,0.0
2026-10-01 16:57:00,1.12175,1.12178,1.12174,1.12178,0.0
2026-10-01 16:58:00,1.12174,1.12187,1.12172,1.12183,0.0
2026-10-01 16:59:00,1.12178,1.12197,1.12178,1.12193,0.0
2026-10-01 17:00:00,1.12181,1.12201,1.12181,1.12199,0.0
2026-10-01 17:01:00,1.12195,1.12199,1.12192,1.12199,0.0
2026-10-01 17:02:00,1.12196,1.12226,1.12168,1.12177,0.0
2026-10-01 17:03:00,1.12198,1.12247,1.12198,1.12239,0.0
2026-10-01 17:04:00,1.12219,1.12261,1.12219,1.12256,0.0
2026-10-01 17:05:00,1.12246,1.12264,1.12242,1.12262,0.0
2026-10-01 17:06:00,1.12258,1.12258,1.1224,1.12242,0.0
2026-10-01 17:07:00,1.12245,1.12259,1.12245,1.12256,0.0
2026-10-01 17:08:00,1.1225,1.12256,1.12226,1.12234,0.0
2026-10-01 17:09:00,1.12248,1.12248,1.12223,1.12226,0.0
2026-10-01 17:10:00,1.12231,1.12231,1.12218,1.1222,0.0
2026-10-01 17:11:00,1.12222,1.12225,1.12218,1.12224,0.0
2026-10-01 17:12:00,1.12222,1.12222,1.12212,1.12214,0.0
2026-10-01 17:13:00,1.12215,1.12221,1.12207,1.12221,0.0
2026-10-01 17:14:00,1.12218,1.12218,1.12186,1.12192,0.0
2026-10-01 17:15:00,1.12203,1.12203,1.12183,1.12186,0.0
2026-10-01 17:16:00,1.1219,1.1219,1.12179,1.1218,0.0
2026-10-01 17:17:00,1.12182,1.12188,1.12182,1.12187,0.0
2026-10-01 17:18:00,1.12181,1.12191,1.12167,1.1219,0.0
2026-10-01 17:19:00,1.12184,1.12187,1.12159,1.12163,0.0
2026-10-01 17:20:00,1.12165,1.12204,1.12165,1.12196,0.0
2026-10-01 17:21:00,1.12186,1.1223,1.12186,1.1222,0.0
2026-10-01 17:22:00,1.12195,1.12251,1.12195,1.12242,0.0
2026-10-01 17:23:00,1.12228,1.12259,1.12228,1.12255,0.0
2026-10-01 17:24:00,1.12245,1.12278,1.12245,1.12271,0.0
2026-10-01 17:25:00,1.1226,1.12287,1.1226,1.12283,0.0
2026-10-01 17:26:00,1.12275,1.12299,1.12275,1.12295,0.0
2026-10-01 17:27:00,1.12285,1.123,1.12285,1.12299,0.0
2026-10-01 17:28:00,1.12297,1.12297,1.1229,1.12297,0.0
2026-10-01 17:29:00,1.12295,1.12298,1.12275,1.12297,0.0
2026-10-01 17:30:00,1.12294,1.12366,1.12275,1.12278,0.0
2026-10-01 17:31:00,1.12269,1.12389,1.12269,1.12375,0.0
2026-10-01 17:32:00,1.12356,1.12419,1.12343,1.12407,0.0
2026-10-01 17:33:00,1.12387,1.12387,1.12304,1.12318,0.0
2026-10-01 17:34:00,1.12341,1.12341,1.12298,1.12304,0.0
2026-10-01 17:35:00,1.12313,1.12313,1.12298,1.12302,0.0
2026-10-01 17:36:00,1.12307,1.12307,1.12291,1.12294,0.0
2026-10-01 17:37:00,1.123,1.12329,1.123,1.12321,0.0
2026-10-01 17:38:00,1.12302,1.12337,1.12302,1.12333,0.0
2026-10-01 17:39:00,1.12326,1.12332,1.12313,1.12331,0.0
2026-10-01 17:40:00,1.12327,1.12328,1.1231,1.12313,0.0
2026-10-01 17:41:00,1.1232,1.12328,1.1232,1.12327,0.0
2026-10-01 17:42:00,1.12322,1.12331,1.12318,1.1233,0.0
2026-10-01 17:43:00,1.12329,1.12329,1.12322,1.12323,0.0
2026-10-01 17:44:00,1.12324,1.12327,1.12318,1.12327,0.0
2026-10-01 17:45:00,1.12326,1.12326,1.12299,1.12307,0.0
2026-10-01 17:46:00,1.12321,1.12321,1.123,1.12304,0.0
2026-10-01 17:47:00,1.12309,1.12309,1.12294,1.12296,0.0
2026-10-01 17:48:00,1.123,1.12304,1.1229,1.12303,0.0
2026-10-01 17:49:00,1.12301,1.12301,1.12288,1.12289,0.0
2026-10-01 17:50:00,1.12293,1.12302,1.12279,1.123,0.0
2026-10-01 17:51:00,1.12294,1.12294,1.1228,1.12281,0.0
2026-10-01 17:52:00,1.12284,1.12289,1.12284,1.12289,0.0
2026-10-01 17:53:00,1.12285,1.12294,1.12285,1.12293,0.0
2026-10-01 17:54:00,1.1229,1.12295,1.12269,1.1229,0.0
2026-10-01 17:55:00,1.1229,1.1229,1.1227,1.12274,0.0
2026-10-01 17:56:00,1.1228,1.12295,1.12264,1.12266,0.0
2026-10-01 17:57:00,1.1227,1.12296,1.12268,1.12294,0.0
2026-10-01 17:58:00,1.12291,1.12291,1.12255,1.12259,0.0
2026-10-01 17:59:00,1.12264,1.12264,1.12238,1.12244,0.0
2026-10-01 18:00:00,1.12253,1.12253,1.12242,1.12243,0.0
2026-10-01 18:01:00,1.12246,1.12251,1.12237,1.12251,0.0
2026-10-01 18:02:00,1.12248,1.12263,1.1223,1.12235,0.0
2026-10-01 18:03:00,1.12247,1.12268,1.12246,1.12265,0.0
2026-10-01 18:04:00,1.12259,1.12259,1.12237,1.12241,0.0
2026-10-01 18:05:00,1.12246,1.12246,1.12217,1.12223,0.0
2026-10-01 18:06:00,1.12234,1.12234,1.12217,1.12219,0.0
2026-10-01 18:07:00,1.12222,1.12238,1.12222,1.12234,0.0
2026-10-01 18:08:00,1.12227,1.12249,1.12227,1.12245,0.0
2026-10-01 18:09:00,1.12233,1.12257,1.12233,1.12253,0.0
2026-10-01 18:10:00,1.12248,1.1226,1.12248,1.12259,0.0
2026-10-01 18:11:00,1.12252,1.12267,1.12252,1.12264,0.0
2026-10-01 18:12:00,1.1226,1.12271,1.1226,1.12269,0.0
2026-10-01 18:13:00,1.12261,1.12285,1.1226,1.12279,0.0
2026-10-01 18:14:00,1.12271,1.12285,1.12271,1.12284,0.0
2026-10-01 18:15:00,1.1228,1.12286,1.1228,1.12286,0.0
2026-10-01 18:16:00,1.12285,1.12289,1.12279,1.12281,0.0
2026-10-01 18:17:00,1.12283,1.1229,1.12281,1.1229,0.0
2026-10-01 18:18:00,1.12288,1.12288,1.12275,1.12277,0.0
2026-10-01 18:19:00,1.1228,1.12286,1.12272,1.12285,0.0
2026-10-01 18:20:00,1.12281,1.12281,1.12259,1.12264,0.0
2026-10-01 18:21:00,1.1227,1.12275,1.12251,1.12254,0.0
2026-10-01 18:22:00,1.12255,1.12288,1.12255,1.12282,0.0
2026-10-01 18:23:00,1.12274,1.12313,1.12274,1.12303,0.0
2026-10-01 18:24:00,1.12279,1.12326,1.12279,1.12321,0.0
2026-10-01 18:25:00,1.12312,1.12332,1.12299,1.12329,0.0
2026-10-01 18:26:00,1.12323,1.12323,1.1229,1.12295,0.0
2026-10-01 18:27:00,1.12303,1.12303,1.1229,1.12294,0.0
2026-10-01 18:28:00,1.12302,1.12302,1.12293,1.12295,0.0
2026-10-01 18:29:00,1.12296,1.12308,1.12289,1.12291,0.0
2026-10-01 18:30:00,1.12297,1.1231,1.12297,1.12309,0.0
2026-10-01 18:31:00,1.12305,1.12305,1.12295,1.12296,0.0
2026-10-01 18:32:00,1.12299,1.123,1.12289,1.123,0.0
2026-10-01 18:33:00,1.12298,1.12315,1.12287,1.12298,0.0
2026-10-01 18:34:00,1.123,1.12325,1.123,1.1232,0.0
2026-10-01 18:35:00,1.12309,1.1236,1.12309,1.12348,0.0
2026-10-01 18:36:00,1.12328,1.12371,1.12328,1.12366,0.0
2026-10-01 18:37:00,1.12356,1.12356,1.12327,1.12334,0.0
2026-10-01 18:38:00,1.12347,1.12347,1.12327,1.12329,0.0
2026-10-01 18:39:00,1.12334,1.12338,1.12318,1.12334,0.0
2026-10-01 18:40:00,1.12333,1.12333,1.12318,1.1232,0.0
2026-10-01 18:41:00,1.12323,1.12343,1.12322,1.12337,0.0
2026-10-01 18:42:00,1.12318,1.12368,1.12318,1.1236,0.0
2026-10-01 18:43:00,1.12348,1.12371,1.12348,1.12369,0.0
2026-10-01 18:44:00,1.12362,1.12368,1.12357,1.12367,0.0
2026-10-01 18:45:00,1.12364,1.12376,1.12363,1.12372,0.0
2026-10-01 18:46:00,1.12363,1.12384,1.12363,1.12382,0.0
2026-10-01 18:47:00,1.12376,1.12389,1.12376,1.12387,0.0
2026-10-01 18:48:00,1.12382,1.1239,1.12382,1.1239,0.0
2026-10-01 18:49:00,1.12387,1.12387,1.12372,1.12377,0.0
2026-10-01 18:50:00,1.12384,1.12384,1.12367,1.12371,0.0
2026-10-01 18:51:00,1.12377,1.12377,1.12358,1.12364,0.0
2026-10-01 18:52:00,1.12372,1.12372,1.12344,1.1235,0.0
2026-10-01 18:53:00,1.12361,1.12361,1.12344,1.12345,0.0
2026-10-01 18:54:00,1.12349,1.12353,1.12349,1.12353,0.0
2026-10-01 18:55:00,1.1235,1.12352,1.12339,1.12352,0.0
2026-10-01 18:56:00,1.12351,1.12354,1.12343,1.12345,0.0
2026-10-01 18:57:00,1.12347,1.12358,1.12347,1.12357,0.0
2026-10-01 18:58:00,1.12353,1.12358,1.12346,1.12358,0.0
2026-10-01 18:59:00,1.12356,1.12356,1.12344,1.12347,0.0
2026-10-01 19:00:00,1.1235,1.12353,1.12344,1.12345,0.0
2026-10-01 19:01:00,1.12348,1.12352,1.12342,1.12352,0.0
2026-10-01 19:02:00,1.12349,1.12351,1.12341,1.12342,0.0
2026-10-01 19:03:00,1.12346,1.12352,1.12329,1.12351,0.0
2026-10-01 19:04:00,1.12347,1.12352,1.12331,1.12334,0.0
2026-10-01 19:05:00,1.1234,1.12355,1.1234,1.12353,0.0
2026-10-01 19:06:00,1.12347,1.12358,1.12347,1.12357,0.0
2026-10-01 19:07:00,1.12355,1.12355,1.12333,1.12339,0.0
2026-10-01 19:08:00,1.12349,1.12358,1.12336,1.12337,0.0
2026-10-01 19:09:00,1.12337,1.12385,1.12337,1.12375,0.0
2026-10-01 19:10:00,1.12361,1.12392,1.12361,1.12389,0.0
2026-10-01 19:11:00,1.1238,1.12399,1.1238,1.12396,0.0
2026-10-01 19:12:00,1.12391,1.12396,1.12385,1.12396,0.0
2026-10-01 19:13:00,1.12394,1.12405,1.12384,1.12387,0.0
2026-10-01 19:14:00,1.12394,1.12404,1.12394,1.12403,0.0
2026-10-01 19:15:00,1.124,1.12404,1.12396,1.12403,0.0
2026-10-01 19:16:00,1.12401,1.12401,1.12395,1.12401,0.0
2026-10-01 19:17:00,1.124,1.12401,1.12384,1.12401,0.0
2026-10-01 19:18:00,1.12401,1.12401,1.12373,1.12379,0.0
2026-10-01 19:19:00,1.12388,1.12388,1.12378,1.1238,0.0
2026-10-01 19:20:00,1.12381,1.12389,1.12378,1.12388,0.0
2026-10-01 19:21:00,1.12386,1.12388,1.12381,1.12388,0.0
2026-10-01 19:22:00,1.12383,1.124,1.12383,1.12396,0.0
2026-10-01 19:23:00,1.12391,1.12398,1.12387,1.12398,0.0
2026-10-01 19:24:00,1.12395,1.12409,1.12391,1.12405,0.0
2026-10-01 19:25:00,1.12398,1.12406,1.12398,1.12406,0.0
2026-10-01 19:26:00,1.12404,1.12409,1.12402,1.12408,0.0
2026-10-01 19:27:00,1.12406,1.12406,1.12394,1.12406,0.0
2026-10-01 19:28:00,1.12405,1.1241,1.12399,1.12405,0.0
2026-10-01 19:29:00,1.12402,1.12419,1.12402,1.12415,0.0
2026-10-01 19:30:00,1.1241,1.12422,1.1241,1.12421,0.0
2026-10-01 19:31:00,1.12415,1.12436,1.12415,1.12431,0.0
2026-10-01 19:32:00,1.12425,1.12435,1.12425,1.12435,0.0
2026-10-01 19:33:00,1.12432,1.12432,1.12421,1.12424,0.0
2026-10-01 19:34:00,1.12431,1.12438,1.12409,1.12416,0.0
2026-10-01 19:35:00,1.12428,1.12428,1.1241,1.12412,0.0
2026-10-01 19:36:00,1.12416,1.12423,1.12408,1.12422,0.0
2026-10-01 19:37:00,1.12419,1.12419,1.12396,1.12402,0.0
2026-10-01 19:38:00,1.12412,1.12418,1.12404,1.12405,0.0
2026-10-01 19:39:00,1.12407,1.1242,1.12407,1.12419,0.0
2026-10-01 19:40:00,1.12416,1.12418,1.12408,1.12416,0.0
2026-10-01 19:41:00,1.12416,1.12419,1.12409,1.12411,0.0
2026-10-01 19:42:00,1.12411,1.12436,1.12408,1.1243,0.0
2026-10-01 19:43:00,1.12422,1.12435,1.12422,1.12435,0.0
2026-10-01 19:44:00,1.12431,1.12438,1.12423,1.12437,0.0
2026-10-01 19:45:00,1.12434,1.12438,1.12433,1.12437,0.0
2026-10-01 19:46:00,1.12433,1.12443,1.12433,1.12442,0.0
2026-10-01 19:47:00,1.12439,1.12443,1.12424,1.12442,0.0
2026-10-01 19:48:00,1.12439,1.12439,1.12409,1.12415,0.0
2026-10-01 19:49:00,1.12425,1.12425,1.12411,1.12413,0.0
2026-10-01 19:50:00,1.12416,1.1243,1.12415,1.12426,0.0
2026-10-01 19:51:00,1.12413,1.12439,1.12413,1.12436,0.0
2026-10-01 19:52:00,1.12431,1.1244,1.12423,1.12439,0.0
2026-10-01 19:53:00,1.12435,1.12438,1.12424,1.12425,0.0
2026-10-01 19:54:00,1.1243,1.12446,1.12416,1.12442,0.0
2026-10-01 19:55:00,1.12435,1.12435,1.12416,1.12418,0.0
2026-10-01 19:56:00,1.12421,1.12428,1.12419,1.12426,0.0
2026-10-01 19:57:00,1.12421,1.12432,1.1242,1.12431,0.0
2026-10-01 19:58:00,1.12428,1.12428,1.12414,1.12417,0.0
2026-10-01 19:59:00,1.12422,1.12424,1.1241,1.12424,0.0
2026-10-01 20:00:00,1.12422,1.12422,1.12409,1.1241,0.0
2026-10-01 20:01:00,1.12414,1.12438,1.12414,1.12431,0.0
2026-10-01 20:02:00,1.12412,1.12449,1.12412,1.12444,0.0
2026-10-01 20:03:00,1.12437,1.12448,1.12437,1.12447,0.0
2026-10-01 20:04:00,1.12443,1.12447,1.12435,1.12446,0.0
2026-10-01 20:05:00,1.12444,1.12444,1.12429,1.12433,0.0
2026-10-01 20:06:00,1.12438,1.12438,1.12418,1.12423,0.0
2026-10-01 20:07:00,1.1243,1.1243,1.12414,1.12416,0.0
2026-10-01 20:08:00,1.1242,1.12428,1.1242,1.12426,0.0
2026-10-01 20:09:00,1.12419,1.12434,1.12419,1.12431,0.0
2026-10-01 20:10:00,1.12427,1.12435,1.12427,1.12434,0.0
2026-10-01 20:11:00,1.12431,1.12438,1.12429,1.12437,0.0
2026-10-01 20:12:00,1.12434,1.12436,1.1243,1.12436,0.0
2026-10-01 20:13:00,1.12433,1.12433,1.12423,1.12426,0.0
2026-10-01 20:14:00,1.1243,1.1243,1.1242,1.12422,0.0
