datetime,open,high,low,close,volume
2026-08-10 09:00:00,1.1561,1.15637,1.15569,1.15569,0.0
2026-08-10 10:00:00,1.15569,1.1558,1.15544,1.15555,0.0
2026-08-10 11:00:00,1.15554,1.15564,1.15491,1.15524,0.0
2026-08-10 12:00:00,1.15523,1.15549,1.15459,1.1547,0.0
2026-08-10 13:00:00,1.1547,1.15536,1.1544,1.1545,0.0
2026-08-10 14:00:00,1.1545,1.15556,1.15444,1.15519,0.0
2026-08-10 15:00:00,1.1552,1.15532,1.15464,1.15521,0.0
2026-08-10 16:00:00,1.15517,1.15542,1.15451,1.15471,0.0
2026-08-10 17:00:00,1.15471,1.15477,1.15411,1.15429,0.0
2026-08-10 18:00:00,1.15429,1.15448,1.15401,1.15422,0.0
2026-08-10 19:00:00,1.15422,1.15432,1.15403,1.15415,0.0
2026-08-10 20:00:00,1.15415,1.15438,1.15415,1.15438,0.0
2026-08-10 21:00:00,1.15438,1.15471,1.15422,1.15425,0.0
2026-08-10 22:00:00,1.15426,1.15443,1.15423,1.15438,0.0
2026-08-10 23:00:00,1.15438,1.15467,1.15424,1.15461,0.0
2026-08-11 00:00:00,1.15461,1.15497,1.15455,1.15462,0.0
2026-08-11 01:00:00,1.15462,1.15498,1.15431,1.15463,0.0
2026-08-11 02:00:00,1.15463,1.15464,1.15388,1.15398,0.0
2026-08-11 03:00:00,1.15399,1.15451,1.15396,1.15429,0.0
2026-08-11 04:00:00,1.15429,1.15453,1.15393,1.15429,0.0
2026-08-11 05:00:00,1.15428,1.1543,1.15388,1.15411,0.0
2026-08-11 06:00:00,1.15411,1.15435,1.1533,1.15365,0.0
2026-08-11 07:00:00,1.15366,1.15401,1.15319,1.15321,0.0
2026-08-11 08:00:00,1.15321,1.15387,1.15315,1.15362,0.0
2026-08-11 09:00:00,1.15363,1.15374,1.1533,1.15372,0.0
2026-08-11 10:00:00,1.15372,1.15384,1.15335,1.15366,0.0
2026-08-11 11:00:00,1.15366,1.15436,1.15346,1.15364,0.0
2026-08-11 12:00:00,1.15365,1.15442,1.1534,1.15415,0.0
2026-08-11 13:00:00,1.15415,1.15484,1.15392,1.15442,0.0
2026-08-11 14:00:00,1.1544,1.15441,1.15379,1.15426,0.0
2026-08-11 15:00:00,1.15426,1.15447,1.15366,1.15426,0.0
2026-08-11 16:00:00,1.1543,1.15436,1.15392,1.15395,0.0
2026-08-11 17:00:00,1.15395,1.15402,1.15344,1.1538,0.0
2026-08-11 18:00:00,1.1538,1.15422,1.15355,1.15405,0.0
2026-08-11 19:00:00,1.15406,1.1543,1.154,1.15428,0.0
2026-08-11 20:00:00,1.15429,1.15437,1.15395,1.15424,0.0
2026-08-11 21:00:00,1.15418,1.15418,1.15396,1.15407,0.0
2026-08-11 22:00:00,1.15407,1.15435,1.15407,1.15435,0.0
2026-08-11 23:00:00,1.15435,1.15437,1.15413,1.15436,0.0
2026-08-12 00:00:00,1.15436,1.15448,1.15396,1.15408,0.0
2026-08-12 01:00:00,1.15408,1.15409,1.15367,1.15384,0.0
2026-08-12 02:00:00,1.15384,1.15401,1.15353,1.15385,0.0
2026-08-12 03:00:00,1.15385,1.15386,1.15351,1.15355,0.0
2026-08-12 04:00:00,1.15355,1.15365,1.15331,1.15359,0.0
2026-08-12 05:00:00,1.15359,1.15359,1.15323,1.15341,0.0
2026-08-12 06:00:00,1.15339,1.15372,1.15335,1.15372,0.0
2026-08-12 07:00:00,1.15373,1.15395,1.1536,1.15375,0.0
2026-08-12 08:00:00,1.15375,1.15401,1.15346,1.15373,0.0
2026-08-12 09:00:00,1.15373,1.15497,1.15349,1.15363,0.0
2026-08-12 10:00:00,1.15362,1.15391,1.15327,1.1535,0.0
2026-08-12 11:00:00,1.1535,1.15455,1.1534,1.15435,0.0
2026-08-12 12:00:00,1.15435,1.15597,1.1534,1.15596,0.0
2026-08-12 13:00:00,1.15595,1.15629,1.15461,1.15521,0.0
2026-08-12 14:00:00,1.15522,1.15544,1.15392,1.15431,0.0
2026-08-12 15:00:00,1.15431,1.1544,1.15353,1.15395,0.0
2026-08-12 16:00:00,1.15395,1.15401,1.15248,1.15282,0.0
2026-08-12 17:00:00,1.15281,1.15307,1.15214,1.15215,0.0
2026-08-12 18:00:00,1.15215,1.1527,1.152,1.15211,0.0
2026-08-12 19:00:00,1.15211,1.15247,1.15199,1.15223,0.0
2026-08-12 20:00:00,1.15224,1.15263,1.15215,1.15254,0.0
2026-08-12 21:00:00,1.1526,1.15305,1.15223,1.15229,0.0
2026-08-12 22:00:00,1.15229,1.1527,1.15229,1.15268,0.0
2026-08-12 23:00:00,1.15268,1.15279,1.15264,1.15279,0.0
2026-08-13 00:00:00,1.15279,1.15314,1.15267,1.1529,0.0
2026-08-13 01:00:00,1.1529,1.15311,1.15236,1.15249,0.0
2026-08-13 02:00:00,1.15249,1.15256,1.152,1.15218,0.0
2026-08-13 03:00:00,1.15218,1.15243,1.15202,1.15226,0.0
2026-08-13 04:00:00,1.15226,1.1527,1.15201,1.1526,0.0
2026-08-13 05:00:00,1.1526,1.15272,1.15234,1.15251,0.0
2026-08-13 06:00:00,1.15251,1.15261,1.15119,1.15183,0.0
2026-08-13 07:00:00,1.15183,1.15278,1.1517,1.15258,0.0
2026-08-13 08:00:00,1.15257,1.15286,1.15227,1.15242,0.0
2026-08-13 09:00:00,1.15241,1.15347,1.15233,1.15347,0.0
2026-08-13 10:00:00,1.15345,1.15386,1.15339,1.1536,0.0
2026-08-13 11:00:00,1.15359,1.15387,1.15326,1.15339,0.0
2026-08-13 12:00:00,1.15341,1.15444,1.15259,1.1544,0.0
2026-08-13 13:00:00,1.15439,1.15453,1.15307,1.15338,0.0
2026-08-13 14:00:00,1.15343,1.15455,1.15316,1.15441,0.0
2026-08-13 15:00:00,1.1544,1.15454,1.15302,1.15305,0.0
2026-08-13 16:00:00,1.15306,1.15329,1.15244,1.15298,0.0
2026-08-13 17:00:00,1.15296,1.15315,1.15258,1.15279,0.0
2026-08-13 18:00:00,1.1528,1.15322,1.15265,1.1529,0.0
2026-08-13 19:00:00,1.1529,1.15314,1.15276,1.15289,0.0
2026-08-13 20:00:00,1.15288,1.15301,1.15263,1.1529,0.0
2026-08-13 21:00:00,1.15283,1.15314,1.15265,1.15281,0.0
2026-08-13 22:00:00,1.15281,1.15318,1.15281,1.15316,0.0
2026-08-13 23:00:00,1.15316,1.15344,1.15315,1.1534,0.0
2026-08-14 00:00:00,1.1534,1.15392,1.15337,1.15384,0.0
2026-08-14 01:00:00,1.15384,1.15384,1.15322,1.1534,0.0
2026-08-14 02:00:00,1.15341,1.15374,1.15336,1.15345,0.0
2026-08-14 03:00:00,1.15344,1.15393,1.1534,1.15372,0.0
2026-08-14 04:00:00,1.15372,1.15404,1.15368,1.15388,0.0
2026-08-14 05:00:00,1.15388,1.15427,1.15384,1.15418,0.0
2026-08-14 06:00:00,1.15419,1.15445,1.15389,1.15445,0.0
2026-08-14 07:00:00,1.15445,1.15512,1.15432,1.15509,0.0
2026-08-14 08:00:00,1.15509,1.15577,1.15505,1.15559,0.0
2026-08-14 09:00:00,1.15558,1.15569,1.15511,1.15547,0.0
2026-08-14 10:00:00,1.15547,1.15562,1.15522,1.15556,0.0
2026-08-14 11:00:00,1.15556,1.15719,1.15556,1.15654,0.0
2026-08-14 12:00:00,1.15654,1.15785,1.15631,1.15662,0.0
2026-08-14 13:00:00,1.15661,1.15843,1.15622,1.15804,0.0
2026-08-14 14:00:00,1.15805,1.15854,1.15772,1.15808,0.0
2026-08-14 15:00:00,1.15807,1.15852,1.15772,1.15801,0.0
2026-08-14 16:00:00,1.15803,1.15819,1.15703,1.15711,0.0
2026-08-14 17:00:00,1.15711,1.15712,1.1563,1.15647,0.0
2026-08-14 18:00:00,1.15648,1.1567,1.15633,1.15655,0.0
2026-08-14 19:00:00,1.15655,1.15691,1.15646,1.15684,0.0
2026-08-14 20:00:00,1.15684,1.15698,1.15674,1.15692,0.0
2026-08-17 00:00:00,1.15737,1.15809,1.15737,1.15805,0.0
2026-08-17 01:00:00,1.15802,1.15837,1.15782,1.15835,0.0
2026-08-17 02:00:00,1.15836,1.15844,1.15791,1.15799,0.0
2026-08-17 03:00:00,1.15798,1.15837,1.15786,1.15836,0.0
2026-08-17 04:00:00,1.15836,1.15881,1.15828,1.15848,0.0
2026-08-17 05:00:00,1.15848,1.15893,1.15829,1.15873,0.0
2026-08-17 06:00:00,1.15872,1.15968,1.15836,1.15958,0.0
2026-08-17 07:00:00,1.15958,1.16119,1.15929,1.16061,0.0
2026-08-17 08:00:00,1.16066,1.16141,1.15955,1.1599,0.0
2026-08-17 09:00:00,1.15989,1.16025,1.1596,1.15969,0.0
2026-08-17 10:00:00,1.15969,1.15983,1.15896,1.15905,0.0
2026-08-17 11:00:00,1.15904,1.15954,1.15877,1.15924,0.0
2026-08-17 12:00:00,1.15924,1.15978,1.15873,1.15976,0.0
2026-08-17 13:00:00,1.15976,1.15998,1.15879,1.15947,0.0
2026-08-17 14:00:00,1.15947,1.15992,1.15862,1.15868,0.0
2026-08-17 15:00:00,1.15868,1.15901,1.15817,1.15901,0.0
2026-08-17 16:00:00,1.15901,1.15919,1.15852,1.15884,0.0
2026-08-17 17:00:00,1.15884,1.15897,1.15762,1.15773,0.0
2026-08-17 18:00:00,1.15773,1.15785,1.15711,1.15725,0.0
2026-08-17 19:00:00,1.15726,1.15806,1.15723,1.15789,0.0
2026-08-17 20:00:00,1.15789,1.15808,1.15773,1.15808,0.0
2026-08-17 21:00:00,1.15813,1.15849,1.1578,1.15781,0.0
2026-08-17 22:00:00,1.1578,1.15803,1.15778,1.15788,0.0
2026-08-17 23:00:00,1.15788,1.15837,1.15783,1.15828,0.0
2026-08-18 00:00:00,1.15828,1.1585,1.15778,1.15826,0.0
2026-08-18 01:00:00,1.15825,1.15859,1.15789,1.15795,0.0
2026-08-18 02:00:00,1.15797,1.15805,1.15753,1.15803,0.0
2026-08-18 03:00:00,1.15803,1.15803,1.15717,1.15734,0.0
2026-08-18 04:00:00,1.15733,1.15749,1.15701,1.15716,0.0
2026-08-18 05:00:00,1.15716,1.15743,1.15694,1.15731,0.0
2026-08-18 06:00:00,1.15731,1.15748,1.15667,1.15722,0.0
2026-08-18 07:00:00,1.15721,1.15775,1.15696,1.15739,0.0
2026-08-18 08:00:00,1.1574,1.15776,1.15692,1.15763,0.0
2026-08-18 09:00:00,1.15762,1.15799,1.15727,1.15793,0.0
2026-08-18 10:00:00,1.15793,1.15793,1.1574,1.15762,0.0
2026-08-18 11:00:00,1.15762,1.15769,1.15726,1.15767,0.0
2026-08-18 12:00:00,1.15767,1.15794,1.15717,1.15746,0.0
2026-08-18 13:00:00,1.15746,1.1585,1.15714,1.15806,0.0
2026-08-18 14:00:00,1.15806,1.15884,1.15804,1.15811,0.0
2026-08-18 15:00:00,1.1581,1.15863,1.15768,1.15792,0.0
2026-08-18 16:00:00,1.15792,1.15856,1.15786,1.15797,0.0
2026-08-18 17:00:00,1.15797,1.15804,1.15745,1.15766,0.0
2026-08-18 18:00:00,1.15766,1.15788,1.15743,1.15757,0.0
2026-08-18 19:00:00,1.15757,1.15809,1.15741,1.15747,0.0
2026-08-18 20:00:00,1.15748,1.15765,1.15718,1.15755,0.0
2026-08-18 21:00:00,1.1576,1.15784,1.15741,1.15751,0.0
2026-08-18 22:00:00,1.15747,1.15769,1.15743,1.15763,0.0
2026-08-18 23:00:00,1.15763,1.15784,1.15734,1.15761,0.0
2026-08-19 00:00:00,1.15761,1.15818,1.15734,1.15744,0.0
2026-08-19 01:00:00,1.15743,1.15778,1.15702,1.15772,0.0
2026-08-19 02:00:00,1.15772,1.15873,1.15767,1.15824,0.0
2026-08-19 03:00:00,1.15824,1.15849,1.15811,1.15813,0.0
2026-08-19 04:00:00,1.15813,1.15867,1.15809,1.15858,0.0
2026-08-19 05:00:00,1.15858,1.15895,1.15847,1.15886,0.0
2026-08-19 06:00:00,1.15886,1.15987,1.15878,1.15946,0.0
2026-08-19 07:00:00,1.15947,1.15977,1.15916,1.15966,0.0
2026-08-19 08:00:00,1.15966,1.16051,1.15956,1.15981,0.0
2026-08-19 09:00:00,1.15981,1.1608,1.15965,1.16064,0.0
2026-08-19 10:00:00,1.16064,1.16119,1.16052,1.16067,0.0
2026-08-19 11:00:00,1.16066,1.16087,1.15995,1.1603,0.0
2026-08-19 12:00:00,1.16029,1.16435,1.16026,1.16355,0.0
2026-08-19 13:00:00,1.16356,1.16596,1.16356,1.16565,0.0
2026-08-19 14:00:00,1.16565,1.16773,1.16538,1.16631,0.0
2026-08-19 15:00:00,1.16634,1.16681,1.16568,1.16639,0.0
2026-08-19 16:00:00,1.16639,1.16721,1.16637,1.16686,0.0
2026-08-19 17:00:00,1.16685,1.16722,1.16585,1.16588,0.0
2026-08-19 18:00:00,1.16591,1.16752,1.16589,1.16735,0.0
2026-08-19 19:00:00,1.16736,1.16793,1.167,1.16773,0.0
2026-08-19 20:00:00,1.16773,1.16792,1.16751,1.16775,0.0
2026-08-19 21:00:00,1.16775,1.16788,1.16753,1.16767,0.0
2026-08-19 22:00:00,1.16766,1.16802,1.16751,1.16753,0.0
2026-08-19 23:00:00,1.16753,1.16775,1.16728,1.16744,0.0
2026-08-20 00:00:00,1.16744,1.16799,1.16724,1.16746,0.0
2026-08-20 01:00:00,1.16744,1.16828,1.16701,1.16765,0.0
2026-08-20 02:00:00,1.16765,1.16833,1.16729,1.1675,0.0
2026-08-20 03:00:00,1.1675,1.168,1.16743,1.16794,0.0
2026-08-20 04:00:00,1.16795,1.16803,1.16719,1.16729,0.0
2026-08-20 05:00:00,1.16729,1.16775,1.16703,1.16763,0.0
2026-08-20 06:00:00,1.16761,1.16883,1.16734,1.16881,0.0
2026-08-20 07:00:00,1.16881,1.16935,1.16783,1.16928,0.0
2026-08-20 08:00:00,1.16927,1.16998,1.16889,1.16987,0.0
2026-08-20 09:00:00,1.16987,1.17097,1.16957,1.17071,0.0
2026-08-20 10:00:00,1.17071,1.17106,1.16944,1.16971,0.0
2026-08-20 11:00:00,1.16971,1.16981,1.16827,1.16847,0.0
2026-08-20 12:00:00,1.16847,1.16903,1.16781,1.16886,0.0
2026-08-20 13:00:00,1.16886,1.16947,1.1675,1.16758,0.0
2026-08-20 14:00:00,1.16754,1.16851,1.16709,1.1683,0.0
2026-08-20 15:00:00,1.1683,1.16936,1.16723,1.1679,0.0
2026-08-20 16:00:00,1.16791,1.168,1.16693,1.16733,0.0
2026-08-20 17:00:00,1.16733,1.16751,1.16702,1.16745,0.0
2026-08-20 18:00:00,1.16746,1.16765,1.16709,1.16761,0.0
2026-08-20 19:00:00,1.16761,1.16785,1.16734,1.16779,0.0
2026-08-20 20:00:00,1.1678,1.16799,1.16761,1.16784,0.0
2026-08-20 21:00:00,1.16785,1.16793,1.16771,1.16779,0.0
2026-08-20 22:00:00,1.1678,1.16844,1.1678,1.16834,0.0
2026-08-20 23:00:00,1.16834,1.1688,1.16833,1.16875,0.0
2026-08-21 00:00:00,1.16876,1.16897,1.16831,1.16833,0.0
2026-08-21 01:00:00,1.16833,1.16931,1.16831,1.16904,0.0
2026-08-21 02:00:00,1.16904,1.17009,1.16882,1.1696,0.0
2026-08-21 03:00:00,1.1696,1.16984,1.16917,1.16943,0.0
2026-08-21 04:00:00,1.16943,1.16954,1.16912,1.16932,0.0
2026-08-21 05:00:00,1.16932,1.16993,1.16903,1.1698,0.0
2026-08-21 06:00:00,1.1698,1.16984,1.16904,1.1698,0.0
2026-08-21 07:00:00,1.16981,1.17005,1.16868,1.1691,0.0
2026-08-21 08:00:00,1.1691,1.17064,1.16895,1.17053,0.0
2026-08-21 09:00:00,1.17053,1.17113,1.17002,1.17002,0.0
2026-08-21 10:00:00,1.17002,1.17105,1.16991,1.17022,0.0
2026-08-21 11:00:00,1.1702,1.17098,1.16963,1.17008,0.0
2026-08-21 12:00:00,1.17008,1.17031,1.16852,1.16906,0.0
2026-08-21 13:00:00,1.16906,1.16912,1.16788,1.16834,0.0
2026-08-21 14:00:00,1.16834,1.16834,1.16691,1.16725,0.0
2026-08-21 15:00:00,1.16731,1.16839,1.16711,1.16832,0.0
2026-08-21 16:00:00,1.16832,1.16872,1.16799,1.16818,0.0
2026-08-21 17:00:00,1.16818,1.1683,1.16773,1.16804,0.0
2026-08-21 18:00:00,1.16804,1.1684,1.16802,1.16829,0.0
2026-08-21 19:00:00,1.16829,1.1683,1.16777,1.16788,0.0
2026-08-21 20:00:00,1.16789,1.16792,1.16743,1.16767,0.0
2026-08-24 00:00:00,1.16825,1.16873,1.16823,1.16851,0.0
2026-08-24 01:00:00,1.16852,1.16864,1.16768,1.16818,0.0
2026-08-24 02:00:00,1.16818,1.16848,1.16797,1.1682,0.0
2026-08-24 03:00:00,1.1682,1.16822,1.16782,1.16799,0.0
2026-08-24 04:00:00,1.168,1.16829,1.16755,1.16828,0.0
2026-08-24 05:00:00,1.16829,1.1683,1.16761,1.16806,0.0
2026-08-24 06:00:00,1.16806,1.16808,1.16742,1.16777,0.0
2026-08-24 07:00:00,1.16776,1.16805,1.16647,1.16673,0.0
2026-08-24 08:00:00,1.16673,1.16679,1.16606,1.16632,0.0
2026-08-24 09:00:00,1.16632,1.16671,1.16604,1.16643,0.0
2026-08-24 10:00:00,1.16644,1.1667,1.16621,1.16643,0.0
2026-08-24 11:00:00,1.16644,1.16735,1.16629,1.16667,0.0
2026-08-24 12:00:00,1.16668,1.16735,1.16621,1.16693,0.0
2026-08-24 13:00:00,1.16695,1.16748,1.16637,1.16653,0.0
2026-08-24 14:00:00,1.16652,1.16721,1.16631,1.16655,0.0
2026-08-24 15:00:00,1.16655,1.16723,1.16638,1.16646,0.0
2026-08-24 16:00:00,1.16646,1.16696,1.16629,1.16649,0.0
2026-08-24 17:00:00,1.16649,1.16665,1.16554,1.16595,0.0
2026-08-24 18:00:00,1.16595,1.16654,1.16573,1.1664,0.0
2026-08-24 19:00:00,1.16641,1.16641,1.16594,1.16614,0.0
2026-08-24 20:00:00,1.16614,1.16644,1.16605,1.16639,0.0
2026-08-24 21:00:00,1.1664,1.16657,1.16618,1.16639,0.0
2026-08-24 22:00:00,1.16639,1.16652,1.16629,1.16647,0.0
2026-08-24 23:00:00,1.16647,1.16686,1.16642,1.1668,0.0
2026-08-25 00:00:00,1.1668,1.1671,1.16673,1.16687,0.0
2026-08-25 01:00:00,1.16687,1.16688,1.16621,1.16631,0.0
2026-08-25 02:00:00,1.16631,1.16648,1.1659,1.16606,0.0
2026-08-25 03:00:00,1.16606,1.16624,1.16587,1.16605,0.0
2026-08-25 04:00:00,1.16605,1.16606,1.16551,1.16558,0.0
2026-08-25 05:00:00,1.16558,1.16568,1.16531,1.16536,0.0
2026-08-25 06:00:00,1.16536,1.16591,1.16512,1.16526,0.0
2026-08-25 07:00:00,1.16528,1.1663,1.16528,1.16588,0.0
2026-08-25 08:00:00,1.16588,1.16678,1.16576,1.16674,0.0
2026-08-25 09:00:00,1.16675,1.16739,1.16661,1.16682,0.0
2026-08-25 10:00:00,1.16681,1.16684,1.16593,1.16624,0.0
2026-08-25 11:00:00,1.16624,1.16646,1.16585,1.16598,0.0
2026-08-25 12:00:00,1.16598,1.16665,1.16598,1.16664,0.0
2026-08-25 13:00:00,1.16664,1.16754,1.16644,1.16743,0.0
2026-08-25 14:00:00,1.16741,1.16748,1.16665,1.16696,0.0
2026-08-25 15:00:00,1.16696,1.16753,1.16672,1.16731,0.0
2026-08-25 16:00:00,1.16731,1.16737,1.1668,1.16715,0.0
2026-08-25 17:00:00,1.16715,1.16747,1.16692,1.16743,0.0
2026-08-25 18:00:00,1.16743,1.16753,1.16717,1.16742,0.0
2026-08-25 19:00:00,1.16743,1.1679,1.16687,1.16763,0.0
2026-08-25 20:00:00,1.16763,1.16796,1.16736,1.16737,0.0
2026-08-25 21:00:00,1.16747,1.16775,1.16713,1.16725,0.0
2026-08-25 22:00:00,1.16725,1.16771,1.16725,1.16768,0.0
2026-08-25 23:00:00,1.16768,1.16769,1.16726,1.16744,0.0
2026-08-26 00:00:00,1.16744,1.16756,1.16711,1.16726,0.0
2026-08-26 01:00:00,1.16726,1.16742,1.1669,1.16703,0.0
2026-08-26 02:00:00,1.16703,1.16729,1.16668,1.16676,0.0
2026-08-26 03:00:00,1.16676,1.16685,1.1664,1.16647,0.0
2026-08-26 04:00:00,1.16647,1.16649,1.16606,1.16621,0.0
2026-08-26 05:00:00,1.16621,1.16669,1.16607,1.16644,0.0
2026-08-26 06:00:00,1.16644,1.16676,1.166,1.1667,0.0
2026-08-26 07:00:00,1.1667,1.16731,1.1667,1.1671,0.0
2026-08-26 08:00:00,1.1671,1.16769,1.16696,1.16712,0.0
2026-08-26 09:00:00,1.16712,1.16713,1.16637,1.16662,0.0
2026-08-26 10:00:00,1.16662,1.16664,1.16611,1.1662,0.0
2026-08-26 11:00:00,1.1662,1.16693,1.16604,1.16689,0.0
2026-08-26 12:00:00,1.16689,1.16747,1.16556,1.1656,0.0
2026-08-26 13:00:00,1.1656,1.1659,1.16517,1.16528,0.0
2026-08-26 14:00:00,1.16527,1.16533,1.16421,1.16452,0.0
2026-08-26 15:00:00,1.16452,1.16544,1.1645,1.16504,0.0
2026-08-26 16:00:00,1.16504,1.16544,1.16492,1.16498,0.0
2026-08-26 17:00:00,1.16497,1.16544,1.16488,1.16528,0.0
2026-08-26 18:00:00,1.16529,1.16545,1.16503,1.16513,0.0
2026-08-26 19:00:00,1.16514,1.16537,1.16502,1.16535,0.0
2026-08-26 20:00:00,1.16535,1.1655,1.16517,1.16521,0.0
2026-08-26 21:00:00,1.16511,1.16538,1.16496,1.16535,0.0
2026-08-26 22:00:00,1.16535,1.16552,1.16534,1.16544,0.0
2026-08-26 22:32:51,1.16546,1.16552,1.16538,1.16544,0.0
2026-08-26 23:00:00,1.16544,1.16564,1.16541,1.16555,0.0
2026-08-27 00:00:00,1.16555,1.16583,1.1654,1.16565,0.0
2026-08-27 01:00:00,1.16565,1.16592,1.16555,1.1658,0.0
2026-08-27 02:00:00,1.1658,1.16595,1.16546,1.16557,0.0
2026-08-27 03:00:00,1.16557,1.16562,1.16536,1.16543,0.0
2026-08-27 04:00:00,1.16543,1.1656,1.16542,1.16557,0.0
2026-08-27 05:00:00,1.16557,1.16577,1.1652,1.16544,0.0
2026-08-27 06:00:00,1.16544,1.16558,1.1652,1.16535,0.0
2026-08-27 07:00:00,1.16535,1.16563,1.16519,1.16548,0.0
2026-08-27 08:00:00,1.16549,1.16579,1.16478,1.16482,0.0
2026-08-27 09:00:00,1.16482,1.16484,1.16406,1.16409,0.0
2026-08-27 10:00:00,1.16409,1.16482,1.16385,1.16397,0.0
2026-08-27 11:00:00,1.16398,1.16439,1.16366,1.16411,0.0
2026-08-27 12:00:00,1.1641,1.16458,1.16397,1.16411,0.0
2026-08-27 13:00:00,1.16411,1.166,1.16401,1.16541,0.0
2026-08-27 14:00:00,1.1654,1.1658,1.16447,1.16447,0.0
2026-08-27 15:00:00,1.16448,1.16543,1.16445,1.16534,0.0
2026-08-27 16:00:00,1.16533,1.16545,1.16495,1.16523,0.0
2026-08-27 17:00:00,1.16522,1.1654,1.1647,1.1649,0.0
2026-08-27 18:00:00,1.16491,1.16501,1.16461,1.16489,0.0
2026-08-27 19:00:00,1.16489,1.16505,1.16474,1.16495,0.0
2026-08-27 20:00:00,1.16494,1.16526,1.16492,1.16526,0.0
2026-08-27 21:00:00,1.16534,1.16547,1.16495,1.16518,0.0
2026-08-27 22:00:00,1.16516,1.16546,1.16516,1.16534,0.0
2026-08-27 23:00:00,1.16534,1.16549,1.16524,1.16536,0.0
2026-08-28 00:00:00,1.16536,1.16544,1.16508,1.16533,0.0
2026-08-28 01:00:00,1.16533,1.16554,1.16495,1.16497,0.0
2026-08-28 02:00:00,1.16498,1.16508,1.16463,1.16508,0.0
2026-08-28 03:00:00,1.16508,1.16515,1.16456,1.16464,0.0
2026-08-28 04:00:00,1.16464,1.16466,1.16451,1.16456,0.0
2026-08-28 05:00:00,1.16456,1.16459,1.16428,1.16446,0.0
2026-08-28 06:00:00,1.16445,1.16493,1.16431,1.16484,0.0
2026-08-28 07:00:00,1.16483,1.16488,1.16419,1.16465,0.0
2026-08-28 08:00:00,1.16466,1.16488,1.16422,1.16445,0.0
2026-08-28 09:00:00,1.16445,1.16451,1.16398,1.16398,0.0
2026-08-28 10:00:00,1.16399,1.16492,1.16394,1.16491,0.0
2026-08-28 11:00:00,1.16491,1.16495,1.16447,1.16452,0.0
2026-08-28 12:00:00,1.16453,1.16503,1.16395,1.16492,0.0
2026-08-28 13:00:00,1.1649,1.165,1.16387,1.16387,0.0
2026-08-28 14:00:00,1.16382,1.16579,1.15946,1.16174,0.0
2026-08-28 15:00:00,1.16174,1.16206,1.15963,1.15977,0.0
2026-08-28 16:00:00,1.15978,1.15982,1.15849,1.1587,0.0
2026-08-28 17:00:00,1.1587,1.15891,1.15779,1.1581,0.0
2026-08-28 18:00:00,1.1581,1.15846,1.1578,1.15805,0.0
2026-08-28 19:00:00,1.15805,1.15877,1.15799,1.15861,0.0
2026-08-28 20:00:00,1.1586,1.15867,1.15796,1.15822,0.0
2026-08-28 20:00:01,1.1586,1.15867,1.15796,1.15822,0.0
2026-08-31 00:00:00,1.15888,1.15938,1.15856,1.15924,0.0
2026-08-31 01:00:00,1.15924,1.15946,1.15872,1.15941,0.0
2026-08-31 01:00:01,1.15924,1.15946,1.15872,1.15908,0.0
2026-08-31 02:00:00,1.15907,1.15929,1.15883,1.15925,0.0
2026-08-31 03:00:00,1.15925,1.15937,1.15894,1.15915,0.0
2026-08-31 04:00:00,1.15914,1.15928,1.15887,1.1591,0.0
2026-08-31 05:00:00,1.1591,1.15914,1.15874,1.15905,0.0
2026-08-31 06:00:00,1.15905,1.15913,1.15848,1.15889,0.0
2026-08-31 07:00:00,1.15889,1.15996,1.15848,1.15995,0.0
2026-08-31 07:00:01,1.15889,1.16034,1.15848,1.16027,0.0
2026-08-31 08:00:00,1.16027,1.16059,1.15932,1.15943,0.0
2026-08-31 09:00:00,1.15942,1.1601,1.15942,1.15991,0.0
2026-08-31 10:00:00,1.15992,1.16021,1.15967,1.15973,0.0
2026-08-31 11:00:00,1.15972,1.1603,1.15958,1.15965,0.0
2026-08-31 12:00:00,1.15964,1.16001,1.15917,1.15953,0.0
2026-08-31 13:00:00,1.15953,1.1601,1.15939,1.15997,0.0
2026-08-31 14:00:00,1.15997,1.16181,1.15953,1.16143,0.0
2026-08-31 15:00:00,1.16141,1.16172,1.16124,1.16163,0.0
2026-08-31 15:00:01,1.16141,1.16208,1.16124,1.16164,0.0
2026-08-31 16:00:00,1.16165,1.16178,1.16139,1.16167,0.0
2026-08-31 17:00:00,1.16166,1.1618,1.16147,1.16155,0.0
2026-08-31 18:00:00,1.16154,1.16176,1.16147,1.16156,0.0
2026-08-31 19:00:00,1.16156,1.16184,1.16146,1.16163,0.0
2026-08-31 20:00:00,1.16164,1.1618,1.16144,1.16167,0.0
2026-08-31 20:00:01,1.16164,1.1618,1.16144,1.16176,0.0
2026-08-31 21:00:00,1.16178,1.16191,1.16166,1.16185,0.0
2026-08-31 22:00:00,1.16187,1.16191,1.16144,1.1615,0.0
2026-08-31 23:00:00,1.16149,1.16184,1.16128,1.16183,0.0
2026-09-01 00:00:00,1.16183,1.16245,1.16159,1.16184,0.0
2026-09-01 01:00:00,1.16183,1.16189,1.16116,1.16123,0.0
2026-09-01 01:00:01,1.16183,1.16189,1.16074,1.16103,0.0
2026-09-01 02:00:00,1.16102,1.16106,1.16063,1.161,0.0
2026-09-01 03:00:00,1.161,1.161,1.16057,1.16059,0.0
2026-09-01 04:00:00,1.16057,1.16069,1.1603,1.16058,0.0
2026-09-01 05:00:00,1.16058,1.161,1.16058,1.16087,0.0
2026-09-01 06:00:00,1.16085,1.16087,1.16004,1.16028,0.0
2026-09-01 06:00:01,1.16083,1.16087,1.16004,1.1605,0.0
2026-09-01 07:00:00,1.1605,1.16069,1.1592,1.15954,0.0
2026-09-01 08:00:00,1.15954,1.15971,1.15883,1.15941,0.0
2026-09-01 09:00:00,1.15942,1.16013,1.15928,1.15933,0.0
2026-09-01 10:00:00,1.15933,1.15956,1.15901,1.15922,0.0
2026-09-01 11:00:00,1.15922,1.15959,1.159,1.15928,0.0
2026-09-01 12:00:00,1.15928,1.15932,1.15906,1.15907,0.0
2026-09-01 12:00:01,1.15926,1.15945,1.15883,1.15933,0.0
2026-09-01 13:00:00,1.15932,1.16021,1.15893,1.16013,0.0
2026-09-01 14:00:00,1.16013,1.16081,1.15947,1.15962,0.0
2026-09-01 15:00:00,1.15963,1.15987,1.15892,1.15922,0.0
2026-09-01 16:00:00,1.15922,1.15933,1.1585,1.15888,0.0
2026-09-01 16:00:01,1.15923,1.15933,1.1585,1.15857,0.0
2026-09-01 17:00:00,1.15856,1.15956,1.15852,1.15876,0.0
2026-09-01 18:00:00,1.15876,1.15909,1.15855,1.15905,0.0
2026-09-01 19:00:00,1.15903,1.1593,1.15891,1.15891,0.0
2026-09-01 19:00:01,1.15904,1.1593,1.15881,1.15898,0.0
2026-09-01 20:00:00,1.15898,1.1593,1.15874,1.15924,0.0
2026-09-01 21:00:00,1.15926,1.15927,1.1589,1.15921,0.0
2026-09-01 22:00:00,1.15921,1.1594,1.15921,1.15938,0.0
2026-09-01 22:00:01,1.15925,1.15964,1.15924,1.15928,0.0
2026-09-01 23:00:00,1.15928,1.15933,1.15907,1.15907,0.0
2026-09-02 00:00:00,1.15906,1.15919,1.15871,1.15897,0.0
2026-09-02 00:00:01,1.15907,1.15919,1.15834,1.15834,0.0
2026-09-02 01:00:00,1.15834,1.15844,1.15771,1.15791,0.0
2026-09-02 02:00:00,1.15791,1.15831,1.15763,1.15818,0.0
2026-09-02 03:00:00,1.15818,1.15826,1.15781,1.158,0.0
2026-09-02 04:00:00,1.158,1.158,1.15743,1.15758,0.0
2026-09-02 04:00:01,1.15799,1.158,1.15743,1.15759,0.0
2026-09-02 05:00:00,1.15759,1.1582,1.15737,1.15801,0.0
2026-09-02 06:00:00,1.15801,1.1585,1.15675,1.15676,0.0
2026-09-02 07:00:00,1.15678,1.1579,1.15664,1.15779,0.0
2026-09-02 08:00:00,1.15779,1.15822,1.15728,1.15734,0.0
2026-09-02 09:00:00,1.15734,1.15779,1.15723,1.15726,0.0
2026-09-02 09:00:01,1.15734,1.15779,1.15707,1.15716,0.0
2026-09-02 10:00:00,1.15716,1.15728,1.15671,1.15725,0.0
2026-09-02 11:00:00,1.15726,1.15791,1.15712,1.15774,0.0
2026-09-02 12:00:00,1.15773,1.15853,1.15757,1.15784,0.0
2026-09-02 13:00:00,1.15784,1.16089,1.1578,1.16045,0.0
2026-09-02 14:00:00,1.16045,1.16045,1.15934,1.15942,0.0
2026-09-02 14:00:01,1.16044,1.16044,1.15888,1.15934,0.0
2026-09-02 15:00:00,1.15934,1.1597,1.15896,1.15923,0.0
2026-09-02 16:00:00,1.15921,1.15941,1.15875,1.15875,0.0
2026-09-02 17:00:00,1.15873,1.15899,1.15835,1.15867,0.0
2026-09-02 17:00:01,1.15873,1.15899,1.15835,1.15867,0.0
2026-09-02 18:00:00,1.15867,1.15888,1.15846,1.15853,0.0
2026-09-02 19:00:00,1.15858,1.15877,1.15828,1.15875,0.0
2026-09-02 20:00:00,1.15874,1.159,1.15874,1.15891,0.0
2026-09-02 20:00:01,1.15877,1.159,1.1587,1.15885,0.0
2026-09-02 21:00:00,1.15882,1.15889,1.15872,1.15881,0.0
2026-09-02 22:00:00,1.15881,1.15894,1.15855,1.15871,0.0
2026-09-02 23:00:00,1.15871,1.15874,1.15853,1.15853,0.0
2026-09-02 23:00:01,1.15871,1.15874,1.15845,1.15852,0.0
2026-09-03 00:00:00,1.15852,1.1591,1.15837,1.15895,0.0
2026-09-03 01:00:00,1.15896,1.15901,1.15889,1.15891,0.0
2026-09-03 01:00:01,1.15896,1.15936,1.15852,1.15862,0.0
2026-09-03 02:00:00,1.15862,1.1595,1.15854,1.15912,0.0
2026-09-03 03:00:00,1.15912,1.15979,1.1591,1.15967,0.0
2026-09-03 04:00:00,1.15967,1.16004,1.15946,1.15957,0.0
2026-09-03 05:00:00,1.15956,1.16003,1.15936,1.16001,0.0
2026-09-03 05:00:01,1.15956,1.16006,1.15936,1.16002,0.0
2026-09-03 06:00:00,1.16002,1.16084,1.15963,1.16046,0.0
2026-09-03 07:00:00,1.16046,1.16147,1.16019,1.16041,0.0
2026-09-03 08:00:00,1.16041,1.16116,1.15998,1.16092,0.0
2026-09-03 09:00:00,1.16092,1.16124,1.16015,1.16058,0.0
2026-09-03 10:00:00,1.16058,1.1607,1.16044,1.16065,0.0
2026-09-03 10:00:01,1.16057,1.1607,1.15979,1.1604,0.0
2026-09-03 11:00:00,1.1604,1.16146,1.16019,1.16127,0.0
2026-09-03 12:00:00,1.16127,1.16302,1.16084,1.1626,0.0
2026-09-03 13:00:00,1.16258,1.16286,1.16174,1.16275,0.0
2026-09-03 14:00:00,1.16273,1.16276,1.16181,1.16186,0.0
2026-09-03 14:00:01,1.1623,1.16276,1.16135,1.16183,0.0
2026-09-03 15:00:00,1.16184,1.16275,1.16175,1.16231,0.0
2026-09-03 16:00:00,1.1623,1.16413,1.16214,1.16368,0.0
2026-09-03 17:00:00,1.16368,1.16386,1.16328,1.16328,0.0
2026-09-03 18:00:00,1.16328,1.16334,1.16328,1.16334,0.0
2026-09-03 18:00:01,1.16329,1.16366,1.16318,1.16347,0.0
2026-09-03 19:00:00,1.16347,1.16349,1.16253,1.16287,0.0
2026-09-03 20:00:00,1.16288,1.16301,1.1626,1.16274,0.0
2026-09-03 20:00:01,1.16289,1.16301,1.16253,1.16258,0.0
2026-09-03 21:00:00,1.16257,1.16303,1.16249,1.16269,0.0
2026-09-03 22:00:00,1.16269,1.16271,1.16241,1.16244,0.0
2026-09-03 22:00:01,1.16268,1.16271,1.1623,1.16233,0.0
2026-09-03 23:00:00,1.16232,1.16285,1.1623,1.1628,0.0
2026-09-04 00:00:00,1.1628,1.16314,1.16268,1.16275,0.0
2026-09-04 00:00:01,1.16281,1.16314,1.16253,1.1628,0.0
2026-09-04 01:00:00,1.16279,1.16316,1.16272,1.16301,0.0
2026-09-04 02:00:00,1.16301,1.16332,1.16261,1.16276,0.0
2026-09-04 03:00:00,1.16276,1.16287,1.16226,1.16229,0.0
2026-09-04 04:00:00,1.16229,1.16277,1.16228,1.16264,0.0
2026-09-04 04:00:01,1.16229,1.16277,1.16228,1.16266,0.0
2026-09-04 05:00:00,1.16266,1.16288,1.16248,1.1628,0.0
2026-09-04 06:00:00,1.1628,1.16302,1.16271,1.16273,0.0
2026-09-04 07:00:00,1.16273,1.16299,1.16213,1.1623,0.0
2026-09-04 08:00:00,1.16228,1.16255,1.16189,1.16252,0.0
2026-09-04 09:00:00,1.16252,1.16252,1.16215,1.16224,0.0
2026-09-04 09:00:01,1.1625,1.1625,1.16164,1.16172,0.0
2026-09-04 10:00:00,1.16172,1.16232,1.16168,1.16208,0.0
2026-09-04 11:00:00,1.16208,1.16238,1.16196,1.16206,0.0
2026-09-04 12:00:00,1.16206,1.16267,1.15853,1.16022,0.0
2026-09-04 13:00:00,1.16017,1.16181,1.15965,1.16132,0.0
2026-09-04 13:00:01,1.16017,1.16231,1.15965,1.16105,0.0
2026-09-04 14:00:00,1.16103,1.16217,1.16087,1.16153,0.0
2026-09-04 15:00:00,1.16155,1.16232,1.16125,1.16177,0.0
2026-09-04 16:00:00,1.16177,1.16246,1.16177,1.16206,0.0
2026-09-04 17:00:00,1.16207,1.16207,1.16152,1.1616,0.0
2026-09-04 17:00:01,1.16205,1.16205,1.16121,1.16126,0.0
2026-09-04 18:00:00,1.16126,1.16134,1.16086,1.16107,0.0
2026-09-04 19:00:00,1.16107,1.16148,1.16102,1.16145,0.0
2026-09-04 19:00:01,1.16106,1.16159,1.16102,1.16146,0.0
2026-09-04 19:00:02,1.16107,1.16159,1.16102,1.16146,0.0
2026-09-04 19:00:03,1.16107,1.16159,1.16102,1.16146,0.0
2026-09-04 19:00:04,1.16107,1.16159,1.16102,1.16146,0.0
2026-09-04 20:00:00,1.16147,1.16154,1.16117,1.16131,0.0
2026-09-07 00:00:00,1.16133,1.16137,1.16131,1.16131,0.0
2026-09-07 00:00:01,1.16133,1.16153,1.16127,1.16148,0.0
2026-09-07 00:00:02,1.16132,1.16189,1.16127,1.1618,0.0
2026-09-07 00:00:03,1.16133,1.162,1.16127,1.16195,0.0
2026-09-07 00:00:04,1.16134,1.16202,1.16127,1.16184,0.0
2026-09-07 01:00:00,1.16184,1.16186,1.16182,1.16183,0.0
2026-09-07 01:00:01,1.16186,1.16186,1.16151,1.16151,0.0
2026-09-07 01:00:02,1.16186,1.16186,1.16131,1.16164,0.0
2026-09-07 01:00:03,1.16182,1.16185,1.16131,1.16139,0.0
2026-09-07 01:00:04,1.16183,1.16185,1.16131,1.16135,0.0
2026-09-07 02:00:00,1.16136,1.16137,1.16135,1.16135,0.0
2026-09-07 02:00:01,1.16136,1.16137,1.16095,1.16096,0.0
2026-09-07 02:00:02,1.16137,1.16137,1.16089,1.16116,0.0
2026-09-07 02:00:03,1.16137,1.16137,1.16087,1.1609,0.0
2026-09-07 02:00:04,1.16137,1.16137,1.16074,1.16093,0.0
2026-09-07 03:00:00,1.16093,1.16093,1.16091,1.16091,0.0
2026-09-07 03:00:01,1.16093,1.16102,1.16084,1.16094,0.0
2026-09-07 03:00:02,1.16092,1.16122,1.16084,1.16119,0.0
2026-09-07 03:00:03,1.16092,1.16122,1.16084,1.16097,0.0
2026-09-07 03:00:04,1.16091,1.16122,1.16084,1.16117,0.0
2026-09-07 04:00:00,1.16117,1.1612,1.16116,1.16119,0.0
2026-09-07 04:00:01,1.16116,1.1612,1.16101,1.16107,0.0
2026-09-07 04:00:02,1.16117,1.1612,1.16099,1.16102,0.0
2026-09-07 04:00:03,1.16117,1.1612,1.16085,1.16095,0.0
2026-09-07 04:00:04,1.16116,1.1612,1.16085,1.16114,0.0
2026-09-07 05:00:00,1.16115,1.16115,1.16112,1.16112,0.0
2026-09-07 05:00:01,1.16115,1.16119,1.16101,1.16104,0.0
2026-09-07 05:00:02,1.16115,1.16119,1.16091,1.16105,0.0
2026-09-07 05:00:03,1.16114,1.16119,1.16091,1.16105,0.0
2026-09-07 05:00:04,1.16114,1.16145,1.16091,1.16143,0.0
2026-09-07 06:00:00,1.16144,1.16145,1.16127,1.1613,0.0
2026-09-07 06:00:01,1.16145,1.16145,1.16105,1.1611,0.0
2026-09-07 06:00:02,1.16144,1.16168,1.16105,1.16161,0.0
2026-09-07 06:00:03,1.16144,1.16194,1.16105,1.16175,0.0
2026-09-07 06:00:04,1.16144,1.16194,1.16105,1.16146,0.0
2026-09-07 07:00:00,1.16147,1.16151,1.16147,1.16151,0.0
2026-09-07 07:00:01,1.16149,1.16156,1.16114,1.16132,0.0
2026-09-07 07:00:02,1.16149,1.16178,1.16114,1.16177,0.0
2026-09-07 07:00:03,1.16149,1.16196,1.16114,1.16167,0.0
2026-09-07 07:00:04,1.16151,1.1624,1.16114,1.16238,0.0
2026-09-07 08:00:00,1.16237,1.16239,1.16234,1.16235,0.0
2026-09-07 08:00:01,1.16236,1.16319,1.16219,1.1631,0.0
2026-09-07 08:00:02,1.16236,1.16359,1.16219,1.1634,0.0
2026-09-07 08:00:03,1.16235,1.16359,1.16219,1.16255,0.0
2026-09-07 08:00:04,1.16235,1.16359,1.16211,1.16214,0.0
2026-09-07 09:00:00,1.16212,1.16221,1.16211,1.16221,0.0
2026-09-07 09:00:01,1.16212,1.16234,1.16204,1.16219,0.0
2026-09-07 09:00:02,1.16212,1.1625,1.16204,1.16242,0.0
2026-09-07 09:00:03,1.16212,1.1626,1.16204,1.16226,0.0
2026-09-07 09:00:04,1.16212,1.1626,1.16196,1.16204,0.0
2026-09-07 10:00:00,1.16204,1.16205,1.16199,1.16201,0.0
2026-09-07 10:00:01,1.16204,1.16236,1.16199,1.16221,0.0
2026-09-07 10:00:02,1.16204,1.16253,1.16199,1.16246,0.0
2026-09-07 10:00:03,1.16204,1.16253,1.16199,1.16252,0.0
2026-09-07 10:00:04,1.16205,1.16268,1.16199,1.16244,0.0
2026-09-07 11:00:00,1.16245,1.16248,1.16243,1.16244,0.0
2026-09-07 11:00:01,1.16243,1.16256,1.16221,1.16232,0.0
2026-09-07 11:00:02,1.16243,1.16256,1.16221,1.1624,0.0
2026-09-07 11:00:03,1.16244,1.16256,1.16221,1.16232,0.0
2026-09-07 11:00:04,1.16245,1.16256,1.1622,1.1623,0.0
2026-09-07 12:00:00,1.1623,1.16239,1.1623,1.16239,0.0
2026-09-07 12:00:01,1.16233,1.16247,1.16219,1.16219,0.0
2026-09-07 12:00:02,1.16235,1.16271,1.1621,1.16266,0.0
2026-09-07 12:00:03,1.16235,1.16283,1.1621,1.16277,0.0
2026-09-07 12:00:04,1.16236,1.16284,1.1621,1.16251,0.0
2026-09-07 13:00:00,1.1625,1.16254,1.1625,1.16254,0.0
2026-09-07 13:00:01,1.1625,1.16266,1.16241,1.16265,0.0
2026-09-07 13:00:02,1.16252,1.16266,1.16241,1.16244,0.0
2026-09-07 13:00:03,1.16251,1.16276,1.16241,1.16274,0.0
2026-09-07 13:00:04,1.16252,1.16296,1.16241,1.16286,0.0
2026-09-07 14:00:00,1.16289,1.16289,1.16286,1.16286,0.0
2026-09-07 14:00:01,1.16289,1.16321,1.16282,1.16307,0.0
2026-09-07 14:00:02,1.16289,1.16329,1.16282,1.16297,0.0
2026-09-07 14:00:03,1.16288,1.16329,1.16282,1.16297,0.0
2026-09-07 14:00:04,1.16288,1.16329,1.16271,1.16315,0.0
2026-09-07 15:00:00,1.16312,1.16317,1.16312,1.16315,0.0
2026-09-07 15:00:01,1.16314,1.16319,1.16269,1.16269,0.0
2026-09-07 15:00:02,1.16314,1.16319,1.16269,1.16308,0.0
2026-09-07 15:00:03,1.16314,1.16319,1.16269,1.1629,0.0
2026-09-07 15:00:04,1.16317,1.16319,1.16265,1.16277,0.0
2026-09-07 16:00:00,1.16277,1.16277,1.16272,1.16272,0.0
2026-09-07 16:00:01,1.16276,1.16278,1.16261,1.16271,0.0
2026-09-07 16:00:02,1.16277,1.16281,1.16261,1.16281,0.0
2026-09-07 16:00:03,1.16277,1.16298,1.16261,1.16298,0.0
2026-09-07 16:00:04,1.16276,1.16298,1.16261,1.16287,0.0
2026-09-07 17:00:00,1.16287,1.16287,1.16282,1.16282,0.0
2026-09-07 17:00:01,1.16287,1.16287,1.1626,1.16267,0.0
2026-09-07 17:00:02,1.16287,1.16287,1.16253,1.16254,0.0
2026-09-07 17:00:03,1.16287,1.16287,1.16248,1.16253,0.0
2026-09-07 17:00:04,1.16287,1.16287,1.16245,1.16257,0.0
2026-09-07 18:00:00,1.16256,1.16257,1.16256,1.16257,0.0
2026-09-07 18:00:01,1.16256,1.16258,1.16247,1.16248,0.0
2026-09-07 18:00:02,1.16257,1.16258,1.16236,1.16237,0.0
2026-09-07 18:00:03,1.16257,1.16258,1.16235,1.16241,0.0
2026-09-07 18:00:04,1.16257,1.16258,1.16229,1.16236,0.0
2026-09-07 19:00:00,1.16237,1.16237,1.16232,1.16232,0.0
2026-09-07 19:00:01,1.16237,1.16237,1.1623,1.16232,0.0
2026-09-07 19:00:02,1.16236,1.16237,1.16223,1.16224,0.0
2026-09-07 19:00:03,1.16237,1.16237,1.16212,1.16213,0.0
2026-09-07 19:00:04,1.16237,1.16237,1.16212,1.16223,0.0
2026-09-07 20:00:00,1.16223,1.16223,1.16216,1.16217,0.0
2026-09-07 20:00:01,1.16219,1.16221,1.16216,1.16221,0.0
2026-09-07 20:00:02,1.16219,1.16227,1.16216,1.16221,0.0
2026-09-07 20:00:03,1.16218,1.16227,1.16216,1.16225,0.0
2026-09-07 20:00:04,1.16218,1.16233,1.16216,1.16229,0.0
2026-09-07 21:00:00,1.16228,1.16231,1.16227,1.16229,0.0
2026-09-07 21:00:01,1.16227,1.16271,1.16221,1.16222,0.0
2026-09-07 21:00:02,1.16228,1.16271,1.16221,1.16235,0.0
2026-09-07 21:00:03,1.16228,1.16271,1.16221,1.16233,0.0
2026-09-07 21:00:04,1.16228,1.16271,1.16221,1.16235,0.0
2026-09-07 22:00:00,1.16236,1.16246,1.16236,1.16244,0.0
2026-09-07 22:00:01,1.16244,1.16251,1.16236,1.16242,0.0
2026-09-07 22:00:02,1.16245,1.16261,1.16236,1.16258,0.0
2026-09-07 22:00:03,1.16245,1.16261,1.16236,1.1625,0.0
2026-09-07 22:00:04,1.16244,1.16261,1.16236,1.16257,0.0
2026-09-07 23:00:00,1.16257,1.16257,1.16255,1.16256,0.0
2026-09-07 23:00:01,1.16256,1.16279,1.16255,1.16278,0.0
2026-09-07 23:00:02,1.16256,1.16301,1.16255,1.16285,0.0
2026-09-07 23:00:03,1.16256,1.16301,1.16255,1.16294,0.0
2026-09-07 23:00:04,1.16257,1.16301,1.16255,1.16279,0.0
2026-09-08 00:00:00,1.16279,1.16283,1.16278,1.16278,0.0
2026-09-08 00:00:01,1.1628,1.16313,1.16249,1.16255,0.0
2026-09-08 00:00:02,1.16282,1.16313,1.16241,1.16277,0.0
2026-09-08 00:00:03,1.16282,1.16313,1.16241,1.16265,0.0
2026-09-08 00:00:04,1.16283,1.16313,1.16241,1.16267,0.0
2026-09-08 01:00:00,1.16266,1.16271,1.16266,1.16269,0.0
2026-09-08 01:00:01,1.16267,1.16282,1.16258,1.16281,0.0
2026-09-08 01:00:02,1.16268,1.1633,1.16258,1.16317,0.0
2026-09-08 01:00:03,1.16267,1.1633,1.16258,1.16317,0.0
2026-09-08 01:00:04,1.16266,1.16331,1.16258,1.16331,0.0
2026-09-08 02:00:00,1.16334,1.16344,1.16334,1.1634,0.0
2026-09-08 02:00:01,1.16335,1.16348,1.16306,1.16314,0.0
2026-09-08 02:00:02,1.16337,1.16348,1.16277,1.16289,0.0
2026-09-08 02:00:03,1.16337,1.16348,1.16239,1.16261,0.0
2026-09-08 02:00:04,1.16337,1.16348,1.16238,1.1624,0.0
2026-09-08 03:00:00,1.1624,1.1624,1.16234,1.16237,0.0
2026-09-08 03:00:01,1.16237,1.16257,1.1623,1.16244,0.0
2026-09-08 03:00:02,1.16238,1.16263,1.1623,1.16255,0.0
2026-09-08 03:00:03,1.16238,1.16263,1.1623,1.16258,0.0
2026-09-08 03:00:04,1.16238,1.16274,1.1623,1.16244,0.0
2026-09-08 04:00:00,1.16245,1.1625,1.16245,1.1625,0.0
2026-09-08 04:00:01,1.16249,1.16258,1.16238,1.16238,0.0
2026-09-08 04:00:02,1.1625,1.16258,1.16225,1.16237,0.0
2026-09-08 04:00:03,1.1625,1.16258,1.16225,1.16251,0.0
2026-09-08 04:00:04,1.1625,1.16258,1.16225,1.1625,0.0
2026-09-08 05:00:00,1.1625,1.16251,1.16248,1.16248,0.0
2026-09-08 05:00:01,1.16251,1.16261,1.16246,1.16257,0.0
2026-09-08 05:00:02,1.16251,1.16265,1.16235,1.16238,0.0
2026-09-08 05:00:03,1.16251,1.16273,1.16235,1.16273,0.0
2026-09-08 05:00:04,1.16251,1.1631,1.16235,1.16309,0.0
2026-09-08 06:00:00,1.16308,1.16318,1.16301,1.16301,0.0
2026-09-08 06:00:01,1.16314,1.16359,1.16289,1.16301,0.0
2026-09-08 06:00:02,1.16314,1.16359,1.16234,1.16247,0.0
2026-09-08 06:00:03,1.16313,1.16359,1.16214,1.1625,0.0
2026-09-08 06:00:04,1.16313,1.16359,1.16209,1.16212,0.0
2026-09-08 07:00:00,1.1621,1.16214,1.16207,1.16207,0.0
2026-09-08 07:00:01,1.16209,1.16233,1.16179,1.16191,0.0
2026-09-08 07:00:02,1.1621,1.16233,1.16134,1.16151,0.0
2026-09-08 07:00:03,1.16212,1.16233,1.161,1.1612,0.0
2026-09-08 07:00:04,1.16213,1.16233,1.161,1.16127,0.0
2026-09-08 08:00:00,1.16129,1.16129,1.16122,1.16122,0.0
2026-09-08 08:00:01,1.16128,1.16165,1.161,1.161,0.0
2026-09-08 08:00:02,1.16126,1.16165,1.16085,1.16137,0.0
2026-09-08 08:00:03,1.16126,1.16165,1.16085,1.1611,0.0
2026-09-08 08:00:04,1.16125,1.16165,1.16085,1.16105,0.0
2026-09-08 09:00:00,1.16106,1.16107,1.16097,1.16101,0.0
2026-09-08 09:00:01,1.16107,1.16146,1.16092,1.16112,0.0
2026-09-08 09:00:02,1.16105,1.16146,1.16092,1.16118,0.0
2026-09-08 09:00:03,1.16105,1.16164,1.16092,1.16146,0.0
2026-09-08 09:00:04,1.16101,1.16164,1.16092,1.16142,0.0
2026-09-08 10:00:00,1.16142,1.16142,1.16132,1.16132,0.0
2026-09-08 10:00:01,1.16142,1.16142,1.16115,1.16136,0.0
2026-09-08 10:00:02,1.16141,1.16163,1.16107,1.16111,0.0
2026-09-08 10:00:03,1.16139,1.16163,1.1609,1.16097,0.0
2026-09-08 10:00:04,1.16138,1.16163,1.1609,1.16125,0.0
2026-09-08 11:00:00,1.16126,1.16129,1.16126,1.16127,0.0
2026-09-08 11:00:01,1.16127,1.16138,1.16092,1.16113,0.0
2026-09-08 11:00:02,1.16129,1.1616,1.16092,1.16153,0.0
2026-09-08 11:00:03,1.16128,1.1619,1.16092,1.16141,0.0
2026-09-08 11:00:04,1.16128,1.1619,1.1608,1.16135,0.0
2026-09-08 12:00:00,1.16134,1.16134,1.16124,1.16125,0.0
2026-09-08 12:00:01,1.16133,1.1615,1.16114,1.16115,0.0
2026-09-08 12:00:02,1.16132,1.1617,1.16109,1.16165,0.0
2026-09-08 12:00:03,1.16132,1.16189,1.16109,1.16157,0.0
2026-09-08 12:00:04,1.16134,1.16203,1.16109,1.16203,0.0
2026-09-08 13:00:00,1.16203,1.16207,1.16199,1.16202,0.0
2026-09-08 13:00:01,1.16204,1.1625,1.16199,1.16231,0.0
2026-09-08 13:00:02,1.16205,1.16276,1.16199,1.16225,0.0
2026-09-08 13:00:03,1.16204,1.16276,1.16189,1.16217,0.0
2026-09-08 13:00:04,1.16204,1.16276,1.16189,1.16223,0.0
2026-09-08 14:00:00,1.16222,1.16242,1.16221,1.16241,0.0
2026-09-08 14:00:01,1.16221,1.16251,1.16191,1.16196,0.0
2026-09-08 14:00:02,1.16225,1.16274,1.16191,1.16266,0.0
2026-09-08 14:00:03,1.1623,1.16312,1.16191,1.1631,0.0
2026-09-08 14:00:04,1.1623,1.16312,1.16191,1.16311,0.0
2026-09-08 15:00:00,1.16312,1.16313,1.16306,1.16308,0.0
2026-09-08 15:00:01,1.16311,1.16339,1.16293,1.16314,0.0
2026-09-08 15:00:02,1.16308,1.16339,1.16289,1.163,0.0
2026-09-08 15:00:03,1.16307,1.16339,1.1627,1.16273,0.0
2026-09-08 15:00:04,1.16306,1.16339,1.16264,1.16265,0.0
2026-09-08 16:00:00,1.16264,1.16266,1.16263,1.16265,0.0
2026-09-08 16:00:01,1.16264,1.16266,1.16224,1.16229,0.0
2026-09-08 16:00:02,1.16264,1.16266,1.16209,1.16236,0.0
2026-09-08 16:00:03,1.16265,1.16266,1.16209,1.16213,0.0
2026-09-08 16:00:04,1.16265,1.16266,1.16206,1.16235,0.0
2026-09-08 17:00:00,1.16235,1.1625,1.16235,1.16249,0.0
2026-09-08 17:00:01,1.16236,1.16275,1.16236,1.16264,0.0
2026-09-08 17:00:02,1.16236,1.16275,1.16236,1.16262,0.0
2026-09-08 17:00:03,1.16236,1.16275,1.16236,1.1625,0.0
2026-09-08 17:00:04,1.16236,1.16275,1.16236,1.16262,0.0
2026-09-08 18:00:00,1.16262,1.16264,1.16261,1.16262,0.0
2026-09-08 18:00:01,1.16261,1.1627,1.16255,1.16257,0.0
2026-09-08 18:00:02,1.16262,1.16279,1.16246,1.16275,0.0
2026-09-08 18:00:03,1.16262,1.16307,1.16246,1.16305,0.0
2026-09-08 18:00:04,1.16262,1.16307,1.16222,1.16286,0.0
2026-09-08 19:00:00,1.16289,1.1629,1.16284,1.16289,0.0
2026-09-08 19:00:01,1.16288,1.16304,1.16249,1.16267,0.0
2026-09-08 19:00:02,1.16285,1.16304,1.16249,1.16258,0.0
2026-09-08 19:00:03,1.16285,1.16304,1.16249,1.16265,0.0
2026-09-08 19:00:04,1.16284,1.16304,1.16225,1.16233,0.0
2026-09-08 20:00:00,1.16233,1.16235,1.16233,1.16234,0.0
2026-09-08 20:00:01,1.16234,1.16254,1.16227,1.16236,0.0
2026-09-08 20:00:02,1.16234,1.16254,1.16219,1.16219,0.0
2026-09-08 20:00:03,1.16234,1.16254,1.16218,1.16226,0.0
2026-09-08 20:00:04,1.16234,1.16254,1.16218,1.16238,0.0
2026-09-08 21:00:00,1.16243,1.16245,1.16243,1.16244,0.0
2026-09-08 21:00:01,1.16245,1.16267,1.16237,1.16255,0.0
2026-09-08 21:00:02,1.16245,1.16267,1.16237,1.16257,0.0
2026-09-08 21:00:03,1.16244,1.16267,1.16237,1.16253,0.0
2026-09-08 21:00:04,1.16244,1.16274,1.16237,1.16269,0.0
2026-09-08 22:00:00,1.16269,1.16269,1.16247,1.1625,0.0
2026-09-08 22:00:01,1.16259,1.16266,1.16244,1.16265,0.0
2026-09-08 22:00:02,1.16257,1.16275,1.16244,1.16273,0.0
2026-09-08 22:00:03,1.16258,1.16275,1.16244,1.16258,0.0
2026-09-08 22:00:04,1.16257,1.16275,1.16244,1.1626,0.0
2026-09-08 23:00:00,1.16259,1.16259,1.16256,1.16259,0.0
2026-09-08 23:00:01,1.16258,1.16264,1.16253,1.16263,0.0
2026-09-08 23:00:02,1.16258,1.16271,1.16253,1.16268,0.0
2026-09-08 23:00:03,1.16258,1.16287,1.16253,1.16284,0.0
2026-09-08 23:00:04,1.16258,1.1629,1.16253,1.16279,0.0
2026-09-09 00:00:00,1.16279,1.16291,1.16279,1.16287,0.0
2026-09-09 00:00:01,1.16279,1.16316,1.16279,1.16305,0.0
2026-09-09 00:00:02,1.16281,1.16319,1.16281,1.16314,0.0
2026-09-09 00:00:03,1.16281,1.16319,1.16281,1.16304,0.0
2026-09-09 00:00:04,1.16281,1.16323,1.16281,1.16323,0.0
2026-09-09 01:00:00,1.16323,1.16324,1.16317,1.16321,0.0
2026-09-09 01:00:01,1.16324,1.16324,1.16289,1.16315,0.0
2026-09-09 01:00:02,1.16324,1.16324,1.16278,1.16282,0.0
2026-09-09 01:00:03,1.16324,1.16324,1.16277,1.16299,0.0
2026-09-09 01:00:04,1.16324,1.16324,1.16277,1.16313,0.0
2026-09-09 02:00:00,1.16313,1.16313,1.16311,1.16312,0.0
2026-09-09 02:00:01,1.16312,1.16312,1.16287,1.16299,0.0
2026-09-09 02:00:02,1.16312,1.16312,1.16281,1.16283,0.0
2026-09-09 02:00:03,1.16312,1.16312,1.16281,1.1629,0.0
2026-09-09 02:00:04,1.16312,1.16319,1.16281,1.1631,0.0
2026-09-09 03:00:00,1.1631,1.16312,1.16308,1.16309,0.0
2026-09-09 03:00:01,1.1631,1.16318,1.16302,1.1631,0.0
2026-09-09 03:00:02,1.1631,1.16318,1.16295,1.16295,0.0
2026-09-09 03:00:03,1.1631,1.16318,1.16292,1.16315,0.0
2026-09-09 03:00:04,1.16311,1.16322,1.16292,1.16302,0.0
2026-09-09 04:00:00,1.16302,1.16302,1.16299,1.16299,0.0
2026-09-09 04:00:01,1.16302,1.16314,1.16297,1.16306,0.0
2026-09-09 04:00:02,1.16302,1.16335,1.16297,1.16328,0.0
2026-09-09 04:00:03,1.16302,1.16335,1.16297,1.16314,0.0
2026-09-09 04:00:04,1.16302,1.16335,1.16297,1.16329,0.0
2026-09-09 05:00:00,1.16329,1.16331,1.16329,1.16329,0.0
2026-09-09 05:00:01,1.1633,1.1635,1.16321,1.16341,0.0
2026-09-09 05:00:02,1.1633,1.16369,1.16321,1.16363,0.0
2026-09-09 05:00:03,1.16329,1.16369,1.16321,1.16333,0.0
2026-09-09 05:00:04,1.16331,1.16369,1.16321,1.16346,0.0
2026-09-09 06:00:00,1.16344,1.1635,1.16344,1.1635,0.0
2026-09-09 06:00:01,1.16346,1.16419,1.16346,1.16417,0.0
2026-09-09 06:00:02,1.16347,1.1645,1.16346,1.16405,0.0
2026-09-09 06:00:03,1.16348,1.1645,1.16346,1.16374,0.0
2026-09-09 06:00:04,1.16348,1.1645,1.16346,1.16384,0.0
2026-09-09 07:00:00,1.16384,1.16393,1.16384,1.16391,0.0
2026-09-09 07:00:01,1.16388,1.16455,1.16386,1.16448,0.0
2026-09-09 07:00:02,1.16387,1.16456,1.16378,1.16404,0.0
2026-09-09 07:00:03,1.16387,1.16456,1.16375,1.16445,0.0
2026-09-09 07:00:04,1.16386,1.16493,1.16375,1.16428,0.0
2026-09-09 08:00:00,1.16428,1.16431,1.16425,1.16425,0.0
2026-09-09 08:00:01,1.16428,1.16431,1.16361,1.16395,0.0
2026-09-09 08:00:02,1.16428,1.16431,1.1636,1.1637,0.0
2026-09-09 08:00:03,1.16428,1.16431,1.1634,1.16346,0.0
2026-09-09 08:00:04,1.16428,1.16431,1.16326,1.16327,0.0
2026-09-09 09:00:00,1.16328,1.16332,1.16326,1.16331,0.0
2026-09-09 09:00:01,1.16328,1.16341,1.16306,1.16323,0.0
2026-09-09 09:00:02,1.16328,1.16347,1.16306,1.16333,0.0
2026-09-09 09:00:03,1.16329,1.16347,1.163,1.163,0.0
2026-09-09 09:00:04,1.1633,1.16347,1.16225,1.16237,0.0
2026-09-09 10:00:00,1.16237,1.16239,1.16231,1.16239,0.0
2026-09-09 10:00:01,1.16236,1.16283,1.1622,1.16246,0.0
2026-09-09 10:00:02,1.16236,1.16283,1.1622,1.16265,0.0
2026-09-09 10:00:03,1.16236,1.16316,1.1622,1.16279,0.0
2026-09-09 10:00:04,1.16233,1.16334,1.1622,1.16304,0.0
2026-09-09 11:00:00,1.16304,1.16304,1.16302,1.16302,0.0
2026-09-09 11:00:01,1.16304,1.16335,1.16302,1.16331,0.0
2026-09-09 11:00:02,1.16304,1.16479,1.16302,1.16461,0.0
2026-09-09 11:00:03,1.16304,1.16479,1.16302,1.16444,0.0
2026-09-09 11:00:04,1.16304,1.16485,1.16302,1.16459,0.0
2026-09-09 12:00:00,1.16458,1.16484,1.16458,1.1648,0.0
2026-09-09 12:00:01,1.16463,1.16542,1.16463,1.16517,0.0
2026-09-09 12:00:02,1.16468,1.16542,1.1646,1.16472,0.0
2026-09-09 12:00:03,1.16469,1.16542,1.16453,1.16473,0.0
2026-09-09 12:00:04,1.16469,1.16542,1.16427,1.16461,0.0
2026-09-09 13:00:00,1.16462,1.1647,1.1646,1.1647,0.0
2026-09-09 13:00:01,1.16466,1.16487,1.1646,1.1648,0.0
2026-09-09 13:00:02,1.16464,1.16487,1.16449,1.16481,0.0
2026-09-09 13:00:03,1.16465,1.16494,1.16449,1.16487,0.0
2026-09-09 13:00:04,1.16464,1.16499,1.16449,1.16474,0.0
2026-09-09 14:00:00,1.16475,1.16475,1.16466,1.16473,0.0
2026-09-09 14:00:01,1.16475,1.16527,1.16466,1.16524,0.0
2026-09-09 14:00:02,1.16475,1.16529,1.16452,1.16462,0.0
2026-09-09 14:00:03,1.16473,1.16529,1.16444,1.16451,0.0
2026-09-09 14:00:04,1.16472,1.16529,1.16444,1.1648,0.0
2026-09-09 15:00:00,1.16481,1.16481,1.16476,1.16481,0.0
2026-09-09 15:00:01,1.16481,1.16512,1.16228,1.16233,0.0
2026-09-09 15:00:02,1.16481,1.16512,1.16202,1.16249,0.0
2026-09-09 15:00:03,1.1648,1.16512,1.16202,1.16317,0.0
2026-09-09 15:00:04,1.1648,1.16512,1.16202,1.16272,0.0
2026-09-09 16:00:00,1.16271,1.16274,1.16271,1.16274,0.0
2026-09-09 16:00:01,1.16272,1.16338,1.16272,1.1629,0.0
2026-09-09 16:00:02,1.16273,1.16338,1.1627,1.16289,0.0
2026-09-09 16:00:03,1.16273,1.16359,1.1627,1.1635,0.0
2026-09-09 16:00:04,1.16273,1.16397,1.1627,1.16359,0.0
2026-09-09 17:00:00,1.16359,1.1636,1.16351,1.16359,0.0
2026-09-09 17:00:01,1.1636,1.16412,1.16351,1.16376,0.0
2026-09-09 17:00:02,1.16359,1.16412,1.16351,1.16396,0.0
2026-09-09 17:00:03,1.16359,1.16412,1.16351,1.16388,0.0
2026-09-09 17:00:04,1.16354,1.16412,1.16351,1.16382,0.0
2026-09-09 18:00:00,1.16382,1.16395,1.16382,1.16395,0.0
2026-09-09 18:00:01,1.16383,1.16396,1.16374,1.1638,0.0
2026-09-09 18:00:02,1.16383,1.16396,1.16351,1.16353,0.0
2026-09-09 18:00:03,1.16384,1.16396,1.16309,1.16309,0.0
2026-09-09 18:00:04,1.16383,1.16396,1.16281,1.16294,0.0
2026-09-09 19:00:00,1.16294,1.16295,1.16293,1.16293,0.0
2026-09-09 19:00:01,1.16294,1.16301,1.16258,1.16266,0.0
2026-09-09 19:00:02,1.16294,1.16301,1.16258,1.16277,0.0
2026-09-09 19:00:03,1.16294,1.16303,1.16258,1.16303,0.0
2026-09-09 19:00:04,1.16294,1.16317,1.16258,1.16311,0.0
2026-09-09 20:00:00,1.16312,1.16312,1.16304,1.16304,0.0
2026-09-09 20:00:01,1.16312,1.16312,1.16284,1.16292,0.0
2026-09-09 20:00:02,1.16311,1.16312,1.16279,1.16305,0.0
2026-09-09 20:00:03,1.16311,1.16322,1.16279,1.16322,0.0
2026-09-09 20:00:04,1.16311,1.16339,1.16279,1.16335,0.0
2026-09-09 21:00:00,1.16335,1.16335,1.1632,1.1632,0.0
2026-09-09 21:00:01,1.16333,1.16372,1.1631,1.16366,0.0
2026-09-09 21:00:02,1.16334,1.16375,1.1631,1.16368,0.0
2026-09-09 21:00:03,1.16334,1.16375,1.1631,1.16363,0.0
2026-09-09 21:00:04,1.16334,1.16375,1.1631,1.16352,0.0
2026-09-09 22:00:00,1.16351,1.16369,1.16351,1.16364,0.0
2026-09-09 22:00:01,1.16356,1.16369,1.16336,1.16362,0.0
2026-09-09 22:00:02,1.16356,1.16384,1.16336,1.16381,0.0
2026-09-09 22:00:03,1.16354,1.16384,1.16336,1.16375,0.0
2026-09-09 22:00:04,1.16354,1.16384,1.16336,1.16379,0.0
2026-09-09 23:00:00,1.16377,1.1638,1.16374,1.1638,0.0
2026-09-09 23:00:01,1.16377,1.16382,1.16369,1.16378,0.0
2026-09-09 23:00:02,1.16377,1.16382,1.16366,1.16372,0.0
2026-09-09 23:00:03,1.16378,1.16382,1.16351,1.16362,0.0
2026-09-09 23:00:04,1.16378,1.16382,1.16329,1.1634,0.0
2026-09-10 00:00:00,1.1634,1.16342,1.16334,1.16335,0.0
2026-09-10 00:00:01,1.16339,1.16343,1.16312,1.16338,0.0
2026-09-10 00:00:02,1.16342,1.16346,1.16306,1.16309,0.0
2026-09-10 00:00:03,1.16342,1.16346,1.16295,1.16317,0.0
2026-09-10 00:00:04,1.1634,1.16346,1.16295,1.16312,0.0
2026-09-10 01:00:00,1.16312,1.16323,1.16309,1.16322,0.0
2026-09-10 01:00:01,1.16313,1.16356,1.16309,1.16344,0.0
2026-09-10 01:00:02,1.16311,1.16364,1.16309,1.16324,0.0
2026-09-10 01:00:03,1.1631,1.16364,1.16309,1.16337,0.0
2026-09-10 01:00:04,1.16309,1.16401,1.16309,1.16396,0.0
2026-09-10 02:00:00,1.16397,1.16397,1.16393,1.16394,0.0
2026-09-10 02:00:01,1.16397,1.16411,1.16377,1.16384,0.0
2026-09-10 02:00:02,1.16397,1.16411,1.16358,1.16358,0.0
2026-09-10 02:00:03,1.16397,1.16411,1.16343,1.16365,0.0
2026-09-10 02:00:04,1.16396,1.16411,1.16343,1.16399,0.0
2026-09-10 03:00:00,1.164,1.16402,1.16399,1.16399,0.0
2026-09-10 03:00:01,1.164,1.16402,1.16367,1.16369,0.0
2026-09-10 03:00:02,1.16399,1.16402,1.16363,1.16372,0.0
2026-09-10 03:00:03,1.164,1.16402,1.16363,1.16371,0.0
2026-09-10 03:00:04,1.164,1.16402,1.16363,1.16388,0.0
2026-09-10 04:00:00,1.16388,1.1639,1.16384,1.16385,0.0
2026-09-10 04:00:01,1.16389,1.16405,1.16378,1.16399,0.0
2026-09-10 04:00:02,1.16389,1.16405,1.16378,1.16383,0.0
2026-09-10 04:00:03,1.16389,1.16405,1.16378,1.16379,0.0
2026-09-10 04:00:04,1.16389,1.16405,1.16363,1.16369,0.0
2026-09-10 05:00:00,1.16369,1.1638,1.16369,1.1638,0.0
2026-09-10 05:00:01,1.1637,1.16386,1.1637,1.16386,0.0
2026-09-10 05:00:02,1.1637,1.16394,1.1637,1.16385,0.0
2026-09-10 05:00:03,1.16371,1.16402,1.16371,1.1638,0.0
2026-09-10 05:00:04,1.16374,1.16405,1.16371,1.16404,0.0
2026-09-10 06:00:00,1.16405,1.16405,1.16392,1.16392,0.0
2026-09-10 06:00:01,1.16403,1.16403,1.16377,1.16384,0.0
2026-09-10 06:00:02,1.16403,1.16403,1.16377,1.16396,0.0
2026-09-10 06:00:03,1.16396,1.164,1.16377,1.16388,0.0
2026-09-10 06:00:04,1.16398,1.16401,1.16366,1.164,0.0
2026-09-10 07:00:00,1.16399,1.16399,1.16394,1.16394,0.0
2026-09-10 07:00:01,1.16399,1.16399,1.16358,1.16374,0.0
2026-09-10 07:00:02,1.16399,1.16399,1.16358,1.16397,0.0
2026-09-10 07:00:03,1.16399,1.16418,1.16358,1.16411,0.0
2026-09-10 07:00:04,1.16398,1.16418,1.16358,1.16399,0.0
2026-09-10 08:00:00,1.16399,1.164,1.16397,1.16397,0.0
2026-09-10 08:00:01,1.16399,1.164,1.16355,1.16358,0.0
2026-09-10 08:00:02,1.16399,1.164,1.16355,1.16387,0.0
2026-09-10 08:00:03,1.164,1.164,1.16355,1.1637,0.0
2026-09-10 08:00:04,1.16399,1.16399,1.16344,1.1638,0.0
2026-09-10 09:00:00,1.1638,1.16391,1.16379,1.16384,0.0
2026-09-10 09:00:01,1.16379,1.16404,1.16371,1.16404,0.0
2026-09-10 09:00:02,1.16379,1.16404,1.16353,1.16365,0.0
2026-09-10 09:00:03,1.16379,1.16404,1.16314,1.16334,0.0
2026-09-10 09:00:04,1.16379,1.16404,1.16314,1.16348,0.0
2026-09-10 10:00:00,1.16348,1.16348,1.1634,1.16342,0.0
2026-09-10 10:00:01,1.16347,1.1638,1.16336,1.16354,0.0
2026-09-10 10:00:02,1.16343,1.1638,1.16304,1.16304,0.0
2026-09-10 10:00:03,1.16343,1.1638,1.16234,1.1624,0.0
2026-09-10 10:00:04,1.16343,1.1638,1.16234,1.16277,0.0
2026-09-10 11:00:00,1.16278,1.16278,1.16274,1.16276,0.0
2026-09-10 11:00:01,1.16276,1.16285,1.16231,1.16254,0.0
2026-09-10 11:00:02,1.16275,1.16285,1.16217,1.16234,0.0
2026-09-10 11:00:03,1.16275,1.16285,1.16217,1.16269,0.0
2026-09-10 11:00:04,1.16277,1.16285,1.16152,1.16172,0.0
2026-09-10 12:00:00,1.16171,1.16189,1.16168,1.16189,0.0
2026-09-10 12:00:01,1.16168,1.16193,1.16141,1.16159,0.0
2026-09-10 12:00:02,1.16168,1.16271,1.16104,1.16239,0.0
2026-09-10 12:00:03,1.16174,1.16271,1.15924,1.16022,0.0
2026-09-10 12:00:04,1.16176,1.16271,1.15924,1.16047,0.0
2026-09-10 13:00:00,1.16046,1.16056,1.16034,1.16038,0.0
2026-09-10 13:00:01,1.16045,1.16074,1.16001,1.16009,0.0
2026-09-10 13:00:02,1.16045,1.16074,1.15976,1.16045,0.0
2026-09-10 13:00:03,1.16045,1.16179,1.15976,1.1617,0.0
2026-09-10 13:00:04,1.16052,1.1619,1.15976,1.16112,0.0
2026-09-10 14:00:00,1.16113,1.16139,1.16113,1.16137,0.0
2026-09-10 14:00:01,1.16113,1.16226,1.16113,1.16202,0.0
2026-09-10 14:00:02,1.16114,1.16249,1.16114,1.16209,0.0
2026-09-10 14:00:03,1.16124,1.16289,1.16116,1.16262,0.0
2026-09-10 14:00:04,1.16125,1.16295,1.16116,1.16295,0.0
2026-09-10 15:00:00,1.16295,1.16295,1.16284,1.1629,0.0
2026-09-10 15:00:01,1.16294,1.16314,1.16253,1.16288,0.0
2026-09-10 15:00:02,1.16295,1.16314,1.16244,1.16252,0.0
2026-09-10 15:00:03,1.16294,1.16314,1.16244,1.1628,0.0
2026-09-10 15:00:04,1.16289,1.16314,1.16244,1.16274,0.0
2026-09-10 16:00:00,1.1628,1.16287,1.1627,1.16273,0.0
2026-09-10 16:00:01,1.16282,1.16288,1.16238,1.16245,0.0
2026-09-10 16:00:02,1.16281,1.16288,1.16238,1.16259,0.0
2026-09-10 16:00:03,1.16282,1.16288,1.16197,1.16219,0.0
2026-09-10 16:00:04,1.16283,1.16288,1.16186,1.16195,0.0
2026-09-10 17:00:00,1.16195,1.16195,1.1619,1.16192,0.0
2026-09-10 17:00:01,1.16194,1.16217,1.16166,1.16216,0.0
2026-09-10 17:00:02,1.16193,1.16231,1.16166,1.16218,0.0
2026-09-10 17:00:03,1.16193,1.16231,1.16166,1.16198,0.0
2026-09-10 17:00:04,1.16193,1.16231,1.16166,1.16195,0.0
2026-09-10 18:00:00,1.16195,1.16195,1.1619,1.16195,0.0
2026-09-10 18:00:01,1.16195,1.16196,1.16128,1.16129,0.0
2026-09-10 18:00:02,1.16195,1.16196,1.16128,1.16141,0.0
2026-09-10 18:00:03,1.16195,1.16196,1.16128,1.16148,0.0
2026-09-10 18:00:04,1.16195,1.16196,1.16128,1.16138,0.0
2026-09-10 19:00:00,1.16138,1.16138,1.16126,1.16132,0.0
2026-09-10 19:00:01,1.16135,1.16135,1.16091,1.16104,0.0
2026-09-10 19:00:02,1.16134,1.16134,1.16091,1.16125,0.0
2026-09-10 19:00:03,1.16132,1.16132,1.16091,1.16114,0.0
2026-09-10 19:00:04,1.1613,1.16132,1.16091,1.16102,0.0
2026-09-10 20:00:00,1.16102,1.16103,1.16097,1.16101,0.0
2026-09-10 20:00:01,1.16103,1.16103,1.16089,1.16093,0.0
2026-09-10 20:00:02,1.16098,1.16121,1.16056,1.16118,0.0
2026-09-10 21:00:00,1.16119,1.16155,1.16076,1.161,0.0
2026-09-10 22:00:00,1.16101,1.16113,1.16066,1.16104,0.0
2026-09-10 23:00:00,1.16104,1.16113,1.16082,1.16112,0.0
2026-09-11 00:00:00,1.16111,1.16154,1.1611,1.16153,0.0
2026-09-11 01:00:00,1.16153,1.16175,1.16147,1.16148,0.0
2026-09-11 01:00:01,1.16152,1.16175,1.16141,1.16141,0.0
2026-09-11 01:00:02,1.16149,1.16175,1.1611,1.16126,0.0
2026-09-11 02:00:00,1.16126,1.16127,1.16121,1.16121,0.0
2026-09-11 02:00:01,1.16126,1.16127,1.1609,1.16095,0.0
2026-09-11 02:00:02,1.16127,1.16127,1.16061,1.16061,0.0
2026-09-11 02:00:03,1.16127,1.16127,1.16056,1.16073,0.0
2026-09-11 02:00:04,1.16126,1.16127,1.16056,1.16076,0.0
2026-09-11 03:00:00,1.16074,1.16075,1.16072,1.16075,0.0
2026-09-11 03:00:01,1.16074,1.16078,1.16053,1.16072,0.0
2026-09-11 03:00:02,1.16072,1.16078,1.16012,1.16017,0.0
2026-09-11 03:00:03,1.16073,1.16078,1.16002,1.16018,0.0
2026-09-11 03:00:04,1.16073,1.16078,1.15998,1.16018,0.0
2026-09-11 04:00:00,1.16018,1.16018,1.16006,1.16015,0.0
2026-09-11 04:00:01,1.16018,1.16071,1.16006,1.16067,0.0
2026-09-11 04:00:02,1.16017,1.1608,1.16006,1.16078,0.0
2026-09-11 04:00:03,1.16017,1.1608,1.16006,1.16062,0.0
2026-09-11 04:00:04,1.1601,1.1608,1.16006,1.16047,0.0
2026-09-11 05:00:00,1.16047,1.16049,1.16046,1.16049,0.0
2026-09-11 05:00:01,1.16047,1.16098,1.16045,1.16096,0.0
2026-09-11 05:00:02,1.16047,1.16111,1.16045,1.16109,0.0
2026-09-11 05:00:03,1.16046,1.16138,1.16045,1.16109,0.0
2026-09-11 05:00:04,1.16046,1.16138,1.16045,1.161,0.0
2026-09-11 06:00:00,1.16099,1.16118,1.16099,1.16108,0.0
2026-09-11 06:00:01,1.16113,1.16138,1.16091,1.16138,0.0
2026-09-11 06:00:02,1.16115,1.16138,1.16091,1.16111,0.0
2026-09-11 06:00:03,1.16117,1.16138,1.16091,1.16099,0.0
2026-09-11 06:00:04,1.16118,1.16138,1.16091,1.161,0.0
2026-09-11 07:00:00,1.161,1.16111,1.161,1.16106,0.0
2026-09-11 07:00:01,1.16101,1.16111,1.16072,1.16078,0.0
2026-09-11 07:00:02,1.16101,1.16111,1.16062,1.16076,0.0
2026-09-11 07:00:03,1.16101,1.16111,1.1603,1.1603,0.0
2026-09-11 07:00:04,1.16102,1.16111,1.16016,1.16057,0.0
2026-09-11 08:00:00,1.16056,1.16061,1.16056,1.16058,0.0
2026-09-11 08:00:01,1.16059,1.16061,1.16028,1.16043,0.0
2026-09-11 08:00:02,1.16059,1.16081,1.16017,1.16024,0.0
2026-09-11 08:00:03,1.16059,1.16081,1.16017,1.16045,0.0
2026-09-11 08:00:04,1.16059,1.16081,1.15983,1.15991,0.0
2026-09-11 09:00:00,1.15992,1.15999,1.15991,1.15998,0.0
2026-09-11 09:00:01,1.15993,1.16023,1.15957,1.15973,0.0
2026-09-11 09:00:02,1.15991,1.16023,1.15957,1.15997,0.0
2026-09-11 09:00:03,1.15991,1.16023,1.15957,1.1598,0.0
2026-09-11 09:00:04,1.15991,1.16023,1.15952,1.15962,0.0
2026-09-11 10:00:00,1.15962,1.15967,1.15961,1.15966,0.0
2026-09-11 10:00:01,1.15962,1.15993,1.15942,1.15957,0.0
2026-09-11 10:00:02,1.15962,1.15993,1.15919,1.15922,0.0
2026-09-11 10:00:03,1.15963,1.15993,1.15902,1.15912,0.0
2026-09-11 10:00:04,1.15963,1.15993,1.15901,1.15922,0.0
2026-09-11 11:00:00,1.15922,1.15927,1.15922,1.15927,0.0
2026-09-11 11:00:01,1.15922,1.15949,1.15917,1.15932,0.0
2026-09-11 11:00:02,1.15922,1.15949,1.15915,1.1594,0.0
2026-09-11 11:00:03,1.15922,1.15949,1.15914,1.15946,0.0
2026-09-11 11:00:04,1.15922,1.15957,1.15908,1.15915,0.0
2026-09-11 12:00:00,1.15915,1.1592,1.15915,1.15917,0.0
2026-09-11 12:00:01,1.15917,1.15949,1.15915,1.15925,0.0
2026-09-11 12:00:02,1.1592,1.15973,1.15744,1.15793,0.0
2026-09-11 12:00:03,1.15919,1.15973,1.15696,1.1596,0.0
2026-09-11 12:00:04,1.15919,1.16039,1.15696,1.16028,0.0
2026-09-11 13:00:00,1.16031,1.16037,1.16018,1.16033,0.0
2026-09-11 13:00:01,1.16025,1.16093,1.15998,1.16029,0.0
2026-09-11 13:00:02,1.1602,1.16093,1.15987,1.16043,0.0
2026-09-11 13:00:03,1.16027,1.16093,1.15987,1.16037,0.0
2026-09-11 13:00:04,1.16024,1.16136,1.15987,1.16125,0.0
2026-09-11 14:00:00,1.16124,1.16141,1.16087,1.16094,0.0
2026-09-11 14:00:01,1.16126,1.16154,1.16077,1.1611,0.0
2026-09-11 14:00:02,1.16133,1.16154,1.16071,1.16071,0.0
2026-09-11 14:00:03,1.16141,1.16154,1.16059,1.16099,0.0
2026-09-11 14:00:04,1.16138,1.16154,1.16059,1.1614,0.0
2026-09-11 15:00:00,1.1614,1.16144,1.16132,1.16133,0.0
2026-09-11 15:00:01,1.16144,1.16154,1.16057,1.16076,0.0
2026-09-11 15:00:02,1.16143,1.16154,1.16043,1.16045,0.0
2026-09-11 15:00:03,1.16142,1.16154,1.16013,1.16022,0.0
2026-09-11 15:00:04,1.16141,1.16154,1.16004,1.16035,0.0
2026-09-11 16:00:00,1.16035,1.16039,1.16034,1.16039,0.0
2026-09-11 16:00:01,1.16035,1.16049,1.16021,1.16021,0.0
2026-09-11 16:00:02,1.16034,1.16073,1.16021,1.16054,0.0
2026-09-11 16:00:03,1.16035,1.16073,1.15998,1.15999,0.0
2026-09-11 16:00:04,1.16035,1.16073,1.15985,1.15997,0.0
2026-09-11 17:00:00,1.15997,1.15998,1.15991,1.15991,0.0
2026-09-11 17:00:01,1.15998,1.15998,1.15962,1.15969,0.0
2026-09-11 17:00:02,1.15997,1.16007,1.15962,1.15998,0.0
2026-09-11 17:00:03,1.15996,1.16007,1.15962,1.15996,0.0
2026-09-11 17:00:04,1.15995,1.16007,1.15962,1.15982,0.0
2026-09-11 18:00:00,1.15982,1.15982,1.15981,1.15981,0.0
2026-09-11 18:00:01,1.15982,1.15998,1.15981,1.15983,0.0
2026-09-11 18:00:02,1.15982,1.15998,1.15952,1.15962,0.0
2026-09-11 18:00:03,1.15982,1.15998,1.1592,1.1592,0.0
2026-09-11 18:00:04,1.15982,1.15998,1.15919,1.15958,0.0
2026-09-11 19:00:00,1.15958,1.15958,1.15943,1.15943,0.0
2026-09-11 19:00:01,1.15958,1.15975,1.15934,1.15972,0.0
2026-09-11 19:00:02,1.15957,1.15977,1.15934,1.15965,0.0
2026-09-11 19:00:03,1.15957,1.15977,1.15934,1.15953,0.0
2026-09-11 19:00:04,1.15957,1.15977,1.15934,1.1596,0.0
2026-09-11 20:00:00,1.1596,1.15966,1.1596,1.15964,0.0
2026-09-11 20:00:01,1.1596,1.15969,1.15931,1.15942,0.0
2026-09-11 20:00:02,1.15964,1.15969,1.15931,1.15937,0.0
2026-09-11 20:00:03,1.15964,1.15969,1.15918,1.15948,0.0
2026-09-11 20:00:04,1.15965,1.15981,1.15918,1.15976,0.0
2026-09-11 20:00:05,1.15966,1.15981,1.15918,1.15976,0.0
2026-09-11 20:00:06,1.15966,1.15981,1.15918,1.15976,0.0
2026-09-11 20:00:07,1.15964,1.15981,1.15918,1.15976,0.0
2026-09-11 20:00:08,1.15964,1.15981,1.15918,1.15976,0.0
2026-09-11 20:00:09,1.15965,1.15981,1.15918,1.15976,0.0
2026-09-11 20:00:10,1.15964,1.15981,1.15918,1.15976,0.0
2026-09-11 20:00:11,1.15964,1.15981,1.15918,1.15976,0.0
2026-09-11 20:00:12,1.15964,1.15981,1.15918,1.15976,0.0
2026-09-14 00:00:00,1.15935,1.15944,1.15934,1.15943,0.0
2026-09-14 00:00:01,1.15935,1.15958,1.15919,1.1593,0.0
2026-09-14 00:00:02,1.15935,1.15958,1.15853,1.15863,0.0
2026-09-14 00:00:03,1.15934,1.15958,1.15851,1.15864,0.0
2026-09-14 00:00:04,1.15938,1.15958,1.15851,1.15878,0.0
2026-09-14 01:00:00,1.15878,1.15878,1.1587,1.15874,0.0
2026-09-14 01:00:01,1.15877,1.15882,1.15839,1.15842,0.0
2026-09-14 01:00:02,1.15875,1.15882,1.15835,1.15874,0.0
2026-09-14 01:00:03,1.15871,1.15887,1.15835,1.15887,0.0
2026-09-14 01:00:04,1.15873,1.15887,1.15835,1.15861,0.0
2026-09-14 02:00:00,1.15861,1.15862,1.15859,1.15862,0.0
2026-09-14 02:00:01,1.15861,1.15885,1.15856,1.15877,0.0
2026-09-14 02:00:02,1.1586,1.15885,1.15856,1.15872,0.0
2026-09-14 02:00:03,1.15859,1.15885,1.15841,1.15848,0.0
2026-09-14 02:00:04,1.1586,1.15885,1.15812,1.15816,0.0
2026-09-14 03:00:00,1.15816,1.15817,1.15811,1.15815,0.0
2026-09-14 03:00:01,1.15816,1.15817,1.15746,1.15749,0.0
2026-09-14 03:00:02,1.15816,1.15817,1.15729,1.15735,0.0
2026-09-14 03:00:03,1.15816,1.15817,1.15695,1.15696,0.0
2026-09-14 03:00:04,1.15816,1.15817,1.15692,1.15706,0.0
2026-09-14 04:00:00,1.15705,1.15706,1.15705,1.15705,0.0
2026-09-14 04:00:01,1.15705,1.15708,1.15671,1.15687,0.0
2026-09-14 04:00:02,1.15705,1.15708,1.15651,1.15655,0.0
2026-09-14 04:00:03,1.15705,1.15708,1.15625,1.15629,0.0
2026-09-14 04:00:04,1.15706,1.15708,1.15624,1.15656,0.0
2026-09-14 05:00:00,1.15656,1.15656,1.15652,1.15652,0.0
2026-09-14 05:00:01,1.15655,1.15657,1.15636,1.1565,0.0
2026-09-14 05:00:02,1.15655,1.15686,1.15636,1.15675,0.0
2026-09-14 05:00:03,1.15655,1.15703,1.15636,1.15695,0.0
2026-09-14 05:00:04,1.15655,1.15707,1.15636,1.157,0.0
2026-09-14 06:00:00,1.157,1.15703,1.15695,1.15702,0.0
2026-09-14 06:00:01,1.15699,1.15703,1.15552,1.15553,0.0
2026-09-14 06:00:02,1.15697,1.15703,1.15514,1.15553,0.0
2026-09-14 06:00:03,1.15699,1.15703,1.15514,1.15596,0.0
2026-09-14 06:00:04,1.15699,1.15703,1.1551,1.15527,0.0
2026-09-14 07:00:00,1.15527,1.15529,1.15522,1.15528,0.0
2026-09-14 07:00:01,1.15528,1.15573,1.15516,1.15566,0.0
2026-09-14 07:00:02,1.15527,1.15579,1.15516,1.15535,0.0
2026-09-14 07:00:03,1.15527,1.15579,1.15479,1.15499,0.0
2026-09-14 07:00:04,1.15526,1.15579,1.15429,1.15446,0.0
2026-09-14 08:00:00,1.15445,1.15448,1.15441,1.15447,0.0
2026-09-14 08:00:01,1.15446,1.15449,1.15361,1.15362,0.0
2026-09-14 08:00:02,1.15441,1.15449,1.15346,1.15348,0.0
2026-09-14 08:00:03,1.15443,1.15449,1.15344,1.15379,0.0
2026-09-14 08:00:04,1.15445,1.15449,1.15344,1.15382,0.0
2026-09-14 09:00:00,1.1538,1.15387,1.1538,1.15383,0.0
2026-09-14 09:00:01,1.1538,1.15412,1.15376,1.1538,0.0
2026-09-14 09:00:02,1.15381,1.15442,1.15354,1.15442,0.0
2026-09-14 09:00:03,1.15381,1.15449,1.15354,1.15437,0.0
2026-09-14 09:00:04,1.1538,1.15449,1.15354,1.15418,0.0
2026-09-14 10:00:00,1.15418,1.15418,1.15407,1.15412,0.0
2026-09-14 10:00:01,1.15416,1.15419,1.1538,1.15403,0.0
2026-09-14 10:00:02,1.15416,1.15419,1.1537,1.15409,0.0
2026-09-14 10:00:03,1.15417,1.15419,1.1537,1.15409,0.0
2026-09-14 10:00:04,1.15416,1.15419,1.1537,1.15404,0.0
2026-09-14 11:00:00,1.15404,1.15405,1.15403,1.15404,0.0
2026-09-14 11:00:01,1.15404,1.15449,1.15403,1.15444,0.0
2026-09-14 11:00:02,1.15405,1.15488,1.15403,1.15481,0.0
2026-09-14 11:00:03,1.15404,1.15498,1.15403,1.15473,0.0
2026-09-14 11:00:04,1.15404,1.15498,1.15403,1.15481,0.0
2026-09-14 12:00:00,1.15479,1.1548,1.1547,1.15472,0.0
2026-09-14 12:00:01,1.1548,1.15521,1.1547,1.15491,0.0
2026-09-14 12:00:02,1.15479,1.15521,1.15398,1.15399,0.0
2026-09-14 12:00:03,1.15473,1.15521,1.15299,1.15339,0.0
2026-09-14 12:00:04,1.15471,1.15521,1.15298,1.15324,0.0
2026-09-14 13:00:00,1.15324,1.15324,1.15315,1.15323,0.0
2026-09-14 13:00:01,1.15324,1.15367,1.15295,1.15358,0.0
2026-09-14 13:00:02,1.15321,1.15371,1.15295,1.15343,0.0
2026-09-14 13:00:03,1.15316,1.15374,1.15295,1.15348,0.0
2026-09-14 13:00:04,1.15319,1.15374,1.15232,1.15253,0.0
2026-09-14 14:00:00,1.15253,1.15263,1.15252,1.15262,0.0
2026-09-14 14:00:01,1.15253,1.15364,1.15238,1.15363,0.0
2026-09-14 14:00:02,1.15252,1.1537,1.15238,1.15323,0.0
2026-09-14 14:00:03,1.15252,1.15427,1.15238,1.15423,0.0
2026-09-14 14:00:04,1.15253,1.15427,1.15238,1.1537,0.0
2026-09-14 15:00:00,1.15371,1.15382,1.15371,1.15377,0.0
2026-09-14 15:00:01,1.15375,1.15471,1.1536,1.15409,0.0
2026-09-14 15:00:02,1.15373,1.15471,1.1536,1.15423,0.0
2026-09-14 15:00:03,1.15373,1.155,1.1536,1.15478,0.0
2026-09-14 15:00:04,1.15372,1.155,1.1536,1.15482,0.0
2026-09-14 16:00:00,1.15482,1.15487,1.1548,1.15486,0.0
2026-09-14 16:00:01,1.15482,1.15525,1.1548,1.15515,0.0
2026-09-14 16:00:02,1.15483,1.15536,1.1548,1.15512,0.0
2026-09-14 16:00:03,1.15482,1.1559,1.1548,1.15581,0.0
2026-09-14 16:00:04,1.15482,1.15634,1.1548,1.15603,0.0
2026-09-14 17:00:00,1.15602,1.15607,1.15602,1.15606,0.0
2026-09-14 17:00:01,1.15602,1.15614,1.15583,1.15586,0.0
2026-09-14 17:00:02,1.15603,1.15614,1.15576,1.15581,0.0
2026-09-14 17:00:03,1.15606,1.15614,1.15549,1.15555,0.0
2026-09-14 17:00:04,1.15606,1.15614,1.15545,1.15562,0.0
2026-09-14 18:00:00,1.15562,1.15567,1.15562,1.15566,0.0
2026-09-14 18:00:01,1.15562,1.15583,1.15549,1.15576,0.0
2026-09-14 18:00:02,1.15563,1.15583,1.15549,1.15566,0.0
2026-09-14 18:00:03,1.15563,1.15593,1.15549,1.15572,0.0
2026-09-14 18:00:04,1.15563,1.15593,1.15549,1.15571,0.0
2026-09-14 19:00:00,1.1557,1.15571,1.15569,1.1557,0.0
2026-09-14 19:00:01,1.15569,1.15577,1.15558,1.15566,0.0
2026-09-14 19:00:02,1.1557,1.15577,1.15526,1.15528,0.0
2026-09-14 19:00:03,1.1557,1.15577,1.15511,1.15516,0.0
2026-09-14 19:00:04,1.15571,1.15577,1.1547,1.15475,0.0
2026-09-14 20:00:00,1.15474,1.15474,1.15468,1.15469,0.0
2026-09-14 20:00:01,1.15471,1.15472,1.15446,1.1547,0.0
2026-09-14 20:00:02,1.15471,1.15476,1.15446,1.15472,0.0
2026-09-14 20:00:03,1.15471,1.15491,1.15446,1.15491,0.0
2026-09-14 20:00:04,1.15472,1.15507,1.15446,1.15487,0.0
2026-09-14 21:00:00,1.15487,1.15525,1.15487,1.15517,0.0
2026-09-14 21:00:01,1.15487,1.15525,1.15485,1.15518,0.0
2026-09-14 21:00:02,1.15488,1.15525,1.15485,1.15496,0.0
2026-09-14 21:00:03,1.15488,1.15525,1.15485,1.1551,0.0
2026-09-14 21:00:04,1.15488,1.15525,1.15485,1.15509,0.0
2026-09-14 22:00:00,1.15511,1.15511,1.15492,1.15497,0.0
2026-09-14 22:00:01,1.15499,1.15507,1.15492,1.15499,0.0
2026-09-14 22:00:02,1.15492,1.15507,1.15492,1.15499,0.0
2026-09-14 22:00:03,1.15496,1.15516,1.15492,1.1551,0.0
2026-09-14 22:00:04,1.15497,1.1552,1.15492,1.15518,0.0
2026-09-14 23:00:00,1.15518,1.15519,1.15514,1.15519,0.0
2026-09-14 23:00:01,1.15514,1.15521,1.15513,1.15514,0.0
2026-09-14 23:00:02,1.15515,1.15521,1.15498,1.15499,0.0
2026-09-14 23:00:03,1.15519,1.15521,1.15478,1.15484,0.0
2026-09-14 23:00:04,1.15519,1.15521,1.15468,1.1548,0.0
2026-09-15 00:00:00,1.15479,1.15484,1.15479,1.15481,0.0
2026-09-15 00:00:01,1.15481,1.15484,1.1546,1.15464,0.0
2026-09-15 00:00:02,1.15481,1.15484,1.15437,1.15443,0.0
2026-09-15 00:00:03,1.15484,1.15484,1.15432,1.15446,0.0
2026-09-15 00:00:04,1.15484,1.15484,1.15432,1.15437,0.0
2026-09-15 01:00:00,1.15436,1.15437,1.15432,1.15433,0.0
2026-09-15 01:00:01,1.15437,1.1544,1.15415,1.15425,0.0
2026-09-15 01:00:02,1.15436,1.1544,1.15379,1.15383,0.0
2026-09-15 01:00:03,1.15437,1.1544,1.15373,1.15373,0.0
2026-09-15 01:00:04,1.15436,1.1544,1.15373,1.15382,0.0
2026-09-15 02:00:00,1.15382,1.15385,1.15382,1.15384,0.0
2026-09-15 02:00:01,1.15383,1.15399,1.15368,1.15369,0.0
2026-09-15 02:00:02,1.15383,1.15399,1.15364,1.1537,0.0
2026-09-15 02:00:03,1.15383,1.15399,1.15356,1.1537,0.0
2026-09-15 02:00:04,1.15382,1.1541,1.15356,1.15405,0.0
2026-09-15 03:00:00,1.15405,1.15406,1.15404,1.15406,0.0
2026-09-15 03:00:01,1.15405,1.1541,1.15384,1.15384,0.0
2026-09-15 03:00:02,1.15404,1.1541,1.15373,1.1539,0.0
2026-09-15 03:00:03,1.15405,1.1541,1.15373,1.15375,0.0
2026-09-15 03:00:04,1.15406,1.1541,1.15373,1.15375,0.0
2026-09-15 04:00:00,1.15375,1.15376,1.15374,1.15375,0.0
2026-09-15 04:00:01,1.15375,1.15379,1.15363,1.15367,0.0
2026-09-15 04:00:02,1.15374,1.15379,1.15349,1.15359,0.0
2026-09-15 04:00:03,1.15374,1.15384,1.15349,1.15369,0.0
2026-09-15 04:00:04,1.15374,1.15384,1.15349,1.15369,0.0
2026-09-15 05:00:00,1.15369,1.15372,1.15369,1.15372,0.0
2026-09-15 05:00:01,1.1537,1.15375,1.15351,1.15369,0.0
2026-09-15 05:00:02,1.15369,1.15375,1.15344,1.15356,0.0
2026-09-15 05:00:03,1.1537,1.15376,1.15336,1.15372,0.0
2026-09-15 05:00:04,1.1537,1.15382,1.15336,1.15352,0.0
2026-09-15 06:00:00,1.15353,1.1536,1.15352,1.15352,0.0
2026-09-15 06:00:01,1.15352,1.1536,1.15322,1.15335,0.0
2026-09-15 06:00:02,1.15358,1.1536,1.15272,1.15283,0.0
2026-09-15 06:00:03,1.15359,1.1536,1.15272,1.15285,0.0
2026-09-15 06:00:04,1.1536,1.1536,1.15272,1.15341,0.0
2026-09-15 07:00:00,1.1534,1.15345,1.1534,1.15341,0.0
2026-09-15 07:00:01,1.15341,1.15378,1.15322,1.15362,0.0
2026-09-15 07:00:02,1.15345,1.15395,1.15322,1.15391,0.0
2026-09-15 07:00:03,1.15345,1.15401,1.15322,1.154,0.0
2026-09-15 07:00:04,1.15345,1.15409,1.15322,1.15406,0.0
2026-09-15 08:00:00,1.15406,1.15407,1.15392,1.15392,0.0
2026-09-15 08:00:01,1.15406,1.15407,1.15353,1.15388,0.0
2026-09-15 08:00:02,1.15406,1.15407,1.15353,1.15365,0.0
2026-09-15 08:00:03,1.15406,1.15407,1.15339,1.1534,0.0
2026-09-15 08:00:04,1.15406,1.15407,1.15323,1.15331,0.0
2026-09-15 09:00:00,1.15331,1.15335,1.15329,1.15335,0.0
2026-09-15 09:00:01,1.15332,1.15367,1.15329,1.15355,0.0
2026-09-15 09:00:02,1.15332,1.15367,1.15325,1.15352,0.0
2026-09-15 09:00:03,1.15331,1.15367,1.15325,1.1534,0.0
2026-09-15 09:00:04,1.15331,1.15387,1.15325,1.15376,0.0
2026-09-15 10:00:00,1.15375,1.1538,1.15375,1.1538,0.0
2026-09-15 10:00:01,1.15375,1.15394,1.15361,1.15374,0.0
2026-09-15 10:00:02,1.15376,1.15398,1.15361,1.1538,0.0
2026-09-15 10:00:03,1.15376,1.154,1.15361,1.15376,0.0
2026-09-15 10:00:04,1.15376,1.154,1.15345,1.1535,0.0
2026-09-15 11:00:00,1.1535,1.15362,1.15344,1.15361,0.0
2026-09-15 11:00:01,1.1535,1.15381,1.15344,1.15379,0.0
2026-09-15 11:00:02,1.1535,1.15428,1.15344,1.15415,0.0
2026-09-15 11:00:03,1.1535,1.15428,1.15344,1.15409,0.0
2026-09-15 11:00:04,1.1535,1.15428,1.15344,1.15396,0.0
2026-09-15 12:00:00,1.15396,1.15397,1.15392,1.15395,0.0
2026-09-15 12:00:01,1.15394,1.15421,1.15388,1.15403,0.0
2026-09-15 12:00:02,1.15395,1.1543,1.15384,1.15427,0.0
2026-09-15 12:00:03,1.15393,1.15475,1.15384,1.15458,0.0
2026-09-15 12:00:04,1.15395,1.15496,1.15384,1.15466,0.0
2026-09-15 13:00:00,1.15465,1.15475,1.15464,1.1547,0.0
2026-09-15 13:00:01,1.15464,1.15483,1.15461,1.15473,0.0
2026-09-15 13:00:02,1.15464,1.15483,1.15417,1.15434,0.0
2026-09-15 13:00:03,1.15464,1.15483,1.15394,1.1544,0.0
2026-09-15 13:00:04,1.15468,1.15514,1.15394,1.15493,0.0
2026-09-15 14:00:00,1.15494,1.15499,1.15477,1.15484,0.0
2026-09-15 14:00:01,1.15494,1.15499,1.15458,1.15494,0.0
2026-09-15 14:00:02,1.15494,1.155,1.15454,1.1549,0.0
2026-09-15 14:00:03,1.15494,1.15517,1.15405,1.15434,0.0
2026-09-15 14:00:04,1.15494,1.15517,1.15405,1.1543,0.0
2026-09-15 15:00:00,1.15431,1.15435,1.15431,1.15435,0.0
2026-09-15 15:00:01,1.15432,1.15449,1.15396,1.15403,0.0
2026-09-15 15:00:02,1.15433,1.15462,1.15396,1.15454,0.0
2026-09-15 15:00:03,1.15434,1.15462,1.15396,1.15404,0.0
2026-09-15 15:00:04,1.15434,1.15462,1.1539,1.15418,0.0
2026-09-15 16:00:00,1.15417,1.15418,1.15414,1.15416,0.0
2026-09-15 16:00:01,1.15418,1.15427,1.154,1.15407,0.0
2026-09-15 16:00:02,1.15417,1.15427,1.15392,1.15403,0.0
2026-09-15 16:00:03,1.15414,1.15427,1.15392,1.15409,0.0
2026-09-15 16:00:04,1.15415,1.15433,1.15392,1.1543,0.0
2026-09-15 17:00:00,1.1543,1.15435,1.15427,1.15435,0.0
2026-09-15 17:00:01,1.1543,1.15437,1.15395,1.15404,0.0
2026-09-15 17:00:02,1.1543,1.15437,1.15375,1.15385,0.0
2026-09-15 17:00:03,1.1543,1.15437,1.15375,1.15395,0.0
2026-09-15 17:00:04,1.15427,1.15437,1.15368,1.15375,0.0
2026-09-15 18:00:00,1.15375,1.15385,1.15375,1.15384,0.0
2026-09-15 18:00:01,1.15375,1.15407,1.15364,1.15402,0.0
2026-09-15 18:00:02,1.15377,1.15435,1.15364,1.15424,0.0
2026-09-15 18:00:03,1.15377,1.15435,1.15364,1.15408,0.0
2026-09-15 18:00:04,1.15379,1.15436,1.15364,1.15428,0.0
2026-09-15 19:00:00,1.15428,1.15429,1.15425,1.15425,0.0
2026-09-15 19:00:01,1.15428,1.15431,1.15413,1.15414,0.0
2026-09-15 19:00:02,1.15425,1.15431,1.15402,1.1541,0.0
2026-09-15 19:00:03,1.15428,1.15431,1.15402,1.15415,0.0
2026-09-15 19:00:04,1.15428,1.15431,1.15402,1.15411,0.0
2026-09-15 20:00:00,1.15409,1.15409,1.15405,1.15407,0.0
2026-09-15 20:00:01,1.15409,1.15411,1.15391,1.15392,0.0
2026-09-15 20:00:02,1.15408,1.15411,1.15387,1.15401,0.0
2026-09-15 20:00:03,1.15408,1.15411,1.15387,1.15401,0.0
2026-09-15 20:00:04,1.15409,1.15434,1.15387,1.15434,0.0
2026-09-15 21:00:00,1.1544,1.1544,1.15431,1.15435,0.0
2026-09-15 21:00:01,1.15437,1.15437,1.15362,1.1537,0.0
2026-09-15 21:00:02,1.15432,1.15435,1.15362,1.15374,0.0
2026-09-15 21:00:03,1.15432,1.15435,1.15362,1.15384,0.0
2026-09-15 21:00:04,1.15432,1.15435,1.15362,1.15408,0.0
2026-09-15 22:00:00,1.15408,1.15434,1.15407,1.15434,0.0
2026-09-15 22:00:01,1.15407,1.15445,1.15407,1.15427,0.0
2026-09-15 22:00:02,1.15416,1.15445,1.1541,1.15423,0.0
2026-09-15 22:00:03,1.15414,1.15445,1.15391,1.15391,0.0
2026-09-15 23:00:00,1.15391,1.15393,1.15391,1.15392,0.0
2026-09-15 23:00:01,1.15391,1.15393,1.15373,1.15377,0.0
2026-09-15 23:00:02,1.15392,1.15393,1.15365,1.15372,0.0
2026-09-15 23:00:03,1.15391,1.15393,1.15344,1.15364,0.0
2026-09-15 23:00:04,1.15392,1.15393,1.15344,1.15368,0.0
2026-09-16 00:00:00,1.15367,1.15372,1.15365,1.15367,0.0
2026-09-16 00:00:01,1.15366,1.15383,1.15364,1.15375,0.0
2026-09-16 00:00:02,1.15366,1.15392,1.15364,1.15373,0.0
2026-09-16 00:00:03,1.1537,1.15392,1.15345,1.15346,0.0
2026-09-16 00:00:04,1.1537,1.15392,1.15338,1.15353,0.0
2026-09-16 01:00:00,1.15353,1.15358,1.15353,1.15358,0.0
2026-09-16 01:00:01,1.15353,1.15363,1.15331,1.15345,0.0
2026-09-16 01:00:02,1.15354,1.15363,1.15331,1.15335,0.0
2026-09-16 01:00:03,1.15354,1.15363,1.1532,1.15348,0.0
2026-09-16 01:00:04,1.15354,1.15363,1.1532,1.15325,0.0
2026-09-16 02:00:00,1.15325,1.15326,1.15324,1.15325,0.0
2026-09-16 02:00:01,1.15325,1.15372,1.15324,1.1537,0.0
2026-09-16 02:00:02,1.15325,1.15391,1.15324,1.15386,0.0
2026-09-16 02:00:03,1.15325,1.15425,1.15324,1.15406,0.0
2026-09-16 02:00:04,1.15325,1.15425,1.15324,1.15423,0.0
2026-09-16 03:00:00,1.15423,1.15424,1.15422,1.15422,0.0
2026-09-16 03:00:01,1.15423,1.15437,1.15417,1.15425,0.0
2026-09-16 03:00:02,1.15423,1.15437,1.15417,1.15424,0.0
2026-09-16 03:00:03,1.15423,1.15437,1.15403,1.15404,0.0
2026-09-16 03:00:04,1.15423,1.15437,1.154,1.15415,0.0
2026-09-16 04:00:00,1.15415,1.15419,1.15415,1.15419,0.0
2026-09-16 04:00:01,1.15415,1.15432,1.15415,1.1543,0.0
2026-09-16 04:00:02,1.15415,1.15442,1.15415,1.15441,0.0
2026-09-16 04:00:03,1.15415,1.15461,1.15415,1.15443,0.0
2026-09-16 04:00:04,1.15416,1.15461,1.15415,1.15447,0.0
2026-09-16 05:00:00,1.15447,1.15449,1.15447,1.15448,0.0
2026-09-16 05:00:01,1.15449,1.1546,1.15435,1.15453,0.0
2026-09-16 05:00:02,1.15449,1.15483,1.15435,1.15471,0.0
2026-09-16 05:00:03,1.15449,1.15483,1.15435,1.15459,0.0
2026-09-16 05:00:04,1.15449,1.15517,1.15435,1.15497,0.0
2026-09-16 06:00:00,1.15497,1.15503,1.15493,1.155,0.0
2026-09-16 06:00:01,1.15503,1.1551,1.15465,1.15499,0.0
2026-09-16 06:00:02,1.15493,1.1551,1.15465,1.1548,0.0
2026-09-16 06:00:03,1.15498,1.1551,1.15458,1.15464,0.0
2026-09-16 06:00:04,1.15493,1.1551,1.15444,1.15474,0.0
2026-09-16 07:00:00,1.15474,1.15483,1.15473,1.15481,0.0
2026-09-16 07:00:01,1.15473,1.15509,1.15465,1.15504,0.0
2026-09-16 07:00:02,1.15476,1.1551,1.15465,1.15507,0.0
2026-09-16 07:00:03,1.15475,1.15566,1.15465,1.15514,0.0
2026-09-16 07:00:04,1.15478,1.15566,1.15465,1.15479,0.0
2026-09-16 08:00:00,1.15479,1.15479,1.15474,1.15476,0.0
2026-09-16 08:00:01,1.15479,1.15485,1.15448,1.1545,0.0
2026-09-16 08:00:02,1.15478,1.15498,1.15448,1.15455,0.0
2026-09-16 08:00:03,1.15479,1.15498,1.15426,1.15428,0.0
2026-09-16 08:00:04,1.15479,1.15498,1.15384,1.15397,0.0
2026-09-16 09:00:00,1.15397,1.15397,1.15389,1.1539,0.0
2026-09-16 09:00:01,1.15394,1.15441,1.15378,1.15425,0.0
2026-09-16 09:00:02,1.15395,1.15441,1.15378,1.15414,0.0
2026-09-16 09:00:03,1.15395,1.15441,1.15378,1.1542,0.0
2026-09-16 09:00:04,1.15395,1.15441,1.15378,1.1539,0.0
2026-09-16 10:00:00,1.1539,1.15392,1.15389,1.1539,0.0
2026-09-16 10:00:01,1.1539,1.15401,1.15356,1.1538,0.0
2026-09-16 10:00:02,1.1539,1.15401,1.15352,1.15353,0.0
2026-09-16 10:00:03,1.1539,1.15401,1.15343,1.15368,0.0
2026-09-16 10:00:04,1.1539,1.15401,1.15343,1.15355,0.0
2026-09-16 11:00:00,1.15368,1.15384,1.15368,1.15372,0.0
2026-09-16 11:00:01,1.15374,1.15384,1.15311,1.15332,0.0
2026-09-16 11:00:02,1.15382,1.15397,1.15311,1.1539,0.0
2026-09-16 11:00:03,1.15384,1.15407,1.15311,1.15398,0.0
2026-09-16 11:00:04,1.15371,1.15407,1.15311,1.15349,0.0
2026-09-16 12:00:00,1.15349,1.15356,1.15349,1.15355,0.0
2026-09-16 12:00:01,1.15353,1.15386,1.15351,1.15361,0.0
2026-09-16 12:00:02,1.15355,1.15386,1.15284,1.15317,0.0
2026-09-16 12:00:03,1.15356,1.15386,1.15284,1.15351,0.0
2026-09-16 12:00:04,1.15356,1.15388,1.15284,1.15358,0.0
2026-09-16 13:00:00,1.15356,1.15361,1.15352,1.1536,0.0
2026-09-16 13:00:01,1.15352,1.15372,1.1532,1.15372,0.0
2026-09-16 13:00:02,1.15354,1.15373,1.1532,1.1536,0.0
2026-09-16 13:00:03,1.15355,1.15388,1.1532,1.15371,0.0
2026-09-16 13:00:04,1.15353,1.15388,1.15317,1.15322,0.0
2026-09-16 14:00:00,1.15322,1.15333,1.15322,1.15328,0.0
2026-09-16 14:00:01,1.15326,1.15378,1.1531,1.15371,0.0
2026-09-16 14:00:02,1.15326,1.15381,1.1531,1.15372,0.0
2026-09-16 14:00:03,1.15326,1.15413,1.1531,1.15398,0.0
2026-09-16 14:00:04,1.15326,1.15413,1.1531,1.1539,0.0
2026-09-16 15:00:00,1.15391,1.15402,1.15389,1.15402,0.0
2026-09-16 15:00:01,1.15389,1.15424,1.15386,1.15405,0.0
2026-09-16 15:00:02,1.15389,1.15424,1.15366,1.15367,0.0
2026-09-16 15:00:03,1.15389,1.15424,1.1535,1.15356,0.0
2026-09-16 15:00:04,1.1539,1.15424,1.1535,1.15377,0.0
2026-09-16 16:00:00,1.15376,1.15383,1.15376,1.15379,0.0
2026-09-16 16:00:01,1.15382,1.15383,1.15344,1.15367,0.0
2026-09-16 16:00:02,1.15381,1.15384,1.15344,1.15363,0.0
2026-09-16 16:00:03,1.15382,1.15384,1.15344,1.15376,0.0
2026-09-16 16:00:04,1.15382,1.15384,1.15344,1.15347,0.0
2026-09-16 17:00:00,1.15346,1.15346,1.1534,1.1534,0.0
2026-09-16 17:00:01,1.15345,1.15345,1.15306,1.15319,0.0
2026-09-16 17:00:02,1.15345,1.15345,1.15306,1.15335,0.0
2026-09-16 17:00:03,1.15345,1.15345,1.15306,1.15343,0.0
2026-09-16 17:00:04,1.15345,1.15387,1.15306,1.15387,0.0
2026-09-16 18:00:00,1.15392,1.15465,1.15315,1.15315,0.0
2026-09-16 18:00:01,1.15404,1.15465,1.15009,1.15012,0.0
2026-09-16 18:00:02,1.15381,1.15465,1.14972,1.14978,0.0
2026-09-16 18:00:03,1.15429,1.15465,1.14736,1.14879,0.0
2026-09-16 18:00:04,1.15398,1.15465,1.14701,1.14704,0.0
2026-09-16 19:00:00,1.14705,1.14716,1.14704,1.14716,0.0
2026-09-16 19:00:01,1.14705,1.14824,1.14677,1.14707,0.0
2026-09-16 19:00:02,1.14704,1.14824,1.14625,1.14674,0.0
2026-09-16 19:00:03,1.14704,1.14824,1.14625,1.1472,0.0
2026-09-16 19:00:04,1.14709,1.14824,1.14625,1.14719,0.0
2026-09-16 20:00:00,1.14719,1.14729,1.14711,1.14717,0.0
2026-09-16 20:00:01,1.14721,1.14737,1.14665,1.14673,0.0
2026-09-16 20:00:02,1.14722,1.14737,1.1461,1.14626,0.0
2026-09-16 20:00:03,1.14722,1.14737,1.1461,1.14645,0.0
2026-09-16 20:00:04,1.14726,1.14737,1.1461,1.14646,0.0
2026-09-16 21:00:00,1.14647,1.14647,1.14642,1.14642,0.0
2026-09-16 21:00:01,1.14647,1.1468,1.14564,1.14629,0.0
2026-09-16 21:00:02,1.14645,1.1468,1.14564,1.14623,0.0
2026-09-16 21:00:03,1.14645,1.1468,1.14564,1.14624,0.0
2026-09-16 21:00:04,1.14645,1.1468,1.14564,1.14632,0.0
2026-09-16 22:00:00,1.14632,1.14638,1.14632,1.14637,0.0
2026-09-16 22:00:01,1.14632,1.14646,1.14615,1.14645,0.0
2026-09-16 22:00:02,1.14634,1.14683,1.14615,1.14676,0.0
2026-09-16 22:00:03,1.14634,1.14685,1.14615,1.14685,0.0
2026-09-16 22:00:04,1.14636,1.14685,1.14615,1.14668,0.0
2026-09-16 23:00:00,1.14669,1.14669,1.14657,1.14658,0.0
2026-09-16 23:00:01,1.1466,1.14683,1.14657,1.14681,0.0
2026-09-16 23:00:02,1.14658,1.14689,1.14657,1.14677,0.0
2026-09-16 23:00:03,1.14657,1.14705,1.14657,1.14691,0.0
2026-09-16 23:00:04,1.14657,1.14712,1.14657,1.14685,0.0
2026-09-17 00:00:00,1.14685,1.14685,1.1468,1.14681,0.0
2026-09-17 00:00:01,1.14684,1.14731,1.14678,1.14704,0.0
2026-09-17 00:00:02,1.14684,1.14731,1.1467,1.14678,0.0
2026-09-17 00:00:03,1.14683,1.14731,1.14639,1.14644,0.0
2026-09-17 00:00:04,1.14682,1.14731,1.14593,1.14593,0.0
2026-09-17 01:00:00,1.14594,1.146,1.14592,1.14593,0.0
2026-09-17 01:00:01,1.14597,1.14628,1.14575,1.14627,0.0
2026-09-17 01:00:02,1.14598,1.14643,1.14575,1.14631,0.0
2026-09-17 01:00:03,1.14599,1.14648,1.14575,1.14579,0.0
2026-09-17 01:00:04,1.146,1.14648,1.14575,1.14585,0.0
2026-09-17 02:00:00,1.14586,1.14595,1.14586,1.14595,0.0
2026-09-17 02:00:01,1.14586,1.1463,1.14586,1.14615,0.0
2026-09-17 02:00:02,1.14586,1.1463,1.14586,1.14594,0.0
2026-09-17 02:00:03,1.14586,1.1463,1.14564,1.14589,0.0
2026-09-17 02:00:04,1.14587,1.1463,1.14564,1.1458,0.0
2026-09-17 03:00:00,1.1458,1.14584,1.1458,1.14583,0.0
2026-09-17 03:00:01,1.14583,1.14611,1.14573,1.1461,0.0
2026-09-17 03:00:02,1.14584,1.14612,1.14573,1.14585,0.0
2026-09-17 03:00:03,1.14583,1.14612,1.14573,1.14593,0.0
2026-09-17 03:00:04,1.14583,1.14615,1.14573,1.14601,0.0
2026-09-17 04:00:00,1.14601,1.14603,1.14601,1.14603,0.0
2026-09-17 04:00:01,1.14601,1.14619,1.14595,1.14603,0.0
2026-09-17 04:00:02,1.14601,1.14633,1.14595,1.14622,0.0
2026-09-17 04:00:03,1.14601,1.14656,1.14595,1.14652,0.0
2026-09-17 04:00:04,1.14601,1.14667,1.14595,1.14665,0.0
2026-09-17 05:00:00,1.14665,1.14668,1.14664,1.14668,0.0
2026-09-17 05:00:01,1.14665,1.14683,1.14646,1.14654,0.0
2026-09-17 05:00:02,1.14665,1.14683,1.14634,1.14649,0.0
2026-09-17 05:00:03,1.14665,1.14683,1.14634,1.14655,0.0
2026-09-17 05:00:04,1.14664,1.14683,1.14634,1.14668,0.0
2026-09-17 06:00:00,1.14668,1.14675,1.14664,1.14675,0.0
2026-09-17 06:00:01,1.14664,1.14708,1.14657,1.14697,0.0
2026-09-17 06:00:02,1.14666,1.14773,1.14657,1.14773,0.0
2026-09-17 06:00:03,1.14669,1.14798,1.14657,1.1479,0.0
2026-09-17 06:00:04,1.1467,1.14836,1.14657,1.14801,0.0
2026-09-17 07:00:00,1.14799,1.14809,1.14798,1.14808,0.0
2026-09-17 07:00:01,1.14798,1.14809,1.14756,1.1478,0.0
2026-09-17 07:00:02,1.148,1.14815,1.14756,1.14799,0.0
2026-09-17 07:00:03,1.14803,1.14815,1.14756,1.14773,0.0
2026-09-17 07:00:04,1.14803,1.14815,1.14703,1.14735,0.0
2026-09-17 08:00:00,1.14735,1.14735,1.14731,1.14732,0.0
2026-09-17 08:00:01,1.14734,1.14735,1.14674,1.1469,0.0
2026-09-17 08:00:02,1.14735,1.14735,1.14674,1.14694,0.0
2026-09-17 08:00:03,1.14735,1.14735,1.14674,1.14705,0.0
2026-09-17 08:00:04,1.14735,1.14735,1.14674,1.14729,0.0
2026-09-17 09:00:00,1.1473,1.14734,1.14724,1.14724,0.0
2026-09-17 09:00:01,1.14729,1.14782,1.14723,1.14761,0.0
2026-09-17 09:00:02,1.14729,1.14782,1.14723,1.1474,0.0
2026-09-17 09:00:03,1.14729,1.14782,1.14723,1.14751,0.0
2026-09-17 09:00:04,1.14729,1.14782,1.14718,1.14725,0.0
2026-09-17 10:00:00,1.14725,1.14739,1.14725,1.14738,0.0
2026-09-17 10:00:01,1.14726,1.14802,1.14726,1.14768,0.0
2026-09-17 10:00:02,1.14727,1.14804,1.14727,1.14802,0.0
2026-09-17 10:00:03,1.14728,1.14804,1.14728,1.14766,0.0
2026-09-17 10:00:04,1.14728,1.14804,1.14728,1.14785,0.0
2026-09-17 11:00:00,1.14785,1.14787,1.14769,1.14784,0.0
2026-09-17 11:00:01,1.14787,1.1479,1.14739,1.14744,0.0
2026-09-17 11:00:02,1.14783,1.1479,1.14691,1.14714,0.0
2026-09-17 11:00:03,1.14769,1.1479,1.14683,1.14703,0.0
2026-09-17 11:00:04,1.14769,1.1479,1.14683,1.14734,0.0
2026-09-17 12:00:00,1.14735,1.14735,1.14723,1.14723,0.0
2026-09-17 12:00:01,1.14734,1.14843,1.14721,1.1482,0.0
2026-09-17 12:00:02,1.14733,1.14959,1.14721,1.14955,0.0
2026-09-17 12:00:03,1.14733,1.14959,1.14721,1.14849,0.0
2026-09-17 12:00:04,1.14731,1.14959,1.14721,1.14914,0.0
2026-09-17 13:00:00,1.14914,1.14914,1.14906,1.14909,0.0
2026-09-17 13:00:01,1.14912,1.1493,1.14853,1.1487,0.0
2026-09-17 13:00:02,1.1491,1.1493,1.14853,1.14894,0.0
2026-09-17 13:00:03,1.14907,1.1493,1.14851,1.14861,0.0
2026-09-17 13:00:04,1.14906,1.1493,1.14851,1.14887,0.0
2026-09-17 14:00:00,1.14888,1.14892,1.1488,1.14883,0.0
2026-09-17 14:00:01,1.14887,1.14978,1.1488,1.14958,0.0
2026-09-17 14:00:02,1.14883,1.14978,1.1488,1.14914,0.0
2026-09-17 14:00:03,1.1488,1.14978,1.14876,1.14922,0.0
2026-09-17 14:00:04,1.1488,1.14978,1.14853,1.14862,0.0
2026-09-17 15:00:00,1.14862,1.14865,1.14859,1.14859,0.0
2026-09-17 15:00:01,1.14863,1.14879,1.14821,1.14826,0.0
2026-09-17 15:00:02,1.14861,1.14879,1.14792,1.14799,0.0
2026-09-17 15:00:03,1.14861,1.14879,1.1477,1.14773,0.0
2026-09-17 15:00:04,1.14861,1.14879,1.14756,1.14786,0.0
2026-09-17 16:00:00,1.14784,1.14789,1.14782,1.14787,0.0
2026-09-17 16:00:01,1.14783,1.14796,1.1475,1.14784,0.0
2026-09-17 16:00:02,1.14782,1.14796,1.1475,1.14774,0.0
2026-09-17 16:00:03,1.14783,1.14796,1.14744,1.1478,0.0
2026-09-17 16:00:04,1.14782,1.14796,1.14741,1.14762,0.0
2026-09-17 17:00:00,1.14762,1.14762,1.14756,1.14757,0.0
2026-09-17 17:00:01,1.14761,1.14775,1.1474,1.14752,0.0
2026-09-17 17:00:02,1.1476,1.14775,1.1474,1.14764,0.0
2026-09-17 17:00:03,1.1476,1.14775,1.1474,1.14768,0.0
2026-09-17 17:00:04,1.14758,1.14775,1.1474,1.14773,0.0
2026-09-17 18:00:00,1.14772,1.14772,1.14767,1.14767,0.0
2026-09-17 18:00:01,1.14772,1.14779,1.14751,1.1477,0.0
2026-09-17 18:00:02,1.14772,1.14779,1.14736,1.14748,0.0
2026-09-17 18:00:03,1.14772,1.14779,1.14736,1.14747,0.0
2026-09-17 18:00:04,1.14772,1.14779,1.14736,1.14751,0.0
2026-09-17 19:00:00,1.1475,1.14755,1.1475,1.14755,0.0
2026-09-17 19:00:01,1.1475,1.14779,1.1475,1.14773,0.0
2026-09-17 19:00:02,1.1475,1.14789,1.1475,1.14789,0.0
2026-09-17 19:00:03,1.1475,1.14803,1.1475,1.14796,0.0
2026-09-17 19:00:04,1.1475,1.1481,1.1475,1.14789,0.0
2026-09-17 20:00:00,1.14789,1.14794,1.14789,1.14794,0.0
2026-09-17 20:00:01,1.14794,1.14797,1.14737,1.14754,0.0
2026-09-17 20:00:02,1.14793,1.14797,1.14737,1.1478,0.0
2026-09-17 20:00:03,1.14793,1.14797,1.14737,1.14769,0.0
2026-09-17 20:00:04,1.14793,1.14797,1.14737,1.1476,0.0
2026-09-17 21:00:00,1.14761,1.14761,1.14758,1.14759,0.0
2026-09-17 21:00:01,1.14759,1.14799,1.14756,1.14786,0.0
2026-09-17 21:00:02,1.14758,1.14799,1.14752,1.14753,0.0
2026-09-17 21:00:03,1.14759,1.14799,1.14752,1.14773,0.0
2026-09-17 21:00:04,1.14759,1.14799,1.14752,1.14771,0.0
2026-09-17 22:00:00,1.14771,1.14771,1.14761,1.14763,0.0
2026-09-17 22:00:01,1.1477,1.14784,1.14754,1.14764,0.0
2026-09-17 22:00:02,1.14769,1.14784,1.14754,1.1477,0.0
2026-09-17 22:00:03,1.14767,1.14784,1.14754,1.14773,0.0
2026-09-17 22:00:04,1.14766,1.14784,1.14754,1.1478,0.0
2026-09-17 23:00:00,1.1478,1.14784,1.1478,1.14784,0.0
2026-09-17 23:00:01,1.1478,1.14787,1.14776,1.14783,0.0
2026-09-17 23:00:02,1.14781,1.14787,1.14767,1.14769,0.0
2026-09-17 23:00:03,1.1478,1.14787,1.14756,1.14768,0.0
2026-09-17 23:00:04,1.14781,1.14787,1.14753,1.14754,0.0
2026-09-18 00:00:00,1.14758,1.14758,1.14744,1.14747,0.0
2026-09-18 00:00:01,1.14755,1.14795,1.14744,1.14782,0.0
2026-09-18 00:00:02,1.14753,1.14806,1.14744,1.14791,0.0
2026-09-18 00:00:03,1.14753,1.14806,1.14744,1.14783,0.0
2026-09-18 00:00:04,1.14753,1.14806,1.14744,1.14795,0.0
2026-09-18 01:00:00,1.14795,1.14804,1.14795,1.148,0.0
2026-09-18 01:00:01,1.14798,1.14814,1.14796,1.148,0.0
2026-09-18 01:00:02,1.14799,1.14814,1.14788,1.14795,0.0
2026-09-18 01:00:03,1.14799,1.14814,1.1477,1.14795,0.0
2026-09-18 01:00:04,1.148,1.14825,1.1477,1.14824,0.0
2026-09-18 02:00:00,1.14824,1.14825,1.14824,1.14825,0.0
2026-09-18 02:00:01,1.14824,1.14825,1.14797,1.14807,0.0
2026-09-18 02:00:02,1.14824,1.14825,1.14793,1.14813,0.0
2026-09-18 02:00:03,1.14825,1.14825,1.14792,1.14798,0.0
2026-09-18 02:00:04,1.14825,1.14825,1.14769,1.14798,0.0
2026-09-18 03:00:00,1.14798,1.148,1.14791,1.14792,0.0
2026-09-18 03:00:01,1.148,1.14839,1.1479,1.14829,0.0
2026-09-18 03:00:02,1.148,1.14848,1.1479,1.14838,0.0
2026-09-18 03:00:03,1.14799,1.1487,1.1479,1.1487,0.0
2026-09-18 03:00:04,1.14798,1.14888,1.1479,1.14888,0.0
2026-09-18 04:00:00,1.14888,1.149,1.14886,1.149,0.0
2026-09-18 04:00:01,1.14888,1.14919,1.14886,1.14917,0.0
2026-09-18 04:00:02,1.14888,1.14919,1.14886,1.149,0.0
2026-09-18 04:00:03,1.14887,1.14919,1.14882,1.14891,0.0
2026-09-18 04:00:04,1.14886,1.14919,1.14867,1.14868,0.0
2026-09-18 05:00:00,1.14868,1.14869,1.14867,1.14869,0.0
2026-09-18 05:00:01,1.14868,1.14876,1.14848,1.14852,0.0
2026-09-18 05:00:02,1.14867,1.14876,1.14813,1.14818,0.0
2026-09-18 05:00:03,1.14868,1.14876,1.14802,1.14823,0.0
2026-09-18 05:00:04,1.14869,1.14876,1.14786,1.14788,0.0
2026-09-18 06:00:00,1.14788,1.14796,1.14788,1.1479,0.0
2026-09-18 06:00:01,1.14794,1.14825,1.14782,1.14814,0.0
2026-09-18 06:00:02,1.14796,1.14836,1.14782,1.14812,0.0
2026-09-18 06:00:03,1.14792,1.14846,1.14782,1.14834,0.0
2026-09-18 06:00:04,1.14792,1.14846,1.14782,1.14836,0.0
2026-09-18 07:00:00,1.14836,1.1486,1.14783,1.14787,0.0
2026-09-18 07:00:01,1.14836,1.1486,1.14783,1.14792,0.0
2026-09-18 07:00:02,1.14836,1.1486,1.14782,1.14852,0.0
2026-09-18 07:00:03,1.14834,1.14875,1.14782,1.14856,0.0
2026-09-18 08:00:00,1.14856,1.14862,1.14856,1.1486,0.0
2026-09-18 08:00:01,1.14858,1.14908,1.14847,1.14889,0.0
2026-09-18 08:00:02,1.14859,1.14908,1.14827,1.14833,0.0
2026-09-18 08:00:03,1.14859,1.14908,1.14786,1.14792,0.0
2026-09-18 08:00:04,1.14859,1.14908,1.14779,1.14826,0.0
2026-09-18 09:00:00,1.14828,1.14828,1.14821,1.14823,0.0
2026-09-18 09:00:01,1.14826,1.14839,1.14811,1.14815,0.0
2026-09-18 09:00:02,1.14825,1.14839,1.14811,1.14819,0.0
2026-09-18 09:00:03,1.14825,1.14869,1.14811,1.14856,0.0
2026-09-18 09:00:04,1.14824,1.14869,1.14811,1.14835,0.0
2026-09-18 10:00:00,1.14835,1.14844,1.14835,1.14844,0.0
2026-09-18 10:00:01,1.14836,1.14854,1.14826,1.14833,0.0
2026-09-18 10:00:02,1.14836,1.14854,1.14826,1.14827,0.0
2026-09-18 10:00:03,1.14837,1.14854,1.14723,1.14725,0.0
2026-09-18 10:00:04,1.14836,1.14854,1.14711,1.14738,0.0
2026-09-18 11:00:00,1.14738,1.14738,1.14735,1.14736,0.0
2026-09-18 11:00:01,1.14737,1.14769,1.14699,1.14717,0.0
2026-09-18 11:00:02,1.14737,1.14769,1.14639,1.14639,0.0
2026-09-18 11:00:03,1.14737,1.14769,1.14583,1.14591,0.0
2026-09-18 11:00:04,1.14737,1.14769,1.14573,1.14607,0.0
2026-09-18 12:00:00,1.14607,1.14618,1.14607,1.14616,0.0
2026-09-18 12:00:01,1.14608,1.14636,1.14583,1.14599,0.0
2026-09-18 12:00:02,1.1461,1.14636,1.1455,1.14577,0.0
2026-09-18 12:00:03,1.14609,1.14646,1.1455,1.1464,0.0
2026-09-18 12:00:04,1.1461,1.14697,1.1455,1.14684,0.0
2026-09-18 13:00:00,1.14684,1.14689,1.14681,1.14688,0.0
2026-09-18 13:00:01,1.14683,1.14693,1.14644,1.14651,0.0
2026-09-18 13:00:02,1.14682,1.14693,1.14633,1.14668,0.0
2026-09-18 13:00:03,1.14681,1.14693,1.14608,1.14632,0.0
2026-09-18 13:00:04,1.14683,1.14693,1.14582,1.14588,0.0
2026-09-18 14:00:00,1.14588,1.14604,1.14586,1.14603,0.0
2026-09-18 14:00:01,1.14588,1.14649,1.14586,1.14648,0.0
2026-09-18 14:00:02,1.14586,1.14649,1.14586,1.14624,0.0
2026-09-18 14:00:03,1.14586,1.14651,1.14586,1.14634,0.0
2026-09-18 14:00:04,1.14586,1.14651,1.14586,1.14619,0.0
2026-09-18 15:00:00,1.14619,1.14619,1.14605,1.14614,0.0
2026-09-18 15:00:01,1.14618,1.14656,1.14586,1.14656,0.0
2026-09-18 15:00:02,1.14617,1.14692,1.14586,1.14678,0.0
2026-09-18 15:00:03,1.14614,1.14692,1.14586,1.14648,0.0
2026-09-18 15:00:04,1.14614,1.14692,1.14586,1.14637,0.0
2026-09-18 16:00:00,1.14638,1.14638,1.14631,1.14634,0.0
2026-09-18 16:00:01,1.14638,1.14692,1.14624,1.14692,0.0
2026-09-18 16:00:02,1.14635,1.1472,1.14624,1.14717,0.0
2026-09-18 16:00:03,1.14634,1.1475,1.14624,1.14735,0.0
2026-09-18 16:00:04,1.14634,1.14751,1.14624,1.14737,0.0
2026-09-18 17:00:00,1.14737,1.1475,1.14737,1.14746,0.0
2026-09-18 17:00:01,1.14739,1.14835,1.14739,1.1483,0.0
2026-09-18 17:00:02,1.14745,1.14852,1.14739,1.1484,0.0
2026-09-18 17:00:03,1.14744,1.14852,1.14739,1.14813,0.0
2026-09-18 17:00:04,1.14744,1.14852,1.14739,1.14809,0.0
2026-09-18 18:00:00,1.14809,1.14813,1.14807,1.14807,0.0
2026-09-18 18:00:01,1.14809,1.14831,1.14803,1.14825,0.0
2026-09-18 18:00:02,1.14809,1.14831,1.14803,1.14811,0.0
2026-09-18 18:00:03,1.14809,1.14831,1.14803,1.14814,0.0
2026-09-18 18:00:04,1.14811,1.14839,1.14803,1.14834,0.0
2026-09-18 19:00:00,1.14835,1.14835,1.14834,1.14835,0.0
2026-09-18 19:00:01,1.14835,1.14858,1.14826,1.14855,0.0
2026-09-18 19:00:02,1.14835,1.14904,1.14826,1.14876,0.0
2026-09-18 19:00:03,1.14835,1.14904,1.14826,1.14868,0.0
2026-09-18 19:00:04,1.14835,1.14904,1.14826,1.14864,0.0
2026-09-18 20:00:00,1.14865,1.14876,1.14865,1.1487,0.0
2026-09-18 20:00:01,1.14866,1.14891,1.1486,1.14875,0.0
2026-09-18 20:00:02,1.14866,1.14891,1.1486,1.14885,0.0
2026-09-18 20:00:03,1.14868,1.14891,1.14848,1.1486,0.0
2026-09-18 20:00:04,1.14868,1.14891,1.14848,1.14859,0.0
2026-09-18 20:00:05,1.14871,1.14891,1.14848,1.14859,0.0
2026-09-18 20:00:06,1.14873,1.14891,1.14848,1.14859,0.0
2026-09-18 20:00:07,1.14874,1.14891,1.14848,1.14859,0.0
2026-09-18 20:00:08,1.14874,1.14891,1.14848,1.14859,0.0
2026-09-18 20:00:09,1.14875,1.14891,1.14848,1.14859,0.0
2026-09-18 20:00:10,1.14875,1.14891,1.14848,1.14859,0.0
2026-09-18 20:00:11,1.14875,1.14891,1.14848,1.14859,0.0
2026-09-18 20:00:12,1.14875,1.14891,1.14848,1.14859,0.0
2026-09-21 00:00:00,1.14786,1.14791,1.14784,1.14786,0.0
2026-09-21 00:00:01,1.14784,1.14804,1.14769,1.14797,0.0
2026-09-21 00:00:02,1.14785,1.14819,1.14769,1.14818,0.0
2026-09-21 00:00:03,1.14787,1.14854,1.14769,1.14843,0.0
2026-09-21 00:00:04,1.1479,1.14854,1.14769,1.14807,0.0
2026-09-21 01:00:00,1.14808,1.14818,1.14808,1.14817,0.0
2026-09-21 01:00:01,1.14812,1.14839,1.14805,1.14832,0.0
2026-09-21 01:00:02,1.14812,1.14854,1.14805,1.14843,0.0
2026-09-21 01:00:03,1.14814,1.14858,1.14805,1.14849,0.0
2026-09-21 01:00:04,1.14814,1.14858,1.14805,1.14832,0.0
2026-09-21 02:00:00,1.14832,1.14833,1.1483,1.14832,0.0
2026-09-21 02:00:01,1.14833,1.14833,1.14806,1.14816,0.0
2026-09-21 02:00:02,1.14833,1.14833,1.14806,1.14818,0.0
2026-09-21 02:00:03,1.14833,1.14833,1.14806,1.14809,0.0
2026-09-21 02:00:04,1.14832,1.14832,1.14767,1.14771,0.0
2026-09-21 03:00:00,1.14771,1.14773,1.1477,1.14772,0.0
2026-09-21 03:00:01,1.14771,1.14773,1.14746,1.14763,0.0
2026-09-21 03:00:02,1.14771,1.14782,1.14746,1.14753,0.0
2026-09-21 03:00:03,1.14772,1.14782,1.14746,1.14768,0.0
2026-09-21 03:00:04,1.14772,1.14782,1.14746,1.14753,0.0
2026-09-21 04:00:00,1.14753,1.14754,1.14752,1.14752,0.0
2026-09-21 04:00:01,1.14753,1.14764,1.14746,1.14764,0.0
2026-09-21 04:00:02,1.14754,1.14778,1.14746,1.14751,0.0
2026-09-21 04:00:03,1.14754,1.14778,1.14737,1.14761,0.0
2026-09-21 04:00:04,1.14754,1.14778,1.14737,1.14749,0.0
2026-09-21 05:00:00,1.14749,1.1475,1.14746,1.14747,0.0
2026-09-21 05:00:01,1.14749,1.1477,1.14743,1.14769,0.0
2026-09-21 05:00:02,1.1475,1.14773,1.14743,1.14749,0.0
2026-09-21 06:00:00,1.14738,1.14792,1.14713,1.14753,0.0
2026-09-21 07:00:00,1.14756,1.14792,1.14716,1.1477,0.0
2026-09-21 08:00:00,1.14776,1.14861,1.14749,1.14815,0.0
2026-09-21 09:00:00,1.14812,1.1482,1.14772,1.14792,0.0
2026-09-21 10:00:00,1.14797,1.14845,1.14796,1.14808,0.0
2026-09-21 11:00:00,1.14817,1.14911,1.14796,1.14896,0.0
2026-09-21 12:00:00,1.14897,1.14956,1.14841,1.14862,0.0
2026-09-21 13:00:00,1.14859,1.14877,1.14722,1.14746,0.0
2026-09-21 14:00:00,1.14744,1.1476,1.14671,1.1473,0.0
2026-09-21 15:00:00,1.1473,1.14738,1.14674,1.14681,0.0
2026-09-21 16:00:00,1.14679,1.14732,1.14667,1.14699,0.0
2026-09-21 17:00:00,1.14697,1.14707,1.14663,1.14672,0.0
2026-09-21 18:00:00,1.1467,1.14683,1.14622,1.14651,0.0
2026-09-21 19:00:00,1.14649,1.14699,1.14643,1.14663,0.0
2026-09-21 20:00:00,1.1466,1.14664,1.14638,1.14642,0.0
2026-09-21 21:00:00,1.14645,1.147,1.14622,1.14672,0.0
2026-09-21 22:00:00,1.14667,1.14684,1.1463,1.14652,0.0
2026-09-21 23:00:00,1.14649,1.14658,1.14629,1.14643,0.0
2026-09-22 00:00:00,1.14642,1.14717,1.14633,1.14704,0.0
2026-09-22 01:00:00,1.14703,1.14705,1.1463,1.14642,0.0
2026-09-22 02:00:00,1.14641,1.14714,1.14633,1.14693,0.0
2026-09-22 03:00:00,1.14695,1.1476,1.14689,1.14741,0.0
2026-09-22 04:00:00,1.14739,1.14783,1.14721,1.14782,0.0
2026-09-22 05:00:00,1.14779,1.14785,1.14705,1.14716,0.0
2026-09-22 06:00:00,1.14714,1.14714,1.14596,1.14642,0.0
2026-09-22 07:00:00,1.14637,1.14647,1.14478,1.14487,0.0
2026-09-22 08:00:00,1.14501,1.14651,1.14345,1.14583,0.0
2026-09-22 09:00:00,1.1459,1.14671,1.14466,1.14666,0.0
2026-09-22 10:00:00,1.14658,1.14708,1.14597,1.14673,0.0
2026-09-22 11:00:00,1.14676,1.14682,1.14595,1.14623,0.0
2026-09-22 12:00:00,1.14619,1.14667,1.14552,1.14569,0.0
2026-09-22 13:00:00,1.14568,1.146,1.14513,1.1456,0.0
2026-09-22 14:00:00,1.14556,1.14556,1.144,1.14427,0.0
2026-09-22 15:00:00,1.14423,1.1444,1.14309,1.14322,0.0
2026-09-22 16:00:00,1.1432,1.14387,1.14297,1.14368,0.0
2026-09-22 17:00:00,1.14363,1.14415,1.14307,1.14408,0.0
2026-09-22 18:00:00,1.14405,1.1444,1.14377,1.14419,0.0
2026-09-22 19:00:00,1.14414,1.14558,1.14414,1.14494,0.0
2026-09-22 20:00:00,1.1449,1.14516,1.14477,1.14494,0.0
2026-09-22 21:00:00,1.14491,1.1451,1.14467,1.14504,0.0
2026-09-22 22:00:00,1.14502,1.14502,1.14461,1.14466,0.0
2026-09-22 23:00:00,1.14468,1.14495,1.14456,1.14482,0.0
2026-09-23 00:00:00,1.1448,1.14495,1.14446,1.14472,0.0
2026-09-23 01:00:00,1.14471,1.14471,1.14377,1.14386,0.0
2026-09-23 02:00:00,1.14388,1.14393,1.14333,1.14344,0.0
2026-09-23 03:00:00,1.14339,1.14343,1.14279,1.14281,0.0
2026-09-23 04:00:00,1.14281,1.14303,1.14257,1.14268,0.0
2026-09-23 05:00:00,1.14269,1.14292,1.14236,1.14254,0.0
2026-09-23 06:00:00,1.14255,1.14287,1.14227,1.14241,0.0
2026-09-23 07:00:00,1.14248,1.14263,1.14167,1.14192,0.0
2026-09-23 08:00:00,1.14188,1.14232,1.14104,1.14193,0.0
2026-09-23 09:00:00,1.14192,1.14201,1.14081,1.14084,0.0
2026-09-23 10:00:00,1.14085,1.14154,1.14076,1.14148,0.0
2026-09-23 11:00:00,1.14149,1.14201,1.1405,1.14126,0.0
2026-09-23 12:00:00,1.14123,1.14124,1.14003,1.14073,0.0
2026-09-23 13:00:00,1.14076,1.14153,1.13922,1.13975,0.0
2026-09-23 14:00:00,1.13971,1.14046,1.13843,1.14012,0.0
2026-09-23 15:00:00,1.14009,1.14023,1.1388,1.13942,0.0
2026-09-23 16:00:00,1.1394,1.13957,1.13766,1.13793,0.0
2026-09-23 17:00:00,1.13801,1.13928,1.13706,1.13925,0.0
2026-09-23 18:00:00,1.13922,1.13933,1.13806,1.13859,0.0
2026-09-23 19:00:00,1.13855,1.1389,1.13825,1.1385,0.0
2026-09-23 20:00:00,1.13849,1.13877,1.13811,1.13847,0.0
2026-09-23 21:00:00,1.13841,1.13888,1.1379,1.13855,0.0
2026-09-23 22:00:00,1.13838,1.13871,1.13836,1.13856,0.0
2026-09-23 23:00:00,1.13854,1.13855,1.13801,1.13819,0.0
2026-09-24 00:00:00,1.13816,1.13844,1.1371,1.13754,0.0
2026-09-24 01:00:00,1.13742,1.13826,1.13742,1.13756,0.0
2026-09-24 02:00:00,1.1376,1.13846,1.13691,1.13845,0.0
2026-09-24 03:00:00,1.13842,1.1386,1.13767,1.13768,0.0
2026-09-24 04:00:00,1.1377,1.13856,1.13761,1.13843,0.0
2026-09-24 05:00:00,1.13846,1.13867,1.13763,1.13765,0.0
2026-09-24 06:00:00,1.13769,1.13908,1.13762,1.13856,0.0
2026-09-24 07:00:00,1.13865,1.13983,1.13829,1.13941,0.0
2026-09-24 08:00:00,1.13942,1.1399,1.13803,1.13831,0.0
2026-09-24 09:00:00,1.13828,1.13833,1.13724,1.1373,0.0
2026-09-24 10:00:00,1.13733,1.1376,1.13627,1.13736,0.0
2026-09-24 11:00:00,1.13726,1.13767,1.13662,1.13664,0.0
2026-09-24 12:00:00,1.13666,1.13743,1.13629,1.1374,0.0
2026-09-24 13:00:00,1.13734,1.13795,1.13599,1.13741,0.0
2026-09-24 14:00:00,1.13738,1.13792,1.13709,1.13747,0.0
2026-09-24 15:00:00,1.13743,1.13747,1.13641,1.13715,0.0
2026-09-24 16:00:00,1.1372,1.13935,1.1368,1.13791,0.0
2026-09-24 17:00:00,1.13792,1.13834,1.13659,1.13676,0.0
2026-09-24 18:00:00,1.1367,1.13757,1.13598,1.13748,0.0
2026-09-24 19:00:00,1.13746,1.13785,1.13714,1.13771,0.0
2026-09-24 20:00:00,1.13769,1.13811,1.1371,1.13811,0.0
2026-09-24 21:00:00,1.13809,1.13816,1.13761,1.13778,0.0
2026-09-24 22:00:00,1.1378,1.13805,1.13759,1.13784,0.0
2026-09-24 23:00:00,1.13783,1.13785,1.13736,1.13741,0.0
2026-09-25 00:00:00,1.13749,1.13764,1.137,1.13755,0.0
2026-09-25 01:00:00,1.13749,1.13825,1.13736,1.13754,0.0
2026-09-25 02:00:00,1.13747,1.13792,1.1372,1.13722,0.0
2026-09-25 03:00:00,1.13725,1.13725,1.13683,1.13697,0.0
2026-09-25 04:00:00,1.13697,1.13718,1.13686,1.13695,0.0
2026-09-25 05:00:00,1.13697,1.13763,1.13697,1.13752,0.0
2026-09-25 06:00:00,1.13745,1.13895,1.13745,1.1387,0.0
2026-09-25 07:00:00,1.13885,1.13906,1.13784,1.13904,0.0
2026-09-25 08:00:00,1.13901,1.13938,1.13873,1.13914,0.0
2026-09-25 09:00:00,1.13919,1.13944,1.13872,1.13918,0.0
2026-09-25 10:00:00,1.13915,1.14003,1.13909,1.13987,0.0
2026-09-25 11:00:00,1.13985,1.14097,1.13972,1.14028,0.0
2026-09-25 12:00:00,1.14035,1.14081,1.13979,1.14021,0.0
2026-09-25 13:00:00,1.1402,1.14076,1.13977,1.14016,0.0
2026-09-25 14:00:00,1.14015,1.14043,1.1397,1.14014,0.0
2026-09-25 15:00:00,1.14008,1.14028,1.13864,1.13965,0.0
2026-09-25 16:00:00,1.13935,1.14097,1.1392,1.13935,0.0
2026-09-25 17:00:00,1.13933,1.13946,1.13878,1.13909,0.0
2026-09-25 18:00:00,1.1391,1.14011,1.13896,1.14001,0.0
2026-09-25 19:00:00,1.13998,1.14013,1.13958,1.13963,0.0
2026-09-25 20:00:00,1.1396,1.13974,1.13908,1.13913,0.0
2026-09-25 21:00:00,1.13911,1.13948,1.13889,1.13941,0.0
2026-09-25 22:00:00,1.13938,1.13944,1.13891,1.1391,0.0
2026-09-25 23:00:00,1.13937,1.13944,1.13891,1.13909,0.0
2026-09-26 00:00:00,1.13937,1.13944,1.13893,1.13915,0.0
2026-09-26 01:00:00,1.13912,1.13919,1.13906,1.13912,0.0
2026-09-26 02:00:00,1.13912,1.13918,1.13906,1.13911,0.0
2026-09-26 03:00:00,1.13912,1.1392,1.13904,1.13912,0.0
2026-09-26 04:00:00,1.13912,1.13918,1.13904,1.13912,0.0
2026-09-26 05:00:00,1.13912,1.13921,1.13904,1.13912,0.0
2026-09-26 06:00:00,1.13913,1.13921,1.13904,1.13911,0.0
2026-09-26 07:00:00,1.13912,1.13922,1.13904,1.13911,0.0
2026-09-26 08:00:00,1.13912,1.13921,1.13904,1.13912,0.0
2026-09-26 09:00:00,1.13912,1.13917,1.13904,1.13912,0.0
2026-09-26 10:00:00,1.13912,1.13921,1.13904,1.13915,0.0
2026-09-26 11:00:00,1.13912,1.13923,1.13904,1.13912,0.0
2026-09-26 12:00:00,1.13912,1.13917,1.13904,1.13912,0.0
2026-09-26 13:00:00,1.13911,1.14002,1.13904,1.13913,0.0
2026-09-26 14:00:00,1.13912,1.13917,1.13904,1.13914,0.0
2026-09-26 15:00:00,1.13912,1.13921,1.13904,1.13914,0.0
2026-09-26 16:00:00,1.13911,1.13922,1.13904,1.13914,0.0
2026-09-26 17:00:00,1.13912,1.13917,1.13904,1.13914,0.0
2026-09-26 18:00:00,1.13912,1.13921,1.13904,1.1391,0.0
2026-09-26 19:00:00,1.13907,1.13919,1.13906,1.1391,0.0
2026-09-26 20:00:00,1.13908,1.13922,1.139,1.1391,0.0
2026-09-26 21:00:00,1.13908,1.13926,1.139,1.1392,0.0
2026-09-26 22:00:00,1.13919,1.13935,1.13899,1.13914,0.0
2026-09-26 23:00:00,1.13915,1.13922,1.13903,1.13915,0.0
2026-09-27 00:00:00,1.13913,1.13918,1.13904,1.13915,0.0
2026-09-27 01:00:00,1.13912,1.13925,1.139,1.13914,0.0
2026-09-27 02:00:00,1.13914,1.13934,1.13898,1.13912,0.0
2026-09-27 03:00:00,1.13913,1.13929,1.13904,1.13912,0.0
2026-09-27 04:00:00,1.13913,1.13925,1.139,1.13917,0.0
2026-09-27 05:00:00,1.13918,1.13933,1.13901,1.13925,0.0
2026-09-27 06:00:00,1.13926,1.13937,1.13895,1.13926,0.0
2026-09-27 07:00:00,1.13927,1.13942,1.13894,1.13929,0.0
2026-09-27 08:00:00,1.1393,1.13935,1.13895,1.13921,0.0
2026-09-27 09:00:00,1.13922,1.13926,1.139,1.13914,0.0
2026-09-27 10:00:00,1.13914,1.13937,1.139,1.13931,0.0
2026-09-27 11:00:00,1.13931,1.14026,1.13869,1.13961,0.0
2026-09-27 12:00:00,1.1396,1.14112,1.13934,1.14094,0.0
2026-09-27 13:00:00,1.14093,1.14098,1.13833,1.14068,0.0
2026-09-27 14:00:00,1.14066,1.14163,1.13828,1.13995,0.0
2026-09-27 15:00:00,1.13992,1.14089,1.13976,1.14062,0.0
2026-09-27 16:00:00,1.1406,1.14081,1.13985,1.13999,0.0
2026-09-27 17:00:00,1.13997,1.14025,1.1387,1.13941,0.0
2026-09-27 18:00:00,1.13945,1.14008,1.13856,1.13919,0.0
2026-09-27 19:00:00,1.13917,1.13999,1.13831,1.13914,0.0
2026-09-27 20:00:00,1.13899,1.13963,1.13764,1.13832,0.0
2026-09-27 21:00:00,1.13836,1.13947,1.13776,1.13889,0.0
2026-09-27 22:00:00,1.13856,1.13882,1.13767,1.13777,0.0
2026-09-27 23:00:00,1.13776,1.138,1.13741,1.13784,0.0
2026-09-28 00:00:00,1.1378,1.13839,1.1378,1.13837,0.0
2026-09-28 01:00:00,1.13857,1.13874,1.13835,1.13852,0.0
2026-09-28 02:00:00,1.13891,1.13894,1.13873,1.13894,0.0
2026-09-28 03:00:00,1.13888,1.13909,1.13878,1.13909,0.0
2026-09-28 04:00:00,1.13871,1.13894,1.13859,1.13891,0.0
2026-09-28 05:00:00,1.13868,1.13874,1.13851,1.13865,0.0
2026-09-28 06:00:00,1.13827,1.1383,1.13768,1.13813,0.0
2026-09-28 07:00:00,1.13771,1.13785,1.13724,1.13757,0.0
2026-09-28 08:00:00,1.13823,1.13898,1.13808,1.13816,0.0
2026-09-28 09:00:00,1.1377,1.13775,1.13736,1.13762,0.0
2026-09-28 10:00:00,1.1374,1.13765,1.13701,1.13703,0.0
2026-09-28 11:00:00,1.13733,1.13739,1.13701,1.13703,0.0
2026-09-28 12:00:00,1.13759,1.13809,1.13725,1.1376,0.0
2026-09-28 13:00:00,1.13703,1.13704,1.13623,1.13624,0.0
2026-09-28 14:00:00,1.13643,1.13685,1.13613,1.13684,0.0
2026-09-28 15:00:00,1.13635,1.13671,1.13613,1.13671,0.0
2026-09-28 16:00:00,1.13666,1.13677,1.13644,1.13649,0.0
2026-09-28 17:00:00,1.13729,1.13826,1.13676,1.13814,0.0
2026-09-28 18:00:00,1.13771,1.13784,1.13762,1.13768,0.0
2026-09-28 19:00:00,1.13692,1.137,1.13652,1.13674,0.0
2026-09-28 20:00:00,1.13673,1.13714,1.13665,1.13699,0.0
2026-09-28 21:00:00,1.13713,1.1373,1.13671,1.13686,0.0
2026-09-28 22:00:00,1.13696,1.13753,1.13687,1.13732,0.0
2026-09-28 23:00:00,1.13711,1.13723,1.13702,1.13711,0.0
2026-09-29 00:00:00,1.1371,1.13711,1.13656,1.13665,0.0
2026-09-29 01:00:00,1.13668,1.13684,1.13658,1.13667,0.0
2026-09-29 02:00:00,1.13663,1.13694,1.13661,1.13694,0.0
2026-09-29 03:00:00,1.1368,1.13685,1.13657,1.13665,0.0
2026-09-29 04:00:00,1.13606,1.1363,1.13604,1.13618,0.0
2026-09-29 05:00:00,1.13602,1.13615,1.13592,1.13606,0.0
2026-09-29 06:00:00,1.13562,1.13663,1.13562,1.13659,0.0
2026-09-29 07:00:00,1.13613,1.13632,1.13585,1.13592,0.0
2026-09-29 08:00:00,1.13498,1.13516,1.1346,1.13477,0.0
2026-09-29 09:00:00,1.13459,1.13488,1.13393,1.13402,0.0
2026-09-29 10:00:00,1.13346,1.13384,1.13335,1.13358,0.0
2026-09-29 11:00:00,1.13486,1.13494,1.13444,1.13461,0.0
2026-09-29 12:00:00,1.1352,1.13587,1.13514,1.13541,0.0
2026-09-29 13:00:00,1.13454,1.13464,1.13437,1.1346,0.0
2026-09-29 14:00:00,1.13434,1.13447,1.13384,1.13444,0.0
2026-09-29 15:00:00,1.13413,1.13413,1.13343,1.13346,0.0
2026-09-29 16:00:00,1.13349,1.13361,1.1329,1.13294,0.0
2026-09-29 17:00:00,1.13138,1.13176,1.13138,1.13175,0.0
2026-09-29 18:00:00,1.13152,1.13345,1.13097,1.13337,0.0
2026-09-29 19:00:00,1.13403,1.1343,1.1339,1.13401,0.0
2026-09-29 20:00:00,1.13378,1.13417,1.13354,1.13371,0.0
2026-09-29 21:00:00,1.13431,1.13461,1.13389,1.13411,0.0
2026-09-29 22:00:00,1.13437,1.13445,1.13413,1.13421,0.0
2026-09-29 23:00:00,1.13387,1.13405,1.1337,1.13403,0.0
2026-09-30 00:00:00,1.13408,1.13409,1.13381,1.13405,0.0
2026-09-30 01:00:00,1.13404,1.13406,1.13359,1.13363,0.0
2026-09-30 02:00:00,1.13346,1.1337,1.13343,1.13369,0.0
2026-09-30 03:00:00,1.13398,1.13407,1.13381,1.13389,0.0
2026-09-30 04:00:00,1.13324,1.13341,1.13311,1.1332,0.0
2026-09-30 05:00:00,1.13318,1.13345,1.13314,1.13342,0.0
2026-09-30 06:00:00,1.1344,1.13532,1.13425,1.13505,0.0
2026-09-30 07:00:00,1.13516,1.13561,1.13494,1.13513,0.0
2026-09-30 08:00:00,1.13453,1.13503,1.13444,1.13487,0.0
2026-09-30 09:00:00,1.1359,1.13607,1.13515,1.13518,0.0
2026-09-30 10:00:00,1.13589,1.13642,1.1358,1.1361,0.0
2026-09-30 11:00:00,1.13578,1.13602,1.13551,1.13562,0.0
2026-09-30 12:00:00,1.13497,1.13571,1.13497,1.13568,0.0
2026-09-30 13:00:00,1.13673,1.13678,1.13592,1.13627,0.0
2026-09-30 14:00:00,1.1357,1.13667,1.13537,1.13595,0.0
2026-09-30 15:00:00,1.13567,1.13603,1.1351,1.13548,0.0
2026-09-30 16:00:00,1.13433,1.13454,1.13331,1.13337,0.0
2026-09-30 17:00:00,1.13382,1.13411,1.13376,1.1339,0.0
2026-09-30 18:00:00,1.13356,1.13377,1.13345,1.13354,0.0
2026-09-30 19:00:00,1.13317,1.13325,1.13281,1.13289,0.0
2026-09-30 20:00:00,1.13237,1.13282,1.13237,1.13255,0.0
2026-09-30 21:00:00,1.13298,1.1334,1.13284,1.13333,0.0
2026-09-30 22:00:00,1.13313,1.13326,1.13304,1.13324,0.0
2026-09-30 23:00:00,1.13306,1.13311,1.13299,1.13305,0.0
2026-10-01 00:00:00,1.13272,1.13308,1.13263,1.13307,0.0
2026-10-01 01:00:00,1.13344,1.13358,1.13313,1.13345,0.0
2026-10-01 02:00:00,1.13282,1.13284,1.13222,1.13242,0.0
2026-10-01 03:00:00,1.1325,1.13264,1.13243,1.13253,0.0
2026-10-01 04:00:00,1.1329,1.13307,1.13259,1.13263,0.0
2026-10-01 05:00:00,1.13191,1.13199,1.13159,1.13169,0.0
2026-10-01 06:00:00,1.13184,1.13256,1.13162,1.13251,0.0
2026-10-01 07:00:00,1.13189,1.13196,1.13115,1.13166,0.0
2026-10-01 08:00:00,1.13079,1.13079,1.12923,1.12938,0.0
2026-10-01 09:00:00,1.12912,1.1298,1.12885,1.12966,0.0
2026-10-01 10:00:00,1.12761,1.12778,1.12668,1.12774,0.0
2026-10-01 11:00:00,1.12956,1.12959,1.12892,1.12914,0.0
2026-10-01 12:00:00,1.13078,1.13079,1.12975,1.12985,0.0
2026-10-01 13:00:00,1.12857,1.1288,1.12839,1.12855,0.0
2026-10-01 14:00:00,1.12957,1.12968,1.12846,1.12851,0.0
2026-10-01 15:00:00,1.12657,1.12668,1.12523,1.12566,0.0
2026-10-01 16:00:00,1.12311,1.1238,1.1231,1.12366,0.0
2026-10-01 17:00:00,1.12181,1.12264,1.12168,1.12221,0.0
2026-10-01 18:00:00,1.12253,1.12285,1.12217,1.12279,0.0
2026-10-01 19:00:00,1.1235,1.12405,1.12329,1.12387,0.0
2026-10-01 20:00:00,1.12422,1.12449,1.12409,1.12422,0.0
2026-10-01 21:00:00,1.1242,1.12463,1.12388,1.12433,0.0
2026-10-01 22:00:00,1.12414,1.12442,1.12402,1.12423,0.0
2026-10-01 23:00:00,1.12444,1.12456,1.12434,1.12446,0.0
2026-10-02 00:00:00,1.1248,1.12493,1.12415,1.12418,0.0
2026-10-02 01:00:00,1.12355,1.12365,1.12341,1.12345,0.0
2026-10-02 02:00:00,1.1236,1.12423,1.12358,1.12377,0.0
2026-10-02 03:00:00,1.12433,1.12478,1.12433,1.12476,0.0
2026-10-02 04:00:00,1.12528,1.12544,1.1251,1.12522,0.0
2026-10-02 05:00:00,1.12518,1.12537,1.12504,1.12515,0.0
2026-10-02 06:00:00,1.12465,1.12584,1.12459,1.12581,0.0
2026-10-02 07:00:00,1.12604,1.12604,1.12538,1.12591,0.0
2026-10-02 08:00:00,1.12634,1.12685,1.12578,1.12624,0.0
2026-10-02 09:00:00,1.12517,1.12521,1.12469,1.1248,0.0
2026-10-02 10:00:00,1.12508,1.12519,1.12416,1.12423,0.0
2026-10-02 11:00:00,1.1237,1.1237,1.12281,1.12321,0.0
2026-10-02 12:00:00,1.12346,1.12346,1.12232,1.12239,0.0
2026-10-02 13:00:00,1.1261,1.12633,1.12496,1.12544,0.0
2026-10-02 14:00:00,1.12725,1.12861,1.12725,1.1275,0.0
2026-10-02 15:00:00,1.12785,1.12801,1.12653,1.12667,0.0
2026-10-02 16:00:00,1.12579,1.12594,1.12537,1.12539,0.0
2026-10-02 17:00:00,1.12573,1.12592,1.12558,1.12568,0.0
2026-10-02 18:00:00,1.12531,1.1258,1.12524,1.12536,0.0
2026-10-02 19:00:00,1.125,1.12543,1.125,1.1254,0.0
2026-10-02 20:00:00,1.12572,1.12598,1.12545,1.12557,0.0
2026-10-02 21:00:00,1.12514,1.12594,1.12514,1.12572,0.0
2026-10-02 22:00:00,1.12571,1.12605,1.12535,1.12572,0.0
2026-10-02 23:00:00,1.12575,1.12608,1.12532,1.12569,0.0
2026-10-03 00:00:00,1.1257,1.12605,1.12524,1.12532,0.0
2026-10-03 01:00:00,1.12532,1.12572,1.12525,1.1253,0.0
2026-10-03 02:00:00,1.12531,1.1261,1.12523,1.12533,0.0
2026-10-03 03:00:00,1.12534,1.12615,1.12519,1.12535,0.0
2026-10-03 04:00:00,1.12532,1.12601,1.12529,1.12536,0.0
2026-10-03 05:00:00,1.12533,1.12615,1.12517,1.12538,0.0
2026-10-03 06:00:00,1.12539,1.12619,1.1253,1.12531,0.0
2026-10-03 07:00:00,1.12531,1.12608,1.12525,1.12535,0.0
2026-10-03 08:00:00,1.12536,1.12616,1.12525,1.12536,0.0
2026-10-03 09:00:00,1.12531,1.1262,1.12522,1.12537,0.0
2026-10-03 10:00:00,1.12532,1.12618,1.12522,1.12537,0.0
2026-10-03 11:00:00,1.12531,1.12621,1.12519,1.12533,0.0
2026-10-03 12:00:00,1.12531,1.12623,1.12528,1.12547,0.0
2026-10-03 13:00:00,1.12544,1.12624,1.1253,1.12548,0.0
2026-10-03 14:00:00,1.12546,1.12618,1.12532,1.12556,0.0
2026-10-03 15:00:00,1.12553,1.1262,1.12533,1.12554,0.0
2026-10-03 16:00:00,1.12551,1.12624,1.12519,1.12535,0.0
2026-10-03 17:00:00,1.12532,1.12625,1.12519,1.1259,0.0
2026-10-03 18:00:00,1.12544,1.12623,1.12527,1.12542,0.0
2026-10-03 19:00:00,1.1254,1.12623,1.12532,1.12549,0.0
2026-10-03 20:00:00,1.12547,1.12615,1.12536,1.12551,0.0
2026-10-03 21:00:00,1.1255,1.12616,1.1253,1.12545,0.0
2026-10-03 22:00:00,1.12545,1.12614,1.12535,1.12593,0.0
2026-10-03 23:00:00,1.1256,1.1262,1.12527,1.12545,0.0
2026-10-04 00:00:00,1.12545,1.12618,1.12537,1.12562,0.0
2026-10-04 01:00:00,1.12563,1.12609,1.1255,1.12569,0.0
2026-10-04 02:00:00,1.1257,1.12613,1.12518,1.12555,0.0
2026-10-04 03:00:00,1.12556,1.12608,1.12548,1.12569,0.0
2026-10-04 04:00:00,1.1257,1.12605,1.12564,1.12578,0.0
2026-10-04 05:00:00,1.12578,1.12601,1.12577,1.12583,0.0
2026-10-04 06:00:00,1.12584,1.12608,1.12514,1.12571,0.0
2026-10-04 07:00:00,1.12571,1.12604,1.12567,1.12575,0.0
2026-10-04 08:00:00,1.12575,1.12601,1.12573,1.12582,0.0
2026-10-04 09:00:00,1.12582,1.12599,1.12581,1.12588,0.0
2026-10-04 10:00:00,1.12588,1.12593,1.12586,1.12589,0.0
2026-10-04 11:00:00,1.12588,1.12593,1.12573,1.1258,0.0
2026-10-04 12:00:00,1.12578,1.12583,1.12576,1.1258,0.0
2026-10-04 13:00:00,1.12578,1.12606,1.12516,1.12552,0.0
2026-10-04 14:00:00,1.12549,1.12555,1.12525,1.12538,0.0
2026-10-04 15:00:00,1.12535,1.12541,1.12534,1.12539,0.0
2026-10-04 16:00:00,1.12536,1.12541,1.12533,1.12538,0.0
2026-10-04 17:00:00,1.12536,1.12551,1.12533,1.12537,0.0
2026-10-04 18:00:00,1.12535,1.12719,1.1243,1.12591,0.0
2026-10-04 19:00:00,1.12601,1.12662,1.12394,1.12633,0.0
2026-10-04 20:00:00,1.12633,1.12633,1.12514,1.12594,0.0
2026-10-04 21:00:00,1.12588,1.12626,1.12521,1.12575,0.0
2026-10-04 22:00:00,1.12549,1.12618,1.12538,1.12603,0.0
2026-10-04 23:00:00,1.12601,1.12601,1.12508,1.12545,0.0
2026-10-05 00:00:00,1.12545,1.12564,1.12488,1.12492,0.0
2026-10-05 01:00:00,1.12433,1.12446,1.12376,1.12377,0.0
2026-10-05 02:00:00,1.12309,1.12322,1.12238,1.12248,0.0
2026-10-05 03:00:00,1.11732,1.11832,1.11625,1.11791,0.0
2026-10-05 04:00:00,1.11674,1.11727,1.11617,1.1171,0.0
2026-10-05 05:00:00,1.11809,1.11852,1.11791,1.11848,0.0
2026-10-05 06:00:00,1.11918,1.11973,1.11918,1.11971,0.0
2026-10-05 07:00:00,1.11896,1.11955,1.11858,1.11932,0.0
2026-10-05 08:00:00,1.12039,1.12046,1.11957,1.12023,0.0
2026-10-05 09:00:00,1.12103,1.12182,1.12084,1.12166,0.0
2026-10-05 10:00:00,1.12066,1.121,1.12057,1.12079,0.0
2026-10-05 11:00:00,1.12017,1.12037,1.11972,1.11976,0.0
2026-10-05 12:00:00,1.12041,1.12066,1.12017,1.12022,0.0
2026-10-05 13:00:00,1.12114,1.12133,1.12027,1.12038,0.0
2026-10-05 14:00:00,1.11902,1.11977,1.11883,1.11932,0.0
2026-10-05 15:00:00,1.1208,1.12164,1.12047,1.12142,0.0
2026-10-05 16:00:00,1.12118,1.12118,1.12035,1.12049,0.0
2026-10-05 17:00:00,1.12055,1.12055,1.11975,1.11992,0.0
2026-10-05 18:00:00,1.12093,1.1216,1.1209,1.12138,0.0
2026-10-05 19:00:00,1.12147,1.12164,1.12143,1.12159,0.0
2026-10-05 20:00:00,1.12197,1.12212,1.12186,1.12191,0.0
2026-10-05 21:00:00,1.12237,1.12245,1.12211,1.12228,0.0
2026-10-05 22:00:00,1.12219,1.12238,1.12208,1.1222,0.0
2026-10-05 23:00:00,1.12209,1.12209,1.12178,1.1219,0.0
2026-10-06 00:00:00,1.12174,1.12174,1.12136,1.12165,0.0
2026-10-06 01:00:00,1.12202,1.12274,1.12202,1.12267,0.0
2026-10-06 02:00:00,1.12204,1.12209,1.12159,1.12164,0.0
2026-10-06 03:00:00,1.1214,1.12176,1.1213,1.12175,0.0
2026-10-06 04:00:00,1.12222,1.12225,1.12182,1.12184,0.0
2026-10-06 05:00:00,1.12178,1.12194,1.12159,1.12193,0.0
2026-10-06 06:00:00,1.12134,1.12149,1.12035,1.12054,0.0
2026-10-06 07:00:00,1.1211,1.12138,1.12023,1.121,0.0
2026-10-06 08:00:00,1.12411,1.12429,1.12284,1.12288,0.0
2026-10-06 09:00:00,1.12413,1.12464,1.12356,1.12365,0.0
2026-10-06 10:00:00,1.12423,1.12481,1.12416,1.12441,0.0
2026-10-06 11:00:00,1.12423,1.12521,1.12414,1.12511,0.0
2026-10-06 12:00:00,1.12667,1.12786,1.12667,1.12758,0.0
2026-10-06 13:00:00,1.1259,1.1266,1.12581,1.12656,0.0
2026-10-06 14:00:00,1.12502,1.12566,1.12494,1.12564,0.0
2026-10-06 15:00:00,1.12562,1.12609,1.12557,1.12598,0.0
2026-10-06 16:00:00,1.12618,1.12629,1.12571,1.12577,0.0
2026-10-06 17:00:00,1.12563,1.12606,1.12557,1.12565,0.0
2026-10-06 18:00:00,1.12644,1.12653,1.12629,1.12639,0.0
2026-10-06 19:00:00,1.12602,1.12623,1.12597,1.12597,0.0
2026-10-06 20:00:00,1.126,1.12609,1.1259,1.12597,0.0
2026-10-06 21:00:00,1.126,1.12601,1.12574,1.12593,0.0
2026-10-06 22:00:00,1.12605,1.1262,1.12597,1.12606,0.0
2026-10-06 23:00:00,1.12579,1.12586,1.12562,1.12564,0.0
2026-10-07 00:00:00,1.12533,1.12549,1.12499,1.12526,0.0
2026-10-07 01:00:00,1.12489,1.12489,1.12457,1.12472,0.0
2026-10-07 02:00:00,1.1239,1.12394,1.12341,1.12343,0.0
2026-10-07 03:00:00,1.12359,1.12392,1.12354,1.1239,0.0
2026-10-07 04:00:00,1.12385,1.12387,1.12367,1.12369,0.0
2026-10-07 05:00:00,1.12338,1.12343,1.12312,1.12315,0.0
2026-10-07 06:00:00,1.12322,1.12329,1.12245,1.12246,0.0
2026-10-07 07:00:00,1.12294,1.12297,1.12245,1.12247,0.0
2026-10-07 08:00:00,1.11869,1.11958,1.1184,1.11862,0.0
2026-10-07 09:00:00,1.11981,1.12045,1.11943,1.11944,0.0
2026-10-07 10:00:00,1.11963,1.11973,1.11887,1.11891,0.0
2026-10-07 11:00:00,1.1191,1.1192,1.11877,1.11897,0.0
2026-10-07 12:00:00,1.11804,1.11871,1.11743,1.11762,0.0
2026-10-07 13:00:00,1.11741,1.11807,1.1171,1.11803,0.0
2026-10-07 14:00:00,1.11849,1.11897,1.11784,1.11825,0.0
2026-10-07 15:00:00,1.11937,1.12002,1.11872,1.11876,0.0
2026-10-07 16:00:00,1.1188,1.11973,1.11858,1.1197,0.0
2026-10-07 17:00:00,1.1192,1.12002,1.11893,1.11983,0.0
2026-10-07 18:00:00,1.11982,1.12031,1.11958,1.11978,0.0
2026-10-07 19:00:00,1.11989,1.12004,1.11968,1.11981,0.0
2026-10-07 20:00:00,1.1195,1.11963,1.11936,1.11957,0.0
2026-10-07 21:00:00,1.11959,1.11983,1.11903,1.11946,0.0
2026-10-07 22:00:00,1.1197,1.12014,1.11948,1.12013,0.0
2026-10-07 23:00:00,1.12009,1.12022,1.12,1.12015,0.0
2026-10-08 00:00:00,1.12008,1.12029,1.12002,1.12004,0.0
2026-10-08 01:00:00,1.11987,1.11994,1.11973,1.11978,0.0
2026-10-08 02:00:00,1.12085,1.12105,1.12076,1.12104,0.0
2026-10-08 03:00:00,1.12029,1.12032,1.11997,1.11998,0.0
2026-10-08 04:00:00,1.12048,1.12054,1.12038,1.12045,0.0
2026-10-08 05:00:00,1.12059,1.12075,1.12045,1.12072,0.0
2026-10-08 06:00:00,1.11929,1.11973,1.11902,1.1197,0.0
2026-10-08 07:00:00,1.1194,1.11953,1.11833,1.11892,0.0
2026-10-08 08:00:00,1.11951,1.11983,1.11915,1.11971,0.0
2026-10-08 09:00:00,1.11888,1.1192,1.11824,1.11831,0.0
2026-10-08 10:00:00,1.11809,1.1183,1.11799,1.1182,0.0
2026-10-08 11:00:00,1.11825,1.11839,1.11743,1.11774,0.0
2026-10-08 12:00:00,1.11776,1.11881,1.11776,1.11847,0.0
2026-10-08 13:00:00,1.11827,1.11943,1.11802,1.119,0.0
2026-10-08 14:00:00,1.11982,1.12015,1.11931,1.12012,0.0
2026-10-08 15:00:00,1.12092,1.12101,1.12064,1.12072,0.0
2026-10-08 16:00:00,1.1191,1.11923,1.11847,1.1191,0.0
2026-10-08 17:00:00,1.1195,1.12081,1.1195,1.12076,0.0
2026-10-08 18:00:00,1.12109,1.12124,1.12014,1.1205,0.0
2026-10-08 19:00:00,1.12101,1.12133,1.1209,1.12119,0.0
2026-10-08 20:00:00,1.12129,1.12172,1.12129,1.12164,0.0
2026-10-08 21:00:00,1.12111,1.1222,1.12092,1.12122,0.0
2026-10-08 22:00:00,1.12137,1.12151,1.12104,1.12131,0.0
2026-10-08 23:00:00,1.12134,1.12134,1.12113,1.12117,0.0
2026-10-09 00:00:00,1.12128,1.12176,1.12118,1.12173,0.0
2026-10-09 01:00:00,1.12194,1.12203,1.12182,1.12201,0.0
2026-10-09 02:00:00,1.1226,1.12276,1.12221,1.12234,0.0
2026-10-09 03:00:00,1.12281,1.12288,1.1225,1.12252,0.0
2026-10-09 04:00:00,1.1227,1.12282,1.12264,1.12267,0.0
2026-10-09 05:00:00,1.12296,1.12316,1.12291,1.12313,0.0
2026-10-09 06:00:00,1.12329,1.1233,1.12259,1.1226,0.0
2026-10-09 07:00:00,1.1226,1.12288,1.12241,1.12281,0.0
2026-10-09 08:00:00,1.12309,1.12323,1.12242,1.12265,0.0
2026-10-09 09:00:00,1.12189,1.12237,1.12172,1.12215,0.0
