datetime,open,high,low,close,volume
2026-09-28 02:14:00,83752.16,83779.69,83724.38,83745.42,0.0
2026-09-28 02:15:00,83745.42,83756.12,83681.04,83711.55,0.0
2026-09-28 02:16:00,83711.54,83718.68,83691.09,83718.68,0.0
2026-09-28 02:17:00,83718.68,83733.92,83692.8,83692.81,0.0
2026-09-28 02:18:00,83692.8,83692.81,83641.67,83641.67,0.0
2026-09-28 02:19:00,83641.68,83667.69,83622.36,83667.62,0.0
2026-09-28 02:20:00,83667.62,83667.62,83627.38,83659.84,0.0
2026-09-28 02:21:00,83659.83,83679.81,83594.7,83594.71,0.0
2026-09-28 02:22:00,83594.7,83594.7,83554.86,83554.86,0.0
2026-09-28 02:23:00,83554.87,83589.84,83554.86,83573.71,0.0
2026-09-28 02:24:00,83573.71,83669.89,83573.71,83652.79,0.0
2026-09-28 02:25:00,83652.78,83652.78,83611.24,83617.18,0.0
2026-09-28 02:26:00,83617.18,83705.95,83617.17,83698.06,0.0
2026-09-28 02:27:00,83698.07,83726.03,83683.4,83683.41,0.0
2026-09-28 02:28:00,83683.41,83687.15,83661.63,83665.58,0.0
2026-09-28 02:29:00,83665.58,83675.48,83627.26,83627.27,0.0
2026-09-28 02:30:00,83627.27,83629.72,83568.16,83578.46,0.0
2026-09-28 02:31:00,83578.47,83582.52,83562.94,83562.95,0.0
2026-09-28 02:32:00,83562.95,83562.95,83518.57,83518.58,0.0
2026-09-28 02:33:00,83518.58,83525.0,83469.05,83495.3,0.0
2026-09-28 02:34:00,83495.3,83528.08,83485.19,83512.24,0.0
2026-09-28 02:35:00,83512.23,83570.65,83500.0,83567.82,0.0
2026-09-28 02:36:00,83567.81,83583.37,83513.83,83525.75,0.0
2026-09-28 02:37:00,83525.76,83532.9,83485.49,83495.59,0.0
2026-09-28 02:38:00,83495.59,83539.34,83473.56,83473.56,0.0
2026-09-28 02:39:00,83473.57,83473.57,83420.81,83468.49,0.0
2026-09-28 02:40:00,83468.49,83531.09,83453.87,83531.09,0.0
2026-09-28 02:41:00,83531.09,83556.55,83488.63,83488.64,0.0
2026-09-28 02:42:00,83488.64,83508.7,83464.17,83483.15,0.0
2026-09-28 02:43:00,83483.16,83491.37,83470.42,83491.36,0.0
2026-09-28 02:44:00,83491.37,83518.2,83484.14,83493.1,0.0
2026-09-28 02:45:00,83493.09,83531.06,83479.27,83526.53,0.0
2026-09-28 02:46:00,83526.53,83541.23,83430.0,83441.73,0.0
2026-09-28 02:47:00,83441.74,83471.82,83420.0,83420.0,0.0
2026-09-28 02:48:00,83420.0,83422.91,83394.59,83413.68,0.0
2026-09-28 02:49:00,83413.67,83450.73,83413.16,83438.12,0.0
2026-09-28 02:50:00,83438.12,83474.74,83438.11,83460.16,0.0
2026-09-28 02:51:00,83460.16,83467.71,83420.8,83420.81,0.0
2026-09-28 02:52:00,83420.8,83446.99,83420.8,83444.31,0.0
2026-09-28 02:53:00,83444.3,83464.74,83435.07,83456.25,0.0
2026-09-28 02:54:00,83456.26,83467.97,83431.94,83434.64,0.0
2026-09-28 02:55:00,83434.64,83444.09,83420.89,83420.9,0.0
2026-09-28 02:56:00,83420.89,83420.9,83400.0,83400.0,0.0
2026-09-28 02:57:00,83400.01,83418.01,83394.59,83407.11,0.0
2026-09-28 02:58:00,83407.12,83423.3,83406.0,83414.85,0.0
2026-09-28 02:59:00,83414.85,83418.24,83389.07,83418.24,0.0
2026-09-28 03:00:00,83418.91,83532.58,83418.91,83522.61,0.0
2026-09-28 03:01:00,83522.62,83536.48,83503.86,83503.87,0.0
2026-09-28 03:02:00,83503.86,83508.35,83458.78,83458.79,0.0
2026-09-28 03:03:00,83458.79,83464.04,83446.86,83453.36,0.0
2026-09-28 03:04:00,83453.37,83488.68,83453.36,83479.98,0.0
2026-09-28 03:05:00,83479.99,83506.05,83454.0,83454.01,0.0
2026-09-28 03:06:00,83454.0,83474.46,83437.18,83450.01,0.0
2026-09-28 03:07:00,83450.0,83495.22,83450.0,83489.42,0.0
2026-09-28 03:08:00,83489.43,83489.43,83456.9,83456.91,0.0
2026-09-28 03:09:00,83456.91,83476.01,83456.9,83476.01,0.0
2026-09-28 03:10:00,83476.0,83493.83,83466.04,83469.34,0.0
2026-09-28 03:11:00,83469.33,83469.33,83397.0,83397.0,0.0
2026-09-28 03:12:00,83397.01,83413.61,83383.41,83385.43,0.0
2026-09-28 03:13:00,83385.42,83452.0,83385.42,83438.85,0.0
2026-09-28 03:14:00,83438.85,83452.01,83428.0,83438.01,0.0
2026-09-28 03:15:00,83438.0,83438.0,83399.0,83413.22,0.0
2026-09-28 03:16:00,83413.22,83472.43,83390.0,83466.0,0.0
2026-09-28 03:17:00,83466.01,83502.01,83460.54,83502.01,0.0
2026-09-28 03:18:00,83502.0,83506.01,83450.0,83450.0,0.0
2026-09-28 03:19:00,83450.0,83504.65,83450.0,83457.21,0.0
2026-09-28 03:20:00,83457.21,83493.18,83457.21,83490.5,0.0
2026-09-28 03:21:00,83490.5,83490.5,83440.0,83440.0,0.0
2026-09-28 03:22:00,83440.0,83440.01,83371.15,83386.03,0.0
2026-09-28 03:23:00,83386.02,83434.01,83386.02,83394.01,0.0
2026-09-28 03:24:00,83394.0,83436.01,83376.0,83402.0,0.0
2026-09-28 03:25:00,83402.0,83402.01,83341.49,83374.35,0.0
2026-09-28 03:26:00,83374.34,83402.01,83326.78,83333.21,0.0
2026-09-28 03:27:00,83333.2,83350.01,83321.71,83340.67,0.0
2026-09-28 03:28:00,83340.67,83382.0,83340.66,83348.0,0.0
2026-09-28 03:29:00,83348.01,83348.01,83304.0,83330.01,0.0
2026-09-28 03:30:00,83330.0,83330.01,83277.0,83292.46,0.0
2026-09-28 03:31:00,83292.46,83310.01,83260.27,83268.0,0.0
2026-09-28 03:32:00,83268.0,83279.89,83226.83,83226.83,0.0
2026-09-28 03:33:00,83226.83,83251.0,83210.0,83216.0,0.0
2026-09-28 03:34:00,83216.01,83284.0,83216.0,83264.0,0.0
2026-09-28 03:35:00,83264.01,83314.01,83240.0,83314.01,0.0
2026-09-28 03:36:00,83314.01,83376.69,83314.01,83376.69,0.0
2026-09-28 03:37:00,83376.68,83446.01,83376.68,83415.67,0.0
2026-09-28 03:38:00,83415.66,83450.0,83415.66,83450.0,0.0
2026-09-28 03:39:00,83450.0,83450.0,83416.0,83446.01,0.0
2026-09-28 03:40:00,83446.01,83448.0,83416.16,83418.02,0.0
2026-09-28 03:41:00,83418.03,83448.01,83398.86,83448.01,0.0
2026-09-28 03:42:00,83448.01,83474.01,83448.01,83472.02,0.0
2026-09-28 03:43:00,83472.03,83488.01,83472.02,83482.75,0.0
2026-09-28 03:44:00,83482.75,83482.75,83445.02,83445.02,0.0
2026-09-28 03:45:00,83445.03,83460.01,83430.0,83444.01,0.0
2026-09-28 03:46:00,83444.0,83444.01,83424.47,83424.48,0.0
2026-09-28 03:47:00,83424.48,83460.82,83424.47,83460.81,0.0
2026-09-28 03:48:00,83460.82,83460.82,83434.0,83444.0,0.0
2026-09-28 03:49:00,83444.01,83486.0,83368.01,83405.09,0.0
2026-09-28 03:50:00,83405.08,83448.01,83383.13,83448.01,0.0
2026-09-28 03:51:00,83448.0,83463.01,83428.68,83440.0,0.0
2026-09-28 03:52:00,83440.0,83440.01,83396.0,83396.0,0.0
2026-09-28 03:53:00,83396.01,83432.01,83396.01,83404.01,0.0
2026-09-28 03:54:00,83404.01,83438.76,83404.0,83410.01,0.0
2026-09-28 03:55:00,83410.0,83410.0,83395.76,83399.67,0.0
2026-09-28 03:56:00,83399.66,83400.01,83385.55,83385.55,0.0
2026-09-28 03:57:00,83385.55,83385.56,83356.01,83356.01,0.0
2026-09-28 03:58:00,83356.01,83356.02,83302.99,83332.22,0.0
2026-09-28 03:59:00,83332.22,83338.6,83332.22,83338.6,0.0
2026-09-28 04:00:00,83338.6,83355.59,83250.0,83250.01,0.0
2026-09-28 04:01:00,83250.01,83268.0,83232.0,83248.01,0.0
2026-09-28 04:02:00,83248.0,83274.01,83242.3,83263.5,0.0
2026-09-28 04:03:00,83263.5,83277.38,83256.29,83272.01,0.0
2026-09-28 04:04:00,83272.01,83290.01,83242.0,83250.01,0.0
2026-09-28 04:05:00,83250.01,83294.06,83248.45,83294.05,0.0
2026-09-28 04:06:00,83294.06,83344.0,83290.0,83344.0,0.0
2026-09-28 04:07:00,83344.0,83383.67,83344.0,83383.67,0.0
2026-09-28 04:08:00,83383.67,83410.53,83323.14,83323.15,0.0
2026-09-28 04:09:00,83323.14,83350.34,83318.0,83325.14,0.0
2026-09-28 04:10:00,83325.14,83367.67,83325.13,83367.67,0.0
2026-09-28 04:11:00,83367.67,83367.67,83357.27,83357.28,0.0
2026-09-28 04:12:00,83357.28,83396.99,83336.38,83390.03,0.0
2026-09-28 04:13:00,83390.03,83450.0,83390.02,83418.04,0.0
2026-09-28 04:14:00,83418.03,83430.53,83418.03,83430.53,0.0
2026-09-28 04:15:00,83430.52,83430.52,83403.31,83420.01,0.0
2026-09-28 04:16:00,83420.01,83420.01,83370.71,83370.73,0.0
2026-09-28 04:17:00,83370.74,83461.45,83370.73,83461.45,0.0
2026-09-28 04:18:00,83461.45,83494.01,83461.44,83494.01,0.0
2026-09-28 04:19:00,83494.0,83516.01,83490.0,83502.33,0.0
2026-09-28 04:20:00,83502.32,83512.01,83496.66,83496.66,0.0
2026-09-28 04:21:00,83496.66,83500.01,83479.41,83479.41,0.0
2026-09-28 04:22:00,83479.42,83491.36,83470.0,83491.35,0.0
2026-09-28 04:23:00,83491.36,83494.01,83491.35,83492.01,0.0
2026-09-28 04:24:00,83492.01,83511.04,83492.0,83500.02,0.0
2026-09-28 04:25:00,83500.02,83502.3,83478.14,83499.96,0.0
2026-09-28 04:26:00,83499.96,83499.97,83484.95,83484.95,0.0
2026-09-28 04:27:00,83484.96,83488.01,83479.59,83479.75,0.0
2026-09-28 04:28:00,83479.75,83488.01,83476.0,83483.9,0.0
2026-09-28 04:29:00,83483.9,83494.01,83480.0,83484.57,0.0
2026-09-28 04:30:00,83484.58,83484.58,83480.0,83480.0,0.0
2026-09-28 04:31:00,83480.0,83480.01,83450.0,83460.01,0.0
2026-09-28 04:32:00,83460.0,83462.01,83456.1,83456.11,0.0
2026-09-28 04:33:00,83456.11,83456.11,83443.64,83446.01,0.0
2026-09-28 04:34:00,83446.0,83451.72,83435.7,83451.71,0.0
2026-09-28 04:35:00,83451.72,83454.01,83446.0,83449.41,0.0
2026-09-28 04:36:00,83449.42,83460.01,83449.41,83460.0,0.0
2026-09-28 04:37:00,83460.0,83460.0,83437.11,83454.99,0.0
2026-09-28 04:38:00,83454.99,83480.01,83454.99,83480.01,0.0
2026-09-28 04:39:00,83480.0,83484.01,83472.46,83472.47,0.0
2026-09-28 04:40:00,83472.47,83472.47,83462.96,83462.96,0.0
2026-09-28 04:41:00,83462.97,83468.01,83462.96,83468.01,0.0
2026-09-28 04:42:00,83468.01,83507.98,83468.0,83507.98,0.0
2026-09-28 04:43:00,83507.98,83526.01,83507.97,83508.01,0.0
2026-09-28 04:44:00,83508.01,83508.01,83500.0,83500.01,0.0
2026-09-28 04:45:00,83500.0,83500.01,83485.06,83485.06,0.0
2026-09-28 04:46:00,83485.06,83485.07,83475.36,83475.37,0.0
2026-09-28 04:47:00,83475.37,83475.37,83447.5,83447.5,0.0
2026-09-28 04:48:00,83447.5,83447.5,83436.58,83436.58,0.0
2026-09-28 04:49:00,83436.59,83436.59,83436.58,83436.58,0.0
2026-09-28 04:50:00,83436.59,83481.8,83436.59,83481.79,0.0
2026-09-28 04:51:00,83481.79,83481.8,83481.79,83481.79,0.0
2026-09-28 04:52:00,83481.79,83500.01,83481.79,83500.0,0.0
2026-09-28 04:53:00,83500.0,83500.01,83500.0,83500.01,0.0
2026-09-28 04:54:00,83500.0,83500.01,83479.59,83479.59,0.0
2026-09-28 04:55:00,83479.6,83479.6,83464.0,83464.01,0.0
2026-09-28 04:56:00,83464.0,83475.5,83458.9,83458.9,0.0
2026-09-28 04:57:00,83458.9,83511.57,83458.9,83511.01,0.0
2026-09-28 04:58:00,83511.01,83511.02,83496.0,83511.01,0.0
2026-09-28 04:59:00,83511.01,83511.01,83490.2,83490.21,0.0
2026-09-28 05:00:00,83490.2,83534.01,83490.2,83532.96,0.0
2026-09-28 05:01:00,83532.97,83532.97,83515.0,83515.0,0.0
2026-09-28 05:02:00,83515.01,83515.01,83416.76,83421.24,0.0
2026-09-28 05:03:00,83421.24,83421.24,83367.05,83405.85,0.0
2026-09-28 05:04:00,83405.85,83405.85,83367.06,83388.02,0.0
2026-09-28 05:05:00,83388.02,83439.27,83386.0,83428.05,0.0
2026-09-28 05:06:00,83428.04,83428.04,83402.38,83402.39,0.0
2026-09-28 05:07:00,83402.38,83402.38,83380.0,83380.0,0.0
2026-09-28 05:08:00,83380.0,83380.01,83362.67,83369.02,0.0
2026-09-28 05:09:00,83369.03,83369.03,83350.0,83358.0,0.0
2026-09-28 05:10:00,83358.01,83364.01,83357.99,83364.0,0.0
2026-09-28 05:11:00,83364.0,83364.01,83342.0,83342.01,0.0
2026-09-28 05:12:00,83342.01,83361.31,83339.61,83339.62,0.0
2026-09-28 05:13:00,83339.61,83339.62,83299.28,83310.0,0.0
2026-09-28 05:14:00,83309.99,83335.38,83251.25,83335.38,0.0
2026-09-28 05:15:00,83335.38,83354.34,83335.37,83343.94,0.0
2026-09-28 05:16:00,83343.94,83343.94,83208.84,83253.6,0.0
2026-09-28 05:17:00,83253.6,83262.98,83213.35,83252.01,0.0
2026-09-28 05:18:00,83252.01,83258.76,83206.0,83240.44,0.0
2026-09-28 05:19:00,83240.44,83258.8,83227.51,83245.99,0.0
2026-09-28 05:20:00,83246.0,83268.32,83230.01,83242.01,0.0
2026-09-28 05:21:00,83242.0,83242.0,83228.61,83231.3,0.0
2026-09-28 05:22:00,83231.29,83239.56,83192.0,83192.01,0.0
2026-09-28 05:23:00,83192.0,83192.01,83050.0,83081.53,0.0
2026-09-28 05:24:00,83081.54,83108.44,83068.32,83068.32,0.0
2026-09-28 05:25:00,83068.33,83086.62,83030.0,83030.01,0.0
2026-09-28 05:26:00,83030.01,83077.01,83026.17,83077.0,0.0
2026-09-28 05:27:00,83077.01,83117.42,83077.01,83107.08,0.0
2026-09-28 05:28:00,83107.08,83132.0,83107.07,83114.81,0.0
2026-09-28 05:29:00,83114.81,83116.24,83066.98,83066.98,0.0
2026-09-28 05:30:00,83066.98,83077.0,83034.45,83067.37,0.0
2026-09-28 05:31:00,83067.37,83088.09,83041.16,83050.01,0.0
2026-09-28 05:32:00,83050.0,83050.01,83002.0,83004.96,0.0
2026-09-28 05:33:00,83004.96,83004.96,82953.04,82953.04,0.0
2026-09-28 05:34:00,82953.04,82953.05,82920.0,82920.01,0.0
2026-09-28 05:35:00,82920.01,82952.0,82920.0,82940.75,0.0
2026-09-28 05:36:00,82940.75,82940.75,82901.0,82922.51,0.0
2026-09-28 05:37:00,82922.51,82930.0,82890.53,82920.98,0.0
2026-09-28 05:38:00,82920.97,82930.0,82705.02,82705.89,0.0
2026-09-28 05:39:00,82705.89,82815.45,82705.89,82772.48,0.0
2026-09-28 05:40:00,82772.48,82883.76,82764.2,82883.76,0.0
2026-09-28 05:41:00,82883.76,82972.0,82883.75,82972.0,0.0
2026-09-28 05:42:00,82972.0,83067.8,82971.99,83067.8,0.0
2026-09-28 05:43:00,83067.79,83100.0,83004.13,83099.99,0.0
2026-09-28 05:44:00,83100.0,83150.01,83099.99,83140.66,0.0
2026-09-28 05:45:00,83140.67,83182.99,83110.01,83117.75,0.0
2026-09-28 05:46:00,83117.74,83160.01,83066.02,83156.0,0.0
2026-09-28 05:47:00,83156.01,83198.01,83156.0,83183.0,0.0
2026-09-28 05:48:00,83183.0,83183.01,83126.72,83126.72,0.0
2026-09-28 05:49:00,83126.73,83151.29,83126.72,83141.29,0.0
2026-09-28 05:50:00,83141.3,83141.3,83080.73,83080.74,0.0
2026-09-28 05:51:00,83080.74,83087.27,83052.0,83087.27,0.0
2026-09-28 05:52:00,83087.26,83124.97,83074.08,83120.84,0.0
2026-09-28 05:53:00,83120.85,83120.85,83060.75,83060.76,0.0
2026-09-28 05:54:00,83060.76,83131.01,83060.76,83131.01,0.0
2026-09-28 05:55:00,83131.0,83131.0,83118.01,83129.02,0.0
2026-09-28 05:56:00,83129.02,83178.01,83129.02,83178.01,0.0
2026-09-28 05:57:00,83178.01,83178.01,83172.0,83174.01,0.0
2026-09-28 05:58:00,83174.0,83195.22,83174.0,83195.18,0.0
2026-09-28 05:59:00,83195.18,83195.18,83184.0,83184.01,0.0
2026-09-28 06:00:00,83184.0,83184.0,83140.92,83140.92,0.0
2026-09-28 06:01:00,83140.93,83150.56,83140.92,83150.56,0.0
2026-09-28 06:02:00,83150.56,83150.56,83150.55,83150.56,0.0
2026-09-28 06:03:00,83150.55,83194.04,83150.55,83161.05,0.0
2026-09-28 06:04:00,83161.05,83188.03,83150.5,83150.5,0.0
2026-09-28 06:05:00,83150.51,83192.0,83150.5,83191.99,0.0
2026-09-28 06:06:00,83192.0,83238.01,83191.99,83235.34,0.0
2026-09-28 06:07:00,83235.33,83249.0,83194.0,83198.01,0.0
2026-09-28 06:08:00,83198.01,83218.01,83180.0,83208.64,0.0
2026-09-28 06:09:00,83208.64,83240.02,83208.64,83240.02,0.0
2026-09-28 06:10:00,83240.01,83240.03,83239.36,83239.37,0.0
2026-09-28 06:11:00,83239.36,83286.0,83239.36,83282.01,0.0
2026-09-28 06:12:00,83282.01,83295.84,83276.0,83295.84,0.0
2026-09-28 06:13:00,83295.84,83295.84,83262.72,83262.72,0.0
2026-09-28 06:14:00,83262.73,83266.01,83246.0,83247.35,0.0
2026-09-28 06:15:00,83247.34,83247.35,83202.8,83231.98,0.0
2026-09-28 06:16:00,83231.99,83254.01,83231.98,83248.0,0.0
2026-09-28 06:17:00,83248.01,83248.01,83190.0,83208.0,0.0
2026-09-28 06:18:00,83208.0,83208.01,83197.77,83197.77,0.0
2026-09-28 06:19:00,83197.78,83197.78,83182.01,83186.0,0.0
2026-09-28 06:20:00,83186.0,83200.0,83129.11,83141.99,0.0
2026-09-28 06:21:00,83142.0,83172.01,83141.34,83172.01,0.0
2026-09-28 06:22:00,83172.0,83178.0,83122.67,83122.68,0.0
2026-09-28 06:23:00,83122.68,83130.01,83104.01,83130.0,0.0
2026-09-28 06:24:00,83130.01,83130.01,83095.73,83095.74,0.0
2026-09-28 06:25:00,83095.74,83102.01,83083.21,83096.0,0.0
2026-09-28 06:26:00,83096.01,83122.01,83090.62,83122.0,0.0
2026-09-28 06:27:00,83122.01,83122.01,83081.96,83081.97,0.0
2026-09-28 06:28:00,83081.97,83090.01,83081.96,83090.0,0.0
2026-09-28 06:29:00,83090.0,83090.01,83057.75,83062.0,0.0
2026-09-28 06:30:00,83062.0,83079.56,83046.0,83079.55,0.0
2026-09-28 06:31:00,83079.55,83128.01,83079.55,83128.01,0.0
2026-09-28 06:32:00,83128.0,83170.01,83119.96,83155.22,0.0
2026-09-28 06:33:00,83155.22,83155.23,83104.0,83121.76,0.0
2026-09-28 06:34:00,83121.77,83146.01,83104.19,83142.67,0.0
2026-09-28 06:35:00,83142.67,83151.79,83125.86,83151.78,0.0
2026-09-28 06:36:00,83151.78,83158.01,83122.0,83122.0,0.0
2026-09-28 06:37:00,83122.01,83122.01,83104.0,83104.01,0.0
2026-09-28 06:38:00,83104.01,83120.37,83102.61,83102.62,0.0
2026-09-28 06:39:00,83102.62,83109.09,83102.61,83109.08,0.0
2026-09-28 06:40:00,83109.09,83142.93,83109.08,83122.16,0.0
2026-09-28 06:41:00,83122.16,83188.88,83122.16,83164.01,0.0
2026-09-28 06:42:00,83164.0,83210.0,83164.0,83208.66,0.0
2026-09-28 06:43:00,83208.67,83218.01,83208.67,83218.0,0.0
2026-09-28 06:44:00,83218.0,83218.01,83186.94,83186.95,0.0
2026-09-28 06:45:00,83186.94,83218.01,83175.7,83218.0,0.0
2026-09-28 06:46:00,83218.01,83233.28,83200.0,83200.0,0.0
2026-09-28 06:47:00,83200.0,83200.01,83163.19,83182.76,0.0
2026-09-28 06:48:00,83182.76,83186.0,83170.0,83178.38,0.0
2026-09-28 06:49:00,83178.37,83181.15,83170.01,83181.14,0.0
2026-09-28 06:50:00,83181.15,83181.15,83153.72,83157.89,0.0
2026-09-28 06:51:00,83157.88,83158.49,83122.16,83137.3,0.0
2026-09-28 06:52:00,83137.3,83154.01,83122.17,83148.67,0.0
2026-09-28 06:53:00,83148.68,83194.01,83148.67,83194.01,0.0
2026-09-28 06:54:00,83194.01,83194.01,83131.61,83131.62,0.0
2026-09-28 06:55:00,83131.62,83146.0,83128.57,83128.57,0.0
2026-09-28 06:56:00,83128.57,83135.08,83127.3,83128.64,0.0
2026-09-28 06:57:00,83128.64,83135.0,83122.16,83134.99,0.0
2026-09-28 06:58:00,83135.0,83146.0,83134.99,83146.0,0.0
2026-09-28 06:59:00,83146.0,83164.78,83145.99,83164.78,0.0
2026-09-28 07:00:00,83164.78,83210.01,83164.78,83208.0,0.0
2026-09-28 07:01:00,83208.01,83242.01,83194.0,83242.0,0.0
2026-09-28 07:02:00,83242.01,83268.57,83242.0,83268.56,0.0
2026-09-28 07:03:00,83268.56,83291.66,83232.96,83240.01,0.0
2026-09-28 07:04:00,83240.0,83269.85,83210.01,83265.78,0.0
2026-09-28 07:05:00,83265.78,83265.78,83171.36,83171.36,0.0
2026-09-28 07:06:00,83171.37,83174.01,83159.12,83159.12,0.0
2026-09-28 07:07:00,83159.13,83166.91,83126.47,83126.47,0.0
2026-09-28 07:08:00,83126.48,83126.48,83118.31,83119.65,0.0
2026-09-28 07:09:00,83119.66,83138.01,83119.65,83138.01,0.0
2026-09-28 07:10:00,83138.01,83164.01,83122.0,83122.0,0.0
2026-09-28 07:11:00,83122.01,83122.01,83122.0,83122.0,0.0
2026-09-28 07:12:00,83122.01,83122.01,83110.16,83110.16,0.0
2026-09-28 07:13:00,83110.17,83114.25,83100.0,83100.01,0.0
2026-09-28 07:14:00,83100.0,83100.01,83058.59,83086.0,0.0
2026-09-28 07:15:00,83086.01,83106.01,83076.01,83106.01,0.0
2026-09-28 07:16:00,83106.01,83144.01,83106.0,83134.86,0.0
2026-09-28 07:17:00,83134.86,83150.01,83125.39,83125.39,0.0
2026-09-28 07:18:00,83125.4,83137.36,83121.32,83133.15,0.0
2026-09-28 07:19:00,83133.15,83158.01,83133.15,83147.85,0.0
2026-09-28 07:20:00,83147.86,83156.01,83134.0,83156.01,0.0
2026-09-28 07:21:00,83156.0,83156.01,83123.85,83134.0,0.0
2026-09-28 07:22:00,83134.01,83134.01,83080.6,83080.61,0.0
2026-09-28 07:23:00,83080.6,83080.61,83018.0,83018.01,0.0
2026-09-28 07:24:00,83018.0,83018.01,82976.0,82976.01,0.0
2026-09-28 07:25:00,82976.01,83048.15,82975.0,83016.01,0.0
2026-09-28 07:26:00,83016.0,83016.01,82980.02,82980.03,0.0
2026-09-28 07:27:00,82980.03,82996.01,82938.98,82945.68,0.0
2026-09-28 07:28:00,82945.67,82950.0,82938.99,82946.0,0.0
2026-09-28 07:29:00,82946.01,82958.01,82940.02,82942.01,0.0
2026-09-28 07:30:00,82942.01,82988.01,82942.0,82988.01,0.0
2026-09-28 07:31:00,82988.0,82999.99,82970.0,82976.01,0.0
2026-09-28 07:32:00,82976.01,83004.68,82954.16,82954.16,0.0
2026-09-28 07:33:00,82954.17,82960.0,82950.92,82960.0,0.0
2026-09-28 07:34:00,82960.0,82999.48,82930.79,82999.48,0.0
2026-09-28 07:35:00,82999.48,83049.77,82999.47,83029.37,0.0
2026-09-28 07:36:00,83029.37,83057.85,83026.48,83034.74,0.0
2026-09-28 07:37:00,83034.75,83045.7,83002.0,83037.98,0.0
2026-09-28 07:38:00,83037.99,83037.99,82954.0,82956.48,0.0
2026-09-28 07:39:00,82956.49,82964.15,82924.0,82924.01,0.0
2026-09-28 07:40:00,82924.01,82994.23,82922.01,82982.02,0.0
2026-09-28 07:41:00,82982.02,83000.0,82974.01,82978.01,0.0
2026-09-28 07:42:00,82978.01,82978.01,82952.5,82952.5,0.0
2026-09-28 07:43:00,82952.51,82959.14,82940.0,82944.0,0.0
2026-09-28 07:44:00,82944.01,82944.71,82920.0,82944.71,0.0
2026-09-28 07:45:00,82944.71,82961.38,82934.0,82944.01,0.0
2026-09-28 07:46:00,82944.01,82972.01,82944.0,82955.47,0.0
2026-09-28 07:47:00,82955.48,82969.2,82955.47,82969.2,0.0
2026-09-28 07:48:00,82969.19,83038.97,82969.19,83022.01,0.0
2026-09-28 07:49:00,83022.01,83022.01,82968.0,82981.69,0.0
2026-09-28 07:50:00,82981.69,83018.15,82970.0,83018.14,0.0
2026-09-28 07:51:00,83018.15,83046.18,83018.15,83046.0,0.0
2026-09-28 07:52:00,83046.0,83046.01,83016.0,83016.0,0.0
2026-09-28 07:53:00,83016.0,83021.4,82986.32,83010.37,0.0
2026-09-28 07:54:00,83010.37,83054.13,83010.37,83054.13,0.0
2026-09-28 07:55:00,83054.13,83127.34,83054.12,83127.34,0.0
2026-09-28 07:56:00,83127.34,83130.01,83082.0,83082.01,0.0
2026-09-28 07:57:00,83082.01,83082.01,82976.0,82976.0,0.0
2026-09-28 07:58:00,82976.0,82999.36,82950.0,82986.12,0.0
2026-09-28 07:59:00,82986.12,83014.0,82966.0,82966.01,0.0
2026-09-28 08:00:00,82966.0,83034.76,82924.01,83034.75,0.0
2026-09-28 08:01:00,83034.76,83093.88,83034.75,83093.88,0.0
2026-09-28 08:02:00,83093.88,83147.2,83087.04,83145.75,0.0
2026-09-28 08:03:00,83145.74,83160.33,83078.0,83078.0,0.0
2026-09-28 08:04:00,83078.01,83126.33,83060.0,83098.32,0.0
2026-09-28 08:05:00,83098.31,83098.32,83048.87,83048.88,0.0
2026-09-28 08:06:00,83048.88,83057.16,83002.0,83002.01,0.0
2026-09-28 08:07:00,83002.01,83034.5,82960.0,82960.25,0.0
2026-09-28 08:08:00,82960.25,83046.38,82960.25,83016.01,0.0
2026-09-28 08:09:00,83016.01,83038.41,82991.72,83003.76,0.0
2026-09-28 08:10:00,83003.76,83006.01,82955.91,82995.65,0.0
2026-09-28 08:11:00,82995.65,83019.92,82986.0,82996.0,0.0
2026-09-28 08:12:00,82996.0,82999.22,82962.01,82989.11,0.0
2026-09-28 08:13:00,82989.11,83023.28,82960.0,83010.0,0.0
2026-09-28 08:14:00,83010.0,83067.16,82998.42,83040.06,0.0
2026-09-28 08:15:00,83040.06,83061.84,83014.0,83041.94,0.0
2026-09-28 08:16:00,83041.94,83069.72,83000.49,83069.71,0.0
2026-09-28 08:17:00,83069.71,83069.71,83004.0,83009.13,0.0
2026-09-28 08:18:00,83009.12,83045.39,82956.0,82957.99,0.0
2026-09-28 08:19:00,82957.99,82961.53,82940.23,82957.77,0.0
2026-09-28 08:20:00,82957.77,82957.77,82914.29,82922.08,0.0
2026-09-28 08:21:00,82922.07,82936.94,82900.0,82926.44,0.0
2026-09-28 08:22:00,82926.45,82927.27,82904.25,82908.02,0.0
2026-09-28 08:23:00,82908.02,82912.96,82888.88,82910.83,0.0
2026-09-28 08:24:00,82910.83,82910.84,82824.12,82834.53,0.0
2026-09-28 08:25:00,82834.52,82868.74,82829.85,82829.85,0.0
2026-09-28 08:26:00,82829.86,82931.0,82829.85,82931.0,0.0
2026-09-28 08:27:00,82931.0,82943.99,82862.59,82862.6,0.0
2026-09-28 08:28:00,82862.59,82884.12,82862.59,82865.7,0.0
2026-09-28 08:29:00,82865.71,82865.71,82834.96,82844.01,0.0
2026-09-28 08:30:00,82844.01,82888.01,82844.01,82866.01,0.0
2026-09-28 08:31:00,82866.01,82888.0,82866.0,82887.99,0.0
2026-09-28 08:32:00,82887.98,82920.01,82887.98,82920.0,0.0
2026-09-28 08:33:00,82919.99,82947.64,82919.99,82947.63,0.0
2026-09-28 08:34:00,82947.62,82972.01,82930.44,82952.0,0.0
2026-09-28 08:35:00,82952.01,82972.01,82947.15,82947.16,0.0
2026-09-28 08:36:00,82947.16,82947.16,82896.0,82920.01,0.0
2026-09-28 08:37:00,82920.0,82933.12,82850.01,82850.01,0.0
2026-09-28 08:38:00,82850.01,82882.0,82784.0,82881.99,0.0
2026-09-28 08:39:00,82882.0,82882.0,82834.0,82878.0,0.0
2026-09-28 08:40:00,82878.01,82910.9,82862.09,82878.38,0.0
2026-09-28 08:41:00,82878.38,82882.41,82850.0,82882.4,0.0
2026-09-28 08:42:00,82882.41,82890.01,82856.0,82889.99,0.0
2026-09-28 08:43:00,82889.99,82905.72,82882.42,82886.41,0.0
2026-09-28 08:44:00,82886.42,82922.0,82886.41,82922.0,0.0
2026-09-28 08:45:00,82922.0,82929.99,82910.0,82910.0,0.0
2026-09-28 08:46:00,82910.01,82962.0,82910.0,82962.0,0.0
2026-09-28 08:47:00,82961.99,82987.65,82961.99,82983.65,0.0
2026-09-28 08:48:00,82983.65,82983.66,82960.62,82960.83,0.0
2026-09-28 08:49:00,82960.83,82960.84,82917.58,82917.58,0.0
2026-09-28 08:50:00,82917.58,82929.67,82913.62,82925.98,0.0
2026-09-28 08:51:00,82925.99,82962.01,82925.98,82962.0,0.0
2026-09-28 08:52:00,82962.01,82970.91,82924.0,82970.91,0.0
2026-09-28 08:53:00,82970.9,83000.0,82970.9,83000.0,0.0
2026-09-28 08:54:00,82999.99,83030.01,82990.0,82990.0,0.0
2026-09-28 08:55:00,82990.0,82998.01,82965.29,82980.65,0.0
2026-09-28 08:56:00,82980.66,82986.01,82976.0,82984.67,0.0
2026-09-28 08:57:00,82984.68,82991.49,82984.0,82991.48,0.0
2026-09-28 08:58:00,82991.48,83000.0,82956.05,82957.02,0.0
2026-09-28 08:59:00,82957.03,82962.01,82957.02,82962.0,0.0
2026-09-28 09:00:00,82962.01,83003.67,82952.01,83000.03,0.0
2026-09-28 09:01:00,83000.03,83000.03,82937.78,82937.78,0.0
2026-09-28 09:02:00,82937.79,82937.79,82795.81,82795.82,0.0
2026-09-28 09:03:00,82795.81,82804.0,82741.92,82760.78,0.0
2026-09-28 09:04:00,82760.77,82769.03,82736.75,82769.02,0.0
2026-09-28 09:05:00,82769.03,82776.01,82723.6,82758.0,0.0
2026-09-28 09:06:00,82758.01,82770.26,82724.34,82727.05,0.0
2026-09-28 09:07:00,82727.05,82788.01,82710.0,82740.01,0.0
2026-09-28 09:08:00,82740.0,82740.01,82618.01,82651.99,0.0
2026-09-28 09:09:00,82651.99,82675.0,82613.13,82630.0,0.0
2026-09-28 09:10:00,82630.0,82668.01,82621.21,82668.01,0.0
2026-09-28 09:11:00,82668.01,82726.01,82668.0,82726.0,0.0
2026-09-28 09:12:00,82726.0,82762.01,82726.0,82756.25,0.0
2026-09-28 09:13:00,82756.25,82838.0,82756.25,82838.0,0.0
2026-09-28 09:14:00,82837.99,82879.99,82837.99,82879.11,0.0
2026-09-28 09:15:00,82879.11,82966.01,82879.11,82956.0,0.0
2026-09-28 09:16:00,82956.0,82969.98,82844.0,82852.01,0.0
2026-09-28 09:17:00,82852.0,82872.01,82825.58,82855.33,0.0
2026-09-28 09:18:00,82855.33,82884.8,82855.33,82882.52,0.0
2026-09-28 09:19:00,82882.52,82927.13,82882.52,82922.88,0.0
2026-09-28 09:20:00,82922.87,82949.99,82751.81,82908.0,0.0
2026-09-28 09:21:00,82908.01,82968.01,82908.0,82942.01,0.0
2026-09-28 09:22:00,82942.01,82942.01,82918.51,82918.93,0.0
2026-09-28 09:23:00,82918.93,82918.94,82892.0,82892.0,0.0
2026-09-28 09:24:00,82892.0,82892.01,82854.01,82854.02,0.0
2026-09-28 09:25:00,82854.02,82859.34,82839.3,82844.35,0.0
2026-09-28 09:26:00,82844.35,82844.35,82796.28,82796.28,0.0
2026-09-28 09:27:00,82796.28,82796.28,82765.3,82765.31,0.0
2026-09-28 09:28:00,82765.3,82794.25,82758.0,82794.24,0.0
2026-09-28 09:29:00,82794.24,82818.01,82788.0,82818.01,0.0
2026-09-28 09:30:00,82818.0,82844.3,82812.23,82844.3,0.0
2026-09-28 09:31:00,82844.3,82844.3,82816.0,82824.0,0.0
2026-09-28 09:32:00,82824.0,82844.32,82820.66,82827.49,0.0
2026-09-28 09:33:00,82827.5,82827.5,82786.78,82786.78,0.0
2026-09-28 09:34:00,82786.78,82786.79,82721.89,82721.9,0.0
2026-09-28 09:35:00,82721.89,82729.54,82716.0,82716.0,0.0
2026-09-28 09:36:00,82716.0,82716.0,82648.23,82662.82,0.0
2026-09-28 09:37:00,82662.82,82670.01,82625.21,82625.22,0.0
2026-09-28 09:38:00,82625.22,82642.68,82597.55,82597.56,0.0
2026-09-28 09:39:00,82597.55,82648.01,82597.55,82626.01,0.0
2026-09-28 09:40:00,82626.01,82647.13,82626.0,82644.29,0.0
2026-09-28 09:41:00,82644.3,82656.01,82638.01,82656.01,0.0
2026-09-28 09:42:00,82656.01,82657.68,82636.01,82657.68,0.0
2026-09-28 09:43:00,82657.68,82669.7,82648.0,82648.0,0.0
2026-09-28 09:44:00,82648.0,82648.01,82610.01,82626.01,0.0
2026-09-28 09:45:00,82626.0,82668.86,82626.0,82655.66,0.0
2026-09-28 09:46:00,82655.65,82668.01,82647.24,82664.88,0.0
2026-09-28 09:47:00,82664.89,82692.01,82664.88,82690.89,0.0
2026-09-28 09:48:00,82690.67,82728.24,82690.67,82728.24,0.0
2026-09-28 09:49:00,82728.24,82761.38,82728.23,82752.34,0.0
2026-09-28 09:50:00,82752.34,82780.01,82752.34,82778.1,0.0
2026-09-28 09:51:00,82778.09,82778.1,82736.71,82745.11,0.0
2026-09-28 09:52:00,82745.11,82751.14,82705.24,82705.24,0.0
2026-09-28 09:53:00,82705.25,82705.25,82640.14,82640.15,0.0
2026-09-28 09:54:00,82640.14,82663.98,82620.0,82620.0,0.0
2026-09-28 09:55:00,82620.0,82639.84,82613.71,82638.0,0.0
2026-09-28 09:56:00,82638.0,82638.0,82622.0,82626.11,0.0
2026-09-28 09:57:00,82626.12,82660.01,82626.11,82656.48,0.0
2026-09-28 09:58:00,82656.49,82656.49,82653.73,82653.73,0.0
2026-09-28 09:59:00,82653.74,82666.01,82626.06,82666.01,0.0
2026-09-28 10:00:00,82666.01,82748.01,82666.01,82747.58,0.0
2026-09-28 10:01:00,82747.58,82748.01,82739.73,82744.91,0.0
2026-09-28 10:02:00,82744.91,82763.67,82744.91,82753.99,0.0
2026-09-28 10:03:00,82753.99,82813.12,82753.99,82813.11,0.0
2026-09-28 10:04:00,82813.11,82868.41,82812.01,82836.28,0.0
2026-09-28 10:05:00,82836.28,82836.29,82798.0,82802.0,0.0
2026-09-28 10:06:00,82802.0,82802.02,82778.86,82801.99,0.0
2026-09-28 10:07:00,82802.0,82802.0,82758.94,82758.94,0.0
2026-09-28 10:08:00,82758.94,82758.94,82715.38,82718.0,0.0
2026-09-28 10:09:00,82717.99,82758.01,82717.99,82758.01,0.0
2026-09-28 10:10:00,82758.0,82758.01,82710.32,82710.32,0.0
2026-09-28 10:11:00,82710.32,82710.33,82676.47,82708.0,0.0
2026-09-28 10:12:00,82708.0,82749.97,82693.08,82708.0,0.0
2026-09-28 10:13:00,82708.01,82710.0,82683.98,82696.0,0.0
2026-09-28 10:14:00,82696.0,82763.82,82682.0,82762.04,0.0
2026-09-28 10:15:00,82762.03,82812.01,82762.03,82812.0,0.0
2026-09-28 10:16:00,82812.01,82815.53,82805.19,82809.36,0.0
2026-09-28 10:17:00,82809.36,82834.01,82795.79,82795.79,0.0
2026-09-28 10:18:00,82795.8,82807.99,82770.59,82778.67,0.0
2026-09-28 10:19:00,82778.68,82786.0,82751.83,82751.83,0.0
2026-09-28 10:20:00,82751.82,82757.08,82736.0,82749.43,0.0
2026-09-28 10:21:00,82749.43,82753.35,82734.19,82751.9,0.0
2026-09-28 10:22:00,82751.91,82779.64,82751.91,82764.27,0.0
2026-09-28 10:23:00,82764.28,82766.78,82747.03,82766.77,0.0
2026-09-28 10:24:00,82766.77,82816.89,82766.77,82816.89,0.0
2026-09-28 10:25:00,82816.88,82840.01,82816.88,82840.0,0.0
2026-09-28 10:26:00,82840.01,82850.0,82840.0,82850.0,0.0
2026-09-28 10:27:00,82849.99,82850.0,82796.02,82805.98,0.0
2026-09-28 10:28:00,82805.99,82829.74,82805.98,82806.0,0.0
2026-09-28 10:29:00,82806.0,82816.94,82800.0,82816.93,0.0
2026-09-28 10:30:00,82816.94,82820.01,82773.91,82773.92,0.0
2026-09-28 10:31:00,82773.91,82821.75,82773.91,82821.75,0.0
2026-09-28 10:32:00,82821.74,82821.75,82784.26,82801.05,0.0
2026-09-28 10:33:00,82801.06,82838.01,82801.05,82838.01,0.0
2026-09-28 10:34:00,82838.01,82873.84,82838.0,82871.77,0.0
2026-09-28 10:35:00,82871.77,82910.01,82871.76,82910.01,0.0
2026-09-28 10:36:00,82910.01,82914.01,82906.21,82906.22,0.0
2026-09-28 10:37:00,82906.22,82940.0,82906.22,82910.0,0.0
2026-09-28 10:38:00,82910.01,82913.99,82902.0,82910.01,0.0
2026-09-28 10:39:00,82910.0,82932.85,82910.0,82932.85,0.0
2026-09-28 10:40:00,82932.85,82958.18,82932.84,82935.0,0.0
2026-09-28 10:41:00,82935.0,82958.01,82935.0,82948.0,0.0
2026-09-28 10:42:00,82948.0,82948.01,82938.0,82938.01,0.0
2026-09-28 10:43:00,82938.01,82938.01,82934.59,82934.6,0.0
2026-09-28 10:44:00,82934.59,82950.0,82934.59,82950.0,0.0
2026-09-28 10:45:00,82950.0,82950.0,82908.4,82927.34,0.0
2026-09-28 10:46:00,82927.35,82950.0,82903.87,82909.92,0.0
2026-09-28 10:47:00,82909.93,82920.01,82896.0,82896.0,0.0
2026-09-28 10:48:00,82896.01,82896.01,82868.0,82868.01,0.0
2026-09-28 10:49:00,82868.0,82928.01,82862.0,82898.01,0.0
2026-09-28 10:50:00,82898.01,82928.01,82887.99,82922.13,0.0
2026-09-28 10:51:00,82922.13,82937.39,82902.57,82902.57,0.0
2026-09-28 10:52:00,82902.58,83064.51,82902.58,83044.0,0.0
2026-09-28 10:53:00,83044.0,83044.0,83002.0,83002.01,0.0
2026-09-28 10:54:00,83002.01,83002.01,82974.87,82974.88,0.0
2026-09-28 10:55:00,82974.88,82984.92,82968.0,82984.92,0.0
2026-09-28 10:56:00,82984.91,83006.29,82969.42,82990.41,0.0
2026-09-28 10:57:00,82990.41,82996.45,82968.0,82971.34,0.0
2026-09-28 10:58:00,82971.33,82971.34,82966.0,82966.01,0.0
2026-09-28 10:59:00,82966.01,82966.01,82956.0,82960.0,0.0
2026-09-28 11:00:00,82960.01,83055.65,82960.0,83020.78,0.0
2026-09-28 11:01:00,83020.79,83048.99,82994.0,82998.01,0.0
2026-09-28 11:02:00,82998.01,83017.27,82982.32,83017.27,0.0
2026-09-28 11:03:00,83017.26,83040.68,82991.76,83017.99,0.0
2026-09-28 11:04:00,83017.99,83018.0,82984.2,83017.12,0.0
2026-09-28 11:05:00,83017.13,83037.7,82994.0,83024.24,0.0
2026-09-28 11:06:00,83024.25,83044.71,83024.25,83025.32,0.0
2026-09-28 11:07:00,83025.31,83038.02,83000.0,83022.07,0.0
2026-09-28 11:08:00,83022.06,83030.01,83008.0,83018.01,0.0
2026-09-28 11:09:00,83018.01,83026.0,83016.42,83016.42,0.0
2026-09-28 11:10:00,83016.42,83016.43,82996.91,83002.0,0.0
2026-09-28 11:11:00,83002.0,83002.01,82986.76,82986.77,0.0
2026-09-28 11:12:00,82986.77,82986.77,82985.29,82985.29,0.0
2026-09-28 11:13:00,82985.29,83000.0,82974.0,82989.31,0.0
2026-09-28 11:14:00,82989.31,82996.01,82982.0,82994.01,0.0
2026-09-28 11:15:00,82994.01,83039.83,82982.01,83013.24,0.0
2026-09-28 11:16:00,83013.24,83067.03,82979.23,83032.0,0.0
2026-09-28 11:17:00,83032.01,83075.09,83032.0,83075.09,0.0
2026-09-28 11:18:00,83075.08,83078.24,83016.01,83016.02,0.0
2026-09-28 11:19:00,83016.01,83016.02,82984.53,83010.01,0.0
2026-09-28 11:20:00,83010.0,83010.01,82969.97,82987.89,0.0
2026-09-28 11:21:00,82987.89,82987.9,82978.0,82978.0,0.0
2026-09-28 11:22:00,82978.0,83025.23,82978.0,83005.12,0.0
2026-09-28 11:23:00,83005.13,83067.37,83005.12,83061.57,0.0
2026-09-28 11:24:00,83061.58,83063.45,83020.0,83040.01,0.0
2026-09-28 11:25:00,83040.0,83040.01,82994.0,82994.0,0.0
2026-09-28 11:26:00,82994.01,83016.0,82994.0,83016.0,0.0
2026-09-28 11:27:00,83016.01,83016.01,83002.52,83016.0,0.0
2026-09-28 11:28:00,83016.01,83021.06,83016.0,83017.04,0.0
2026-09-28 11:29:00,83017.04,83021.07,83017.04,83021.05,0.0
2026-09-28 11:30:00,83021.05,83034.0,82992.88,82992.88,0.0
2026-09-28 11:31:00,82992.89,83025.45,82992.88,83008.49,0.0
2026-09-28 11:32:00,83008.49,83011.71,82986.59,82986.59,0.0
2026-09-28 11:33:00,82986.59,82994.0,82982.53,82993.99,0.0
2026-09-28 11:34:00,82994.0,83045.19,82993.99,83044.64,0.0
2026-09-28 11:35:00,83044.64,83051.5,83027.7,83027.7,0.0
2026-09-28 11:36:00,83027.7,83027.71,83017.72,83025.26,0.0
2026-09-28 11:37:00,83025.25,83070.01,83025.25,83050.01,0.0
2026-09-28 11:38:00,83050.0,83063.85,83050.0,83056.0,0.0
2026-09-28 11:39:00,83056.0,83070.01,83056.0,83070.01,0.0
2026-09-28 11:40:00,83070.01,83088.01,83056.0,83068.01,0.0
2026-09-28 11:41:00,83068.01,83076.01,83068.01,83076.0,0.0
2026-09-28 11:42:00,83076.01,83092.01,83072.8,83072.81,0.0
2026-09-28 11:43:00,83072.81,83111.0,83064.0,83093.26,0.0
2026-09-28 11:44:00,83093.25,83093.26,83069.71,83069.98,0.0
2026-09-28 11:45:00,83069.98,83069.99,83055.0,83055.0,0.0
2026-09-28 11:46:00,83055.01,83055.01,83047.2,83047.21,0.0
2026-09-28 11:47:00,83047.2,83047.21,83025.33,83025.33,0.0
2026-09-28 11:48:00,83025.32,83025.32,83002.39,83002.4,0.0
2026-09-28 11:49:00,83002.39,83006.34,82998.06,82998.06,0.0
2026-09-28 11:50:00,82998.07,82998.07,82984.0,82984.0,0.0
2026-09-28 11:51:00,82984.0,83010.01,82984.0,83010.0,0.0
2026-09-28 11:52:00,83010.01,83028.31,82993.15,82993.15,0.0
2026-09-28 11:53:00,82993.16,82996.01,82981.08,82981.09,0.0
2026-09-28 11:54:00,82981.09,82981.09,82981.08,82981.08,0.0
2026-09-28 11:55:00,82981.09,82999.99,82981.08,82999.99,0.0
2026-09-28 11:56:00,82999.99,83062.24,82999.98,83050.01,0.0
2026-09-28 11:57:00,83050.0,83086.0,83050.0,83080.53,0.0
2026-09-28 11:58:00,83080.53,83082.02,83080.53,83082.02,0.0
2026-09-28 11:59:00,83082.02,83082.54,83080.0,83082.54,0.0
2026-09-28 12:00:00,83082.53,83082.54,83034.56,83058.84,0.0
2026-09-28 12:01:00,83058.84,83060.01,83032.0,83054.01,0.0
2026-09-28 12:02:00,83054.0,83054.01,83011.48,83050.0,0.0
2026-09-28 12:03:00,83050.0,83050.0,83042.0,83050.0,0.0
2026-09-28 12:04:00,83049.99,83246.98,83049.99,83246.18,0.0
2026-09-28 12:05:00,83246.18,83370.21,83241.74,83357.11,0.0
2026-09-28 12:06:00,83357.11,83443.45,83351.09,83392.14,0.0
2026-09-28 12:07:00,83392.14,83459.56,83364.85,83447.81,0.0
2026-09-28 12:08:00,83447.81,83450.5,83357.24,83399.07,0.0
2026-09-28 12:09:00,83399.07,83477.07,83399.06,83469.06,0.0
2026-09-28 12:10:00,83469.06,83500.0,83432.1,83439.11,0.0
2026-09-28 12:11:00,83439.11,83469.44,83421.32,83421.32,0.0
2026-09-28 12:12:00,83421.33,83421.33,83356.83,83356.83,0.0
2026-09-28 12:13:00,83356.83,83358.91,83300.0,83322.89,0.0
2026-09-28 12:14:00,83322.89,83383.91,83316.48,83383.9,0.0
2026-09-28 12:15:00,83383.9,83383.9,83300.01,83300.01,0.0
2026-09-28 12:16:00,83300.02,83337.72,83284.49,83323.64,0.0
2026-09-28 12:17:00,83323.65,83356.27,83318.44,83348.36,0.0
2026-09-28 12:18:00,83348.35,83420.79,83347.05,83347.06,0.0
2026-09-28 12:19:00,83347.05,83416.72,83347.05,83416.67,0.0
2026-09-28 12:20:00,83416.67,83466.15,83406.62,83466.15,0.0
2026-09-28 12:21:00,83466.15,83466.15,83374.0,83374.0,0.0
2026-09-28 12:22:00,83374.01,83374.01,83323.0,83323.0,0.0
2026-09-28 12:23:00,83323.0,83357.37,83314.37,83357.37,0.0
2026-09-28 12:24:00,83357.37,83388.01,83357.37,83387.63,0.0
2026-09-28 12:25:00,83387.64,83387.64,83278.24,83279.99,0.0
2026-09-28 12:26:00,83280.0,83405.28,83279.99,83368.01,0.0
2026-09-28 12:27:00,83368.01,83380.01,83358.04,83380.01,0.0
2026-09-28 12:28:00,83380.0,83394.01,83363.93,83363.93,0.0
2026-09-28 12:29:00,83363.93,83369.71,83353.93,83369.7,0.0
2026-09-28 12:30:00,83369.7,83371.26,83333.09,83333.09,0.0
2026-09-28 12:31:00,83333.1,83333.1,83293.18,83304.8,0.0
2026-09-28 12:32:00,83304.8,83318.01,83293.18,83318.01,0.0
2026-09-28 12:33:00,83318.01,83352.0,83318.0,83352.0,0.0
2026-09-28 12:34:00,83352.0,83396.04,83351.99,83396.04,0.0
2026-09-28 12:35:00,83396.04,83430.01,83396.04,83421.99,0.0
2026-09-28 12:36:00,83422.0,83422.0,83390.69,83412.15,0.0
2026-09-28 12:37:00,83412.15,83412.16,83355.0,83355.01,0.0
2026-09-28 12:38:00,83355.01,83355.01,83314.0,83317.96,0.0
2026-09-28 12:39:00,83317.95,83335.61,83317.95,83324.0,0.0
2026-09-28 12:40:00,83324.0,83330.02,83270.26,83270.27,0.0
2026-09-28 12:41:00,83270.27,83299.12,83270.27,83292.0,0.0
2026-09-28 12:42:00,83292.01,83292.01,83270.26,83272.63,0.0
2026-09-28 12:43:00,83272.64,83295.75,83272.63,83284.37,0.0
2026-09-28 12:44:00,83284.38,83340.92,83284.37,83340.91,0.0
2026-09-28 12:45:00,83340.92,83410.8,83340.92,83410.8,0.0
2026-09-28 12:46:00,83410.8,83466.51,83410.79,83454.76,0.0
2026-09-28 12:47:00,83454.75,83454.75,83395.09,83402.0,0.0
2026-09-28 12:48:00,83402.0,83445.81,83384.5,83425.74,0.0
2026-09-28 12:49:00,83425.75,83430.86,83409.16,83409.16,0.0
2026-09-28 12:50:00,83409.17,83437.18,83403.71,83424.58,0.0
2026-09-28 12:51:00,83424.57,83437.77,83405.84,83425.36,0.0
2026-09-28 12:52:00,83425.36,83499.99,83416.6,83488.05,0.0
2026-09-28 12:53:00,83488.05,83539.9,83453.97,83539.9,0.0
2026-09-28 12:54:00,83539.9,83583.61,83524.42,83573.47,0.0
2026-09-28 12:55:00,83573.47,83631.43,83526.81,83536.13,0.0
2026-09-28 12:56:00,83536.13,83544.01,83517.6,83544.01,0.0
2026-09-28 12:57:00,83544.01,83621.43,83517.63,83602.92,0.0
2026-09-28 12:58:00,83602.92,83602.92,83585.42,83596.1,0.0
2026-09-28 12:59:00,83596.09,83596.1,83544.36,83579.75,0.0
2026-09-28 13:00:00,83579.75,83579.76,83472.57,83478.97,0.0
2026-09-28 13:01:00,83478.97,83479.48,83443.2,83450.0,0.0
2026-09-28 13:02:00,83450.0,83450.01,83423.07,83423.07,0.0
2026-09-28 13:03:00,83423.07,83426.97,83400.0,83412.0,0.0
2026-09-28 13:04:00,83412.0,83412.01,83395.65,83395.66,0.0
2026-09-28 13:05:00,83395.65,83400.0,83392.0,83392.0,0.0
2026-09-28 13:06:00,83392.0,83392.01,83365.64,83384.62,0.0
2026-09-28 13:07:00,83384.63,83410.01,83384.62,83402.59,0.0
2026-09-28 13:08:00,83402.59,83412.22,83338.0,83339.34,0.0
2026-09-28 13:09:00,83339.35,83339.35,83339.34,83339.34,0.0
2026-09-28 13:10:00,83339.35,83340.3,83310.71,83323.49,0.0
2026-09-28 13:11:00,83323.48,83361.4,83323.48,83361.4,0.0
2026-09-28 13:12:00,83361.4,83384.01,83359.63,83359.64,0.0
2026-09-28 13:13:00,83359.64,83372.01,83357.11,83372.01,0.0
2026-09-28 13:14:00,83372.0,83406.2,83372.0,83406.2,0.0
2026-09-28 13:15:00,83406.19,83408.01,83406.19,83408.0,0.0
2026-09-28 13:16:00,83408.01,83441.99,83407.04,83407.04,0.0
2026-09-28 13:17:00,83407.04,83444.88,83404.0,83404.0,0.0
2026-09-28 13:18:00,83404.0,83404.01,83360.0,83373.85,0.0
2026-09-28 13:19:00,83373.86,83395.97,83365.32,83395.97,0.0
2026-09-28 13:20:00,83395.97,83406.01,83384.02,83406.01,0.0
2026-09-28 13:21:00,83406.0,83416.01,83394.09,83408.39,0.0
2026-09-28 13:22:00,83408.38,83425.78,83390.49,83406.82,0.0
2026-09-28 13:23:00,83406.82,83418.01,83404.0,83418.01,0.0
2026-09-28 13:24:00,83418.01,83420.0,83408.0,83412.35,0.0
2026-09-28 13:25:00,83412.34,83462.55,83387.01,83462.55,0.0
2026-09-28 13:26:00,83462.56,83504.01,83462.56,83497.53,0.0
2026-09-28 13:27:00,83497.54,83523.79,83493.65,83518.0,0.0
2026-09-28 13:28:00,83518.0,83536.01,83506.0,83536.01,0.0
2026-09-28 13:29:00,83536.01,83567.48,83536.0,83567.47,0.0
2026-09-28 13:30:00,83567.48,83703.7,83490.0,83504.97,0.0
2026-09-28 13:31:00,83504.97,83568.0,83480.0,83480.0,0.0
2026-09-28 13:32:00,83480.0,83506.01,83434.0,83456.5,0.0
2026-09-28 13:33:00,83456.5,83532.01,83429.38,83514.0,0.0
2026-09-28 13:34:00,83514.0,83623.84,83500.0,83580.0,0.0
2026-09-28 13:35:00,83580.0,83665.68,83454.12,83454.12,0.0
2026-09-28 13:36:00,83454.12,83492.01,83388.03,83458.01,0.0
2026-09-28 13:37:00,83458.0,83618.81,83458.0,83542.05,0.0
2026-09-28 13:38:00,83542.05,83688.75,83542.05,83688.75,0.0
2026-09-28 13:39:00,83688.74,83812.32,83688.74,83723.86,0.0
2026-09-28 13:40:00,83723.86,83746.68,83661.07,83738.19,0.0
2026-09-28 13:41:00,83738.2,83796.45,83686.3,83717.22,0.0
2026-09-28 13:42:00,83717.21,83816.95,83717.21,83816.94,0.0
2026-09-28 13:43:00,83816.94,83816.94,83754.08,83771.46,0.0
2026-09-28 13:44:00,83771.46,83771.46,83686.53,83741.62,0.0
2026-09-28 13:45:00,83741.62,83776.01,83718.2,83756.01,0.0
2026-09-28 13:46:00,83756.0,83781.44,83682.0,83781.43,0.0
2026-09-28 13:47:00,83781.43,83820.0,83726.25,83784.0,0.0
2026-09-28 13:48:00,83784.01,83816.82,83750.97,83750.98,0.0
2026-09-28 13:49:00,83750.97,83750.98,83602.71,83602.72,0.0
2026-09-28 13:50:00,83602.72,83604.01,83484.0,83536.0,0.0
2026-09-28 13:51:00,83536.0,83549.63,83480.0,83500.9,0.0
2026-09-28 13:52:00,83500.91,83592.01,83486.58,83570.72,0.0
2026-09-28 13:53:00,83570.72,83694.87,83570.72,83680.77,0.0
2026-09-28 13:54:00,83680.77,83768.01,83680.76,83768.01,0.0
2026-09-28 13:55:00,83768.01,83800.0,83705.18,83705.18,0.0
2026-09-28 13:56:00,83705.18,83705.18,83628.01,83657.99,0.0
2026-09-28 13:57:00,83658.0,83678.01,83656.65,83660.0,0.0
2026-09-28 13:58:00,83660.0,83676.01,83632.92,83632.92,0.0
2026-09-28 13:59:00,83632.93,83666.01,83623.08,83641.99,0.0
2026-09-28 14:00:00,83641.99,83642.0,83511.64,83511.64,0.0
2026-09-28 14:01:00,83511.64,83519.26,83444.67,83444.68,0.0
2026-09-28 14:02:00,83444.67,83536.01,83444.67,83515.4,0.0
2026-09-28 14:03:00,83515.41,83515.41,83444.68,83452.01,0.0
2026-09-28 14:04:00,83452.01,83452.01,83394.38,83397.06,0.0
2026-09-28 14:05:00,83397.05,83444.01,83374.0,83374.01,0.0
2026-09-28 14:06:00,83374.01,83485.67,83326.0,83485.67,0.0
2026-09-28 14:07:00,83485.67,83520.01,83456.0,83520.0,0.0
2026-09-28 14:08:00,83520.0,83558.0,83500.0,83500.0,0.0
2026-09-28 14:09:00,83500.0,83518.33,83457.34,83465.27,0.0
2026-09-28 14:10:00,83465.27,83473.49,83441.09,83441.09,0.0
2026-09-28 14:11:00,83441.09,83524.01,83413.43,83522.17,0.0
2026-09-28 14:12:00,83522.17,83541.78,83495.3,83537.99,0.0
2026-09-28 14:13:00,83537.99,83538.0,83468.0,83474.01,0.0
2026-09-28 14:14:00,83474.01,83474.01,83372.0,83401.65,0.0
2026-09-28 14:15:00,83401.65,83418.01,83323.8,83323.8,0.0
2026-09-28 14:16:00,83323.81,83348.01,83270.26,83348.01,0.0
2026-09-28 14:17:00,83348.01,83452.0,83347.34,83376.64,0.0
2026-09-28 14:18:00,83376.64,83376.64,83266.74,83266.74,0.0
2026-09-28 14:19:00,83266.74,83388.01,83266.74,83380.27,0.0
2026-09-28 14:20:00,83380.27,83418.01,83332.0,83418.01,0.0
2026-09-28 14:21:00,83418.0,83480.0,83411.85,83472.49,0.0
2026-09-28 14:22:00,83472.5,83570.72,83472.5,83570.72,0.0
2026-09-28 14:23:00,83570.71,83570.72,83518.0,83534.02,0.0
2026-09-28 14:24:00,83534.02,83600.0,83506.0,83599.99,0.0
2026-09-28 14:25:00,83599.99,83609.42,83552.0,83568.04,0.0
2026-09-28 14:26:00,83568.03,83568.04,83460.0,83474.01,0.0
2026-09-28 14:27:00,83474.01,83494.01,83377.51,83377.52,0.0
2026-09-28 14:28:00,83377.52,83383.84,83274.2,83277.67,0.0
2026-09-28 14:29:00,83277.67,83277.68,83100.0,83244.0,0.0
2026-09-28 14:30:00,83244.0,83324.02,83220.7,83312.01,0.0
2026-09-28 14:31:00,83312.01,83316.0,83118.0,83118.0,0.0
2026-09-28 14:32:00,83118.0,83246.98,83095.0,83209.2,0.0
2026-09-28 14:33:00,83209.2,83322.01,83192.0,83258.0,0.0
2026-09-28 14:34:00,83258.0,83312.01,83240.0,83297.86,0.0
2026-09-28 14:35:00,83297.86,83372.55,83268.0,83372.55,0.0
2026-09-28 14:36:00,83372.55,83458.01,83372.55,83406.56,0.0
2026-09-28 14:37:00,83406.56,83480.01,83387.07,83387.08,0.0
2026-09-28 14:38:00,83387.07,83387.08,83310.0,83340.0,0.0
2026-09-28 14:39:00,83340.01,83470.01,83331.67,83418.0,0.0
2026-09-28 14:40:00,83418.01,83427.77,83364.0,83364.0,0.0
2026-09-28 14:41:00,83364.0,83364.01,83235.06,83242.0,0.0
2026-09-28 14:42:00,83242.01,83242.01,83000.01,83055.92,0.0
2026-09-28 14:43:00,83055.92,83071.47,82879.28,82879.29,0.0
2026-09-28 14:44:00,82879.28,82948.33,82856.0,82948.33,0.0
2026-09-28 14:45:00,82948.33,82992.19,82893.81,82967.29,0.0
2026-09-28 14:46:00,82967.28,83012.79,82929.6,82975.95,0.0
2026-09-28 14:47:00,82975.95,82975.95,82856.0,82865.5,0.0
2026-09-28 14:48:00,82865.5,82992.6,82820.97,82976.0,0.0
2026-09-28 14:49:00,82976.0,82984.06,82934.76,82954.34,0.0
2026-09-28 14:50:00,82954.35,83066.01,82954.34,83026.37,0.0
2026-09-28 14:51:00,83026.36,83035.42,82757.59,82757.6,0.0
2026-09-28 14:52:00,82757.59,82792.5,82703.0,82773.92,0.0
2026-09-28 14:53:00,82773.91,82869.99,82563.0,82860.01,0.0
2026-09-28 14:54:00,82860.01,82934.01,82860.01,82890.02,0.0
2026-09-28 14:55:00,82890.01,82898.01,82798.22,82846.17,0.0
2026-09-28 14:56:00,82846.17,82942.01,82828.0,82942.01,0.0
2026-09-28 14:57:00,82942.0,82994.01,82927.71,82979.03,0.0
2026-09-28 14:58:00,82979.04,82994.0,82916.81,82939.9,0.0
2026-09-28 14:59:00,82939.91,83020.01,82938.11,83020.0,0.0
2026-09-28 15:00:00,83020.01,83073.13,82988.0,83035.01,0.0
2026-09-28 15:01:00,83035.0,83060.01,83006.36,83010.35,0.0
2026-09-28 15:02:00,83010.36,83058.01,82995.79,83044.01,0.0
2026-09-28 15:03:00,83044.01,83069.14,83033.45,83052.29,0.0
2026-09-28 15:04:00,83052.3,83052.3,82979.01,82996.01,0.0
2026-09-28 15:05:00,82996.01,83041.52,82970.0,83041.51,0.0
2026-09-28 15:06:00,83041.51,83050.01,83007.51,83050.0,0.0
2026-09-28 15:07:00,83050.0,83053.14,82966.0,82980.95,0.0
2026-09-28 15:08:00,82981.93,83040.01,82981.93,83014.09,0.0
2026-09-28 15:09:00,83014.09,83212.01,82999.94,83212.01,0.0
2026-09-28 15:10:00,83212.01,83266.19,83182.0,83190.01,0.0
2026-09-28 15:11:00,83190.0,83190.01,82954.22,82954.23,0.0
2026-09-28 15:12:00,82954.23,83046.01,82929.0,83046.0,0.0
2026-09-28 15:13:00,83046.0,83058.01,82955.7,82984.68,0.0
2026-09-28 15:14:00,82984.68,83022.01,82933.0,82956.86,0.0
2026-09-28 15:15:00,82956.87,82980.01,82882.32,82956.01,0.0
2026-09-28 15:16:00,82956.01,82956.01,82900.45,82922.0,0.0
2026-09-28 15:17:00,82922.0,82941.95,82823.32,82846.14,0.0
2026-09-28 15:18:00,82846.13,82900.0,82827.76,82892.01,0.0
2026-09-28 15:19:00,82892.0,82964.01,82886.0,82904.79,0.0
2026-09-28 15:20:00,82904.79,82930.01,82875.49,82888.24,0.0
2026-09-28 15:21:00,82888.24,82905.06,82822.0,82905.05,0.0
2026-09-28 15:22:00,82905.06,82943.99,82855.75,82859.73,0.0
2026-09-28 15:23:00,82859.74,82921.88,82792.0,82906.01,0.0
2026-09-28 15:24:00,82906.0,83034.01,82895.66,82986.0,0.0
2026-09-28 15:25:00,82986.0,82994.8,82864.0,82976.0,0.0
2026-09-28 15:26:00,82976.01,83020.61,82916.0,83020.61,0.0
2026-09-28 15:27:00,83020.76,83049.87,82998.48,83048.86,0.0
2026-09-28 15:28:00,83048.86,83124.74,83048.86,83124.74,0.0
2026-09-28 15:29:00,83124.74,83126.01,83038.93,83068.0,0.0
2026-09-28 15:30:00,83068.0,83082.01,83020.0,83046.01,0.0
2026-09-28 15:31:00,83046.0,83052.01,83020.01,83024.0,0.0
2026-09-28 15:32:00,83024.01,83130.01,83024.01,83112.01,0.0
2026-09-28 15:33:00,83112.01,83130.01,83048.0,83048.01,0.0
2026-09-28 15:34:00,83048.01,83084.01,83046.0,83084.01,0.0
2026-09-28 15:35:00,83084.0,83134.0,83080.0,83133.99,0.0
2026-09-28 15:36:00,83133.99,83274.01,83133.99,83270.01,0.0
2026-09-28 15:37:00,83270.0,83285.0,83200.0,83281.61,0.0
2026-09-28 15:38:00,83281.61,83365.23,83261.64,83312.57,0.0
2026-09-28 15:39:00,83312.56,83312.57,83224.0,83300.0,0.0
2026-09-28 15:40:00,83300.01,83310.01,83230.0,83239.72,0.0
2026-09-28 15:41:00,83239.72,83286.01,83230.0,83286.01,0.0
2026-09-28 15:42:00,83286.0,83310.01,83240.0,83248.0,0.0
2026-09-28 15:43:00,83248.01,83248.01,83202.0,83202.0,0.0
2026-09-28 15:44:00,83202.01,83211.33,83188.0,83211.33,0.0
2026-09-28 15:45:00,83211.33,83258.01,83211.32,83253.99,0.0
2026-09-28 15:46:00,83254.0,83336.01,83216.0,83264.0,0.0
2026-09-28 15:47:00,83264.0,83292.01,83252.0,83292.0,0.0
2026-09-28 15:48:00,83292.01,83292.01,83248.0,83248.01,0.0
2026-09-28 15:49:00,83248.01,83284.01,83236.0,83284.01,0.0
2026-09-28 15:50:00,83284.0,83330.01,83284.0,83314.0,0.0
2026-09-28 15:51:00,83314.0,83314.0,83258.0,83258.0,0.0
2026-09-28 15:52:00,83258.0,83282.01,83230.0,83254.0,0.0
2026-09-28 15:53:00,83254.0,83283.99,83244.0,83276.01,0.0
2026-09-28 15:54:00,83276.01,83341.02,83252.0,83341.01,0.0
2026-09-28 15:55:00,83341.01,83380.01,83341.01,83344.0,0.0
2026-09-28 15:56:00,83344.0,83371.59,83336.0,83347.96,0.0
2026-09-28 15:57:00,83347.97,83390.0,83347.97,83350.01,0.0
2026-09-28 15:58:00,83350.01,83378.73,83350.01,83377.23,0.0
2026-09-28 15:59:00,83377.24,83397.18,83354.32,83370.0,0.0
2026-09-28 16:00:00,83370.0,83384.01,83338.0,83375.57,0.0
2026-09-28 16:01:00,83375.57,83430.0,83356.0,83378.01,0.0
2026-09-28 16:02:00,83378.01,83378.01,83306.0,83306.0,0.0
2026-09-28 16:03:00,83306.01,83306.01,83256.0,83260.01,0.0
2026-09-28 16:04:00,83260.0,83322.44,83260.0,83298.01,0.0
2026-09-28 16:05:00,83298.01,83320.01,83272.0,83278.01,0.0
2026-09-28 16:06:00,83278.01,83318.01,83278.0,83318.0,0.0
2026-09-28 16:07:00,83318.01,83418.59,83312.0,83384.0,0.0
2026-09-28 16:08:00,83384.01,83454.54,83384.0,83424.3,0.0
2026-09-28 16:09:00,83424.3,83434.01,83370.0,83410.01,0.0
2026-09-28 16:10:00,83410.0,83470.98,83410.0,83463.7,0.0
2026-09-28 16:11:00,83463.7,83480.01,83456.0,83458.0,0.0
2026-09-28 16:12:00,83458.01,83474.0,83416.0,83440.01,0.0
2026-09-28 16:13:00,83440.0,83440.0,83424.06,83424.06,0.0
2026-09-28 16:14:00,83424.06,83424.06,83400.0,83420.93,0.0
2026-09-28 16:15:00,83420.92,83432.0,83394.13,83394.13,0.0
2026-09-28 16:16:00,83394.14,83534.79,83378.0,83534.79,0.0
2026-09-28 16:17:00,83534.78,83693.78,83513.67,83692.43,0.0
2026-09-28 16:18:00,83692.43,83720.94,83552.96,83552.97,0.0
2026-09-28 16:19:00,83552.97,83660.44,83547.86,83660.43,0.0
2026-09-28 16:20:00,83660.43,83732.57,83640.31,83712.83,0.0
2026-09-28 16:21:00,83712.83,83778.52,83712.82,83730.0,0.0
2026-09-28 16:22:00,83730.01,83792.01,83728.95,83764.01,0.0
2026-09-28 16:23:00,83764.0,83875.0,83722.0,83875.0,0.0
2026-09-28 16:24:00,83874.99,83980.0,83837.57,83911.29,0.0
2026-09-28 16:25:00,83911.29,83938.54,83876.0,83923.21,0.0
2026-09-28 16:26:00,83923.21,84096.72,83923.21,84074.35,0.0
2026-09-28 16:27:00,84074.34,84188.9,84052.0,84188.89,0.0
2026-09-28 16:28:00,84188.89,84188.9,84064.0,84112.13,0.0
2026-09-28 16:29:00,84112.13,84151.0,83971.46,84012.01,0.0
2026-09-28 16:30:00,84012.01,84114.26,84007.99,84100.0,0.0
2026-09-28 16:31:00,84100.0,84100.0,84026.26,84042.01,0.0
2026-09-28 16:32:00,84042.0,84074.01,83959.08,83959.08,0.0
2026-09-28 16:33:00,83959.09,84000.48,83919.22,83954.0,0.0
2026-09-28 16:34:00,83954.0,84000.01,83926.0,83942.0,0.0
2026-09-28 16:35:00,83942.0,83998.01,83926.01,83952.92,0.0
2026-09-28 16:36:00,83952.91,83972.01,83944.0,83950.01,0.0
2026-09-28 16:37:00,83950.01,83950.01,83904.09,83930.01,0.0
2026-09-28 16:38:00,83930.0,83930.01,83868.0,83879.59,0.0
2026-09-28 16:39:00,83879.59,83879.59,83831.41,83831.41,0.0
2026-09-28 16:40:00,83831.41,83843.81,83788.01,83793.57,0.0
2026-09-28 16:41:00,83793.57,83800.0,83716.0,83716.0,0.0
2026-09-28 16:42:00,83716.0,83746.01,83682.6,83715.22,0.0
2026-09-28 16:43:00,83715.23,83729.13,83678.13,83695.29,0.0
2026-09-28 16:44:00,83695.29,83740.01,83684.37,83724.0,0.0
2026-09-28 16:45:00,83724.0,83776.01,83714.0,83714.0,0.0
2026-09-28 16:46:00,83714.0,83724.01,83666.66,83668.7,0.0
2026-09-28 16:47:00,83668.69,83686.01,83644.08,83663.67,0.0
2026-09-28 16:48:00,83663.67,83663.67,83605.8,83605.81,0.0
2026-09-28 16:49:00,83605.8,83614.01,83582.0,83600.0,0.0
2026-09-28 16:50:00,83600.01,83636.01,83584.0,83624.67,0.0
2026-09-28 16:51:00,83624.67,83624.67,83580.28,83616.01,0.0
2026-09-28 16:52:00,83616.0,83669.51,83584.01,83656.7,0.0
2026-09-28 16:53:00,83656.7,83688.01,83640.0,83688.0,0.0
2026-09-28 16:54:00,83688.01,83712.01,83680.64,83712.01,0.0
2026-09-28 16:55:00,83712.01,83724.01,83682.27,83696.0,0.0
2026-09-28 16:56:00,83696.0,83716.28,83678.23,83678.23,0.0
2026-09-28 16:57:00,83678.24,83699.51,83653.0,83676.02,0.0
2026-09-28 16:58:00,83676.02,83700.0,83676.02,83700.0,0.0
2026-09-28 16:59:00,83699.99,83723.1,83699.99,83723.1,0.0
2026-09-28 17:00:00,83723.1,83723.1,83599.12,83599.13,0.0
2026-09-28 17:01:00,83599.12,83628.01,83595.0,83599.42,0.0
2026-09-28 17:02:00,83599.42,83756.43,83586.01,83756.43,0.0
2026-09-28 17:03:00,83756.43,83759.12,83616.0,83650.0,0.0
2026-09-28 17:04:00,83650.01,83662.0,83634.0,83639.32,0.0
2026-09-28 17:05:00,83639.31,83639.32,83616.0,83624.72,0.0
2026-09-28 17:06:00,83624.72,83662.01,83582.76,83653.83,0.0
2026-09-28 17:07:00,83653.82,83653.82,83590.99,83590.99,0.0
2026-09-28 17:08:00,83591.0,83591.0,83563.11,83563.46,0.0
2026-09-28 17:09:00,83563.45,83580.0,83563.45,83570.71,0.0
2026-09-28 17:10:00,83570.71,83595.95,83563.45,83587.59,0.0
2026-09-28 17:11:00,83587.58,83983.36,83585.73,83976.32,0.0
2026-09-28 17:12:00,83976.33,84040.0,83916.0,84014.82,0.0
2026-09-28 17:13:00,84014.81,84166.66,83977.1,84152.0,0.0
2026-09-28 17:14:00,84152.0,84250.0,84109.59,84249.99,0.0
2026-09-28 17:15:00,84249.99,84271.99,84079.21,84208.0,0.0
2026-09-28 17:16:00,84208.01,84381.3,84208.0,84302.0,0.0
2026-09-28 17:17:00,84302.01,84324.62,84172.0,84176.72,0.0
2026-09-28 17:18:00,84176.66,84176.66,84068.0,84068.0,0.0
2026-09-28 17:19:00,84068.01,84080.38,84004.01,84030.3,0.0
2026-09-28 17:20:00,84030.31,84038.39,83973.11,84030.3,0.0
2026-09-28 17:21:00,84030.29,84063.18,84017.02,84024.28,0.0
2026-09-28 17:22:00,84024.27,84032.68,83987.13,84025.11,0.0
2026-09-28 17:23:00,84025.1,84071.41,83988.39,84001.0,0.0
2026-09-28 17:24:00,84001.0,84034.86,84000.99,84013.38,0.0
2026-09-28 17:25:00,84013.38,84013.39,83991.58,84011.98,0.0
2026-09-28 17:26:00,84011.97,84011.98,83929.03,83943.71,0.0
2026-09-28 17:27:00,83943.71,83943.72,83884.0,83886.51,0.0
2026-09-28 17:28:00,83886.52,83925.56,83880.0,83903.65,0.0
2026-09-28 17:29:00,83903.65,83941.89,83895.86,83905.01,0.0
2026-09-28 17:30:00,83905.01,84000.0,83899.02,83999.99,0.0
2026-09-28 17:31:00,83999.99,84000.0,83953.12,83984.95,0.0
2026-09-28 17:32:00,83984.95,84002.34,83957.4,83999.99,0.0
2026-09-28 17:33:00,83999.99,84000.0,83930.62,83930.62,0.0
2026-09-28 17:34:00,83930.62,83930.63,83878.0,83878.0,0.0
2026-09-28 17:35:00,83878.0,83931.63,83875.0,83931.63,0.0
2026-09-28 17:36:00,83931.62,83951.08,83926.84,83929.54,0.0
2026-09-28 17:37:00,83929.53,83943.95,83852.0,83852.0,0.0
2026-09-28 17:38:00,83852.01,83952.01,83852.0,83942.96,0.0
2026-09-28 17:39:00,83942.95,83942.95,83923.18,83931.73,0.0
2026-09-28 17:40:00,83931.74,83956.01,83913.26,83931.78,0.0
2026-09-28 17:41:00,83931.78,84016.01,83924.62,84016.01,0.0
2026-09-28 17:42:00,84016.0,84016.01,83942.46,83992.65,0.0
2026-09-28 17:43:00,83992.65,84026.01,83987.62,84004.79,0.0
2026-09-28 17:44:00,84004.79,84015.0,83995.13,84014.99,0.0
2026-09-28 17:45:00,84014.98,84054.01,83999.19,84010.53,0.0
2026-09-28 17:46:00,84010.52,84010.53,83978.66,83988.07,0.0
2026-09-28 17:47:00,83988.06,83988.07,83934.0,83934.0,0.0
2026-09-28 17:48:00,83934.0,83958.2,83931.57,83955.68,0.0
2026-09-28 17:49:00,83955.68,83955.68,83916.32,83918.52,0.0
2026-09-28 17:50:00,83918.53,83921.03,83894.0,83894.01,0.0
2026-09-28 17:51:00,83894.0,83895.08,83866.0,83895.08,0.0
2026-09-28 17:52:00,83895.07,83966.01,83895.07,83966.0,0.0
2026-09-28 17:53:00,83966.0,83966.0,83905.54,83905.54,0.0
2026-09-28 17:54:00,83905.54,83917.53,83879.91,83879.91,0.0
2026-09-28 17:55:00,83879.91,83897.66,83842.01,83897.66,0.0
2026-09-28 17:56:00,83899.99,83930.63,83899.99,83912.36,0.0
2026-09-28 17:57:00,83912.37,83940.1,83912.36,83930.0,0.0
2026-09-28 17:58:00,83929.99,83930.0,83904.0,83904.01,0.0
2026-09-28 17:59:00,83904.01,83904.01,83880.33,83880.33,0.0
2026-09-28 18:00:00,83880.34,83880.34,83846.94,83851.5,0.0
2026-09-28 18:01:00,83851.49,83887.22,83850.0,83887.22,0.0
2026-09-28 18:02:00,83887.21,83964.01,83887.21,83964.01,0.0
2026-09-28 18:03:00,83964.01,83966.01,83938.18,83938.19,0.0
2026-09-28 18:04:00,83938.18,83974.01,83938.18,83962.62,0.0
2026-09-28 18:05:00,83962.62,83969.01,83944.45,83947.15,0.0
2026-09-28 18:06:00,83947.14,83954.91,83910.28,83923.85,0.0
2026-09-28 18:07:00,83923.85,83923.86,83899.8,83903.83,0.0
2026-09-28 18:08:00,83903.84,83943.33,83903.83,83943.33,0.0
2026-09-28 18:09:00,83943.32,83943.32,83913.94,83917.96,0.0
2026-09-28 18:10:00,83917.97,83960.01,83917.96,83941.14,0.0
2026-09-28 18:11:00,83941.15,83960.0,83932.75,83960.0,0.0
2026-09-28 18:12:00,83960.01,83972.15,83950.83,83950.83,0.0
2026-09-28 18:13:00,83950.83,83960.05,83940.66,83960.05,0.0
2026-09-28 18:14:00,83960.05,83972.15,83960.04,83972.15,0.0
2026-09-28 18:15:00,83972.15,83992.01,83959.65,83959.65,0.0
2026-09-28 18:16:00,83959.65,83965.39,83937.08,83965.38,0.0
2026-09-28 18:17:00,83965.38,83973.65,83902.58,83902.59,0.0
2026-09-28 18:18:00,83902.58,83939.07,83899.37,83927.46,0.0
2026-09-28 18:19:00,83927.46,83927.46,83903.45,83916.9,0.0
2026-09-28 18:20:00,83916.89,83943.36,83903.45,83928.34,0.0
2026-09-28 18:21:00,83928.34,83934.98,83921.14,83929.56,0.0
2026-09-28 18:22:00,83929.57,83990.31,83929.56,83990.3,0.0
2026-09-28 18:23:00,83990.3,83994.01,83949.95,83949.95,0.0
2026-09-28 18:24:00,83949.95,83968.33,83937.34,83968.32,0.0
2026-09-28 18:25:00,83968.32,83995.7,83945.41,83951.79,0.0
2026-09-28 18:26:00,83951.79,83972.32,83947.59,83972.32,0.0
2026-09-28 18:27:00,83972.32,84000.0,83972.32,83988.62,0.0
2026-09-28 18:28:00,83988.62,83988.62,83934.24,83953.65,0.0
2026-09-28 18:29:00,83953.64,83953.65,83938.35,83938.36,0.0
2026-09-28 18:30:00,83938.35,83954.89,83894.84,83933.76,0.0
2026-09-28 18:31:00,83933.75,83933.76,83872.0,83895.71,0.0
2026-09-28 18:32:00,83895.72,83895.72,83806.35,83806.36,0.0
2026-09-28 18:33:00,83806.36,83834.62,83800.0,83814.99,0.0
2026-09-28 18:34:00,83814.99,83877.85,83814.99,83877.84,0.0
2026-09-28 18:35:00,83877.84,83877.85,83850.34,83877.85,0.0
2026-09-28 18:36:00,83877.84,83887.49,83861.17,83886.15,0.0
2026-09-28 18:37:00,83886.16,83904.01,83877.14,83877.14,0.0
2026-09-28 18:38:00,83877.14,83890.67,83846.01,83846.01,0.0
2026-09-28 18:39:00,83846.0,83846.01,83800.01,83816.94,0.0
2026-09-28 18:40:00,83816.94,83838.56,83805.55,83838.55,0.0
2026-09-28 18:41:00,83838.56,83862.99,83816.94,83846.65,0.0
2026-09-28 18:42:00,83846.65,83864.38,83830.48,83830.49,0.0
2026-09-28 18:43:00,83830.49,83833.36,83816.94,83833.36,0.0
2026-09-28 18:44:00,83833.36,83869.5,83833.35,83869.49,0.0
2026-09-28 18:45:00,83869.49,83869.49,83818.48,83827.9,0.0
2026-09-28 18:46:00,83827.91,83842.26,83827.91,83831.62,0.0
2026-09-28 18:47:00,83831.62,83890.05,83810.35,83890.05,0.0
2026-09-28 18:48:00,83890.04,83952.96,83877.88,83904.29,0.0
2026-09-28 18:49:00,83904.28,83904.28,83868.39,83879.0,0.0
2026-09-28 18:50:00,83878.99,83914.97,83878.99,83895.84,0.0
2026-09-28 18:51:00,83895.85,83917.46,83895.84,83916.11,0.0
2026-09-28 18:52:00,83916.11,83976.01,83916.1,83976.0,0.0
2026-09-28 18:53:00,83976.0,84029.27,83973.32,84009.42,0.0
2026-09-28 18:54:00,84009.43,84031.52,83983.95,84031.52,0.0
2026-09-28 18:55:00,84031.52,84040.01,83998.64,84024.08,0.0
2026-09-28 18:56:00,84024.09,84035.69,84000.0,84002.71,0.0
2026-09-28 18:57:00,84002.71,84038.89,84002.71,84020.69,0.0
2026-09-28 18:58:00,84020.7,84038.11,84020.69,84038.1,0.0
2026-09-28 18:59:00,84038.11,84045.23,84038.1,84041.19,0.0
2026-09-28 19:00:00,84041.19,84045.23,83981.1,83981.11,0.0
2026-09-28 19:01:00,83981.1,83981.11,83922.32,83937.14,0.0
2026-09-28 19:02:00,83937.14,83937.15,83878.0,83881.49,0.0
2026-09-28 19:03:00,83881.49,83895.28,83858.0,83858.0,0.0
2026-09-28 19:04:00,83858.01,83858.01,83818.18,83818.18,0.0
2026-09-28 19:05:00,83818.18,83823.05,83789.09,83823.05,0.0
2026-09-28 19:06:00,83823.06,83823.06,83748.01,83748.01,0.0
2026-09-28 19:07:00,83748.0,83767.34,83716.16,83720.13,0.0
2026-09-28 19:08:00,83720.13,83747.17,83715.78,83727.28,0.0
2026-09-28 19:09:00,83726.28,83726.28,83668.07,83668.07,0.0
2026-09-28 19:10:00,83668.07,83690.87,83658.05,83668.7,0.0
2026-09-28 19:11:00,83668.71,83700.0,83666.73,83666.73,0.0
2026-09-28 19:12:00,83666.73,83713.81,83665.46,83713.8,0.0
2026-09-28 19:13:00,83713.81,83756.58,83713.8,83748.28,0.0
2026-09-28 19:14:00,83748.28,83748.28,83721.27,83727.59,0.0
2026-09-28 19:15:00,83727.59,83727.59,83674.75,83708.3,0.0
2026-09-28 19:16:00,83708.31,83732.52,83680.64,83680.65,0.0
2026-09-28 19:17:00,83680.64,83725.79,83680.64,83713.43,0.0
2026-09-28 19:18:00,83713.42,83724.25,83690.77,83724.24,0.0
2026-09-28 19:19:00,83724.25,83737.5,83690.76,83737.5,0.0
2026-09-28 19:20:00,83737.5,83737.5,83694.93,83694.93,0.0
2026-09-28 19:21:00,83694.93,83711.33,83676.85,83699.48,0.0
2026-09-28 19:22:00,83699.48,83701.39,83680.53,83686.4,0.0
2026-09-28 19:23:00,83686.39,83686.4,83670.89,83670.89,0.0
2026-09-28 19:24:00,83670.89,83678.38,83663.45,83678.37,0.0
2026-09-28 19:25:00,83678.37,83678.38,83665.16,83665.17,0.0
2026-09-28 19:26:00,83665.16,83687.78,83662.16,83669.83,0.0
2026-09-28 19:27:00,83669.82,83686.32,83669.82,83680.52,0.0
2026-09-28 19:28:00,83680.51,83680.52,83665.34,83674.46,0.0
2026-09-28 19:29:00,83674.46,83674.46,83634.09,83638.0,0.0
2026-09-28 19:30:00,83638.01,83652.84,83626.22,83626.22,0.0
2026-09-28 19:31:00,83626.23,83652.76,83613.8,83616.76,0.0
2026-09-28 19:32:00,83616.76,83643.78,83578.95,83590.6,0.0
2026-09-28 19:33:00,83590.59,83610.9,83529.0,83529.0,0.0
2026-09-28 19:34:00,83529.01,83554.95,83508.0,83539.74,0.0
2026-09-28 19:35:00,83539.75,83539.75,83494.0,83494.0,0.0
2026-09-28 19:36:00,83494.01,83494.01,83430.0,83445.81,0.0
2026-09-28 19:37:00,83445.81,83445.82,83328.0,83328.01,0.0
2026-09-28 19:38:00,83328.01,83328.01,83236.22,83244.69,0.0
2026-09-28 19:39:00,83244.7,83283.06,83208.0,83241.54,0.0
2026-09-28 19:40:00,83241.53,83241.54,83118.1,83118.11,0.0
2026-09-28 19:41:00,83118.11,83220.01,83118.1,83220.0,0.0
2026-09-28 19:42:00,83220.0,83246.01,83195.58,83246.01,0.0
2026-09-28 19:43:00,83246.01,83304.01,83246.0,83275.71,0.0
2026-09-28 19:44:00,83275.72,83336.01,83270.5,83320.53,0.0
2026-09-28 19:45:00,83320.53,83383.02,83312.2,83383.02,0.0
2026-09-28 19:46:00,83383.01,83384.01,83346.44,83354.33,0.0
2026-09-28 19:47:00,83354.33,83364.19,83334.25,83334.25,0.0
2026-09-28 19:48:00,83334.24,83334.24,83281.77,83283.12,0.0
2026-09-28 19:49:00,83283.13,83300.17,83278.0,83292.64,0.0
2026-09-28 19:50:00,83292.63,83329.53,83274.0,83324.11,0.0
2026-09-28 19:51:00,83324.11,83384.01,83307.82,83384.01,0.0
2026-09-28 19:52:00,83384.0,83400.01,83373.06,83400.0,0.0
2026-09-28 19:53:00,83400.01,83404.01,83385.09,83395.67,0.0
2026-09-28 19:54:00,83395.67,83405.05,83365.14,83365.15,0.0
2026-09-28 19:55:00,83365.15,83405.03,83365.15,83365.15,0.0
2026-09-28 19:56:00,83365.15,83392.64,83365.15,83392.64,0.0
2026-09-28 19:57:00,83392.63,83403.69,83378.09,83381.65,0.0
2026-09-28 19:58:00,83381.66,83424.0,83381.65,83423.99,0.0
2026-09-28 19:59:00,83424.0,83424.0,83386.87,83389.54,0.0
2026-09-28 20:00:00,83389.53,83434.78,83384.0,83409.09,0.0
2026-09-28 20:01:00,83409.09,83409.09,83286.01,83286.01,0.0
2026-09-28 20:02:00,83286.0,83362.33,83270.0,83362.32,0.0
2026-09-28 20:03:00,83362.33,83418.01,83362.32,83399.93,0.0
2026-09-28 20:04:00,83399.92,83495.06,83396.86,83484.62,0.0
2026-09-28 20:05:00,83484.63,83529.0,83484.62,83519.17,0.0
2026-09-28 20:06:00,83519.16,83544.36,83500.19,83544.35,0.0
2026-09-28 20:07:00,83544.35,83563.45,83536.01,83563.44,0.0
2026-09-28 20:08:00,83563.45,83569.57,83549.9,83569.55,0.0
2026-09-28 20:09:00,83569.56,83570.72,83569.55,83570.72,0.0
2026-09-28 20:10:00,83570.72,83588.66,83570.71,83584.57,0.0
2026-09-28 20:11:00,83584.57,83613.8,83584.56,83591.56,0.0
2026-09-28 20:12:00,83591.57,83591.57,83545.82,83545.82,0.0
2026-09-28 20:13:00,83545.83,83582.01,83545.83,83582.01,0.0
2026-09-28 20:14:00,83582.01,83582.01,83570.52,83570.53,0.0
2026-09-28 20:15:00,83570.53,83570.53,83536.98,83536.99,0.0
2026-09-28 20:16:00,83536.99,83536.99,83494.0,83494.0,0.0
2026-09-28 20:17:00,83494.0,83494.01,83485.28,83485.28,0.0
2026-09-28 20:18:00,83485.28,83493.55,83472.93,83493.54,0.0
2026-09-28 20:19:00,83493.55,83514.01,83493.54,83514.01,0.0
2026-09-28 20:20:00,83514.01,83541.68,83514.01,83534.01,0.0
2026-09-28 20:21:00,83534.0,83534.01,83525.65,83526.0,0.0
2026-09-28 20:22:00,83525.99,83526.0,83525.99,83526.0,0.0
2026-09-28 20:23:00,83526.0,83526.0,83486.8,83486.8,0.0
2026-09-28 20:24:00,83486.8,83552.01,83480.0,83552.0,0.0
2026-09-28 20:25:00,83552.0,83555.78,83548.0,83553.47,0.0
2026-09-28 20:26:00,83553.47,83553.48,83545.1,83550.0,0.0
2026-09-28 20:27:00,83550.01,83550.01,83534.74,83534.74,0.0
2026-09-28 20:28:00,83534.74,83544.01,83526.0,83544.01,0.0
2026-09-28 20:29:00,83544.01,83550.01,83481.35,83492.0,0.0
2026-09-28 20:30:00,83492.01,83492.01,83468.0,83476.01,0.0
2026-09-28 20:31:00,83476.0,83504.01,83472.01,83504.0,0.0
2026-09-28 20:32:00,83504.01,83516.01,83504.01,83508.0,0.0
2026-09-28 20:33:00,83508.0,83538.01,83508.0,83538.0,0.0
2026-09-28 20:34:00,83538.01,83544.01,83526.0,83544.01,0.0
2026-09-28 20:35:00,83544.01,83549.8,83544.01,83549.8,0.0
2026-09-28 20:36:00,83549.79,83550.01,83541.44,83550.01,0.0
2026-09-28 20:37:00,83550.0,83550.0,83526.0,83527.66,0.0
2026-09-28 20:38:00,83527.66,83538.01,83527.65,83538.0,0.0
2026-09-28 20:39:00,83538.0,83555.78,83534.55,83555.77,0.0
2026-09-28 20:40:00,83555.78,83563.74,83555.77,83563.74,0.0
2026-09-28 20:41:00,83563.74,83581.51,83563.73,83581.51,0.0
2026-09-28 20:42:00,83581.51,83581.51,83553.25,83553.25,0.0
2026-09-28 20:43:00,83553.25,83553.25,83488.63,83504.01,0.0
2026-09-28 20:44:00,83504.0,83504.01,83500.0,83500.01,0.0
2026-09-28 20:45:00,83500.0,83500.0,83482.0,83482.0,0.0
2026-09-28 20:46:00,83482.01,83496.95,83472.0,83496.95,0.0
2026-09-28 20:47:00,83496.95,83512.48,83496.95,83503.48,0.0
2026-09-28 20:48:00,83503.47,83503.48,83483.66,83483.67,0.0
2026-09-28 20:49:00,83483.66,83483.67,83473.65,83482.0,0.0
2026-09-28 20:50:00,83482.01,83482.01,83442.0,83448.0,0.0
2026-09-28 20:51:00,83448.0,83468.01,83448.0,83468.01,0.0
2026-09-28 20:52:00,83468.01,83468.01,83458.0,83458.01,0.0
2026-09-28 20:53:00,83458.01,83468.01,83458.0,83468.0,0.0
2026-09-28 20:54:00,83468.0,83486.01,83468.0,83486.01,0.0
2026-09-28 20:55:00,83486.01,83509.75,83486.0,83509.75,0.0
2026-09-28 20:56:00,83509.75,83518.01,83509.74,83518.01,0.0
2026-09-28 20:57:00,83518.01,83548.01,83518.0,83540.19,0.0
2026-09-28 20:58:00,83540.2,83540.2,83534.06,83534.07,0.0
2026-09-28 20:59:00,83534.06,83548.01,83534.06,83548.0,0.0
2026-09-28 21:00:00,83548.01,83610.67,83548.0,83610.66,0.0
2026-09-28 21:01:00,83610.67,83642.01,83610.66,83628.01,0.0
2026-09-28 21:02:00,83628.01,83652.01,83626.0,83630.0,0.0
2026-09-28 21:03:00,83630.01,83648.55,83630.0,83638.0,0.0
2026-09-28 21:04:00,83638.01,83656.01,83638.01,83654.0,0.0
2026-09-28 21:05:00,83654.0,83664.01,83636.0,83636.01,0.0
2026-09-28 21:06:00,83636.01,83644.01,83626.0,83638.01,0.0
2026-09-28 21:07:00,83638.0,83638.01,83584.73,83584.73,0.0
2026-09-28 21:08:00,83584.74,83618.01,83584.73,83618.0,0.0
2026-09-28 21:09:00,83618.01,83622.01,83616.0,83616.0,0.0
2026-09-28 21:10:00,83616.01,83624.01,83598.0,83598.01,0.0
2026-09-28 21:11:00,83598.0,83606.93,83586.02,83606.92,0.0
2026-09-28 21:12:00,83606.93,83614.01,83604.24,83606.42,0.0
2026-09-28 21:13:00,83606.42,83606.43,83590.43,83590.44,0.0
2026-09-28 21:14:00,83590.43,83590.44,83586.0,83586.0,0.0
2026-09-28 21:15:00,83586.01,83586.01,83569.11,83569.12,0.0
2026-09-28 21:16:00,83569.11,83569.12,83566.52,83566.52,0.0
2026-09-28 21:17:00,83566.52,83566.53,83536.48,83536.48,0.0
2026-09-28 21:18:00,83536.49,83536.49,83510.47,83510.47,0.0
2026-09-28 21:19:00,83510.48,83530.01,83510.47,83530.01,0.0
2026-09-28 21:20:00,83530.0,83530.01,83517.99,83517.99,0.0
2026-09-28 21:21:00,83517.99,83518.0,83495.05,83495.05,0.0
2026-09-28 21:22:00,83495.06,83495.06,83482.94,83482.95,0.0
2026-09-28 21:23:00,83482.94,83482.95,83468.25,83468.26,0.0
2026-09-28 21:24:00,83468.25,83468.26,83468.25,83468.26,0.0
2026-09-28 21:25:00,83468.26,83488.49,83468.25,83488.49,0.0
2026-09-28 21:26:00,83488.48,83488.49,83464.0,83464.0,0.0
2026-09-28 21:27:00,83464.01,83464.01,83458.0,83458.0,0.0
2026-09-28 21:28:00,83458.01,83458.01,83458.0,83458.0,0.0
2026-09-28 21:29:00,83458.0,83468.31,83458.0,83468.31,0.0
2026-09-28 21:30:00,83468.32,83475.48,83468.31,83475.48,0.0
2026-09-28 21:31:00,83475.47,83475.48,83438.0,83438.01,0.0
2026-09-28 21:32:00,83438.01,83438.01,83422.0,83428.01,0.0
2026-09-28 21:33:00,83428.01,83442.01,83428.0,83442.01,0.0
2026-09-28 21:34:00,83442.01,83472.01,83442.0,83468.03,0.0
2026-09-28 21:35:00,83468.04,83468.04,83457.02,83457.02,0.0
2026-09-28 21:36:00,83457.02,83472.01,83457.02,83472.01,0.0
2026-09-28 21:37:00,83472.0,83472.01,83459.34,83466.67,0.0
2026-09-28 21:38:00,83466.66,83466.66,83424.48,83424.48,0.0
2026-09-28 21:39:00,83424.49,83424.49,83424.48,83424.48,0.0
2026-09-28 21:40:00,83424.48,83431.16,83400.0,83422.68,0.0
2026-09-28 21:41:00,83422.68,83426.01,83416.0,83420.01,0.0
2026-09-28 21:42:00,83420.0,83428.01,83420.0,83428.01,0.0
2026-09-28 21:43:00,83428.01,83428.01,83421.43,83424.0,0.0
2026-09-28 21:44:00,83424.0,83427.66,83420.0,83427.64,0.0
2026-09-28 21:45:00,83427.64,83435.9,83427.64,83435.9,0.0
2026-09-28 21:46:00,83435.89,83439.38,83408.37,83408.37,0.0
2026-09-28 21:47:00,83408.37,83408.38,83402.0,83402.0,0.0
2026-09-28 21:48:00,83402.01,83402.01,83400.0,83400.01,0.0
2026-09-28 21:49:00,83400.01,83427.68,83400.0,83427.67,0.0
2026-09-28 21:50:00,83427.67,83427.67,83399.39,83399.39,0.0
2026-09-28 21:51:00,83399.4,83399.4,83326.0,83341.99,0.0
2026-09-28 21:52:00,83341.99,83376.01,83341.99,83376.01,0.0
2026-09-28 21:53:00,83376.01,83378.75,83301.06,83301.06,0.0
2026-09-28 21:54:00,83301.07,83301.07,83232.15,83244.0,0.0
2026-09-28 21:55:00,83244.0,83260.01,83244.0,83260.0,0.0
2026-09-28 21:56:00,83260.01,83262.01,83253.14,83253.14,0.0
2026-09-28 21:57:00,83253.14,83261.69,83247.99,83247.99,0.0
2026-09-28 21:58:00,83248.0,83264.01,83229.15,83264.01,0.0
2026-09-28 21:59:00,83264.0,83264.01,83214.0,83218.01,0.0
2026-09-28 22:00:00,83218.01,83234.01,83183.0,83183.0,0.0
2026-09-28 22:01:00,83183.01,83186.01,83183.0,83183.0,0.0
2026-09-28 22:02:00,83183.0,83183.01,83100.0,83166.01,0.0
2026-09-28 22:03:00,83166.0,83220.01,83156.0,83176.02,0.0
2026-09-28 22:04:00,83176.02,83236.01,83176.02,83186.0,0.0
2026-09-28 22:05:00,83186.01,83186.01,83125.6,83125.6,0.0
2026-09-28 22:06:00,83125.61,83128.0,83106.0,83110.01,0.0
2026-09-28 22:07:00,83110.0,83123.16,83110.0,83120.01,0.0
2026-09-28 22:08:00,83120.0,83182.34,83120.0,83182.34,0.0
2026-09-28 22:09:00,83182.34,83182.34,83156.0,83182.0,0.0
2026-09-28 22:10:00,83182.0,83199.53,83164.0,83199.53,0.0
2026-09-28 22:11:00,83199.53,83200.0,83190.0,83199.99,0.0
2026-09-28 22:12:00,83200.0,83210.01,83199.99,83210.01,0.0
2026-09-28 22:13:00,83210.0,83224.74,83210.0,83214.36,0.0
2026-09-28 22:14:00,83214.37,83214.37,83181.88,83181.98,0.0
2026-09-28 22:15:00,83181.98,83181.99,83158.0,83158.01,0.0
2026-09-28 22:16:00,83158.01,83182.0,83158.01,83182.0,0.0
2026-09-28 22:17:00,83182.0,83216.0,83181.99,83215.99,0.0
2026-09-28 22:18:00,83215.99,83224.74,83215.99,83224.74,0.0
2026-09-28 22:19:00,83224.73,83224.74,83224.73,83224.74,0.0
2026-09-28 22:20:00,83224.74,83224.74,83194.0,83214.01,0.0
2026-09-28 22:21:00,83214.0,83228.01,83214.0,83228.01,0.0
2026-09-28 22:22:00,83228.01,83228.01,83225.33,83225.33,0.0
2026-09-28 22:23:00,83225.33,83225.33,83202.24,83217.61,0.0
2026-09-28 22:24:00,83217.62,83217.62,83209.29,83209.99,0.0
2026-09-28 22:25:00,83210.0,83210.0,83199.68,83209.99,0.0
2026-09-28 22:26:00,83210.0,83234.0,83209.99,83233.99,0.0
2026-09-28 22:27:00,83233.99,83242.4,83233.99,83242.39,0.0
2026-09-28 22:28:00,83242.39,83242.4,83242.39,83242.4,0.0
2026-09-28 22:29:00,83242.39,83242.4,83234.07,83236.0,0.0
2026-09-28 22:30:00,83236.01,83245.0,83236.0,83244.99,0.0
2026-09-28 22:31:00,83244.99,83245.0,83244.99,83244.99,0.0
2026-09-28 22:32:00,83245.0,83300.0,83245.0,83300.0,0.0
2026-09-28 22:33:00,83299.99,83322.01,83299.99,83322.0,0.0
2026-09-28 22:34:00,83322.01,83332.01,83308.0,83314.0,0.0
2026-09-28 22:35:00,83314.0,83362.01,83314.0,83362.0,0.0
2026-09-28 22:36:00,83362.01,83412.0,83362.01,83412.0,0.0
2026-09-28 22:37:00,83412.0,83460.01,83412.0,83458.31,0.0
2026-09-28 22:38:00,83458.31,83476.01,83458.3,83472.01,0.0
2026-09-28 22:39:00,83472.0,83472.0,83451.06,83451.06,0.0
2026-09-28 22:40:00,83451.06,83474.01,83451.06,83474.0,0.0
2026-09-28 22:41:00,83474.01,83488.01,83474.0,83488.0,0.0
2026-09-28 22:42:00,83488.01,83488.01,83484.0,83484.0,0.0
2026-09-28 22:43:00,83484.0,83484.01,83484.0,83484.01,0.0
2026-09-28 22:44:00,83484.01,83488.64,83484.0,83488.64,0.0
2026-09-28 22:45:00,83488.63,83503.5,83488.63,83503.5,0.0
2026-09-28 22:46:00,83503.5,83514.78,83503.49,83514.78,0.0
2026-09-28 22:47:00,83514.77,83514.78,83486.86,83492.21,0.0
2026-09-28 22:48:00,83492.21,83499.98,83492.2,83499.97,0.0
2026-09-28 22:49:00,83499.97,83520.01,83499.97,83516.0,0.0
2026-09-28 22:50:00,83516.0,83516.01,83516.0,83516.0,0.0
2026-09-28 22:51:00,83516.01,83528.0,83516.0,83527.99,0.0
2026-09-28 22:52:00,83528.0,83534.79,83527.99,83529.0,0.0
2026-09-28 22:53:00,83529.0,83529.0,83519.14,83519.15,0.0
2026-09-28 22:54:00,83519.15,83520.49,83519.14,83520.49,0.0
2026-09-28 22:55:00,83520.48,83536.01,83520.48,83536.01,0.0
2026-09-28 22:56:00,83536.0,83538.96,83530.0,83538.96,0.0
2026-09-28 22:57:00,83538.96,83538.96,83538.95,83538.96,0.0
2026-09-28 22:58:00,83538.95,83538.96,83538.95,83538.96,0.0
2026-09-28 22:59:00,83538.96,83544.01,83538.95,83544.01,0.0
2026-09-28 23:00:00,83544.01,83544.01,83544.0,83544.0,0.0
2026-09-28 23:01:00,83544.01,83564.03,83544.01,83564.03,0.0
2026-09-28 23:02:00,83564.03,83610.01,83564.02,83610.01,0.0
2026-09-28 23:03:00,83610.01,83636.22,83610.01,83627.24,0.0
2026-09-28 23:04:00,83627.24,83636.7,83622.0,83622.01,0.0
2026-09-28 23:05:00,83622.01,83622.01,83564.01,83564.02,0.0
2026-09-28 23:06:00,83564.01,83564.01,83518.0,83521.65,0.0
2026-09-28 23:07:00,83521.65,83544.01,83498.0,83544.0,0.0
2026-09-28 23:08:00,83544.01,83548.01,83532.0,83536.0,0.0
2026-09-28 23:09:00,83536.01,83548.01,83514.0,83514.01,0.0
2026-09-28 23:10:00,83514.01,83514.01,83503.76,83503.77,0.0
2026-09-28 23:11:00,83503.76,83503.77,83474.0,83475.1,0.0
2026-09-28 23:12:00,83475.11,83488.01,83474.29,83474.29,0.0
2026-09-28 23:13:00,83474.29,83474.3,83455.83,83455.83,0.0
2026-09-28 23:14:00,83455.83,83455.84,83455.0,83455.0,0.0
2026-09-28 23:15:00,83455.01,83495.06,83455.0,83495.05,0.0
2026-09-28 23:16:00,83495.05,83510.01,83482.31,83496.0,0.0
2026-09-28 23:17:00,83496.0,83500.01,83496.0,83500.0,0.0
2026-09-28 23:18:00,83500.0,83525.1,83500.0,83525.09,0.0
2026-09-28 23:19:00,83525.1,83532.01,83518.58,83518.59,0.0
2026-09-28 23:20:00,83518.59,83529.53,83518.58,83520.0,0.0
2026-09-28 23:21:00,83520.01,83520.01,83480.0,83491.52,0.0
2026-09-28 23:22:00,83491.52,83512.8,83491.52,83500.01,0.0
2026-09-28 23:23:00,83500.01,83534.01,83488.64,83534.0,0.0
2026-09-28 23:24:00,83534.0,83549.99,83530.0,83549.99,0.0
2026-09-28 23:25:00,83550.0,83562.01,83528.0,83562.0,0.0
2026-09-28 23:26:00,83562.01,83583.55,83562.01,83582.28,0.0
2026-09-28 23:27:00,83582.27,83588.01,83582.27,83584.01,0.0
2026-09-28 23:28:00,83584.01,83584.01,83584.0,83584.01,0.0
2026-09-28 23:29:00,83584.01,83590.01,83584.0,83590.0,0.0
2026-09-28 23:30:00,83590.01,83614.36,83590.01,83610.01,0.0
2026-09-28 23:31:00,83610.0,83610.01,83595.74,83595.99,0.0
2026-09-28 23:32:00,83595.99,83603.28,83595.99,83603.27,0.0
2026-09-28 23:33:00,83603.28,83603.28,83590.14,83590.15,0.0
2026-09-28 23:34:00,83590.14,83596.01,83583.3,83583.31,0.0
2026-09-28 23:35:00,83583.3,83586.01,83583.3,83586.0,0.0
2026-09-28 23:36:00,83586.01,83588.94,83586.0,83588.93,0.0
2026-09-28 23:37:00,83588.94,83588.94,83588.93,83588.94,0.0
2026-09-28 23:38:00,83588.93,83588.94,83588.93,83588.94,0.0
2026-09-28 23:39:00,83588.94,83602.69,83588.93,83602.68,0.0
2026-09-28 23:40:00,83602.68,83621.8,83602.0,83621.8,0.0
2026-09-28 23:41:00,83621.8,83621.8,83612.0,83612.0,0.0
2026-09-28 23:42:00,83612.01,83612.01,83593.47,83593.48,0.0
2026-09-28 23:43:00,83593.47,83598.0,83593.47,83598.0,0.0
2026-09-28 23:44:00,83598.01,83602.85,83598.0,83602.85,0.0
2026-09-28 23:45:00,83602.84,83602.85,83568.28,83568.28,0.0
2026-09-28 23:46:00,83568.27,83568.27,83540.0,83550.01,0.0
2026-09-28 23:47:00,83550.01,83564.01,83550.0,83564.0,0.0
2026-09-28 23:48:00,83564.01,83564.01,83556.0,83556.0,0.0
2026-09-28 23:49:00,83556.01,83556.01,83556.0,83556.01,0.0
2026-09-28 23:50:00,83556.0,83556.0,83528.0,83536.0,0.0
2026-09-28 23:51:00,83536.0,83536.0,83535.99,83536.0,0.0
2026-09-28 23:52:00,83535.99,83562.01,83535.99,83556.0,0.0
2026-09-28 23:53:00,83556.01,83564.01,83556.0,83564.01,0.0
2026-09-28 23:54:00,83564.0,83566.01,83560.0,83566.01,0.0
2026-09-28 23:55:00,83566.01,83568.01,83566.0,83568.0,0.0
2026-09-28 23:56:00,83568.01,83568.01,83568.0,83568.0,0.0
2026-09-28 23:57:00,83568.0,83568.01,83560.0,83560.0,0.0
2026-09-28 23:58:00,83560.01,83560.01,83538.45,83538.46,0.0
2026-09-28 23:59:00,83538.46,83538.46,83500.0,83500.01,0.0
2026-09-29 00:00:00,83500.01,83505.28,83478.0,83478.0,0.0
2026-09-29 00:01:00,83478.01,83505.88,83478.01,83505.88,0.0
2026-09-29 00:02:00,83505.87,83528.36,83505.87,83528.35,0.0
2026-09-29 00:03:00,83528.36,83528.36,83494.0,83522.01,0.0
2026-09-29 00:04:00,83522.01,83528.01,83522.0,83528.0,0.0
2026-09-29 00:05:00,83528.01,83536.36,83508.0,83508.0,0.0
2026-09-29 00:06:00,83508.0,83538.01,83490.0,83538.01,0.0
2026-09-29 00:07:00,83538.01,83544.01,83533.32,83536.01,0.0
2026-09-29 00:08:00,83536.01,83536.01,83518.83,83518.83,0.0
2026-09-29 00:09:00,83518.84,83534.01,83518.83,83528.0,0.0
2026-09-29 00:10:00,83528.0,83528.0,83484.37,83484.37,0.0
2026-09-29 00:11:00,83484.38,83495.06,83462.0,83495.06,0.0
2026-09-29 00:12:00,83495.06,83509.9,83476.0,83509.89,0.0
2026-09-29 00:13:00,83509.89,83534.01,83503.65,83534.0,0.0
2026-09-29 00:14:00,83534.01,83539.95,83525.65,83525.65,0.0
2026-09-29 00:15:00,83525.66,83525.66,83490.01,83490.01,0.0
2026-09-29 00:16:00,83490.0,83490.0,83462.0,83462.0,0.0
2026-09-29 00:17:00,83462.01,83462.01,83410.0,83415.66,0.0
2026-09-29 00:18:00,83415.67,83416.01,83398.0,83416.01,0.0
2026-09-29 00:19:00,83416.01,83453.6,83416.0,83445.17,0.0
2026-09-29 00:20:00,83445.18,83445.18,83420.0,83422.0,0.0
2026-09-29 00:21:00,83422.01,83427.85,83420.0,83420.0,0.0
2026-09-29 00:22:00,83420.0,83420.01,83387.42,83387.42,0.0
2026-09-29 00:23:00,83387.43,83387.43,83366.1,83371.33,0.0
2026-09-29 00:24:00,83371.33,83381.0,83350.0,83381.0,0.0
2026-09-29 00:25:00,83380.99,83470.01,83376.0,83470.0,0.0
2026-09-29 00:26:00,83470.01,83479.63,83462.0,83479.62,0.0
2026-09-29 00:27:00,83479.63,83484.6,83444.0,83448.01,0.0
2026-09-29 00:28:00,83448.0,83548.01,83448.0,83548.01,0.0
2026-09-29 00:29:00,83548.01,83558.01,83522.0,83549.04,0.0
2026-09-29 00:30:00,83549.05,83564.01,83541.04,83556.01,0.0
2026-09-29 00:31:00,83556.0,83556.0,83480.0,83480.0,0.0
2026-09-29 00:32:00,83480.01,83508.01,83468.0,83508.0,0.0
2026-09-29 00:33:00,83508.01,83582.0,83508.01,83582.0,0.0
2026-09-29 00:34:00,83582.01,83620.01,83547.23,83547.99,0.0
2026-09-29 00:35:00,83548.0,83620.01,83548.0,83620.01,0.0
2026-09-29 00:36:00,83620.0,83620.01,83605.64,83614.0,0.0
2026-09-29 00:37:00,83614.0,83614.0,83545.36,83566.01,0.0
2026-09-29 00:38:00,83566.01,83571.5,83528.0,83528.0,0.0
2026-09-29 00:39:00,83528.0,83548.0,83522.0,83534.01,0.0
2026-09-29 00:40:00,83534.0,83534.0,83516.0,83516.0,0.0
2026-09-29 00:41:00,83516.0,83516.01,83500.0,83503.99,0.0
2026-09-29 00:42:00,83504.0,83544.07,83503.99,83524.3,0.0
2026-09-29 00:43:00,83524.31,83536.03,83513.08,83533.33,0.0
2026-09-29 00:44:00,83533.32,83536.01,83522.0,83532.0,0.0
2026-09-29 00:45:00,83532.0,83532.01,83456.0,83456.0,0.0
2026-09-29 00:46:00,83456.0,83460.01,83427.0,83427.0,0.0
2026-09-29 00:47:00,83426.99,83438.01,83403.29,83416.0,0.0
2026-09-29 00:48:00,83416.0,83428.01,83392.39,83412.01,0.0
2026-09-29 00:49:00,83412.0,83412.01,83343.82,83343.83,0.0
2026-09-29 00:50:00,83343.82,83343.85,83328.0,83328.01,0.0
2026-09-29 00:51:00,83328.01,83328.01,83308.0,83309.97,0.0
2026-09-29 00:52:00,83309.98,83309.98,83282.52,83292.01,0.0
2026-09-29 00:53:00,83292.01,83292.01,83265.77,83282.53,0.0
2026-09-29 00:54:00,83282.53,83289.71,83258.06,83266.55,0.0
2026-09-29 00:55:00,83266.55,83292.0,83262.14,83275.74,0.0
2026-09-29 00:56:00,83275.74,83275.74,83234.07,83242.0,0.0
2026-09-29 00:57:00,83242.0,83242.02,83183.0,83183.0,0.0
2026-09-29 00:58:00,83183.01,83241.45,83183.0,83236.56,0.0
2026-09-29 00:59:00,83236.56,83236.56,83185.69,83185.69,0.0
2026-09-29 01:00:00,83185.69,83185.69,83111.01,83121.7,0.0
2026-09-29 01:01:00,83121.7,83162.01,83098.0,83150.01,0.0
2026-09-29 01:02:00,83150.01,83240.01,83150.0,83240.0,0.0
2026-09-29 01:03:00,83240.0,83241.99,83199.68,83199.69,0.0
2026-09-29 01:04:00,83199.68,83204.01,83157.68,83157.68,0.0
2026-09-29 01:05:00,83157.68,83178.01,83117.92,83164.0,0.0
2026-09-29 01:06:00,83164.01,83174.01,83128.0,83128.0,0.0
2026-09-29 01:07:00,83128.0,83136.01,83064.52,83070.01,0.0
2026-09-29 01:08:00,83070.01,83090.01,83050.0,83050.0,0.0
2026-09-29 01:09:00,83050.0,83056.0,83035.12,83035.68,0.0
2026-09-29 01:10:00,83035.69,83053.29,83016.67,83039.24,0.0
2026-09-29 01:11:00,83039.24,83039.25,83017.2,83017.21,0.0
2026-09-29 01:12:00,83017.21,83094.0,83014.56,83080.0,0.0
2026-09-29 01:13:00,83080.01,83080.01,82991.2,82999.01,0.0
2026-09-29 01:14:00,82999.01,83054.58,82999.0,83035.72,0.0
2026-09-29 01:15:00,83035.72,83040.59,82973.44,83015.02,0.0
2026-09-29 01:16:00,83015.02,83015.02,82935.49,82936.01,0.0
2026-09-29 01:17:00,82936.01,82943.44,82921.72,82926.05,0.0
2026-09-29 01:18:00,82926.05,82945.76,82906.95,82909.02,0.0
2026-09-29 01:19:00,82909.02,82909.03,82837.0,82837.0,0.0
2026-09-29 01:20:00,82837.01,82934.1,82837.0,82928.02,0.0
2026-09-29 01:21:00,82928.02,82987.15,82900.0,82963.82,0.0
2026-09-29 01:22:00,82963.83,83044.25,82963.47,83044.25,0.0
2026-09-29 01:23:00,83044.25,83054.01,83000.0,83000.33,0.0
2026-09-29 01:24:00,83000.34,83023.17,82982.42,83018.71,0.0
2026-09-29 01:25:00,83018.72,83023.33,82954.44,82973.29,0.0
2026-09-29 01:26:00,82973.29,83000.0,82958.67,82962.35,0.0
2026-09-29 01:27:00,82962.35,82962.35,82933.24,82933.24,0.0
2026-09-29 01:28:00,82933.25,82933.25,82903.9,82916.41,0.0
2026-09-29 01:29:00,82916.4,82916.4,82827.72,82827.73,0.0
2026-09-29 01:30:00,82827.73,82911.49,82802.95,82906.18,0.0
2026-09-29 01:31:00,82906.18,82945.67,82850.0,82850.01,0.0
2026-09-29 01:32:00,82850.0,82878.08,82789.0,82878.07,0.0
2026-09-29 01:33:00,82878.08,82934.43,82878.08,82926.14,0.0
2026-09-29 01:34:00,82926.13,82937.28,82887.19,82900.49,0.0
2026-09-29 01:35:00,82900.49,82913.5,82819.29,82851.38,0.0
2026-09-29 01:36:00,82851.38,82851.39,82775.94,82800.63,0.0
2026-09-29 01:37:00,82800.63,82887.6,82800.63,82859.17,0.0
2026-09-29 01:38:00,82859.17,82883.38,82850.0,82860.32,0.0
2026-09-29 01:39:00,82860.31,82893.09,82848.07,82853.84,0.0
2026-09-29 01:40:00,82853.85,82883.42,82853.84,82876.34,0.0
2026-09-29 01:41:00,82876.34,82920.89,82838.07,82920.88,0.0
2026-09-29 01:42:00,82920.89,82994.7,82920.89,82989.84,0.0
2026-09-29 01:43:00,82989.84,83009.64,82907.64,82907.65,0.0
2026-09-29 01:44:00,82907.65,82973.83,82907.65,82968.55,0.0
2026-09-29 01:45:00,82968.54,83074.01,82941.42,83074.01,0.0
2026-09-29 01:46:00,83074.01,83094.7,83019.07,83027.49,0.0
2026-09-29 01:47:00,83027.5,83048.53,83005.5,83036.22,0.0
2026-09-29 01:48:00,83036.22,83036.51,82985.73,82985.73,0.0
2026-09-29 01:49:00,82985.74,83025.63,82981.04,82983.85,0.0
2026-09-29 01:50:00,82983.86,82983.86,82932.95,82932.95,0.0
2026-09-29 01:51:00,82932.95,82932.95,82910.89,82924.28,0.0
2026-09-29 01:52:00,82924.27,83023.3,82914.01,83023.3,0.0
2026-09-29 01:53:00,83023.3,83078.01,83023.29,83068.16,0.0
2026-09-29 01:54:00,83068.16,83068.16,83018.04,83040.2,0.0
2026-09-29 01:55:00,83040.19,83052.01,83010.71,83030.29,0.0
2026-09-29 01:56:00,83030.3,83060.01,83025.76,83060.01,0.0
2026-09-29 01:57:00,83060.01,83060.01,83016.82,83016.83,0.0
2026-09-29 01:58:00,83016.83,83115.35,83016.82,83058.01,0.0
2026-09-29 01:59:00,83058.0,83084.01,83055.96,83068.0,0.0
2026-09-29 02:00:00,83068.01,83100.0,83065.1,83094.01,0.0
2026-09-29 02:01:00,83094.0,83094.01,83022.95,83030.67,0.0
2026-09-29 02:02:00,83030.67,83050.52,83008.01,83037.61,0.0
2026-09-29 02:03:00,83037.61,83038.91,83006.04,83006.46,0.0
2026-09-29 02:04:00,83006.47,83044.37,83000.0,83029.21,0.0
2026-09-29 02:05:00,83029.39,83029.39,82972.13,82983.71,0.0
2026-09-29 02:06:00,82983.7,83004.7,82956.89,83004.7,0.0
2026-09-29 02:07:00,83004.7,83057.53,83001.71,83050.0,0.0
2026-09-29 02:08:00,83050.0,83054.01,83003.25,83003.25,0.0
2026-09-29 02:09:00,83003.26,83003.26,82971.82,82977.56,0.0
2026-09-29 02:10:00,82977.56,83004.98,82933.0,82933.0,0.0
2026-09-29 02:11:00,82933.0,82960.24,82925.82,82935.86,0.0
2026-09-29 02:12:00,82935.86,83037.8,82914.16,83025.36,0.0
2026-09-29 02:13:00,83025.36,83077.59,83002.9,83077.59,0.0
2026-09-29 02:14:00,83077.58,83077.59,83020.1,83020.1,0.0
2026-09-29 02:15:00,83020.1,83078.01,83020.1,83078.01,0.0
2026-09-29 02:16:00,83078.01,83099.61,83052.0,83070.0,0.0
2026-09-29 02:17:00,83070.0,83070.0,83034.92,83034.93,0.0
2026-09-29 02:18:00,83034.93,83082.01,83022.58,83078.01,0.0
2026-09-29 02:19:00,83078.0,83114.0,83063.36,83114.0,0.0
2026-09-29 02:20:00,83114.01,83156.01,83114.0,83142.0,0.0
2026-09-29 02:21:00,83142.01,83142.01,83042.9,83042.9,0.0
2026-09-29 02:22:00,83042.91,83042.91,82914.83,82956.9,0.0
2026-09-29 02:23:00,82956.89,83025.83,82956.89,83013.29,0.0
2026-09-29 02:24:00,83013.29,83034.93,82999.99,83008.11,0.0
2026-09-29 02:25:00,83008.1,83008.1,82963.13,82998.39,0.0
2026-09-29 02:26:00,82998.38,83010.02,82949.32,82955.62,0.0
2026-09-29 02:27:00,82955.79,82995.24,82955.79,82959.01,0.0
2026-09-29 02:28:00,82959.01,82959.02,82929.92,82948.73,0.0
2026-09-29 02:29:00,82948.73,82975.59,82946.66,82975.59,0.0
2026-09-29 02:30:00,82975.59,83030.92,82970.35,82970.36,0.0
2026-09-29 02:31:00,82970.36,82990.3,82950.27,82983.69,0.0
2026-09-29 02:32:00,82983.69,82983.69,82956.34,82956.35,0.0
2026-09-29 02:33:00,82956.35,82956.9,82923.76,82925.45,0.0
2026-09-29 02:34:00,82925.45,82950.92,82891.32,82891.33,0.0
2026-09-29 02:35:00,82891.33,82949.1,82891.33,82936.19,0.0
2026-09-29 02:36:00,82936.2,82955.23,82905.37,82925.3,0.0
2026-09-29 02:37:00,82925.3,82956.9,82925.29,82956.89,0.0
2026-09-29 02:38:00,82956.9,83000.0,82956.9,83000.0,0.0
2026-09-29 02:39:00,83000.0,83026.97,82967.97,82970.63,0.0
2026-09-29 02:40:00,82970.63,82995.71,82967.98,82978.1,0.0
2026-09-29 02:41:00,82978.09,82994.55,82954.57,82994.55,0.0
2026-09-29 02:42:00,82994.55,83020.12,82964.34,82964.35,0.0
2026-09-29 02:43:00,82964.35,83000.0,82957.01,83000.0,0.0
2026-09-29 02:44:00,82999.99,83036.32,82995.11,83034.3,0.0
2026-09-29 02:45:00,83034.3,83088.01,83032.49,83088.01,0.0
2026-09-29 02:46:00,83088.01,83112.01,83088.0,83102.0,0.0
2026-09-29 02:47:00,83102.0,83102.01,83041.2,83060.0,0.0
2026-09-29 02:48:00,83060.01,83080.01,83060.01,83078.0,0.0
2026-09-29 02:49:00,83078.01,83078.01,83026.61,83026.61,0.0
2026-09-29 02:50:00,83026.61,83026.62,82985.1,82991.11,0.0
2026-09-29 02:51:00,82991.12,83012.33,82928.88,82928.88,0.0
2026-09-29 02:52:00,82928.89,82928.89,82903.42,82911.13,0.0
2026-09-29 02:53:00,82911.12,82956.9,82905.16,82956.9,0.0
2026-09-29 02:54:00,82956.9,82969.61,82940.27,82969.6,0.0
2026-09-29 02:55:00,82969.6,82991.46,82969.6,82991.46,0.0
2026-09-29 02:56:00,82991.46,82991.46,82980.38,82980.38,0.0
2026-09-29 02:57:00,82980.38,82980.38,82958.68,82958.68,0.0
2026-09-29 02:58:00,82958.69,82973.67,82958.68,82973.67,0.0
2026-09-29 02:59:00,82973.66,82980.3,82966.3,82967.4,0.0
2026-09-29 03:00:00,82967.41,83014.03,82950.0,83014.02,0.0
2026-09-29 03:01:00,83014.03,83048.89,82964.72,82988.28,0.0
2026-09-29 03:02:00,82988.28,83000.61,82976.84,82992.32,0.0
2026-09-29 03:03:00,82992.33,83048.89,82992.33,83014.81,0.0
2026-09-29 03:04:00,83014.8,83014.8,82901.06,82919.43,0.0
2026-09-29 03:05:00,82919.44,82919.44,82906.6,82913.19,0.0
2026-09-29 03:06:00,82913.19,82929.63,82913.19,82924.87,0.0
2026-09-29 03:07:00,82924.88,82960.68,82924.88,82950.67,0.0
2026-09-29 03:08:00,82950.66,82950.67,82916.6,82931.01,0.0
2026-09-29 03:09:00,82931.01,82932.34,82916.83,82932.34,0.0
2026-09-29 03:10:00,82932.34,82939.6,82922.41,82939.59,0.0
2026-09-29 03:11:00,82939.6,82939.6,82929.73,82929.73,0.0
2026-09-29 03:12:00,82929.74,82943.93,82923.38,82932.1,0.0
2026-09-29 03:13:00,82932.09,82939.72,82916.0,82916.01,0.0
2026-09-29 03:14:00,82916.0,82916.01,82895.42,82895.43,0.0
2026-09-29 03:15:00,82895.43,82927.06,82866.01,82927.05,0.0
2026-09-29 03:16:00,82927.06,82938.7,82901.17,82921.31,0.0
2026-09-29 03:17:00,82921.3,82930.0,82907.53,82930.0,0.0
2026-09-29 03:18:00,82930.0,82944.0,82919.48,82944.0,0.0
2026-09-29 03:19:00,82943.99,83031.92,82943.99,83020.11,0.0
2026-09-29 03:20:00,83020.11,83082.38,83020.11,83082.37,0.0
2026-09-29 03:21:00,83082.37,83120.01,83082.37,83098.01,0.0
2026-09-29 03:22:00,83098.01,83098.01,83056.0,83056.0,0.0
2026-09-29 03:23:00,83056.01,83090.01,83056.0,83090.0,0.0
2026-09-29 03:24:00,83090.01,83141.15,83090.0,83136.01,0.0
2026-09-29 03:25:00,83136.01,83162.01,83122.0,83154.0,0.0
2026-09-29 03:26:00,83154.0,83178.01,83149.81,83173.13,0.0
2026-09-29 03:27:00,83173.13,83178.01,83158.0,83178.0,0.0
2026-09-29 03:28:00,83178.01,83183.0,83178.0,83183.0,0.0
2026-09-29 03:29:00,83183.0,83210.01,83182.99,83210.01,0.0
2026-09-29 03:30:00,83210.0,83210.01,83114.94,83125.99,0.0
2026-09-29 03:31:00,83126.0,83150.0,83114.97,83150.0,0.0
2026-09-29 03:32:00,83149.99,83180.01,83141.6,83180.01,0.0
2026-09-29 03:33:00,83180.01,83190.01,83174.0,83184.01,0.0
2026-09-29 03:34:00,83184.0,83202.01,83184.0,83196.82,0.0
2026-09-29 03:35:00,83196.83,83202.01,83170.0,83174.0,0.0
2026-09-29 03:36:00,83174.01,83192.01,83174.0,83188.0,0.0
2026-09-29 03:37:00,83188.0,83188.01,83155.0,83155.01,0.0
2026-09-29 03:38:00,83155.01,83155.01,83140.0,83140.0,0.0
2026-09-29 03:39:00,83140.0,83140.01,83129.16,83129.17,0.0
2026-09-29 03:40:00,83129.16,83129.17,83116.36,83116.37,0.0
2026-09-29 03:41:00,83116.37,83152.01,83116.36,83152.0,0.0
2026-09-29 03:42:00,83152.0,83155.0,83150.0,83155.0,0.0
2026-09-29 03:43:00,83155.0,83155.0,83138.22,83138.23,0.0
2026-09-29 03:44:00,83138.23,83138.23,83123.14,83123.14,0.0
2026-09-29 03:45:00,83123.14,83123.15,83122.0,83122.01,0.0
2026-09-29 03:46:00,83122.0,83158.62,83122.0,83150.11,0.0
2026-09-29 03:47:00,83150.11,83150.12,83135.8,83142.0,0.0
2026-09-29 03:48:00,83142.0,83164.64,83142.0,83150.0,0.0
2026-09-29 03:49:00,83150.01,83150.01,83144.19,83144.19,0.0
2026-09-29 03:50:00,83144.2,83170.46,83130.96,83141.97,0.0
2026-09-29 03:51:00,83141.97,83141.97,83107.68,83117.75,0.0
2026-09-29 03:52:00,83117.76,83120.01,83086.0,83092.01,0.0
2026-09-29 03:53:00,83092.0,83172.16,83092.0,83148.03,0.0
2026-09-29 03:54:00,83148.03,83148.03,83083.0,83083.01,0.0
2026-09-29 03:55:00,83083.0,83096.01,83073.5,83096.0,0.0
2026-09-29 03:56:00,83096.01,83096.01,83074.98,83074.99,0.0
2026-09-29 03:57:00,83074.98,83074.99,83064.52,83070.01,0.0
2026-09-29 03:58:00,83070.01,83070.01,83044.79,83049.44,0.0
2026-09-29 03:59:00,83049.44,83070.0,83049.43,83069.99,0.0
2026-09-29 04:00:00,83070.0,83076.01,83024.43,83024.43,0.0
2026-09-29 04:01:00,83024.44,83078.01,83024.43,83078.01,0.0
2026-09-29 04:02:00,83078.0,83096.01,83078.0,83088.01,0.0
2026-09-29 04:03:00,83088.0,83088.01,83026.06,83041.52,0.0
2026-09-29 04:04:00,83041.52,83070.68,83041.52,83070.68,0.0
2026-09-29 04:05:00,83070.68,83070.68,83060.0,83068.0,0.0
2026-09-29 04:06:00,83068.01,83080.01,83068.0,83080.01,0.0
2026-09-29 04:07:00,83080.01,83096.01,83077.46,83077.46,0.0
2026-09-29 04:08:00,83077.47,83077.47,83029.39,83029.39,0.0
2026-09-29 04:09:00,83029.4,83064.53,83029.39,83064.52,0.0
2026-09-29 04:10:00,83064.53,83094.01,83064.52,83094.01,0.0
2026-09-29 04:11:00,83094.0,83116.01,83094.0,83116.0,0.0
2026-09-29 04:12:00,83116.01,83130.0,83114.67,83128.0,0.0
2026-09-29 04:13:00,83128.01,83158.01,83128.0,83158.0,0.0
2026-09-29 04:14:00,83158.01,83158.01,83128.01,83128.02,0.0
2026-09-29 04:15:00,83128.02,83152.01,83128.01,83147.54,0.0
2026-09-29 04:16:00,83147.54,83153.98,83147.54,83153.98,0.0
2026-09-29 04:17:00,83153.98,83231.2,83153.98,83220.0,0.0
2026-09-29 04:18:00,83220.01,83220.01,83172.41,83192.01,0.0
2026-09-29 04:19:00,83192.01,83220.0,83192.0,83220.0,0.0
2026-09-29 04:20:00,83219.99,83246.01,83219.99,83226.95,0.0
2026-09-29 04:21:00,83226.96,83250.0,83223.19,83250.0,0.0
2026-09-29 04:22:00,83250.01,83295.61,83250.0,83273.8,0.0
2026-09-29 04:23:00,83273.79,83283.69,83262.05,83262.05,0.0
2026-09-29 04:24:00,83262.05,83262.05,83247.38,83262.01,0.0
2026-09-29 04:25:00,83262.0,83266.01,83250.65,83250.65,0.0
2026-09-29 04:26:00,83250.66,83250.66,83232.9,83232.9,0.0
2026-09-29 04:27:00,83232.9,83232.91,83227.78,83227.78,0.0
2026-09-29 04:28:00,83227.78,83227.79,83226.0,83226.01,0.0
2026-09-29 04:29:00,83226.01,83226.01,83226.0,83226.0,0.0
2026-09-29 04:30:00,83226.01,83226.01,83200.54,83205.26,0.0
2026-09-29 04:31:00,83205.25,83205.26,83188.87,83198.01,0.0
2026-09-29 04:32:00,83198.0,83198.01,83188.87,83188.87,0.0
2026-09-29 04:33:00,83188.87,83188.88,83168.0,83168.01,0.0
2026-09-29 04:34:00,83168.0,83168.01,83149.33,83149.33,0.0
2026-09-29 04:35:00,83149.34,83149.34,83115.37,83115.38,0.0
2026-09-29 04:36:00,83115.37,83115.38,83108.98,83115.38,0.0
2026-09-29 04:37:00,83115.38,83152.01,83115.37,83152.01,0.0
2026-09-29 04:38:00,83152.0,83172.16,83152.0,83172.15,0.0
2026-09-29 04:39:00,83172.16,83181.32,83164.0,83164.0,0.0
2026-09-29 04:40:00,83164.01,83179.72,83160.0,83160.01,0.0
2026-09-29 04:41:00,83160.0,83179.69,83157.6,83167.93,0.0
2026-09-29 04:42:00,83167.93,83167.94,83160.0,83160.0,0.0
2026-09-29 04:43:00,83160.0,83168.01,83160.0,83168.01,0.0
2026-09-29 04:44:00,83168.01,83172.17,83163.83,83163.83,0.0
2026-09-29 04:45:00,83163.84,83166.01,83162.43,83164.93,0.0
2026-09-29 04:46:00,83164.92,83164.93,83150.0,83150.0,0.0
2026-09-29 04:47:00,83150.01,83150.01,83115.38,83115.39,0.0
2026-09-29 04:48:00,83115.4,83115.4,83078.64,83094.91,0.0
2026-09-29 04:49:00,83094.91,83106.02,83094.91,83094.92,0.0
2026-09-29 04:50:00,83094.93,83094.93,83086.64,83086.65,0.0
2026-09-29 04:51:00,83086.65,83181.21,83086.65,83181.2,0.0
2026-09-29 04:52:00,83181.21,83206.37,83181.21,83200.01,0.0
2026-09-29 04:53:00,83200.01,83209.99,83195.27,83209.99,0.0
2026-09-29 04:54:00,83210.0,83210.0,83195.27,83195.27,0.0
2026-09-29 04:55:00,83195.28,83202.18,83195.27,83202.18,0.0
2026-09-29 04:56:00,83202.18,83215.96,83202.17,83202.18,0.0
2026-09-29 04:57:00,83202.18,83206.01,83200.0,83202.96,0.0
2026-09-29 04:58:00,83202.95,83206.01,83202.67,83206.0,0.0
2026-09-29 04:59:00,83206.01,83212.99,83206.01,83212.98,0.0
2026-09-29 05:00:00,83212.98,83240.01,83212.98,83240.01,0.0
2026-09-29 05:01:00,83240.01,83262.52,83240.0,83262.51,0.0
2026-09-29 05:02:00,83262.51,83262.52,83250.0,83259.99,0.0
2026-09-29 05:03:00,83259.99,83260.0,83229.44,83229.45,0.0
2026-09-29 05:04:00,83229.44,83237.64,83200.0,83230.01,0.0
2026-09-29 05:05:00,83230.0,83250.0,83228.66,83245.98,0.0
2026-09-29 05:06:00,83245.98,83245.98,83208.0,83208.0,0.0
2026-09-29 05:07:00,83208.01,83208.01,83190.0,83190.01,0.0
2026-09-29 05:08:00,83190.01,83190.01,83190.0,83190.0,0.0
2026-09-29 05:09:00,83190.0,83208.01,83178.0,83208.0,0.0
2026-09-29 05:10:00,83208.01,83216.01,83196.38,83210.0,0.0
2026-09-29 05:11:00,83210.01,83242.01,83210.01,83240.01,0.0
2026-09-29 05:12:00,83240.01,83250.0,83240.01,83249.99,0.0
2026-09-29 05:13:00,83249.99,83260.0,83249.99,83260.0,0.0
2026-09-29 05:14:00,83260.0,83260.0,83259.99,83260.0,0.0
2026-09-29 05:15:00,83260.0,83279.78,83260.0,83279.77,0.0
2026-09-29 05:16:00,83279.78,83279.79,83258.25,83258.26,0.0
2026-09-29 05:17:00,83258.26,83260.01,83228.0,83260.01,0.0
2026-09-29 05:18:00,83260.0,83326.26,83260.0,83318.0,0.0
2026-09-29 05:19:00,83318.0,83344.01,83303.18,83312.26,0.0
2026-09-29 05:20:00,83312.26,83312.26,83284.0,83284.0,0.0
2026-09-29 05:21:00,83284.01,83296.01,83280.54,83280.55,0.0
2026-09-29 05:22:00,83280.55,83296.0,83280.54,83296.0,0.0
2026-09-29 05:23:00,83295.99,83304.01,83295.99,83304.0,0.0
2026-09-29 05:24:00,83304.01,83344.01,83304.0,83344.0,0.0
2026-09-29 05:25:00,83344.0,83344.01,83341.66,83341.66,0.0
2026-09-29 05:26:00,83341.66,83341.67,83304.0,83304.0,0.0
2026-09-29 05:27:00,83304.01,83304.01,83280.0,83280.01,0.0
2026-09-29 05:28:00,83280.0,83310.01,83280.0,83310.0,0.0
2026-09-29 05:29:00,83310.01,83316.01,83310.0,83316.01,0.0
2026-09-29 05:30:00,83316.01,83316.01,83268.0,83268.01,0.0
2026-09-29 05:31:00,83268.01,83268.01,83216.0,83216.0,0.0
2026-09-29 05:32:00,83216.0,83216.0,83182.68,83184.01,0.0
2026-09-29 05:33:00,83184.0,83184.0,83126.88,83126.88,0.0
2026-09-29 05:34:00,83126.89,83126.89,83017.3,83017.31,0.0
2026-09-29 05:35:00,83017.31,83076.01,82982.14,83067.92,0.0
2026-09-29 05:36:00,83067.92,83080.01,82995.4,83005.33,0.0
2026-09-29 05:37:00,83005.32,83012.78,82971.1,82971.11,0.0
2026-09-29 05:38:00,82971.11,83050.0,82971.11,83050.0,0.0
2026-09-29 05:39:00,83050.01,83112.01,83050.01,83112.01,0.0
2026-09-29 05:40:00,83112.01,83145.28,83112.01,83132.01,0.0
2026-09-29 05:41:00,83132.0,83178.01,83106.0,83178.01,0.0
2026-09-29 05:42:00,83178.0,83186.0,83170.0,83186.0,0.0
2026-09-29 05:43:00,83186.01,83294.0,83186.0,83294.0,0.0
2026-09-29 05:44:00,83294.0,83326.01,83294.0,83298.01,0.0
2026-09-29 05:45:00,83298.01,83312.01,83266.0,83266.0,0.0
2026-09-29 05:46:00,83266.01,83266.01,83243.93,83243.93,0.0
2026-09-29 05:47:00,83243.94,83243.94,83215.49,83243.93,0.0
2026-09-29 05:48:00,83243.94,83305.67,83236.01,83274.9,0.0
2026-09-29 05:49:00,83274.9,83363.95,83274.89,83363.95,0.0
2026-09-29 05:50:00,83363.95,83363.95,83349.08,83349.08,0.0
2026-09-29 05:51:00,83349.09,83370.01,83336.0,83346.0,0.0
2026-09-29 05:52:00,83346.01,83395.83,83346.0,83350.0,0.0
2026-09-29 05:53:00,83350.0,83387.43,83344.0,83387.43,0.0
2026-09-29 05:54:00,83387.43,83422.01,83387.42,83422.0,0.0
2026-09-29 05:55:00,83422.01,83422.01,83390.01,83416.01,0.0
2026-09-29 05:56:00,83416.0,83434.56,83410.0,83431.01,0.0
2026-09-29 05:57:00,83431.02,83431.02,83400.0,83412.0,0.0
2026-09-29 05:58:00,83412.0,83412.0,83400.0,83400.01,0.0
2026-09-29 05:59:00,83400.01,83431.02,83400.0,83431.02,0.0
2026-09-29 06:00:00,83431.01,83466.01,83420.01,83424.0,0.0
2026-09-29 06:01:00,83424.01,83450.0,83423.64,83449.99,0.0
2026-09-29 06:02:00,83449.99,83464.36,83449.99,83464.36,0.0
2026-09-29 06:03:00,83464.35,83500.0,83464.35,83500.0,0.0
2026-09-29 06:04:00,83499.99,83520.16,83499.99,83516.01,0.0
2026-09-29 06:05:00,83516.01,83555.0,83500.0,83515.71,0.0
2026-09-29 06:06:00,83515.7,83556.01,83515.7,83556.01,0.0
2026-09-29 06:07:00,83556.0,83669.61,83556.0,83624.05,0.0
2026-09-29 06:08:00,83624.05,83679.87,83624.04,83679.87,0.0
2026-09-29 06:09:00,83679.86,83770.01,83679.86,83770.0,0.0
2026-09-29 06:10:00,83770.0,83771.44,83732.49,83764.0,0.0
2026-09-29 06:11:00,83764.0,83807.51,83756.0,83807.5,0.0
2026-09-29 06:12:00,83807.5,83829.95,83782.0,83782.01,0.0
2026-09-29 06:13:00,83782.0,83815.07,83778.08,83815.06,0.0
2026-09-29 06:14:00,83815.07,83892.89,83815.06,83892.89,0.0
2026-09-29 06:15:00,83892.88,83895.0,83827.25,83834.86,0.0
2026-09-29 06:16:00,83834.86,83834.86,83770.0,83770.01,0.0
2026-09-29 06:17:00,83770.01,83774.01,83746.0,83750.04,0.0
2026-09-29 06:18:00,83750.05,83772.01,83746.17,83772.0,0.0
2026-09-29 06:19:00,83772.0,83822.72,83772.0,83822.71,0.0
2026-09-29 06:20:00,83822.71,83836.08,83795.06,83836.07,0.0
2026-09-29 06:21:00,83836.08,83878.2,83836.08,83871.48,0.0
2026-09-29 06:22:00,83871.47,83890.59,83853.23,83878.77,0.0
2026-09-29 06:23:00,83878.77,83878.78,83841.22,83844.12,0.0
2026-09-29 06:24:00,83843.91,83843.91,83830.0,83830.01,0.0
2026-09-29 06:25:00,83830.01,83853.7,83825.24,83849.67,0.0
2026-09-29 06:26:00,83849.66,83869.17,83848.38,83848.38,0.0
2026-09-29 06:27:00,83848.39,83848.39,83827.7,83835.82,0.0
2026-09-29 06:28:00,83835.81,83845.2,83835.81,83845.19,0.0
2026-09-29 06:29:00,83845.2,83881.94,83845.2,83881.93,0.0
2026-09-29 06:30:00,83881.93,83917.0,83871.99,83916.99,0.0
2026-09-29 06:31:00,83916.99,83934.91,83916.99,83934.91,0.0
2026-09-29 06:32:00,83934.91,83946.0,83916.99,83945.99,0.0
2026-09-29 06:33:00,83946.0,83955.17,83928.92,83938.37,0.0
2026-09-29 06:34:00,83938.37,83955.15,83931.27,83955.14,0.0
2026-09-29 06:35:00,83955.14,83955.14,83879.69,83879.69,0.0
2026-09-29 06:36:00,83879.69,83890.42,83857.57,83879.7,0.0
2026-09-29 06:37:00,83879.69,83898.19,83851.09,83851.37,0.0
2026-09-29 06:38:00,83851.38,83856.25,83851.37,83853.0,0.0
2026-09-29 06:39:00,83853.0,83866.91,83844.79,83866.91,0.0
2026-09-29 06:40:00,83866.91,83879.61,83866.9,83879.61,0.0
2026-09-29 06:41:00,83879.6,83879.61,83879.6,83879.6,0.0
2026-09-29 06:42:00,83879.61,83888.0,83879.6,83887.99,0.0
2026-09-29 06:43:00,83887.99,83888.0,83887.99,83888.0,0.0
2026-09-29 06:44:00,83888.0,83899.91,83887.99,83899.91,0.0
2026-09-29 06:45:00,83899.91,83910.0,83892.68,83903.77,0.0
2026-09-29 06:46:00,83903.78,83906.02,83903.77,83906.01,0.0
2026-09-29 06:47:00,83906.01,83906.02,83863.43,83863.43,0.0
2026-09-29 06:48:00,83863.44,83900.0,83862.76,83900.0,0.0
2026-09-29 06:49:00,83899.99,83910.0,83899.99,83909.99,0.0
2026-09-29 06:50:00,83910.0,83910.0,83909.99,83910.0,0.0
2026-09-29 06:51:00,83910.0,83981.58,83909.99,83973.7,0.0
2026-09-29 06:52:00,83973.69,83980.0,83954.6,83959.0,0.0
2026-09-29 06:53:00,83959.0,83980.0,83957.78,83980.0,0.0
2026-09-29 06:54:00,83979.99,83991.61,83979.99,83986.0,0.0
2026-09-29 06:55:00,83986.01,84000.0,83968.32,83999.99,0.0
2026-09-29 06:56:00,83999.99,84000.0,83991.55,83999.99,0.0
2026-09-29 06:57:00,83999.99,84000.0,83978.25,83995.95,0.0
2026-09-29 06:58:00,83995.96,84000.0,83972.34,83999.99,0.0
2026-09-29 06:59:00,84000.0,84017.74,83999.99,84007.06,0.0
2026-09-29 07:00:00,84007.07,84007.07,83895.12,83907.96,0.0
2026-09-29 07:01:00,83907.97,83907.97,83880.67,83883.36,0.0
2026-09-29 07:02:00,83883.36,83897.79,83873.74,83897.78,0.0
2026-09-29 07:03:00,83897.79,83937.15,83891.39,83937.14,0.0
2026-09-29 07:04:00,83937.15,83957.11,83933.68,83941.02,0.0
2026-09-29 07:05:00,83941.03,83997.07,83941.02,83997.06,0.0
2026-09-29 07:06:00,83997.07,84010.0,83984.77,83996.37,0.0
2026-09-29 07:07:00,83996.37,84025.26,83996.37,84025.26,0.0
2026-09-29 07:08:00,84025.25,84025.26,84000.0,84022.59,0.0
2026-09-29 07:09:00,84022.59,84046.72,84022.59,84041.36,0.0
2026-09-29 07:10:00,84041.36,84041.62,83994.81,84041.62,0.0
2026-09-29 07:11:00,84041.61,84041.62,84014.1,84023.25,0.0
2026-09-29 07:12:00,84023.94,84030.34,84004.4,84019.74,0.0
2026-09-29 07:13:00,84019.74,84019.74,83961.2,83986.4,0.0
2026-09-29 07:14:00,83986.39,83997.95,83978.6,83987.4,0.0
2026-09-29 07:15:00,83987.39,84030.45,83987.39,84027.89,0.0
2026-09-29 07:16:00,84027.9,84035.34,83984.84,84035.34,0.0
2026-09-29 07:17:00,84035.34,84070.0,84035.33,84045.37,0.0
2026-09-29 07:18:00,84045.36,84059.62,83978.6,83982.0,0.0
2026-09-29 07:19:00,83982.01,83991.87,83965.21,83991.86,0.0
2026-09-29 07:20:00,83991.86,84025.81,83984.26,84007.77,0.0
2026-09-29 07:21:00,84007.77,84007.77,83968.41,83968.41,0.0
2026-09-29 07:22:00,83968.42,83968.42,83935.32,83935.33,0.0
2026-09-29 07:23:00,83935.32,83965.26,83923.62,83927.55,0.0
2026-09-29 07:24:00,83927.56,83997.29,83927.55,83997.28,0.0
2026-09-29 07:25:00,83997.28,84034.49,83997.28,84034.48,0.0
2026-09-29 07:26:00,84034.48,84034.49,84011.28,84011.29,0.0
2026-09-29 07:27:00,84011.29,84036.0,84011.28,84035.99,0.0
2026-09-29 07:28:00,84035.99,84036.0,84000.67,84008.64,0.0
2026-09-29 07:29:00,84008.63,84008.64,83990.12,83996.22,0.0
2026-09-29 07:30:00,83996.21,84012.64,83986.53,83986.54,0.0
2026-09-29 07:31:00,83986.53,83991.68,83963.04,83987.42,0.0
2026-09-29 07:32:00,83987.41,84063.19,83987.41,84063.19,0.0
2026-09-29 07:33:00,84063.18,84070.0,84035.13,84037.86,0.0
2026-09-29 07:34:00,84037.86,84055.6,84030.96,84055.6,0.0
2026-09-29 07:35:00,84055.59,84100.0,84051.25,84079.37,0.0
2026-09-29 07:36:00,84079.36,84079.37,84063.18,84073.16,0.0
2026-09-29 07:37:00,84073.16,84079.36,84069.6,84079.35,0.0
2026-09-29 07:38:00,84079.35,84117.14,84070.31,84117.13,0.0
2026-09-29 07:39:00,84117.13,84200.0,84117.13,84142.39,0.0
2026-09-29 07:40:00,84142.38,84142.39,84094.49,84115.0,0.0
2026-09-29 07:41:00,84114.99,84115.0,84085.38,84085.38,0.0
2026-09-29 07:42:00,84085.39,84085.39,84048.23,84048.24,0.0
2026-09-29 07:43:00,84048.23,84048.24,84019.69,84023.22,0.0
2026-09-29 07:44:00,84023.22,84023.23,84017.63,84017.64,0.0
2026-09-29 07:45:00,84017.64,84064.96,84017.64,84031.01,0.0
2026-09-29 07:46:00,84031.0,84034.59,84027.47,84034.58,0.0
2026-09-29 07:47:00,84034.57,84047.18,84034.57,84047.17,0.0
2026-09-29 07:48:00,84047.17,84047.17,84037.17,84037.17,0.0
2026-09-29 07:49:00,84037.17,84037.18,84014.94,84014.95,0.0
2026-09-29 07:50:00,84014.94,84043.41,84013.62,84043.4,0.0
2026-09-29 07:51:00,84043.4,84062.98,84042.84,84062.97,0.0
2026-09-29 07:52:00,84062.98,84062.98,84037.08,84037.09,0.0
2026-09-29 07:53:00,84037.08,84048.54,84037.08,84041.67,0.0
2026-09-29 07:54:00,84041.67,84041.67,84028.33,84028.34,0.0
2026-09-29 07:55:00,84028.34,84028.34,83987.08,83987.09,0.0
2026-09-29 07:56:00,83987.08,84008.66,83987.08,84008.66,0.0
2026-09-29 07:57:00,84008.65,84008.66,83987.11,83987.11,0.0
2026-09-29 07:58:00,83987.11,83987.12,83954.37,83967.43,0.0
2026-09-29 07:59:00,83967.43,83980.97,83966.02,83980.97,0.0
2026-09-29 08:00:00,83980.97,84069.19,83980.97,84068.73,0.0
2026-09-29 08:01:00,84068.74,84068.74,84044.25,84066.88,0.0
2026-09-29 08:02:00,84066.88,84086.22,84061.63,84081.19,0.0
2026-09-29 08:03:00,84081.19,84081.19,84040.83,84057.0,0.0
2026-09-29 08:04:00,84056.99,84084.02,84037.51,84044.65,0.0
2026-09-29 08:05:00,84044.65,84044.66,83999.49,84044.65,0.0
2026-09-29 08:06:00,84044.65,84048.01,84019.33,84041.67,0.0
2026-09-29 08:07:00,84041.66,84041.66,83978.73,83978.74,0.0
2026-09-29 08:08:00,83978.74,84002.01,83978.73,83995.95,0.0
2026-09-29 08:09:00,83995.94,84014.01,83992.85,84014.0,0.0
2026-09-29 08:10:00,84014.01,84050.0,84014.01,84033.47,0.0
2026-09-29 08:11:00,84033.46,84035.0,84002.35,84035.0,0.0
2026-09-29 08:12:00,84035.0,84062.01,84034.99,84057.91,0.0
2026-09-29 08:13:00,84057.91,84070.01,84029.75,84070.0,0.0
2026-09-29 08:14:00,84070.0,84070.01,84044.75,84044.75,0.0
2026-09-29 08:15:00,84044.76,84088.46,84044.75,84081.31,0.0
2026-09-29 08:16:00,84081.31,84100.0,84078.0,84100.0,0.0
2026-09-29 08:17:00,84100.0,84110.0,84084.0,84084.0,0.0
2026-09-29 08:18:00,84084.0,84084.01,84062.36,84067.82,0.0
2026-09-29 08:19:00,84067.82,84100.9,84060.55,84095.19,0.0
2026-09-29 08:20:00,84095.2,84140.0,84095.19,84139.99,0.0
2026-09-29 08:21:00,84140.0,84310.0,84139.99,84309.99,0.0
2026-09-29 08:22:00,84309.99,84368.01,84306.0,84316.1,0.0
2026-09-29 08:23:00,84316.1,84316.1,84200.0,84266.01,0.0
2026-09-29 08:24:00,84266.0,84266.01,84178.01,84218.01,0.0
2026-09-29 08:25:00,84218.0,84232.01,84191.42,84232.0,0.0
2026-09-29 08:26:00,84232.01,84254.01,84204.8,84216.01,0.0
2026-09-29 08:27:00,84216.01,84226.0,84205.92,84216.0,0.0
2026-09-29 08:28:00,84216.01,84224.0,84182.3,84182.31,0.0
2026-09-29 08:29:00,84182.31,84184.0,84166.93,84166.93,0.0
2026-09-29 08:30:00,84166.93,84166.94,84106.0,84106.01,0.0
2026-09-29 08:31:00,84106.01,84106.01,84096.0,84098.95,0.0
2026-09-29 08:32:00,84098.94,84098.95,84075.0,84075.01,0.0
2026-09-29 08:33:00,84075.0,84075.01,83986.48,83987.84,0.0
2026-09-29 08:34:00,83987.84,84038.01,83986.48,84018.0,0.0
2026-09-29 08:35:00,84018.0,84033.97,84017.15,84017.15,0.0
2026-09-29 08:36:00,84017.15,84017.16,83932.05,83940.02,0.0
2026-09-29 08:37:00,83940.03,83940.03,83875.0,83924.01,0.0
2026-09-29 08:38:00,83924.01,83958.0,83893.02,83930.01,0.0
2026-09-29 08:39:00,83930.01,83962.01,83930.01,83941.47,0.0
2026-09-29 08:40:00,83941.48,83958.01,83886.0,83886.01,0.0
2026-09-29 08:41:00,83886.01,83918.01,83844.0,83918.01,0.0
2026-09-29 08:42:00,83918.01,83946.01,83918.01,83946.0,0.0
2026-09-29 08:43:00,83946.01,83950.3,83919.39,83919.4,0.0
2026-09-29 08:44:00,83919.39,83919.4,83856.0,83856.01,0.0
2026-09-29 08:45:00,83856.01,83856.01,83820.0,83854.0,0.0
2026-09-29 08:46:00,83854.0,83862.01,83810.0,83811.35,0.0
2026-09-29 08:47:00,83811.36,83820.01,83802.54,83802.54,0.0
2026-09-29 08:48:00,83802.55,83866.0,83802.54,83866.0,0.0
2026-09-29 08:49:00,83866.0,83879.82,83865.99,83866.35,0.0
2026-09-29 08:50:00,83866.36,83866.36,83840.0,83856.0,0.0
2026-09-29 08:51:00,83856.0,83856.01,83840.25,83840.25,0.0
2026-09-29 08:52:00,83840.26,83840.26,83802.57,83802.58,0.0
2026-09-29 08:53:00,83802.58,83810.0,83800.0,83808.01,0.0
2026-09-29 08:54:00,83808.01,83830.0,83804.42,83830.0,0.0
2026-09-29 08:55:00,83829.99,83864.01,83829.99,83864.0,0.0
2026-09-29 08:56:00,83864.0,83882.01,83864.0,83882.0,0.0
2026-09-29 08:57:00,83882.01,83882.01,83864.0,83877.99,0.0
2026-09-29 08:58:00,83878.0,83878.0,83874.0,83874.01,0.0
2026-09-29 08:59:00,83874.01,83874.01,83874.0,83874.01,0.0
2026-09-29 09:00:00,83874.01,83874.01,83823.54,83862.01,0.0
2026-09-29 09:01:00,83862.0,83878.01,83854.0,83866.0,0.0
2026-09-29 09:02:00,83866.01,83866.01,83834.0,83834.01,0.0
2026-09-29 09:03:00,83834.01,83834.01,83778.01,83778.02,0.0
2026-09-29 09:04:00,83778.01,83824.01,83772.0,83824.01,0.0
2026-09-29 09:05:00,83824.01,83825.27,83784.56,83784.56,0.0
2026-09-29 09:06:00,83784.57,83812.68,83770.65,83806.0,0.0
2026-09-29 09:07:00,83806.0,83806.01,83771.21,83771.21,0.0
2026-09-29 09:08:00,83771.21,83808.01,83771.21,83801.4,0.0
2026-09-29 09:09:00,83801.4,83801.41,83780.57,83786.7,0.0
2026-09-29 09:10:00,83786.7,83790.01,83766.36,83780.0,0.0
2026-09-29 09:11:00,83780.0,83780.01,83764.76,83769.0,0.0
2026-09-29 09:12:00,83769.01,83787.67,83762.0,83782.06,0.0
2026-09-29 09:13:00,83782.06,83789.96,83782.06,83786.15,0.0
2026-09-29 09:14:00,83786.15,83786.15,83782.0,83782.0,0.0
2026-09-29 09:15:00,83782.01,83782.01,83760.4,83770.0,0.0
2026-09-29 09:16:00,83770.01,83786.31,83770.0,83780.51,0.0
2026-09-29 09:17:00,83780.51,83794.01,83780.51,83794.0,0.0
2026-09-29 09:18:00,83794.01,83806.01,83794.0,83798.62,0.0
2026-09-29 09:19:00,83798.63,83806.0,83791.07,83791.08,0.0
2026-09-29 09:20:00,83791.08,83829.98,83791.08,83816.89,0.0
2026-09-29 09:21:00,83816.9,83845.0,83814.24,83828.72,0.0
2026-09-29 09:22:00,83828.73,83828.73,83800.0,83800.0,0.0
2026-09-29 09:23:00,83800.0,83800.01,83779.49,83786.21,0.0
2026-09-29 09:24:00,83786.21,83826.78,83786.21,83826.77,0.0
2026-09-29 09:25:00,83826.77,83841.48,83822.57,83837.99,0.0
2026-09-29 09:26:00,83837.99,83838.0,83800.0,83825.46,0.0
2026-09-29 09:27:00,83825.45,83916.01,83821.41,83891.77,0.0
2026-09-29 09:28:00,83891.76,83891.77,83860.65,83866.4,0.0
2026-09-29 09:29:00,83866.41,83866.41,83849.54,83849.55,0.0
2026-09-29 09:30:00,83849.54,83862.86,83834.01,83862.86,0.0
2026-09-29 09:31:00,83862.85,83940.01,83862.0,83933.32,0.0
2026-09-29 09:32:00,83933.32,83950.3,83933.31,83946.88,0.0
2026-09-29 09:33:00,83946.88,83958.01,83946.88,83958.01,0.0
2026-09-29 09:34:00,83958.01,83971.8,83956.47,83970.01,0.0
2026-09-29 09:35:00,83970.0,83970.01,83947.41,83959.97,0.0
2026-09-29 09:36:00,83959.98,83966.0,83932.01,83966.0,0.0
2026-09-29 09:37:00,83965.99,83974.0,83947.31,83974.0,0.0
2026-09-29 09:38:00,83973.99,83998.74,83973.99,83998.73,0.0
2026-09-29 09:39:00,83998.74,83998.74,83990.34,83996.17,0.0
2026-09-29 09:40:00,83996.17,83996.17,83963.06,83968.01,0.0
2026-09-29 09:41:00,83968.01,83968.01,83950.83,83950.83,0.0
2026-09-29 09:42:00,83950.84,83972.0,83934.02,83971.99,0.0
2026-09-29 09:43:00,83971.99,83994.0,83971.99,83993.99,0.0
2026-09-29 09:44:00,83994.0,84000.0,83967.74,84000.0,0.0
2026-09-29 09:45:00,84000.0,84016.01,83992.8,83992.8,0.0
2026-09-29 09:46:00,83992.8,84036.26,83992.8,84036.25,0.0
2026-09-29 09:47:00,84036.26,84152.01,84036.26,84133.94,0.0
2026-09-29 09:48:00,84133.95,84157.08,84119.33,84152.23,0.0
2026-09-29 09:49:00,84152.22,84201.04,84116.86,84201.03,0.0
2026-09-29 09:50:00,84201.04,84303.83,84201.04,84293.97,0.0
2026-09-29 09:51:00,84293.98,84293.98,84223.36,84227.35,0.0
2026-09-29 09:52:00,84227.35,84234.39,84202.0,84216.01,0.0
2026-09-29 09:53:00,84216.0,84256.99,84216.0,84256.99,0.0
2026-09-29 09:54:00,84256.99,84292.01,84256.98,84256.98,0.0
2026-09-29 09:55:00,84256.98,84328.94,84256.98,84307.84,0.0
2026-09-29 09:56:00,84307.84,84325.82,84268.0,84276.01,0.0
2026-09-29 09:57:00,84276.01,84283.41,84274.0,84274.0,0.0
2026-09-29 09:58:00,84274.0,84274.01,84256.0,84263.38,0.0
2026-09-29 09:59:00,84263.37,84263.38,84252.0,84258.01,0.0
2026-09-29 10:00:00,84258.01,84258.01,84206.4,84206.41,0.0
2026-09-29 10:01:00,84206.41,84214.03,84189.93,84214.03,0.0
2026-09-29 10:02:00,84214.03,84221.84,84165.58,84165.59,0.0
2026-09-29 10:03:00,84165.58,84191.81,84165.58,84191.81,0.0
2026-09-29 10:04:00,84191.81,84201.83,84191.8,84201.83,0.0
2026-09-29 10:05:00,84201.83,84201.83,84201.82,84201.83,0.0
2026-09-29 10:06:00,84201.82,84204.75,84169.82,84173.88,0.0
2026-09-29 10:07:00,84173.88,84201.02,84173.88,84201.02,0.0
2026-09-29 10:08:00,84201.02,84213.58,84201.01,84204.01,0.0
2026-09-29 10:09:00,84204.0,84278.01,84204.0,84278.01,0.0
2026-09-29 10:10:00,84278.01,84300.0,84278.0,84299.99,0.0
2026-09-29 10:11:00,84299.99,84332.76,84299.99,84310.01,0.0
2026-09-29 10:12:00,84310.01,84315.8,84270.0,84293.92,0.0
2026-09-29 10:13:00,84293.92,84293.92,84267.17,84267.18,0.0
2026-09-29 10:14:00,84267.18,84267.18,84193.21,84208.52,0.0
2026-09-29 10:15:00,84208.51,84219.03,84204.01,84204.01,0.0
2026-09-29 10:16:00,84204.01,84219.02,84196.0,84196.0,0.0
2026-09-29 10:17:00,84196.0,84196.01,84180.0,84180.0,0.0
2026-09-29 10:18:00,84180.0,84180.0,84134.43,84134.44,0.0
2026-09-29 10:19:00,84134.44,84134.44,84110.16,84110.17,0.0
2026-09-29 10:20:00,84110.16,84110.17,84110.16,84110.16,0.0
2026-09-29 10:21:00,84110.16,84110.17,84068.0,84073.71,0.0
2026-09-29 10:22:00,84073.7,84112.01,84073.7,84112.01,0.0
2026-09-29 10:23:00,84112.01,84114.01,84098.0,84114.0,0.0
2026-09-29 10:24:00,84114.01,84125.0,84114.0,84120.0,0.0
2026-09-29 10:25:00,84120.01,84125.0,84120.0,84125.0,0.0
2026-09-29 10:26:00,84124.99,84125.0,84124.99,84125.0,0.0
2026-09-29 10:27:00,84125.0,84158.01,84125.0,84158.0,0.0
2026-09-29 10:28:00,84158.0,84158.01,84150.0,84150.01,0.0
2026-09-29 10:29:00,84150.01,84150.01,84150.0,84150.0,0.0
2026-09-29 10:30:00,84150.01,84159.0,84131.87,84131.87,0.0
2026-09-29 10:31:00,84131.87,84131.88,84121.71,84121.71,0.0
2026-09-29 10:32:00,84121.71,84131.88,84081.84,84113.05,0.0
2026-09-29 10:33:00,84113.04,84120.97,84068.0,84068.0,0.0
2026-09-29 10:34:00,84068.01,84068.01,84050.02,84061.75,0.0
2026-09-29 10:35:00,84061.76,84061.76,84049.32,84049.32,0.0
2026-09-29 10:36:00,84049.32,84050.0,84049.32,84050.0,0.0
2026-09-29 10:37:00,84049.99,84064.01,84038.0,84040.01,0.0
2026-09-29 10:38:00,84040.01,84043.19,84028.73,84028.73,0.0
2026-09-29 10:39:00,84028.73,84033.62,84023.01,84033.61,0.0
2026-09-29 10:40:00,84033.62,84088.0,84033.62,84087.99,0.0
2026-09-29 10:41:00,84088.0,84088.0,84046.0,84046.01,0.0
2026-09-29 10:42:00,84046.0,84055.6,84046.0,84053.22,0.0
2026-09-29 10:43:00,84053.22,84053.22,84000.0,84012.01,0.0
2026-09-29 10:44:00,84012.01,84019.87,84012.0,84018.01,0.0
2026-09-29 10:45:00,84018.0,84019.86,84000.0,84010.96,0.0
2026-09-29 10:46:00,84010.96,84038.01,84010.95,84038.0,0.0
2026-09-29 10:47:00,84038.01,84038.01,83987.99,83988.0,0.0
2026-09-29 10:48:00,83987.99,83998.01,83987.99,83998.0,0.0
2026-09-29 10:49:00,83998.01,84013.3,83998.01,84010.31,0.0
2026-09-29 10:50:00,84010.32,84029.58,84010.31,84029.57,0.0
2026-09-29 10:51:00,84029.58,84058.0,84029.58,84056.77,0.0
2026-09-29 10:52:00,84056.78,84075.8,84056.77,84069.15,0.0
2026-09-29 10:53:00,84069.16,84069.16,84052.5,84052.5,0.0
2026-09-29 10:54:00,84052.5,84064.0,84050.0,84064.0,0.0
2026-09-29 10:55:00,84064.01,84072.01,84064.01,84072.0,0.0
2026-09-29 10:56:00,84072.01,84076.49,84066.48,84066.49,0.0
2026-09-29 10:57:00,84066.48,84066.48,84029.96,84029.96,0.0
2026-09-29 10:58:00,84029.96,84032.58,84028.0,84032.58,0.0
2026-09-29 10:59:00,84032.58,84046.01,84030.49,84030.49,0.0
2026-09-29 11:00:00,84030.5,84034.01,84030.49,84030.49,0.0
2026-09-29 11:01:00,84030.49,84046.01,84030.49,84044.08,0.0
2026-09-29 11:02:00,84044.07,84044.07,84000.01,84004.0,0.0
2026-09-29 11:03:00,84004.01,84028.01,83986.46,84016.0,0.0
2026-09-29 11:04:00,84016.01,84016.01,83943.66,83943.66,0.0
2026-09-29 11:05:00,83943.66,83970.01,83936.92,83970.0,0.0
2026-09-29 11:06:00,83970.0,84042.0,83970.0,84042.0,0.0
2026-09-29 11:07:00,84042.01,84055.6,84033.99,84055.6,0.0
2026-09-29 11:08:00,84055.6,84090.01,84055.59,84067.09,0.0
2026-09-29 11:09:00,84067.1,84067.1,84030.0,84033.84,0.0
2026-09-29 11:10:00,84034.01,84055.6,84002.56,84002.57,0.0
2026-09-29 11:11:00,84002.56,84041.23,83991.24,84030.31,0.0
2026-09-29 11:12:00,84030.31,84055.6,84030.3,84041.68,0.0
2026-09-29 11:13:00,84041.68,84041.68,84028.42,84028.43,0.0
2026-09-29 11:14:00,84028.42,84030.2,84002.0,84030.19,0.0
2026-09-29 11:15:00,84030.2,84034.01,83998.0,83998.0,0.0
2026-09-29 11:16:00,83998.01,83998.01,83986.0,83998.0,0.0
2026-09-29 11:17:00,83998.01,84013.82,83998.0,84013.81,0.0
2026-09-29 11:18:00,84013.82,84060.01,84013.81,84060.0,0.0
2026-09-29 11:19:00,84060.01,84071.15,84034.0,84034.0,0.0
2026-09-29 11:20:00,84034.01,84044.98,84008.32,84044.97,0.0
2026-09-29 11:21:00,84044.98,84044.98,84020.56,84044.01,0.0
2026-09-29 11:22:00,84044.0,84055.6,84044.0,84055.6,0.0
2026-09-29 11:23:00,84055.6,84056.77,84050.0,84056.76,0.0
2026-09-29 11:24:00,84056.76,84068.01,84056.76,84068.01,0.0
2026-09-29 11:25:00,84068.01,84077.46,84066.0,84066.01,0.0
2026-09-29 11:26:00,84066.0,84077.46,84066.0,84077.45,0.0
2026-09-29 11:27:00,84077.46,84077.46,84074.74,84076.01,0.0
2026-09-29 11:28:00,84076.0,84076.01,84076.0,84076.01,0.0
2026-09-29 11:29:00,84076.01,84076.01,84063.18,84068.3,0.0
2026-09-29 11:30:00,84068.29,84092.01,84063.19,84092.0,0.0
2026-09-29 11:31:00,84092.0,84100.0,84092.0,84099.99,0.0
2026-09-29 11:32:00,84099.99,84230.81,84099.99,84230.0,0.0
2026-09-29 11:33:00,84230.0,84230.01,84196.45,84229.32,0.0
2026-09-29 11:34:00,84229.33,84266.2,84224.01,84248.0,0.0
2026-09-29 11:35:00,84248.0,84265.66,84224.01,84260.0,0.0
2026-09-29 11:36:00,84260.01,84268.98,84212.0,84212.01,0.0
2026-09-29 11:37:00,84212.0,84236.01,84192.0,84192.0,0.0
2026-09-29 11:38:00,84192.0,84268.01,84192.0,84268.0,0.0
2026-09-29 11:39:00,84268.0,84272.01,84242.0,84250.01,0.0
2026-09-29 11:40:00,84250.0,84250.01,84234.15,84234.15,0.0
2026-09-29 11:41:00,84234.16,84234.16,84214.41,84223.62,0.0
2026-09-29 11:42:00,84223.61,84223.62,84199.32,84199.33,0.0
2026-09-29 11:43:00,84199.32,84234.15,84199.32,84234.15,0.0
2026-09-29 11:44:00,84234.14,84262.5,84234.14,84262.5,0.0
2026-09-29 11:45:00,84262.5,84288.0,84252.0,84269.2,0.0
2026-09-29 11:46:00,84269.2,84307.0,84269.19,84306.99,0.0
2026-09-29 11:47:00,84306.99,84330.0,84306.72,84327.35,0.0
2026-09-29 11:48:00,84327.36,84335.0,84324.0,84334.99,0.0
2026-09-29 11:49:00,84334.99,84432.96,84302.0,84432.96,0.0
2026-09-29 11:50:00,84432.95,84500.0,84418.0,84462.74,0.0
2026-09-29 11:51:00,84462.73,84476.01,84330.0,84340.0,0.0
2026-09-29 11:52:00,84340.01,84434.01,84340.01,84430.0,0.0
2026-09-29 11:53:00,84430.0,84452.19,84430.0,84444.0,0.0
2026-09-29 11:54:00,84444.0,84455.21,84382.0,84455.2,0.0
2026-09-29 11:55:00,84455.2,84455.21,84426.0,84426.0,0.0
2026-09-29 11:56:00,84426.0,84450.01,84426.0,84434.0,0.0
2026-09-29 11:57:00,84434.01,84437.21,84374.31,84383.82,0.0
2026-09-29 11:58:00,84383.83,84410.01,84383.82,84391.5,0.0
2026-09-29 11:59:00,84391.49,84391.5,84358.0,84358.01,0.0
2026-09-29 12:00:00,84358.0,84368.0,84308.59,84368.0,0.0
2026-09-29 12:01:00,84368.0,84408.45,84368.0,84395.83,0.0
2026-09-29 12:02:00,84395.83,84412.01,84386.0,84412.0,0.0
2026-09-29 12:03:00,84412.01,84412.01,84370.0,84370.01,0.0
2026-09-29 12:04:00,84370.01,84429.79,84370.0,84427.2,0.0
2026-09-29 12:05:00,84427.2,84427.2,84378.01,84383.25,0.0
2026-09-29 12:06:00,84383.26,84383.26,84324.36,84324.36,0.0
2026-09-29 12:07:00,84324.37,84349.7,84314.0,84328.34,0.0
2026-09-29 12:08:00,84328.35,84328.35,84304.18,84304.18,0.0
2026-09-29 12:09:00,84304.18,84338.01,84299.45,84334.05,0.0
2026-09-29 12:10:00,84334.05,84334.06,84325.0,84325.01,0.0
2026-09-29 12:11:00,84325.0,84325.0,84306.3,84318.98,0.0
2026-09-29 12:12:00,84318.99,84336.66,84318.98,84319.16,0.0
2026-09-29 12:13:00,84319.16,84367.43,84319.16,84353.88,0.0
2026-09-29 12:14:00,84353.89,84353.89,84327.44,84327.44,0.0
2026-09-29 12:15:00,84327.45,84383.26,84327.44,84329.62,0.0
2026-09-29 12:16:00,84329.63,84401.53,84326.07,84401.52,0.0
2026-09-29 12:17:00,84401.52,84432.01,84380.0,84432.0,0.0
2026-09-29 12:18:00,84432.01,84488.99,84392.0,84407.25,0.0
2026-09-29 12:19:00,84407.25,84407.25,84245.04,84266.19,0.0
2026-09-29 12:20:00,84266.19,84266.2,84212.13,84238.0,0.0
2026-09-29 12:21:00,84238.01,84258.01,84222.0,84222.01,0.0
2026-09-29 12:22:00,84222.01,84246.01,84205.18,84218.87,0.0
2026-09-29 12:23:00,84218.86,84220.01,84209.38,84218.08,0.0
2026-09-29 12:24:00,84218.08,84218.08,84164.0,84165.81,0.0
2026-09-29 12:25:00,84165.81,84165.82,84133.0,84136.31,0.0
2026-09-29 12:26:00,84136.31,84179.0,84136.31,84170.65,0.0
2026-09-29 12:27:00,84170.66,84212.01,84152.7,84176.01,0.0
2026-09-29 12:28:00,84176.01,84194.01,84158.38,84180.0,0.0
2026-09-29 12:29:00,84180.0,84203.93,84180.0,84203.93,0.0
2026-09-29 12:30:00,84203.93,84247.27,84203.93,84229.4,0.0
2026-09-29 12:31:00,84229.41,84245.32,84218.09,84242.42,0.0
2026-09-29 12:32:00,84242.42,84276.01,84242.42,84261.52,0.0
2026-09-29 12:33:00,84261.51,84261.52,84218.64,84238.32,0.0
2026-09-29 12:34:00,84238.32,84295.49,84238.32,84295.49,0.0
2026-09-29 12:35:00,84295.49,84343.92,84280.0,84309.42,0.0
2026-09-29 12:36:00,84309.43,84322.35,84302.0,84316.0,0.0
2026-09-29 12:37:00,84316.01,84440.01,84316.01,84440.0,0.0
2026-09-29 12:38:00,84440.0,84480.0,84434.15,84464.01,0.0
2026-09-29 12:39:00,84464.01,84466.01,84386.44,84392.01,0.0
2026-09-29 12:40:00,84392.01,84392.01,84355.74,84389.99,0.0
2026-09-29 12:41:00,84389.99,84420.0,84389.99,84398.0,0.0
2026-09-29 12:42:00,84398.01,84408.01,84370.0,84372.0,0.0
2026-09-29 12:43:00,84372.0,84372.01,84360.0,84361.99,0.0
2026-09-29 12:44:00,84361.99,84362.0,84342.0,84353.78,0.0
2026-09-29 12:45:00,84353.78,84362.6,84268.24,84268.24,0.0
2026-09-29 12:46:00,84268.24,84291.46,84256.0,84276.0,0.0
2026-09-29 12:47:00,84276.0,84315.99,84276.0,84306.01,0.0
2026-09-29 12:48:00,84306.0,84319.28,84288.97,84319.27,0.0
2026-09-29 12:49:00,84319.28,84319.28,84290.0,84294.0,0.0
2026-09-29 12:50:00,84294.01,84294.01,84276.01,84276.02,0.0
2026-09-29 12:51:00,84276.02,84300.0,84260.0,84299.99,0.0
2026-09-29 12:52:00,84300.0,84346.01,84300.0,84346.01,0.0
2026-09-29 12:53:00,84346.0,84346.01,84298.0,84298.01,0.0
2026-09-29 12:54:00,84298.01,84334.01,84298.0,84334.01,0.0
2026-09-29 12:55:00,84334.01,84350.01,84324.0,84326.19,0.0
2026-09-29 12:56:00,84326.19,84390.0,84326.18,84375.27,0.0
2026-09-29 12:57:00,84375.26,84375.27,84354.01,84354.01,0.0
2026-09-29 12:58:00,84354.02,84354.02,84322.94,84322.94,0.0
2026-09-29 12:59:00,84322.94,84332.85,84322.94,84332.85,0.0
2026-09-29 13:00:00,84332.85,84364.01,84321.06,84321.06,0.0
2026-09-29 13:01:00,84321.05,84321.06,84266.2,84301.49,0.0
2026-09-29 13:02:00,84301.49,84322.87,84301.48,84316.24,0.0
2026-09-29 13:03:00,84316.23,84316.24,84268.0,84268.0,0.0
2026-09-29 13:04:00,84268.01,84294.02,84249.65,84294.02,0.0
2026-09-29 13:05:00,84294.02,84324.01,84294.02,84324.0,0.0
2026-09-29 13:06:00,84324.01,84324.01,84313.37,84319.98,0.0
2026-09-29 13:07:00,84319.99,84346.01,84319.98,84346.01,0.0
2026-09-29 13:08:00,84346.01,84378.99,84346.0,84378.98,0.0
2026-09-29 13:09:00,84378.99,84438.46,84378.98,84438.46,0.0
2026-09-29 13:10:00,84438.45,84450.0,84410.0,84410.01,0.0
2026-09-29 13:11:00,84410.01,84421.45,84386.0,84421.44,0.0
2026-09-29 13:12:00,84421.45,84428.0,84403.32,84414.12,0.0
2026-09-29 13:13:00,84414.12,84415.82,84398.73,84401.98,0.0
2026-09-29 13:14:00,84401.97,84419.86,84401.97,84410.01,0.0
2026-09-29 13:15:00,84410.0,84410.01,84338.01,84371.71,0.0
2026-09-29 13:16:00,84371.72,84391.14,84371.71,84391.13,0.0
2026-09-29 13:17:00,84391.13,84426.01,84391.13,84426.0,0.0
2026-09-29 13:18:00,84426.01,84446.69,84408.0,84408.01,0.0
2026-09-29 13:19:00,84408.01,84446.7,84408.01,84446.69,0.0
2026-09-29 13:20:00,84446.7,84446.7,84431.07,84431.08,0.0
2026-09-29 13:21:00,84431.07,84440.15,84431.07,84440.14,0.0
2026-09-29 13:22:00,84440.15,84440.15,84431.08,84440.15,0.0
2026-09-29 13:23:00,84440.15,84441.3,84440.14,84441.3,0.0
2026-09-29 13:24:00,84441.29,84489.62,84441.29,84489.61,0.0
2026-09-29 13:25:00,84489.61,84563.99,84406.6,84406.6,0.0
2026-09-29 13:26:00,84406.6,84410.01,84368.0,84410.0,0.0
2026-09-29 13:27:00,84410.0,84438.28,84380.0,84438.27,0.0
2026-09-29 13:28:00,84438.27,84438.27,84362.0,84362.0,0.0
2026-09-29 13:29:00,84362.0,84386.01,84344.0,84361.84,0.0
2026-09-29 13:30:00,84361.84,84361.85,84196.0,84254.0,0.0
2026-09-29 13:31:00,84254.01,84308.0,84183.13,84212.0,0.0
2026-09-29 13:32:00,84212.0,84246.01,84145.0,84145.0,0.0
2026-09-29 13:33:00,84145.0,84150.01,84072.0,84074.01,0.0
2026-09-29 13:34:00,84074.0,84137.06,84055.6,84130.01,0.0
2026-09-29 13:35:00,84130.0,84152.75,84025.26,84025.68,0.0
2026-09-29 13:36:00,84025.68,84120.01,84025.68,84102.0,0.0
2026-09-29 13:37:00,84102.0,84206.01,84102.0,84164.01,0.0
2026-09-29 13:38:00,84164.0,84198.01,84136.0,84198.0,0.0
2026-09-29 13:39:00,84198.0,84246.01,84198.0,84219.58,0.0
2026-09-29 13:40:00,84219.59,84231.17,84152.0,84164.67,0.0
2026-09-29 13:41:00,84164.68,84219.07,84164.67,84218.01,0.0
2026-09-29 13:42:00,84218.01,84266.01,84206.0,84233.61,0.0
2026-09-29 13:43:00,84233.6,84328.01,84186.0,84186.01,0.0
2026-09-29 13:44:00,84186.01,84214.01,84148.0,84192.01,0.0
2026-09-29 13:45:00,84192.01,84235.01,84161.81,84168.01,0.0
2026-09-29 13:46:00,84168.01,84210.01,84112.78,84112.78,0.0
2026-09-29 13:47:00,84112.78,84184.02,84082.14,84128.87,0.0
2026-09-29 13:48:00,84128.87,84156.01,84082.0,84082.0,0.0
2026-09-29 13:49:00,84082.01,84182.01,84082.0,84182.0,0.0
2026-09-29 13:50:00,84182.0,84216.01,84140.39,84194.0,0.0
2026-09-29 13:51:00,84194.0,84227.35,84183.23,84216.0,0.0
2026-09-29 13:52:00,84216.0,84317.74,84216.0,84317.74,0.0
2026-09-29 13:53:00,84317.73,84371.5,84317.73,84358.0,0.0
2026-09-29 13:54:00,84358.01,84400.0,84358.0,84400.0,0.0
2026-09-29 13:55:00,84400.0,84432.01,84387.24,84432.0,0.0
2026-09-29 13:56:00,84432.01,84456.01,84372.0,84372.0,0.0
2026-09-29 13:57:00,84372.01,84372.01,84286.0,84312.01,0.0
2026-09-29 13:58:00,84312.01,84312.01,84254.0,84254.0,0.0
2026-09-29 13:59:00,84254.0,84254.0,84200.0,84200.01,0.0
2026-09-29 14:00:00,84200.01,84288.01,84200.0,84248.0,0.0
2026-09-29 14:01:00,84248.0,84272.01,84102.0,84102.0,0.0
2026-09-29 14:02:00,84102.0,84102.0,83985.04,84007.58,0.0
2026-09-29 14:03:00,84007.58,84084.0,83989.25,84076.83,0.0
2026-09-29 14:04:00,84076.83,84076.83,83998.04,84012.01,0.0
2026-09-29 14:05:00,84012.0,84026.01,83989.18,84008.0,0.0
2026-09-29 14:06:00,84008.0,84008.0,83890.0,83920.01,0.0
2026-09-29 14:07:00,83920.01,83966.01,83920.0,83948.0,0.0
2026-09-29 14:08:00,83948.01,84018.01,83944.0,83970.66,0.0
2026-09-29 14:09:00,83970.65,83970.65,83896.06,83900.0,0.0
2026-09-29 14:10:00,83900.01,83958.01,83890.0,83958.0,0.0
2026-09-29 14:11:00,83958.0,83972.01,83895.03,83918.01,0.0
2026-09-29 14:12:00,83918.0,83918.0,83875.01,83896.87,0.0
2026-09-29 14:13:00,83896.87,83968.01,83896.87,83932.0,0.0
2026-09-29 14:14:00,83932.01,83968.01,83925.3,83925.3,0.0
2026-09-29 14:15:00,83925.31,83940.01,83898.05,83906.76,0.0
2026-09-29 14:16:00,83906.76,83916.48,83854.26,83874.01,0.0
2026-09-29 14:17:00,83874.01,83956.01,83874.01,83928.56,0.0
2026-09-29 14:18:00,83928.55,83981.11,83924.0,83981.1,0.0
2026-09-29 14:19:00,83981.1,84055.6,83981.1,84055.6,0.0
2026-09-29 14:20:00,84055.59,84068.01,83911.4,83911.4,0.0
2026-09-29 14:21:00,83911.4,83944.01,83869.8,83944.0,0.0
2026-09-29 14:22:00,83944.01,83980.0,83912.01,83980.0,0.0
2026-09-29 14:23:00,83980.01,83981.11,83899.02,83940.0,0.0
2026-09-29 14:24:00,83940.0,83940.0,83890.0,83934.0,0.0
2026-09-29 14:25:00,83934.01,84016.01,83912.0,84016.0,0.0
2026-09-29 14:26:00,84016.0,84066.42,84016.0,84066.42,0.0
2026-09-29 14:27:00,84066.41,84074.96,84066.0,84074.96,0.0
2026-09-29 14:28:00,84074.96,84080.01,84011.91,84011.91,0.0
2026-09-29 14:29:00,84011.9,84011.9,83942.16,83942.16,0.0
2026-09-29 14:30:00,83942.17,83959.79,83907.38,83950.3,0.0
2026-09-29 14:31:00,83950.29,84009.05,83950.0,83980.8,0.0
2026-09-29 14:32:00,83980.81,84011.7,83942.42,83976.01,0.0
2026-09-29 14:33:00,83976.01,83985.41,83935.77,83950.29,0.0
2026-09-29 14:34:00,83950.29,83962.01,83924.0,83924.01,0.0
2026-09-29 14:35:00,83924.01,83924.01,83845.0,83900.0,0.0
2026-09-29 14:36:00,83900.0,83900.01,83808.91,83812.0,0.0
2026-09-29 14:37:00,83812.0,83845.0,83764.0,83823.29,0.0
2026-09-29 14:38:00,83823.28,83904.01,83823.28,83890.0,0.0
2026-09-29 14:39:00,83890.0,83904.0,83874.0,83903.99,0.0
2026-09-29 14:40:00,83904.0,83989.27,83904.0,83932.53,0.0
2026-09-29 14:41:00,83932.53,83984.01,83924.1,83952.0,0.0
2026-09-29 14:42:00,83952.0,84014.96,83930.01,83974.01,0.0
2026-09-29 14:43:00,83974.0,83974.01,83903.39,83903.4,0.0
2026-09-29 14:44:00,83903.4,83903.4,83830.0,83890.85,0.0
2026-09-29 14:45:00,83890.85,84000.1,83890.85,84000.1,0.0
2026-09-29 14:46:00,84000.09,84009.75,83966.0,83978.21,0.0
2026-09-29 14:47:00,83978.21,83978.21,83888.4,83894.0,0.0
2026-09-29 14:48:00,83894.01,83950.3,83894.01,83911.02,0.0
2026-09-29 14:49:00,83911.02,83911.02,83795.02,83798.04,0.0
2026-09-29 14:50:00,83798.03,83798.03,83688.0,83744.01,0.0
2026-09-29 14:51:00,83744.01,83870.01,83728.0,83870.0,0.0
2026-09-29 14:52:00,83870.0,83878.01,83818.34,83824.0,0.0
2026-09-29 14:53:00,83824.0,83826.54,83798.01,83808.0,0.0
2026-09-29 14:54:00,83808.01,83834.58,83804.45,83820.0,0.0
2026-09-29 14:55:00,83820.0,83880.01,83820.0,83860.01,0.0
2026-09-29 14:56:00,83860.0,83878.01,83858.0,83878.01,0.0
2026-09-29 14:57:00,83878.01,83882.01,83843.76,83866.72,0.0
2026-09-29 14:58:00,83866.73,83868.01,83838.0,83838.01,0.0
2026-09-29 14:59:00,83838.0,83838.01,83752.0,83752.01,0.0
2026-09-29 15:00:00,83752.0,83756.25,83690.77,83690.77,0.0
2026-09-29 15:01:00,83690.77,83690.78,83639.65,83683.0,0.0
2026-09-29 15:02:00,83682.99,83739.7,83664.0,83670.7,0.0
2026-09-29 15:03:00,83670.71,83676.01,83639.66,83639.66,0.0
2026-09-29 15:04:00,83639.66,83664.01,83600.01,83600.01,0.0
2026-09-29 15:05:00,83600.0,83611.3,83488.63,83496.48,0.0
2026-09-29 15:06:00,83496.48,83614.01,83480.06,83596.0,0.0
2026-09-29 15:07:00,83596.0,83596.0,83507.7,83529.1,0.0
2026-09-29 15:08:00,83529.1,83554.01,83482.22,83536.73,0.0
2026-09-29 15:09:00,83536.74,83634.01,83534.81,83628.01,0.0
2026-09-29 15:10:00,83628.0,83672.0,83606.0,83606.0,0.0
2026-09-29 15:11:00,83606.01,83606.01,83558.33,83564.22,0.0
2026-09-29 15:12:00,83564.23,83564.23,83420.98,83422.7,0.0
2026-09-29 15:13:00,83422.7,83422.71,83367.62,83389.11,0.0
2026-09-29 15:14:00,83389.11,83439.05,83364.0,83430.82,0.0
2026-09-29 15:15:00,83430.83,83484.01,83415.39,83483.47,0.0
2026-09-29 15:16:00,83483.48,83496.01,83464.17,83476.01,0.0
2026-09-29 15:17:00,83476.02,83476.02,83380.15,83380.15,0.0
2026-09-29 15:18:00,83380.16,83396.44,83292.24,83297.0,0.0
2026-09-29 15:19:00,83296.99,83340.0,83288.0,83295.14,0.0
2026-09-29 15:20:00,83295.13,83334.01,83252.0,83290.51,0.0
2026-09-29 15:21:00,83290.5,83317.27,83223.57,83297.86,0.0
2026-09-29 15:22:00,83297.87,83318.5,83243.45,83243.45,0.0
2026-09-29 15:23:00,83243.44,83252.0,83158.0,83160.86,0.0
2026-09-29 15:24:00,83160.87,83160.87,83025.5,83043.21,0.0
2026-09-29 15:25:00,83043.21,83063.06,82988.24,83014.35,0.0
2026-09-29 15:26:00,83014.34,83078.01,83000.0,83008.69,0.0
2026-09-29 15:27:00,83008.69,83008.7,82931.21,82950.17,0.0
2026-09-29 15:28:00,82950.18,83020.09,82910.0,82991.97,0.0
2026-09-29 15:29:00,82991.97,83028.0,82991.96,82994.54,0.0
2026-09-29 15:30:00,82994.53,83087.68,82988.73,83019.33,0.0
2026-09-29 15:31:00,83019.34,83062.0,82986.0,83062.0,0.0
2026-09-29 15:32:00,83062.0,83162.71,83060.01,83162.7,0.0
2026-09-29 15:33:00,83162.71,83198.0,83146.0,83146.01,0.0
2026-09-29 15:34:00,83146.01,83202.01,83146.0,83162.01,0.0
2026-09-29 15:35:00,83162.01,83200.01,83144.0,83188.0,0.0
2026-09-29 15:36:00,83188.0,83206.01,83170.0,83184.01,0.0
2026-09-29 15:37:00,83184.0,83212.0,83184.0,83196.01,0.0
2026-09-29 15:38:00,83196.01,83196.01,83174.0,83191.4,0.0
2026-09-29 15:39:00,83191.4,83219.91,83191.4,83213.12,0.0
2026-09-29 15:40:00,83213.13,83234.84,83209.04,83234.83,0.0
2026-09-29 15:41:00,83234.83,83242.4,83184.0,83184.01,0.0
2026-09-29 15:42:00,83184.0,83200.0,83160.31,83184.0,0.0
2026-09-29 15:43:00,83184.0,83184.01,83140.0,83159.99,0.0
2026-09-29 15:44:00,83160.0,83179.58,83140.01,83179.58,0.0
2026-09-29 15:45:00,83179.58,83230.01,83179.58,83200.55,0.0
2026-09-29 15:46:00,83200.56,83203.5,83112.17,83112.17,0.0
2026-09-29 15:47:00,83112.18,83265.96,83084.9,83259.45,0.0
2026-09-29 15:48:00,83259.45,83331.13,83214.0,83318.45,0.0
2026-09-29 15:49:00,83318.46,83318.46,83262.7,83265.35,0.0
2026-09-29 15:50:00,83265.36,83274.01,83114.44,83129.22,0.0
2026-09-29 15:51:00,83129.21,83146.01,83120.34,83135.73,0.0
2026-09-29 15:52:00,83135.73,83135.73,83043.78,83043.79,0.0
2026-09-29 15:53:00,83043.79,83055.0,82962.0,82974.01,0.0
2026-09-29 15:54:00,82974.01,82988.19,82929.0,82988.19,0.0
2026-09-29 15:55:00,82988.19,83054.54,82988.18,83012.75,0.0
2026-09-29 15:56:00,83012.76,83046.94,83012.75,83040.64,0.0
2026-09-29 15:57:00,83040.65,83083.61,83000.0,83000.0,0.0
2026-09-29 15:58:00,83000.01,83003.94,82970.17,82970.17,0.0
2026-09-29 15:59:00,82970.18,83068.01,82970.13,83068.0,0.0
2026-09-29 16:00:00,83068.0,83138.63,83066.01,83112.0,0.0
2026-09-29 16:01:00,83112.01,83145.81,83096.01,83130.02,0.0
2026-09-29 16:02:00,83130.02,83145.81,83106.0,83137.55,0.0
2026-09-29 16:03:00,83137.56,83137.57,83098.0,83098.0,0.0
2026-09-29 16:04:00,83098.01,83098.01,83058.0,83058.0,0.0
2026-09-29 16:05:00,83058.01,83099.36,83041.47,83095.55,0.0
2026-09-29 16:06:00,83095.56,83095.56,83040.0,83040.01,0.0
2026-09-29 16:07:00,83040.01,83040.01,82982.01,83028.01,0.0
2026-09-29 16:08:00,83028.01,83032.01,82996.41,82996.42,0.0
2026-09-29 16:09:00,82996.42,83002.6,82983.56,83002.6,0.0
2026-09-29 16:10:00,83002.59,83081.58,83002.59,83062.65,0.0
2026-09-29 16:11:00,83062.65,83064.17,83024.0,83052.47,0.0
2026-09-29 16:12:00,83052.47,83056.01,83010.0,83010.01,0.0
2026-09-29 16:13:00,83010.0,83035.98,83003.06,83012.01,0.0
2026-09-29 16:14:00,83012.02,83030.01,82962.6,83030.0,0.0
2026-09-29 16:15:00,83030.01,83036.01,83004.0,83018.07,0.0
2026-09-29 16:16:00,83018.06,83111.96,82997.32,83111.96,0.0
2026-09-29 16:17:00,83111.95,83150.01,83109.65,83109.65,0.0
2026-09-29 16:18:00,83109.66,83114.01,83088.84,83114.0,0.0
2026-09-29 16:19:00,83114.0,83124.51,83084.34,83102.0,0.0
2026-09-29 16:20:00,83102.01,83156.01,83102.0,83144.0,0.0
2026-09-29 16:21:00,83144.0,83185.67,83140.17,83158.02,0.0
2026-09-29 16:22:00,83158.02,83198.01,83156.0,83188.01,0.0
2026-09-29 16:23:00,83188.0,83188.01,83154.0,83184.99,0.0
2026-09-29 16:24:00,83185.0,83212.01,83184.99,83195.8,0.0
2026-09-29 16:25:00,83195.81,83220.01,83180.01,83214.38,0.0
2026-09-29 16:26:00,83214.38,83250.0,83214.37,83249.99,0.0
2026-09-29 16:27:00,83249.99,83264.39,83249.99,83256.01,0.0
2026-09-29 16:28:00,83256.0,83290.0,83252.01,83252.01,0.0
2026-09-29 16:29:00,83252.02,83278.01,83252.01,83258.0,0.0
2026-09-29 16:30:00,83258.01,83258.01,83182.0,83182.0,0.0
2026-09-29 16:31:00,83182.01,83183.8,83140.22,83158.76,0.0
2026-09-29 16:32:00,83158.77,83213.2,83158.77,83162.0,0.0
2026-09-29 16:33:00,83162.0,83194.01,83158.0,83192.02,0.0
2026-09-29 16:34:00,83192.02,83222.01,83185.01,83222.0,0.0
2026-09-29 16:35:00,83222.01,83270.01,83222.0,83240.0,0.0
2026-09-29 16:36:00,83240.01,83260.01,83230.0,83258.0,0.0
2026-09-29 16:37:00,83258.01,83267.5,83238.0,83266.0,0.0
2026-09-29 16:38:00,83266.0,83276.01,83252.58,83259.94,0.0
2026-09-29 16:39:00,83259.95,83259.95,83194.0,83194.01,0.0
2026-09-29 16:40:00,83194.01,83194.01,83136.0,83144.0,0.0
2026-09-29 16:41:00,83144.01,83164.01,83094.0,83094.01,0.0
2026-09-29 16:42:00,83094.01,83118.01,83083.09,83088.0,0.0
2026-09-29 16:43:00,83088.01,83090.83,83042.0,83066.0,0.0
2026-09-29 16:44:00,83066.01,83070.01,83044.0,83044.01,0.0
2026-09-29 16:45:00,83044.01,83080.01,82962.0,82964.01,0.0
2026-09-29 16:46:00,82964.01,83073.27,82962.06,83073.27,0.0
2026-09-29 16:47:00,83073.26,83088.01,83030.0,83030.02,0.0
2026-09-29 16:48:00,83030.01,83042.01,83002.0,83039.94,0.0
2026-09-29 16:49:00,83039.95,83048.01,82980.0,83008.0,0.0
2026-09-29 16:50:00,83008.0,83054.01,83008.0,83043.46,0.0
2026-09-29 16:51:00,83043.47,83078.01,83026.0,83026.0,0.0
2026-09-29 16:52:00,83026.0,83050.01,83004.0,83026.01,0.0
2026-09-29 16:53:00,83026.01,83032.42,82949.99,82950.0,0.0
2026-09-29 16:54:00,82949.99,82966.01,82944.69,82946.02,0.0
2026-09-29 16:55:00,82946.03,82950.01,82939.99,82946.05,0.0
2026-09-29 16:56:00,82946.05,82946.06,82900.0,82928.89,0.0
2026-09-29 16:57:00,82928.89,83018.01,82928.89,83013.61,0.0
2026-09-29 16:58:00,83013.61,83061.28,83013.61,83061.27,0.0
2026-09-29 16:59:00,83061.27,83074.01,83061.27,83061.27,0.0
2026-09-29 17:00:00,83061.28,83064.01,83024.69,83024.69,0.0
2026-09-29 17:01:00,83024.69,83054.01,83020.0,83040.0,0.0
2026-09-29 17:02:00,83040.0,83044.01,83025.29,83034.11,0.0
2026-09-29 17:03:00,83034.1,83086.0,83014.98,83086.0,0.0
2026-09-29 17:04:00,83085.99,83108.01,83085.99,83100.0,0.0
2026-09-29 17:05:00,83100.0,83150.01,83086.0,83150.01,0.0
2026-09-29 17:06:00,83150.01,83181.52,83150.0,83168.0,0.0
2026-09-29 17:07:00,83168.01,83172.01,83150.0,83150.0,0.0
2026-09-29 17:08:00,83150.01,83166.81,83150.0,83166.8,0.0
2026-09-29 17:09:00,83166.81,83188.6,83166.0,83166.01,0.0
2026-09-29 17:10:00,83166.0,83166.01,83150.0,83150.01,0.0
2026-09-29 17:11:00,83150.0,83188.01,83136.01,83144.0,0.0
2026-09-29 17:12:00,83144.0,83144.0,83096.18,83126.67,0.0
2026-09-29 17:13:00,83126.67,83143.98,83113.86,83132.74,0.0
2026-09-29 17:14:00,83132.73,83166.48,83132.73,83166.47,0.0
2026-09-29 17:15:00,83166.48,83180.69,83152.93,83152.93,0.0
2026-09-29 17:16:00,83152.94,83152.94,83070.0,83080.0,0.0
2026-09-29 17:17:00,83080.01,83113.87,83068.17,83093.79,0.0
2026-09-29 17:18:00,83093.79,83123.25,83093.78,83110.01,0.0
2026-09-29 17:19:00,83110.0,83142.01,83106.0,83142.01,0.0
2026-09-29 17:20:00,83142.01,83152.01,83118.0,83118.0,0.0
2026-09-29 17:21:00,83118.01,83118.01,83050.0,83050.01,0.0
2026-09-29 17:22:00,83050.0,83055.77,83050.0,83054.0,0.0
2026-09-29 17:23:00,83054.0,83118.01,83054.0,83116.0,0.0
2026-09-29 17:24:00,83116.0,83126.01,83100.0,83116.0,0.0
2026-09-29 17:25:00,83116.01,83126.01,83104.0,83110.59,0.0
2026-09-29 17:26:00,83110.6,83124.01,83108.0,83108.01,0.0
2026-09-29 17:27:00,83108.01,83136.01,83108.01,83136.0,0.0
2026-09-29 17:28:00,83136.01,83145.98,83108.0,83108.0,0.0
2026-09-29 17:29:00,83108.01,83178.01,83108.0,83178.0,0.0
2026-09-29 17:30:00,83178.01,83208.01,83178.01,83202.01,0.0
2026-09-29 17:31:00,83202.01,83218.01,83192.0,83218.0,0.0
2026-09-29 17:32:00,83218.0,83218.01,83170.0,83208.0,0.0
2026-09-29 17:33:00,83208.01,83213.2,83190.0,83190.01,0.0
2026-09-29 17:34:00,83190.0,83214.01,83176.79,83176.79,0.0
2026-09-29 17:35:00,83176.79,83180.01,83122.0,83126.01,0.0
2026-09-29 17:36:00,83126.01,83162.01,83126.0,83136.42,0.0
2026-09-29 17:37:00,83136.41,83156.01,83126.0,83126.01,0.0
2026-09-29 17:38:00,83126.01,83140.01,83107.9,83107.91,0.0
2026-09-29 17:39:00,83107.9,83137.39,83107.9,83134.0,0.0
2026-09-29 17:40:00,83134.0,83156.01,83134.0,83154.01,0.0
2026-09-29 17:41:00,83154.01,83185.52,83150.0,83168.01,0.0
2026-09-29 17:42:00,83168.01,83170.01,83154.0,83160.0,0.0
2026-09-29 17:43:00,83160.0,83160.01,83132.19,83137.43,0.0
2026-09-29 17:44:00,83137.44,83148.01,83132.01,83132.01,0.0
2026-09-29 17:45:00,83132.01,83171.24,83132.0,83168.0,0.0
2026-09-29 17:46:00,83168.01,83168.01,83100.0,83100.0,0.0
2026-09-29 17:47:00,83100.0,83106.01,83076.0,83102.17,0.0
2026-09-29 17:48:00,83102.17,83122.01,83086.0,83112.01,0.0
2026-09-29 17:49:00,83112.0,83116.01,83063.23,83063.23,0.0
2026-09-29 17:50:00,83063.24,83072.01,83044.01,83044.01,0.0
2026-09-29 17:51:00,83044.0,83044.0,82994.98,83042.01,0.0
2026-09-29 17:52:00,83042.0,83067.56,83042.0,83067.55,0.0
2026-09-29 17:53:00,83067.56,83067.56,83008.0,83030.01,0.0
2026-09-29 17:54:00,83030.01,83068.01,83029.75,83044.0,0.0
2026-09-29 17:55:00,83044.0,83046.01,83030.0,83030.0,0.0
2026-09-29 17:56:00,83030.01,83045.89,83008.05,83014.0,0.0
2026-09-29 17:57:00,83014.01,83026.01,83008.28,83010.01,0.0
2026-09-29 17:58:00,83010.0,83010.01,82985.0,83006.0,0.0
2026-09-29 17:59:00,83006.01,83078.01,83006.0,83078.01,0.0
2026-09-29 18:00:00,83078.01,83281.03,83078.01,83281.03,0.0
2026-09-29 18:01:00,83281.02,83300.0,83230.0,83234.18,0.0
2026-09-29 18:02:00,83234.18,83280.01,83234.18,83270.0,0.0
2026-09-29 18:03:00,83270.0,83270.01,83220.0,83232.01,0.0
2026-09-29 18:04:00,83232.0,83299.99,83232.0,83298.99,0.0
2026-09-29 18:05:00,83299.0,83356.01,83278.0,83342.0,0.0
2026-09-29 18:06:00,83342.01,83412.01,83342.0,83412.0,0.0
2026-09-29 18:07:00,83412.0,83432.01,83346.0,83346.0,0.0
2026-09-29 18:08:00,83346.01,83374.01,83330.0,83338.01,0.0
2026-09-29 18:09:00,83338.01,83372.01,83300.0,83300.01,0.0
2026-09-29 18:10:00,83300.01,83324.01,83290.1,83310.0,0.0
2026-09-29 18:11:00,83310.01,83336.01,83310.0,83322.0,0.0
2026-09-29 18:12:00,83322.01,83382.01,83322.0,83382.01,0.0
2026-09-29 18:13:00,83382.01,83418.01,83364.61,83418.0,0.0
2026-09-29 18:14:00,83418.0,83428.01,83418.0,83428.01,0.0
2026-09-29 18:15:00,83428.0,83466.01,83428.0,83464.0,0.0
2026-09-29 18:16:00,83464.0,83506.01,83464.0,83478.01,0.0
2026-09-29 18:17:00,83478.01,83478.01,83404.0,83432.0,0.0
2026-09-29 18:18:00,83432.0,83432.0,83400.0,83422.0,0.0
2026-09-29 18:19:00,83422.01,83423.8,83416.44,83423.79,0.0
2026-09-29 18:20:00,83423.79,83450.0,83410.0,83450.0,0.0
2026-09-29 18:21:00,83450.01,83474.01,83442.0,83474.0,0.0
2026-09-29 18:22:00,83474.01,83514.01,83458.0,83514.0,0.0
2026-09-29 18:23:00,83514.0,83519.0,83504.97,83516.01,0.0
2026-09-29 18:24:00,83516.0,83516.01,83498.0,83502.67,0.0
2026-09-29 18:25:00,83502.66,83506.01,83484.13,83484.14,0.0
2026-09-29 18:26:00,83484.13,83484.13,83444.0,83444.0,0.0
2026-09-29 18:27:00,83444.0,83464.0,83436.0,83440.01,0.0
2026-09-29 18:28:00,83440.01,83482.01,83440.01,83482.0,0.0
2026-09-29 18:29:00,83482.0,83482.0,83427.65,83427.65,0.0
2026-09-29 18:30:00,83427.66,83506.01,83414.0,83496.0,0.0
2026-09-29 18:31:00,83496.01,83498.01,83446.0,83492.01,0.0
2026-09-29 18:32:00,83492.01,83550.0,83492.01,83549.99,0.0
2026-09-29 18:33:00,83550.0,83560.01,83540.0,83544.0,0.0
2026-09-29 18:34:00,83544.0,83570.01,83544.0,83570.0,0.0
2026-09-29 18:35:00,83570.01,83570.01,83528.0,83536.01,0.0
2026-09-29 18:36:00,83536.01,83568.01,83530.0,83568.0,0.0
2026-09-29 18:37:00,83568.0,83576.01,83546.0,83550.0,0.0
2026-09-29 18:38:00,83550.0,83594.0,83550.0,83570.72,0.0
2026-09-29 18:39:00,83570.71,83625.89,83558.03,83564.01,0.0
2026-09-29 18:40:00,83564.01,83634.4,83562.0,83634.4,0.0
2026-09-29 18:41:00,83634.4,83676.62,83634.39,83676.62,0.0
2026-09-29 18:42:00,83676.61,83700.0,83676.0,83698.0,0.0
2026-09-29 18:43:00,83698.01,83698.01,83670.0,83678.01,0.0
2026-09-29 18:44:00,83678.01,83678.01,83632.01,83632.01,0.0
2026-09-29 18:45:00,83632.0,83672.01,83628.0,83662.0,0.0
2026-09-29 18:46:00,83662.0,83664.01,83640.89,83640.89,0.0
2026-09-29 18:47:00,83640.89,83640.89,83586.0,83597.48,0.0
2026-09-29 18:48:00,83597.49,83631.09,83592.0,83631.08,0.0
2026-09-29 18:49:00,83631.08,83634.4,83631.08,83634.39,0.0
2026-09-29 18:50:00,83634.39,83642.01,83606.31,83622.01,0.0
2026-09-29 18:51:00,83622.01,83656.0,83622.01,83656.0,0.0
2026-09-29 18:52:00,83655.99,83668.01,83646.0,83660.01,0.0
2026-09-29 18:53:00,83660.01,83684.01,83640.0,83640.0,0.0
2026-09-29 18:54:00,83640.0,83640.01,83633.79,83633.8,0.0
2026-09-29 18:55:00,83633.8,83633.8,83626.28,83626.28,0.0
2026-09-29 18:56:00,83626.29,83628.01,83626.28,83626.28,0.0
2026-09-29 18:57:00,83626.29,83626.29,83614.21,83614.21,0.0
2026-09-29 18:58:00,83614.21,83628.01,83592.77,83628.01,0.0
2026-09-29 18:59:00,83628.01,83640.0,83628.0,83640.0,0.0
2026-09-29 19:00:00,83640.0,83640.0,83626.84,83626.84,0.0
2026-09-29 19:01:00,83626.84,83634.4,83606.0,83618.01,0.0
2026-09-29 19:02:00,83618.01,83655.51,83618.0,83650.01,0.0
2026-09-29 19:03:00,83650.01,83654.01,83636.04,83636.04,0.0
2026-09-29 19:04:00,83636.03,83650.01,83622.0,83650.01,0.0
2026-09-29 19:05:00,83650.01,83650.01,83632.53,83650.0,0.0
2026-09-29 19:06:00,83649.99,83682.01,83649.99,83682.01,0.0
2026-09-29 19:07:00,83682.0,83700.0,83680.0,83699.99,0.0
2026-09-29 19:08:00,83699.99,83700.0,83676.0,83676.0,0.0
2026-09-29 19:09:00,83676.01,83676.01,83649.79,83649.99,0.0
2026-09-29 19:10:00,83649.98,83666.38,83649.98,83666.38,0.0
2026-09-29 19:11:00,83666.37,83666.38,83639.96,83639.96,0.0
2026-09-29 19:12:00,83639.96,83639.97,83612.21,83612.21,0.0
2026-09-29 19:13:00,83612.22,83612.22,83600.63,83600.63,0.0
2026-09-29 19:14:00,83600.64,83614.27,83599.89,83599.89,0.0
2026-09-29 19:15:00,83599.89,83618.01,83580.0,83580.01,0.0
2026-09-29 19:16:00,83580.01,83598.48,83568.0,83584.0,0.0
2026-09-29 19:17:00,83584.0,83614.01,83574.0,83614.01,0.0
2026-09-29 19:18:00,83614.0,83665.93,83614.0,83649.16,0.0
2026-09-29 19:19:00,83649.16,83649.16,83610.46,83649.15,0.0
2026-09-29 19:20:00,83649.14,83649.14,83618.0,83618.0,0.0
2026-09-29 19:21:00,83618.01,83618.01,83608.0,83608.01,0.0
2026-09-29 19:22:00,83608.0,83608.01,83587.7,83608.0,0.0
2026-09-29 19:23:00,83608.01,83621.37,83608.0,83621.36,0.0
2026-09-29 19:24:00,83621.37,83623.89,83610.03,83620.69,0.0
2026-09-29 19:25:00,83620.68,83633.74,83619.66,83619.66,0.0
2026-09-29 19:26:00,83619.65,83619.65,83574.89,83590.01,0.0
2026-09-29 19:27:00,83590.01,83590.01,83568.0,83576.0,0.0
2026-09-29 19:28:00,83576.0,83576.01,83544.0,83544.01,0.0
2026-09-29 19:29:00,83544.0,83548.0,83544.0,83547.99,0.0
2026-09-29 19:30:00,83547.99,83553.1,83518.0,83553.1,0.0
2026-09-29 19:31:00,83553.1,83580.32,83553.09,83572.0,0.0
2026-09-29 19:32:00,83572.01,83621.28,83572.0,83621.27,0.0
2026-09-29 19:33:00,83621.28,83621.28,83600.63,83604.85,0.0
2026-09-29 19:34:00,83604.84,83604.84,83588.0,83588.0,0.0
2026-09-29 19:35:00,83588.0,83588.0,83560.0,83560.0,0.0
2026-09-29 19:36:00,83560.0,83562.01,83554.0,83560.0,0.0
2026-09-29 19:37:00,83560.0,83572.85,83546.36,83546.37,0.0
2026-09-29 19:38:00,83546.37,83566.53,83546.36,83552.01,0.0
2026-09-29 19:39:00,83552.0,83560.01,83550.0,83550.01,0.0
2026-09-29 19:40:00,83550.0,83550.01,83490.2,83494.0,0.0
2026-09-29 19:41:00,83494.01,83502.01,83494.0,83502.01,0.0
2026-09-29 19:42:00,83502.01,83503.69,83486.59,83498.01,0.0
2026-09-29 19:43:00,83498.01,83508.01,83492.0,83492.01,0.0
2026-09-29 19:44:00,83492.0,83492.0,83436.0,83436.0,0.0
2026-09-29 19:45:00,83436.0,83438.01,83414.76,83414.77,0.0
2026-09-29 19:46:00,83414.77,83468.33,83398.5,83468.33,0.0
2026-09-29 19:47:00,83468.32,83610.01,83452.0,83607.94,0.0
2026-09-29 19:48:00,83608.01,83624.01,83522.0,83529.1,0.0
2026-09-29 19:49:00,83529.1,83602.01,83529.09,83556.01,0.0
2026-09-29 19:50:00,83556.01,83582.01,83540.0,83562.0,0.0
2026-09-29 19:51:00,83562.0,83620.01,83556.0,83620.01,0.0
2026-09-29 19:52:00,83620.01,83637.69,83600.0,83600.01,0.0
2026-09-29 19:53:00,83600.0,83600.0,83560.0,83580.0,0.0
2026-09-29 19:54:00,83580.01,83584.01,83560.0,83560.0,0.0
2026-09-29 19:55:00,83560.0,83585.31,83536.0,83585.31,0.0
2026-09-29 19:56:00,83585.31,83612.01,83578.0,83580.84,0.0
2026-09-29 19:57:00,83580.84,83590.01,83580.84,83590.01,0.0
2026-09-29 19:58:00,83590.01,83610.85,83580.0,83580.01,0.0
2026-09-29 19:59:00,83580.0,83594.01,83568.0,83594.01,0.0
2026-09-29 20:00:00,83594.01,83594.01,83564.0,83576.01,0.0
2026-09-29 20:01:00,83576.01,83595.37,83540.0,83540.0,0.0
2026-09-29 20:02:00,83540.0,83540.0,83519.8,83529.1,0.0
2026-09-29 20:03:00,83529.09,83535.8,83526.0,83531.84,0.0
2026-09-29 20:04:00,83531.83,83551.78,83529.69,83542.0,0.0
2026-09-29 20:05:00,83542.0,83571.73,83534.27,83571.73,0.0
2026-09-29 20:06:00,83571.73,83578.53,83571.72,83574.12,0.0
2026-09-29 20:07:00,83574.11,83596.12,83574.11,83593.81,0.0
2026-09-29 20:08:00,83593.8,83593.81,83585.78,83585.78,0.0
2026-09-29 20:09:00,83585.79,83603.36,83540.0,83540.0,0.0
2026-09-29 20:10:00,83540.0,83540.0,83510.0,83510.0,0.0
2026-09-29 20:11:00,83510.0,83515.37,83508.0,83515.37,0.0
2026-09-29 20:12:00,83515.37,83538.01,83515.36,83538.0,0.0
2026-09-29 20:13:00,83538.01,83557.69,83538.01,83557.69,0.0
2026-09-29 20:14:00,83557.68,83568.53,83537.73,83537.74,0.0
2026-09-29 20:15:00,83537.74,83558.85,83537.74,83558.85,0.0
2026-09-29 20:16:00,83558.84,83568.84,83558.84,83568.84,0.0
2026-09-29 20:17:00,83568.85,83596.31,83568.84,83596.31,0.0
2026-09-29 20:18:00,83596.31,83605.55,83596.3,83605.54,0.0
2026-09-29 20:19:00,83605.55,83617.69,83605.55,83617.69,0.0
2026-09-29 20:20:00,83617.68,83626.62,83617.68,83624.93,0.0
2026-09-29 20:21:00,83624.93,83624.95,83624.93,83624.94,0.0
2026-09-29 20:22:00,83624.95,83624.95,83624.94,83624.94,0.0
2026-09-29 20:23:00,83624.95,83624.95,83624.94,83624.95,0.0
2026-09-29 20:24:00,83624.94,83624.95,83606.47,83606.47,0.0
2026-09-29 20:25:00,83606.47,83616.93,83601.15,83602.84,0.0
2026-09-29 20:26:00,83602.84,83643.69,83602.84,83643.69,0.0
2026-09-29 20:27:00,83643.69,83650.01,83643.69,83650.0,0.0
2026-09-29 20:28:00,83650.01,83650.01,83634.0,83634.0,0.0
2026-09-29 20:29:00,83634.0,83634.01,83630.25,83630.25,0.0
2026-09-29 20:30:00,83630.26,83630.26,83610.47,83610.48,0.0
2026-09-29 20:31:00,83610.47,83610.48,83593.47,83593.48,0.0
2026-09-29 20:32:00,83593.48,83593.48,83593.47,83593.47,0.0
2026-09-29 20:33:00,83593.47,83608.21,83593.47,83608.21,0.0
2026-09-29 20:34:00,83608.21,83608.21,83590.29,83590.3,0.0
2026-09-29 20:35:00,83590.3,83602.85,83586.94,83602.84,0.0
2026-09-29 20:36:00,83602.85,83620.11,83602.84,83605.49,0.0
2026-09-29 20:37:00,83605.48,83605.49,83605.48,83605.48,0.0
2026-09-29 20:38:00,83605.49,83605.49,83596.07,83596.08,0.0
2026-09-29 20:39:00,83596.07,83617.69,83596.07,83617.69,0.0
2026-09-29 20:40:00,83617.69,83633.54,83616.86,83633.53,0.0
2026-09-29 20:41:00,83633.53,83633.54,83633.53,83633.54,0.0
2026-09-29 20:42:00,83633.53,83644.85,83633.53,83644.84,0.0
2026-09-29 20:43:00,83644.85,83645.69,83644.85,83645.68,0.0
2026-09-29 20:44:00,83645.69,83645.69,83641.94,83641.94,0.0
2026-09-29 20:45:00,83641.94,83641.95,83625.26,83625.27,0.0
2026-09-29 20:46:00,83625.26,83625.27,83624.8,83624.8,0.0
2026-09-29 20:47:00,83624.81,83634.4,83624.71,83634.39,0.0
2026-09-29 20:48:00,83634.4,83637.94,83634.39,83637.94,0.0
2026-09-29 20:49:00,83637.94,83645.61,83637.93,83645.61,0.0
2026-09-29 20:50:00,83645.61,83646.0,83645.6,83646.0,0.0
2026-09-29 20:51:00,83645.99,83654.85,83645.99,83654.84,0.0
2026-09-29 20:52:00,83654.85,83654.85,83654.84,83654.85,0.0
2026-09-29 20:53:00,83654.84,83654.85,83649.28,83649.28,0.0
2026-09-29 20:54:00,83649.28,83649.29,83641.47,83641.47,0.0
2026-09-29 20:55:00,83641.48,83644.01,83641.47,83644.0,0.0
2026-09-29 20:56:00,83644.0,83644.01,83632.0,83632.0,0.0
2026-09-29 20:57:00,83632.0,83632.0,83618.68,83631.54,0.0
2026-09-29 20:58:00,83631.55,83646.57,83631.54,83641.95,0.0
2026-09-29 20:59:00,83641.94,83641.95,83616.38,83616.39,0.0
2026-09-29 21:00:00,83616.38,83616.39,83614.69,83614.7,0.0
2026-09-29 21:01:00,83614.7,83614.7,83599.71,83599.71,0.0
2026-09-29 21:02:00,83599.71,83599.72,83567.97,83567.97,0.0
2026-09-29 21:03:00,83567.97,83567.97,83526.0,83536.01,0.0
2026-09-29 21:04:00,83536.0,83578.01,83526.0,83549.17,0.0
2026-09-29 21:05:00,83549.17,83549.18,83530.0,83530.0,0.0
2026-09-29 21:06:00,83530.0,83554.01,83526.0,83552.0,0.0
2026-09-29 21:07:00,83552.01,83552.01,83540.0,83540.0,0.0
2026-09-29 21:08:00,83540.01,83540.01,83540.0,83540.01,0.0
2026-09-29 21:09:00,83540.01,83551.96,83528.52,83551.95,0.0
2026-09-29 21:10:00,83551.95,83555.79,83548.01,83548.02,0.0
2026-09-29 21:11:00,83548.02,83548.02,83548.01,83548.01,0.0
2026-09-29 21:12:00,83548.01,83553.22,83548.01,83553.22,0.0
2026-09-29 21:13:00,83553.22,83553.22,83540.27,83545.95,0.0
2026-09-29 21:14:00,83545.95,83558.84,83545.95,83558.83,0.0
2026-09-29 21:15:00,83558.84,83559.68,83526.0,83526.0,0.0
2026-09-29 21:16:00,83526.0,83526.01,83511.48,83511.48,0.0
2026-09-29 21:17:00,83511.49,83511.49,83511.48,83511.48,0.0
2026-09-29 21:18:00,83511.48,83511.49,83478.35,83483.33,0.0
2026-09-29 21:19:00,83483.34,83483.34,83483.33,83483.33,0.0
2026-09-29 21:20:00,83483.33,83483.34,83454.0,83456.68,0.0
2026-09-29 21:21:00,83456.69,83472.01,83456.68,83472.0,0.0
2026-09-29 21:22:00,83472.0,83472.0,83448.0,83449.12,0.0
2026-09-29 21:23:00,83449.12,83449.13,83449.12,83449.13,0.0
2026-09-29 21:24:00,83449.13,83452.18,83446.0,83446.01,0.0
2026-09-29 21:25:00,83446.01,83455.16,83430.0,83455.15,0.0
2026-09-29 21:26:00,83455.16,83464.84,83384.0,83387.66,0.0
2026-09-29 21:27:00,83387.66,83395.54,83387.65,83395.16,0.0
2026-09-29 21:28:00,83395.16,83401.45,83395.16,83400.64,0.0
2026-09-29 21:29:00,83400.64,83422.01,83400.64,83422.01,0.0
2026-09-29 21:30:00,83422.01,83435.53,83422.01,83435.53,0.0
2026-09-29 21:31:00,83435.53,83436.35,83430.24,83430.24,0.0
2026-09-29 21:32:00,83430.24,83430.25,83420.0,83423.79,0.0
2026-09-29 21:33:00,83423.79,83464.0,83423.79,83463.99,0.0
2026-09-29 21:34:00,83464.0,83466.5,83461.19,83466.5,0.0
2026-09-29 21:35:00,83466.49,83470.0,83465.82,83465.83,0.0
2026-09-29 21:36:00,83465.83,83466.5,83465.82,83466.49,0.0
2026-09-29 21:37:00,83466.49,83476.47,83466.49,83472.46,0.0
2026-09-29 21:38:00,83472.47,83472.47,83456.0,83457.67,0.0
2026-09-29 21:39:00,83457.68,83477.26,83457.67,83477.25,0.0
2026-09-29 21:40:00,83477.25,83515.98,83467.38,83515.97,0.0
2026-09-29 21:41:00,83515.97,83522.01,83515.97,83522.0,0.0
2026-09-29 21:42:00,83522.01,83531.61,83519.79,83531.6,0.0
2026-09-29 21:43:00,83531.6,83538.01,83514.0,83514.01,0.0
2026-09-29 21:44:00,83514.01,83518.71,83506.42,83506.43,0.0
2026-09-29 21:45:00,83506.43,83506.43,83428.69,83438.18,0.0
2026-09-29 21:46:00,83438.17,83438.18,83425.0,83425.01,0.0
2026-09-29 21:47:00,83425.01,83437.76,83420.0,83437.76,0.0
2026-09-29 21:48:00,83437.75,83445.96,83430.54,83430.54,0.0
2026-09-29 21:49:00,83430.54,83437.78,83420.0,83437.77,0.0
2026-09-29 21:50:00,83437.78,83444.56,83437.77,83444.55,0.0
2026-09-29 21:51:00,83444.55,83460.36,83444.55,83460.36,0.0
2026-09-29 21:52:00,83460.36,83483.82,83460.36,83483.82,0.0
2026-09-29 21:53:00,83483.81,83506.01,83483.81,83494.01,0.0
2026-09-29 21:54:00,83494.02,83494.02,83490.0,83490.01,0.0
2026-09-29 21:55:00,83490.01,83490.01,83490.0,83490.0,0.0
2026-09-29 21:56:00,83490.0,83490.01,83490.0,83490.01,0.0
2026-09-29 21:57:00,83490.0,83490.01,83470.0,83470.01,0.0
2026-09-29 21:58:00,83470.01,83492.01,83470.0,83492.01,0.0
2026-09-29 21:59:00,83492.0,83504.0,83492.0,83503.99,0.0
2026-09-29 22:00:00,83503.99,83537.57,83503.99,83537.56,0.0
2026-09-29 22:01:00,83537.56,83570.01,83537.56,83570.01,0.0
2026-09-29 22:02:00,83570.0,83570.01,83570.0,83570.01,0.0
2026-09-29 22:03:00,83570.01,83580.0,83570.0,83580.0,0.0
2026-09-29 22:04:00,83580.0,83612.01,83561.31,83581.47,0.0
2026-09-29 22:05:00,83581.47,83584.84,83534.0,83558.0,0.0
2026-09-29 22:06:00,83558.0,83570.01,83540.0,83540.0,0.0
2026-09-29 22:07:00,83540.0,83554.0,83540.0,83540.01,0.0
2026-09-29 22:08:00,83540.0,83563.69,83525.0,83563.69,0.0
2026-09-29 22:09:00,83563.69,83594.52,83558.0,83594.52,0.0
2026-09-29 22:10:00,83594.53,83618.53,83582.0,83618.53,0.0
2026-09-29 22:11:00,83618.53,83620.0,83610.01,83611.0,0.0
2026-09-29 22:12:00,83611.0,83636.01,83595.68,83636.01,0.0
2026-09-29 22:13:00,83636.0,83722.01,83636.0,83703.58,0.0
2026-09-29 22:14:00,83703.58,83703.59,83658.4,83658.41,0.0
2026-09-29 22:15:00,83658.4,83672.01,83594.0,83594.01,0.0
2026-09-29 22:16:00,83594.01,83622.01,83584.0,83584.01,0.0
2026-09-29 22:17:00,83584.0,83584.01,83575.0,83584.01,0.0
2026-09-29 22:18:00,83584.0,83588.85,83560.0,83560.84,0.0
2026-09-29 22:19:00,83560.84,83662.01,83550.0,83661.95,0.0
2026-09-29 22:20:00,83661.95,83670.0,83620.96,83620.96,0.0
2026-09-29 22:21:00,83620.96,83620.96,83600.0,83612.0,0.0
2026-09-29 22:22:00,83612.01,83648.01,83602.0,83648.0,0.0
2026-09-29 22:23:00,83648.0,83658.01,83648.0,83658.0,0.0
2026-09-29 22:24:00,83658.01,83664.05,83656.0,83656.0,0.0
2026-09-29 22:25:00,83656.0,83669.99,83652.0,83669.99,0.0
2026-09-29 22:26:00,83669.99,83689.51,83650.0,83650.0,0.0
2026-09-29 22:27:00,83650.0,83650.01,83616.0,83616.0,0.0
2026-09-29 22:28:00,83616.0,83616.01,83606.0,83606.0,0.0
2026-09-29 22:29:00,83606.0,83606.01,83598.0,83598.01,0.0
2026-09-29 22:30:00,83598.01,83610.01,83574.36,83575.03,0.0
2026-09-29 22:31:00,83575.03,83579.53,83544.68,83553.18,0.0
2026-09-29 22:32:00,83553.18,83579.14,83553.18,83567.52,0.0
2026-09-29 22:33:00,83568.01,83581.22,83564.0,83564.0,0.0
2026-09-29 22:34:00,83564.0,83579.93,83564.0,83579.92,0.0
2026-09-29 22:35:00,83579.92,83579.93,83564.0,83568.61,0.0
2026-09-29 22:36:00,83568.61,83583.41,83568.61,83572.56,0.0
2026-09-29 22:37:00,83572.56,83599.6,83572.56,83599.6,0.0
2026-09-29 22:38:00,83599.6,83599.6,83584.0,83584.01,0.0
2026-09-29 22:39:00,83584.0,83584.01,83565.01,83565.05,0.0
2026-09-29 22:40:00,83565.04,83566.92,83565.04,83566.91,0.0
2026-09-29 22:41:00,83566.91,83595.36,83566.91,83595.36,0.0
2026-09-29 22:42:00,83595.36,83618.01,83595.35,83618.0,0.0
2026-09-29 22:43:00,83618.0,83620.0,83606.01,83606.01,0.0
2026-09-29 22:44:00,83606.01,83606.02,83606.01,83606.02,0.0
2026-09-29 22:45:00,83606.02,83634.4,83598.0,83598.0,0.0
2026-09-29 22:46:00,83598.01,83602.01,83598.0,83602.01,0.0
2026-09-29 22:47:00,83602.01,83602.01,83580.44,83588.88,0.0
2026-09-29 22:48:00,83588.88,83598.03,83588.87,83598.02,0.0
2026-09-29 22:49:00,83598.02,83598.02,83586.35,83596.86,0.0
2026-09-29 22:50:00,83596.85,83606.01,83596.0,83606.01,0.0
2026-09-29 22:51:00,83606.01,83638.36,83606.0,83638.35,0.0
2026-09-29 22:52:00,83638.36,83638.36,83628.0,83628.01,0.0
2026-09-29 22:53:00,83628.0,83636.93,83624.01,83636.92,0.0
2026-09-29 22:54:00,83636.93,83650.0,83619.75,83619.75,0.0
2026-09-29 22:55:00,83619.75,83632.01,83619.75,83632.01,0.0
2026-09-29 22:56:00,83632.01,83632.01,83620.0,83620.01,0.0
2026-09-29 22:57:00,83620.0,83624.0,83620.0,83623.99,0.0
2026-09-29 22:58:00,83624.0,83624.0,83615.0,83615.1,0.0
2026-09-29 22:59:00,83615.1,83615.1,83610.0,83612.01,0.0
2026-09-29 23:00:00,83612.0,83624.0,83612.0,83623.99,0.0
2026-09-29 23:01:00,83623.99,83650.0,83623.99,83649.99,0.0
2026-09-29 23:02:00,83649.99,83682.01,83649.99,83667.03,0.0
2026-09-29 23:03:00,83667.03,83690.0,83667.03,83690.0,0.0
2026-09-29 23:04:00,83690.0,83742.88,83689.99,83742.88,0.0
2026-09-29 23:05:00,83742.87,83795.0,83742.87,83794.99,0.0
2026-09-29 23:06:00,83795.0,83815.53,83772.8,83815.53,0.0
2026-09-29 23:07:00,83815.52,83844.99,83794.52,83826.0,0.0
2026-09-29 23:08:00,83826.01,83840.83,83760.88,83760.88,0.0
2026-09-29 23:09:00,83760.88,83789.8,83760.88,83789.8,0.0
2026-09-29 23:10:00,83789.8,83810.2,83789.8,83810.19,0.0
2026-09-29 23:11:00,83810.19,83810.2,83798.76,83798.77,0.0
2026-09-29 23:12:00,83798.77,83798.77,83798.76,83798.77,0.0
2026-09-29 23:13:00,83798.77,83842.4,83798.76,83842.4,0.0
2026-09-29 23:14:00,83842.39,83845.93,83842.31,83845.93,0.0
2026-09-29 23:15:00,83845.93,83845.93,83834.57,83834.57,0.0
2026-09-29 23:16:00,83834.57,83840.01,83814.01,83840.01,0.0
2026-09-29 23:17:00,83840.01,83849.0,83840.0,83842.01,0.0
2026-09-29 23:18:00,83842.0,83842.01,83814.0,83814.01,0.0
2026-09-29 23:19:00,83814.0,83830.01,83810.0,83810.0,0.0
2026-09-29 23:20:00,83810.0,83810.0,83770.0,83770.0,0.0
2026-09-29 23:21:00,83770.01,83770.01,83739.7,83742.1,0.0
2026-09-29 23:22:00,83742.1,83742.11,83739.7,83742.01,0.0
2026-09-29 23:23:00,83742.02,83742.02,83738.0,83738.0,0.0
2026-09-29 23:24:00,83738.01,83738.01,83732.0,83732.01,0.0
2026-09-29 23:25:00,83732.0,83739.7,83725.0,83739.7,0.0
2026-09-29 23:26:00,83739.7,83741.1,83739.69,83741.1,0.0
2026-09-29 23:27:00,83741.1,83752.01,83741.09,83752.01,0.0
2026-09-29 23:28:00,83752.01,83752.01,83748.93,83748.93,0.0
2026-09-29 23:29:00,83748.93,83759.04,83726.0,83759.03,0.0
2026-09-29 23:30:00,83759.04,83759.04,83727.77,83731.7,0.0
2026-09-29 23:31:00,83731.69,83731.7,83725.0,83725.0,0.0
2026-09-29 23:32:00,83725.01,83725.01,83710.02,83710.02,0.0
2026-09-29 23:33:00,83710.03,83711.35,83710.02,83711.34,0.0
2026-09-29 23:34:00,83711.34,83711.35,83704.0,83704.0,0.0
2026-09-29 23:35:00,83704.0,83704.01,83689.74,83689.75,0.0
2026-09-29 23:36:00,83689.75,83702.69,83689.75,83699.52,0.0
2026-09-29 23:37:00,83699.52,83707.25,83683.04,83683.04,0.0
2026-09-29 23:38:00,83683.04,83688.01,83683.04,83684.02,0.0
2026-09-29 23:39:00,83684.02,83716.0,83684.01,83715.99,0.0
2026-09-29 23:40:00,83716.0,83716.0,83715.99,83716.0,0.0
2026-09-29 23:41:00,83715.99,83715.99,83680.39,83680.39,0.0
2026-09-29 23:42:00,83680.39,83680.4,83670.73,83671.99,0.0
2026-09-29 23:43:00,83671.99,83671.99,83640.0,83640.01,0.0
2026-09-29 23:44:00,83640.01,83660.01,83640.0,83660.0,0.0
2026-09-29 23:45:00,83660.01,83694.01,83660.01,83694.01,0.0
2026-09-29 23:46:00,83694.0,83707.08,83694.0,83702.01,0.0
2026-09-29 23:47:00,83702.01,83716.0,83695.48,83715.99,0.0
2026-09-29 23:48:00,83715.99,83716.0,83694.0,83695.35,0.0
2026-09-29 23:49:00,83695.35,83707.12,83695.35,83707.12,0.0
2026-09-29 23:50:00,83707.12,83716.0,83707.12,83716.0,0.0
2026-09-29 23:51:00,83715.99,83715.99,83688.23,83701.8,0.0
2026-09-29 23:52:00,83701.79,83715.54,83701.79,83715.53,0.0
2026-09-29 23:53:00,83715.54,83715.54,83662.39,83662.4,0.0
2026-09-29 23:54:00,83662.39,83662.39,83645.0,83645.0,0.0
2026-09-29 23:55:00,83645.01,83665.63,83645.0,83665.62,0.0
2026-09-29 23:56:00,83665.62,83669.7,83665.62,83669.69,0.0
2026-09-29 23:57:00,83669.7,83669.7,83660.72,83660.72,0.0
2026-09-29 23:58:00,83660.73,83663.66,83660.72,83663.21,0.0
2026-09-29 23:59:00,83663.21,83663.66,83663.21,83663.66,0.0
2026-09-30 00:00:00,83663.66,83691.52,83663.66,83672.92,0.0
2026-09-30 00:01:00,83672.92,83695.11,83672.92,83695.1,0.0
2026-09-30 00:02:00,83695.11,83731.46,83695.1,83731.45,0.0
2026-09-30 00:03:00,83731.45,83731.46,83700.0,83722.0,0.0
2026-09-30 00:04:00,83722.0,83722.0,83645.0,83674.0,0.0
2026-09-30 00:05:00,83674.0,83712.7,83668.01,83712.69,0.0
2026-09-30 00:06:00,83712.7,83712.7,83688.0,83696.0,0.0
2026-09-30 00:07:00,83696.0,83696.01,83678.0,83678.01,0.0
2026-09-30 00:08:00,83678.01,83678.01,83622.0,83622.0,0.0
2026-09-30 00:09:00,83622.01,83622.01,83583.86,83583.87,0.0
2026-09-30 00:10:00,83583.87,83583.87,83562.0,83562.01,0.0
2026-09-30 00:11:00,83562.01,83564.01,83516.14,83516.14,0.0
2026-09-30 00:12:00,83516.14,83536.16,83516.14,83536.15,0.0
2026-09-30 00:13:00,83536.15,83554.01,83536.15,83552.01,0.0
2026-09-30 00:14:00,83552.0,83552.01,83529.03,83529.04,0.0
2026-09-30 00:15:00,83529.03,83529.1,83529.03,83529.1,0.0
2026-09-30 00:16:00,83529.1,83542.1,83529.09,83542.09,0.0
2026-09-30 00:17:00,83542.1,83542.1,83500.0,83500.0,0.0
2026-09-30 00:18:00,83500.0,83500.01,83466.23,83466.23,0.0
2026-09-30 00:19:00,83466.23,83466.23,83438.25,83438.26,0.0
2026-09-30 00:20:00,83438.26,83438.26,83423.8,83438.01,0.0
2026-09-30 00:21:00,83438.01,83446.0,83416.93,83446.0,0.0
2026-09-30 00:22:00,83446.01,83452.01,83446.0,83448.0,0.0
2026-09-30 00:23:00,83448.0,83448.01,83430.0,83438.01,0.0
2026-09-30 00:24:00,83438.01,83498.51,83438.0,83476.01,0.0
2026-09-30 00:25:00,83476.0,83539.86,83468.87,83526.0,0.0
2026-09-30 00:26:00,83526.0,83526.0,83470.03,83521.27,0.0
2026-09-30 00:27:00,83521.26,83549.01,83502.32,83523.89,0.0
2026-09-30 00:28:00,83523.9,83585.98,83523.9,83585.97,0.0
2026-09-30 00:29:00,83585.97,83592.01,83578.0,83578.01,0.0
2026-09-30 00:30:00,83578.0,83598.01,83567.14,83584.01,0.0
2026-09-30 00:31:00,83584.01,83584.01,83546.31,83580.0,0.0
2026-09-30 00:32:00,83580.01,83580.01,83550.0,83580.0,0.0
2026-09-30 00:33:00,83579.99,83588.01,83579.99,83588.01,0.0
2026-09-30 00:34:00,83588.01,83618.0,83588.01,83618.0,0.0
2026-09-30 00:35:00,83618.01,83631.42,83568.0,83581.59,0.0
2026-09-30 00:36:00,83581.6,83582.01,83518.0,83518.0,0.0
2026-09-30 00:37:00,83518.01,83518.01,83492.92,83508.58,0.0
2026-09-30 00:38:00,83508.58,83508.58,83502.73,83507.39,0.0
2026-09-30 00:39:00,83507.4,83507.4,83496.0,83505.95,0.0
2026-09-30 00:40:00,83505.96,83540.01,83496.0,83522.03,0.0
2026-09-30 00:41:00,83522.04,83545.96,83522.03,83545.96,0.0
2026-09-30 00:42:00,83545.95,83545.96,83510.01,83522.0,0.0
2026-09-30 00:43:00,83522.01,83522.01,83468.0,83468.0,0.0
2026-09-30 00:44:00,83468.0,83490.97,83468.0,83490.09,0.0
2026-09-30 00:45:00,83490.09,83490.09,83443.65,83443.65,0.0
2026-09-30 00:46:00,83443.66,83456.01,83423.8,83456.0,0.0
2026-09-30 00:47:00,83456.01,83478.01,83445.81,83448.01,0.0
2026-09-30 00:48:00,83448.01,83448.01,83416.93,83416.94,0.0
2026-09-30 00:49:00,83416.94,83424.0,83416.93,83423.99,0.0
2026-09-30 00:50:00,83424.0,83424.0,83373.79,83373.8,0.0
2026-09-30 00:51:00,83373.8,83382.01,83370.43,83379.81,0.0
2026-09-30 00:52:00,83379.81,83413.9,83379.81,83390.0,0.0
2026-09-30 00:53:00,83390.01,83390.01,83370.0,83376.01,0.0
2026-09-30 00:54:00,83376.01,83383.82,83368.18,83368.18,0.0
2026-09-30 00:55:00,83368.19,83383.72,83344.78,83369.6,0.0
2026-09-30 00:56:00,83369.6,83386.01,83369.6,83383.72,0.0
2026-09-30 00:57:00,83383.71,83430.01,83368.65,83430.01,0.0
2026-09-30 00:58:00,83430.01,83430.01,83405.57,83423.8,0.0
2026-09-30 00:59:00,83423.8,83459.93,83423.79,83453.36,0.0
2026-09-30 01:00:00,83453.36,83454.01,83404.0,83420.01,0.0
2026-09-30 01:01:00,83420.01,83432.01,83412.58,83432.0,0.0
2026-09-30 01:02:00,83432.0,83470.01,83432.0,83470.0,0.0
2026-09-30 01:03:00,83470.0,83470.01,83442.0,83466.0,0.0
2026-09-30 01:04:00,83466.0,83466.01,83410.0,83410.01,0.0
2026-09-30 01:05:00,83410.0,83446.01,83410.0,83446.01,0.0
2026-09-30 01:06:00,83446.0,83446.01,83437.19,83442.0,0.0
2026-09-30 01:07:00,83442.01,83442.01,83405.45,83423.8,0.0
2026-09-30 01:08:00,83423.79,83424.22,83409.36,83424.22,0.0
2026-09-30 01:09:00,83424.22,83482.1,83424.22,83467.7,0.0
2026-09-30 01:10:00,83467.71,83469.05,83418.0,83418.01,0.0
2026-09-30 01:11:00,83418.01,83473.99,83418.0,83462.1,0.0
2026-09-30 01:12:00,83462.09,83462.1,83403.92,83403.92,0.0
2026-09-30 01:13:00,83403.92,83411.72,83390.19,83400.74,0.0
2026-09-30 01:14:00,83400.74,83427.4,83400.74,83427.4,0.0
2026-09-30 01:15:00,83427.4,83438.01,83420.0,83434.01,0.0
2026-09-30 01:16:00,83434.0,83458.6,83434.0,83448.01,0.0
2026-09-30 01:17:00,83448.01,83460.01,83440.82,83440.83,0.0
2026-09-30 01:18:00,83440.83,83448.02,83422.79,83422.79,0.0
2026-09-30 01:19:00,83422.8,83422.8,83399.52,83399.53,0.0
2026-09-30 01:20:00,83399.53,83411.22,83399.52,83411.22,0.0
2026-09-30 01:21:00,83411.22,83435.84,83411.22,83417.51,0.0
2026-09-30 01:22:00,83417.51,83417.51,83417.5,83417.51,0.0
2026-09-30 01:23:00,83417.51,83476.8,83417.5,83476.79,0.0
2026-09-30 01:24:00,83476.8,83519.38,83476.79,83519.37,0.0
2026-09-30 01:25:00,83519.38,83550.39,83519.37,83550.36,0.0
2026-09-30 01:26:00,83550.37,83550.37,83512.0,83512.01,0.0
2026-09-30 01:27:00,83512.0,83512.01,83470.21,83470.22,0.0
2026-09-30 01:28:00,83470.21,83470.22,83466.0,83466.0,0.0
2026-09-30 01:29:00,83466.0,83466.01,83429.19,83429.19,0.0
2026-09-30 01:30:00,83429.19,83429.19,83336.51,83404.02,0.0
2026-09-30 01:31:00,83404.01,83418.01,83352.0,83353.34,0.0
2026-09-30 01:32:00,83353.35,83366.01,83342.67,83366.0,0.0
2026-09-30 01:33:00,83366.0,83370.01,83338.89,83366.01,0.0
2026-09-30 01:34:00,83366.01,83388.01,83350.0,83350.0,0.0
2026-09-30 01:35:00,83350.01,83372.01,83340.0,83362.06,0.0
2026-09-30 01:36:00,83362.05,83388.01,83345.02,83386.0,0.0
2026-09-30 01:37:00,83386.0,83396.01,83360.0,83370.7,0.0
2026-09-30 01:38:00,83370.71,83378.01,83339.14,83339.14,0.0
2026-09-30 01:39:00,83339.15,83356.01,83339.15,83356.0,0.0
2026-09-30 01:40:00,83356.01,83368.01,83354.0,83354.0,0.0
2026-09-30 01:41:00,83354.01,83362.02,83345.56,83362.02,0.0
2026-09-30 01:42:00,83362.02,83396.01,83362.01,83396.0,0.0
2026-09-30 01:43:00,83396.01,83426.01,83396.0,83426.01,0.0
2026-09-30 01:44:00,83426.01,83446.01,83426.0,83434.01,0.0
2026-09-30 01:45:00,83434.0,83446.01,83414.83,83414.83,0.0
2026-09-30 01:46:00,83414.83,83466.01,83414.83,83460.0,0.0
2026-09-30 01:47:00,83460.01,83460.01,83428.0,83442.01,0.0
2026-09-30 01:48:00,83442.01,83450.0,83401.84,83401.85,0.0
2026-09-30 01:49:00,83401.85,83448.01,83401.84,83448.0,0.0
2026-09-30 01:50:00,83448.0,83468.01,83444.0,83468.01,0.0
2026-09-30 01:51:00,83468.01,83494.01,83454.0,83494.01,0.0
2026-09-30 01:52:00,83494.01,83506.01,83464.0,83464.0,0.0
2026-09-30 01:53:00,83464.0,83464.01,83444.0,83444.01,0.0
2026-09-30 01:54:00,83444.0,83464.01,83432.75,83460.01,0.0
2026-09-30 01:55:00,83460.01,83460.01,83428.0,83430.0,0.0
2026-09-30 01:56:00,83430.0,83436.01,83428.09,83428.1,0.0
2026-09-30 01:57:00,83428.09,83460.01,83415.76,83460.0,0.0
2026-09-30 01:58:00,83460.01,83460.01,83436.0,83436.01,0.0
2026-09-30 01:59:00,83436.01,83450.01,83436.0,83448.01,0.0
2026-09-30 02:00:00,83448.01,83468.01,83438.0,83468.0,0.0
2026-09-30 02:01:00,83468.0,83498.01,83462.0,83498.01,0.0
2026-09-30 02:02:00,83498.0,83498.01,83464.0,83464.0,0.0
2026-09-30 02:03:00,83464.0,83492.01,83454.0,83470.0,0.0
2026-09-30 02:04:00,83470.01,83510.01,83470.0,83510.0,0.0
2026-09-30 02:05:00,83510.01,83540.01,83510.0,83534.01,0.0
2026-09-30 02:06:00,83534.0,83560.01,83534.0,83560.0,0.0
2026-09-30 02:07:00,83560.01,83620.87,83560.0,83610.01,0.0
2026-09-30 02:08:00,83610.0,83620.01,83574.01,83574.01,0.0
2026-09-30 02:09:00,83574.0,83574.0,83516.43,83524.69,0.0
2026-09-30 02:10:00,83524.69,83524.69,83489.2,83500.01,0.0
2026-09-30 02:11:00,83500.0,83506.01,83491.5,83506.0,0.0
2026-09-30 02:12:00,83506.01,83506.01,83474.0,83474.01,0.0
2026-09-30 02:13:00,83474.01,83529.1,83466.0,83510.01,0.0
2026-09-30 02:14:00,83510.0,83510.0,83486.01,83486.01,0.0
2026-09-30 02:15:00,83486.0,83497.28,83444.0,83497.28,0.0
2026-09-30 02:16:00,83497.27,83497.28,83428.64,83428.65,0.0
2026-09-30 02:17:00,83428.64,83448.0,83427.12,83432.92,0.0
2026-09-30 02:18:00,83432.93,83460.14,83419.21,83419.22,0.0
2026-09-30 02:19:00,83419.22,83419.22,83390.0,83390.01,0.0
2026-09-30 02:20:00,83390.0,83394.01,83384.56,83386.01,0.0
2026-09-30 02:21:00,83386.0,83470.96,83382.34,83470.96,0.0
2026-09-30 02:22:00,83470.96,83506.0,83470.95,83506.0,0.0
2026-09-30 02:23:00,83506.01,83552.02,83498.0,83498.0,0.0
2026-09-30 02:24:00,83498.01,83510.01,83474.0,83474.01,0.0
2026-09-30 02:25:00,83474.0,83486.01,83443.58,83460.01,0.0
2026-09-30 02:26:00,83460.0,83480.01,83460.0,83460.79,0.0
2026-09-30 02:27:00,83460.8,83460.8,83430.0,83430.01,0.0
2026-09-30 02:28:00,83430.0,83430.01,83428.09,83428.09,0.0
2026-09-30 02:29:00,83428.09,83428.09,83409.69,83420.01,0.0
2026-09-30 02:30:00,83420.01,83438.01,83402.0,83402.0,0.0
2026-09-30 02:31:00,83402.0,83440.01,83401.72,83436.0,0.0
2026-09-30 02:32:00,83436.0,83436.01,83368.0,83368.0,0.0
2026-09-30 02:33:00,83368.01,83368.01,83358.78,83366.0,0.0
2026-09-30 02:34:00,83366.01,83366.01,83341.67,83341.67,0.0
2026-09-30 02:35:00,83341.67,83341.68,83318.5,83318.5,0.0
2026-09-30 02:36:00,83318.51,83332.01,83298.0,83318.5,0.0
2026-09-30 02:37:00,83318.49,83371.25,83312.01,83324.0,0.0
2026-09-30 02:38:00,83324.01,83331.45,83312.02,83326.01,0.0
2026-09-30 02:39:00,83326.01,83350.0,83316.21,83349.99,0.0
2026-09-30 02:40:00,83350.0,83436.01,83350.0,83436.0,0.0
2026-09-30 02:41:00,83436.01,83445.95,83428.2,83438.01,0.0
2026-09-30 02:42:00,83438.01,83438.01,83350.0,83350.0,0.0
2026-09-30 02:43:00,83350.0,83362.01,83340.16,83362.01,0.0
2026-09-30 02:44:00,83362.0,83386.48,83362.0,83386.47,0.0
2026-09-30 02:45:00,83386.47,83388.0,83362.0,83388.0,0.0
2026-09-30 02:46:00,83388.0,83410.01,83388.0,83406.0,0.0
2026-09-30 02:47:00,83406.0,83470.01,83406.0,83470.01,0.0
2026-09-30 02:48:00,83470.01,83484.01,83459.83,83466.01,0.0
2026-09-30 02:49:00,83466.0,83466.01,83440.0,83440.0,0.0
2026-09-30 02:50:00,83440.01,83440.01,83434.0,83434.01,0.0
2026-09-30 02:51:00,83434.01,83454.01,83434.01,83438.0,0.0
2026-09-30 02:52:00,83438.0,83468.01,83434.0,83442.34,0.0
2026-09-30 02:53:00,83442.35,83442.35,83432.0,83432.01,0.0
2026-09-30 02:54:00,83432.01,83432.01,83426.0,83426.01,0.0
2026-09-30 02:55:00,83426.01,83430.01,83426.0,83430.01,0.0
2026-09-30 02:56:00,83430.01,83430.01,83382.09,83382.09,0.0
2026-09-30 02:57:00,83382.09,83382.1,83382.09,83382.09,0.0
2026-09-30 02:58:00,83382.1,83382.1,83368.0,83368.0,0.0
2026-09-30 02:59:00,83368.0,83384.68,83368.0,83384.68,0.0
2026-09-30 03:00:00,83384.68,83412.01,83384.68,83396.01,0.0
2026-09-30 03:01:00,83396.0,83396.0,83333.0,83333.01,0.0
2026-09-30 03:02:00,83333.0,83378.0,83331.99,83352.35,0.0
2026-09-30 03:03:00,83352.36,83368.68,83352.0,83368.68,0.0
2026-09-30 03:04:00,83368.67,83407.29,83368.67,83407.29,0.0
2026-09-30 03:05:00,83407.28,83423.8,83404.0,83423.8,0.0
2026-09-30 03:06:00,83423.8,83423.8,83398.0,83398.01,0.0
2026-09-30 03:07:00,83398.01,83398.01,83372.31,83382.0,0.0
2026-09-30 03:08:00,83382.01,83382.01,83360.24,83376.01,0.0
2026-09-30 03:09:00,83376.01,83400.01,83376.01,83384.0,0.0
2026-09-30 03:10:00,83384.01,83384.01,83362.0,83362.01,0.0
2026-09-30 03:11:00,83362.0,83362.01,83350.0,83350.0,0.0
2026-09-30 03:12:00,83350.01,83350.01,83350.0,83350.0,0.0
2026-09-30 03:13:00,83350.01,83350.01,83340.0,83340.01,0.0
2026-09-30 03:14:00,83340.0,83340.01,83331.99,83332.0,0.0
2026-09-30 03:15:00,83332.0,83332.0,83331.99,83331.99,0.0
2026-09-30 03:16:00,83332.0,83332.0,83238.46,83253.74,0.0
2026-09-30 03:17:00,83253.74,83253.74,83230.0,83238.01,0.0
2026-09-30 03:18:00,83238.0,83238.01,83188.32,83188.32,0.0
2026-09-30 03:19:00,83188.32,83200.01,83175.67,83175.68,0.0
2026-09-30 03:20:00,83175.68,83227.16,83175.67,83227.15,0.0
2026-09-30 03:21:00,83227.16,83253.59,83227.15,83253.59,0.0
2026-09-30 03:22:00,83253.87,83300.01,83253.86,83296.67,0.0
2026-09-30 03:23:00,83296.68,83318.5,83296.67,83302.01,0.0
2026-09-30 03:24:00,83302.0,83302.01,83278.0,83278.01,0.0
2026-09-30 03:25:00,83278.01,83278.01,83266.02,83266.02,0.0
2026-09-30 03:26:00,83266.03,83266.03,83242.43,83260.0,0.0
2026-09-30 03:27:00,83260.01,83281.85,83260.0,83281.84,0.0
2026-09-30 03:28:00,83281.85,83318.5,83281.85,83318.5,0.0
2026-09-30 03:29:00,83318.5,83327.32,83318.49,83321.39,0.0
2026-09-30 03:30:00,83321.39,83321.39,83295.5,83295.5,0.0
2026-09-30 03:31:00,83295.5,83295.5,83280.0,83280.0,0.0
2026-09-30 03:32:00,83280.01,83280.01,83262.0,83262.0,0.0
2026-09-30 03:33:00,83262.0,83294.65,83262.0,83294.65,0.0
2026-09-30 03:34:00,83294.65,83294.65,83294.64,83294.65,0.0
2026-09-30 03:35:00,83294.65,83313.41,83270.0,83280.01,0.0
2026-09-30 03:36:00,83280.01,83318.5,83271.07,83318.5,0.0
2026-09-30 03:37:00,83318.5,83346.01,83318.5,83346.01,0.0
2026-09-30 03:38:00,83346.01,83357.51,83346.0,83357.5,0.0
2026-09-30 03:39:00,83357.51,83386.01,83357.5,83386.0,0.0
2026-09-30 03:40:00,83386.0,83399.69,83380.0,83399.68,0.0
2026-09-30 03:41:00,83399.69,83427.51,83399.68,83418.14,0.0
2026-09-30 03:42:00,83418.13,83418.14,83404.0,83404.0,0.0
2026-09-30 03:43:00,83404.0,83416.01,83396.0,83416.0,0.0
2026-09-30 03:44:00,83416.0,83416.01,83361.15,83362.0,0.0
2026-09-30 03:45:00,83362.0,83362.01,83326.01,83326.02,0.0
2026-09-30 03:46:00,83326.01,83326.02,83312.0,83312.0,0.0
2026-09-30 03:47:00,83312.0,83338.01,83312.0,83324.48,0.0
2026-09-30 03:48:00,83324.48,83326.01,83315.01,83315.02,0.0
2026-09-30 03:49:00,83315.01,83326.01,83315.01,83320.77,0.0
2026-09-30 03:50:00,83320.76,83328.01,83304.0,83328.0,0.0
2026-09-30 03:51:00,83328.0,83328.0,83306.41,83306.41,0.0
2026-09-30 03:52:00,83306.41,83306.42,83293.56,83293.57,0.0
2026-09-30 03:53:00,83293.57,83300.01,83281.96,83294.01,0.0
2026-09-30 03:54:00,83294.01,83314.01,83294.0,83314.0,0.0
2026-09-30 03:55:00,83314.01,83320.01,83286.0,83286.0,0.0
2026-09-30 03:56:00,83286.01,83292.25,83280.0,83280.0,0.0
2026-09-30 03:57:00,83280.0,83284.01,83280.0,83284.01,0.0
2026-09-30 03:58:00,83284.01,83294.01,83284.0,83294.01,0.0
2026-09-30 03:59:00,83294.01,83300.65,83294.0,83300.65,0.0
2026-09-30 04:00:00,83300.65,83335.53,83300.64,83330.0,0.0
2026-09-30 04:01:00,83330.0,83334.01,83322.35,83334.01,0.0
2026-09-30 04:02:00,83334.01,83386.01,83334.0,83386.01,0.0
2026-09-30 04:03:00,83386.02,83402.14,83386.01,83402.14,0.0
2026-09-30 04:04:00,83402.15,83416.0,83394.89,83408.01,0.0
2026-09-30 04:05:00,83408.0,83418.01,83396.0,83396.0,0.0
2026-09-30 04:06:00,83396.0,83396.01,83364.39,83364.4,0.0
2026-09-30 04:07:00,83364.39,83364.4,83354.0,83362.0,0.0
2026-09-30 04:08:00,83362.01,83362.01,83333.66,83344.01,0.0
2026-09-30 04:09:00,83344.0,83344.01,83312.68,83318.49,0.0
2026-09-30 04:10:00,83318.49,83338.01,83318.49,83332.71,0.0
2026-09-30 04:11:00,83332.7,83352.01,83332.7,83352.01,0.0
2026-09-30 04:12:00,83352.0,83358.53,83352.0,83358.52,0.0
2026-09-30 04:13:00,83358.52,83377.91,83358.52,83377.91,0.0
2026-09-30 04:14:00,83377.91,83377.92,83369.08,83369.08,0.0
2026-09-30 04:15:00,83369.09,83387.55,83369.08,83387.55,0.0
2026-09-30 04:16:00,83387.54,83400.0,83387.54,83399.99,0.0
2026-09-30 04:17:00,83400.0,83402.01,83399.99,83402.0,0.0
2026-09-30 04:18:00,83402.01,83433.33,83402.0,83433.33,0.0
2026-09-30 04:19:00,83433.32,83433.33,83395.24,83395.25,0.0
2026-09-30 04:20:00,83395.25,83395.25,83387.41,83387.41,0.0
2026-09-30 04:21:00,83387.41,83410.0,83380.36,83409.99,0.0
2026-09-30 04:22:00,83410.0,83410.0,83394.31,83394.32,0.0
2026-09-30 04:23:00,83394.31,83394.32,83385.49,83385.5,0.0
2026-09-30 04:24:00,83385.5,83385.5,83364.01,83364.02,0.0
2026-09-30 04:25:00,83364.01,83423.8,83358.52,83423.79,0.0
2026-09-30 04:26:00,83423.79,83423.8,83408.38,83408.39,0.0
2026-09-30 04:27:00,83408.38,83408.39,83400.0,83400.0,0.0
2026-09-30 04:28:00,83400.01,83400.01,83374.01,83374.01,0.0
2026-09-30 04:29:00,83374.01,83374.02,83361.74,83370.01,0.0
2026-09-30 04:30:00,83370.01,83370.01,83370.0,83370.0,0.0
2026-09-30 04:31:00,83370.01,83370.01,83334.41,83338.01,0.0
2026-09-30 04:32:00,83338.0,83338.01,83318.52,83318.53,0.0
2026-09-30 04:33:00,83318.52,83318.53,83318.52,83318.52,0.0
2026-09-30 04:34:00,83318.53,83318.53,83318.52,83318.53,0.0
2026-09-30 04:35:00,83318.53,83344.01,83296.0,83344.01,0.0
2026-09-30 04:36:00,83344.01,83394.01,83338.99,83394.01,0.0
2026-09-30 04:37:00,83394.0,83394.01,83365.77,83365.78,0.0
2026-09-30 04:38:00,83365.77,83389.24,83365.77,83366.0,0.0
2026-09-30 04:39:00,83366.01,83366.01,83355.11,83355.12,0.0
2026-09-30 04:40:00,83355.12,83355.12,83324.01,83324.01,0.0
2026-09-30 04:41:00,83324.0,83324.0,83316.0,83320.0,0.0
2026-09-30 04:42:00,83320.0,83320.0,83319.99,83320.0,0.0
2026-09-30 04:43:00,83320.0,83320.0,83319.99,83319.99,0.0
2026-09-30 04:44:00,83319.99,83320.0,83316.38,83316.38,0.0
2026-09-30 04:45:00,83316.39,83320.0,83316.38,83320.0,0.0
2026-09-30 04:46:00,83319.99,83320.0,83319.99,83319.99,0.0
2026-09-30 04:47:00,83320.0,83320.0,83305.46,83305.47,0.0
2026-09-30 04:48:00,83305.47,83305.47,83304.0,83304.0,0.0
2026-09-30 04:49:00,83304.01,83304.01,83260.01,83260.02,0.0
2026-09-30 04:50:00,83260.01,83260.02,83248.56,83252.92,0.0
2026-09-30 04:51:00,83252.92,83252.92,83236.69,83236.69,0.0
2026-09-30 04:52:00,83236.7,83236.7,83230.0,83230.01,0.0
2026-09-30 04:53:00,83230.0,83230.01,83228.72,83228.72,0.0
2026-09-30 04:54:00,83228.73,83228.73,83214.0,83214.01,0.0
2026-09-30 04:55:00,83214.0,83214.01,83214.0,83214.0,0.0
2026-09-30 04:56:00,83214.01,83214.01,83214.0,83214.0,0.0
2026-09-30 04:57:00,83214.01,83222.34,83214.0,83222.33,0.0
2026-09-30 04:58:00,83222.33,83222.34,83222.33,83222.34,0.0
2026-09-30 04:59:00,83222.33,83222.34,83210.0,83210.01,0.0
2026-09-30 05:00:00,83210.01,83330.84,83210.0,83330.84,0.0
2026-09-30 05:01:00,83330.85,83340.01,83322.76,83340.01,0.0
2026-09-30 05:02:00,83340.0,83346.01,83305.98,83305.99,0.0
2026-09-30 05:03:00,83305.99,83305.99,83288.0,83288.0,0.0
2026-09-30 05:04:00,83288.0,83298.01,83280.65,83292.01,0.0
2026-09-30 05:05:00,83292.0,83292.0,83269.89,83286.0,0.0
2026-09-30 05:06:00,83286.0,83318.5,83286.0,83318.49,0.0
2026-09-30 05:07:00,83318.5,83318.5,83286.0,83286.0,0.0
2026-09-30 05:08:00,83286.01,83286.01,83276.0,83286.0,0.0
2026-09-30 05:09:00,83286.01,83310.01,83286.0,83310.0,0.0
2026-09-30 05:10:00,83310.0,83310.01,83275.5,83275.51,0.0
2026-09-30 05:11:00,83275.5,83298.01,83275.5,83296.0,0.0
2026-09-30 05:12:00,83296.01,83302.01,83265.04,83265.05,0.0
2026-09-30 05:13:00,83265.04,83265.05,83251.33,83251.33,0.0
2026-09-30 05:14:00,83251.34,83251.34,83234.01,83234.01,0.0
2026-09-30 05:15:00,83234.02,83234.02,83202.82,83202.82,0.0
2026-09-30 05:16:00,83202.82,83202.82,83188.01,83195.01,0.0
2026-09-30 05:17:00,83195.01,83220.01,83195.0,83220.01,0.0
2026-09-30 05:18:00,83220.01,83259.42,83220.0,83253.57,0.0
2026-09-30 05:19:00,83253.57,83285.89,83248.25,83282.58,0.0
2026-09-30 05:20:00,83282.58,83302.01,83251.69,83296.25,0.0
2026-09-30 05:21:00,83296.26,83296.26,83275.09,83275.1,0.0
2026-09-30 05:22:00,83275.1,83287.85,83270.0,83270.0,0.0
2026-09-30 05:23:00,83270.01,83300.0,83270.0,83300.0,0.0
2026-09-30 05:24:00,83300.0,83354.75,83299.99,83354.75,0.0
2026-09-30 05:25:00,83354.74,83368.01,83312.01,83312.02,0.0
2026-09-30 05:26:00,83312.01,83312.02,83298.18,83298.18,0.0
2026-09-30 05:27:00,83298.19,83344.01,83297.69,83328.0,0.0
2026-09-30 05:28:00,83328.01,83360.01,83328.0,83360.01,0.0
2026-09-30 05:29:00,83360.0,83383.97,83360.0,83383.97,0.0
2026-09-30 05:30:00,83383.96,83448.27,83383.96,83448.2,0.0
2026-09-30 05:31:00,83448.19,83497.56,83448.19,83497.55,0.0
2026-09-30 05:32:00,83497.56,83521.98,83440.0,83448.37,0.0
2026-09-30 05:33:00,83448.36,83448.37,83391.14,83427.93,0.0
2026-09-30 05:34:00,83427.92,83461.52,83427.92,83461.02,0.0
2026-09-30 05:35:00,83461.03,83511.69,83440.0,83483.22,0.0
2026-09-30 05:36:00,83483.21,83483.22,83448.0,83473.56,0.0
2026-09-30 05:37:00,83473.56,83473.56,83437.09,83444.01,0.0
2026-09-30 05:38:00,83444.01,83446.01,83436.15,83446.01,0.0
2026-09-30 05:39:00,83446.01,83474.42,83446.0,83474.01,0.0
2026-09-30 05:40:00,83474.01,83474.02,83453.13,83453.14,0.0
2026-09-30 05:41:00,83453.14,83453.14,83453.13,83453.13,0.0
2026-09-30 05:42:00,83453.14,83453.14,83453.13,83453.13,0.0
2026-09-30 05:43:00,83453.14,83460.95,83453.13,83460.94,0.0
2026-09-30 05:44:00,83460.94,83494.48,83460.94,83472.8,0.0
2026-09-30 05:45:00,83472.8,83480.01,83469.63,83469.63,0.0
2026-09-30 05:46:00,83469.64,83484.01,83451.83,83451.83,0.0
2026-09-30 05:47:00,83451.84,83451.84,83450.0,83450.0,0.0
2026-09-30 05:48:00,83450.01,83450.01,83424.3,83426.97,0.0
2026-09-30 05:49:00,83426.98,83428.01,83426.97,83428.0,0.0
2026-09-30 05:50:00,83428.01,83440.01,83428.0,83440.0,0.0
2026-09-30 05:51:00,83440.01,83440.01,83409.64,83409.64,0.0
2026-09-30 05:52:00,83409.65,83409.65,83384.0,83384.0,0.0
2026-09-30 05:53:00,83384.01,83384.01,83368.21,83368.22,0.0
2026-09-30 05:54:00,83368.21,83368.22,83368.21,83368.22,0.0
2026-09-30 05:55:00,83368.21,83368.21,83350.0,83350.0,0.0
2026-09-30 05:56:00,83350.01,83350.01,83347.59,83347.59,0.0
2026-09-30 05:57:00,83347.6,83347.6,83312.0,83313.05,0.0
2026-09-30 05:58:00,83313.04,83418.01,83296.17,83418.0,0.0
2026-09-30 05:59:00,83418.0,83418.01,83384.0,83384.0,0.0
2026-09-30 06:00:00,83384.01,83402.01,83358.71,83402.01,0.0
2026-09-30 06:01:00,83402.0,83416.01,83392.0,83416.0,0.0
2026-09-30 06:02:00,83416.01,83438.01,83384.0,83430.01,0.0
2026-09-30 06:03:00,83430.01,83430.01,83376.0,83398.0,0.0
2026-09-30 06:04:00,83398.0,83398.0,83376.0,83392.0,0.0
2026-09-30 06:05:00,83392.0,83423.8,83392.0,83421.47,0.0
2026-09-30 06:06:00,83421.46,83421.47,83372.58,83372.58,0.0
2026-09-30 06:07:00,83372.59,83372.59,83311.71,83324.01,0.0
2026-09-30 06:08:00,83324.0,83324.01,83300.0,83300.0,0.0
2026-09-30 06:09:00,83300.0,83308.01,83270.0,83270.0,0.0
2026-09-30 06:10:00,83270.0,83280.01,83270.0,83280.0,0.0
2026-09-30 06:11:00,83280.0,83280.01,83248.55,83248.56,0.0
2026-09-30 06:12:00,83248.56,83248.56,83213.2,83213.21,0.0
2026-09-30 06:13:00,83213.21,83213.21,83182.82,83182.82,0.0
2026-09-30 06:14:00,83182.82,83201.92,83114.58,83128.01,0.0
2026-09-30 06:15:00,83128.0,83158.01,83128.0,83130.15,0.0
2026-09-30 06:16:00,83130.14,83136.01,83111.69,83136.0,0.0
2026-09-30 06:17:00,83136.0,83158.01,83136.0,83155.79,0.0
2026-09-30 06:18:00,83155.79,83175.11,83137.03,83166.0,0.0
2026-09-30 06:19:00,83166.01,83167.26,83156.55,83156.55,0.0
2026-09-30 06:20:00,83156.55,83156.56,83120.33,83135.05,0.0
2026-09-30 06:21:00,83135.05,83163.91,83135.04,83155.27,0.0
2026-09-30 06:22:00,83155.27,83155.27,83112.99,83120.62,0.0
2026-09-30 06:23:00,83120.62,83151.03,83120.61,83138.51,0.0
2026-09-30 06:24:00,83138.52,83138.52,83102.0,83102.01,0.0
2026-09-30 06:25:00,83102.0,83102.01,83090.39,83090.39,0.0
2026-09-30 06:26:00,83090.4,83090.4,83083.01,83083.02,0.0
2026-09-30 06:27:00,83083.02,83083.84,83058.17,83083.84,0.0
2026-09-30 06:28:00,83083.84,83188.64,83083.83,83174.01,0.0
2026-09-30 06:29:00,83174.01,83174.01,83146.84,83160.04,0.0
2026-09-30 06:30:00,83160.05,83160.05,83112.52,83128.0,0.0
2026-09-30 06:31:00,83128.01,83146.01,83113.4,83146.0,0.0
2026-09-30 06:32:00,83146.0,83146.01,83111.6,83125.03,0.0
2026-09-30 06:33:00,83125.03,83144.01,83100.0,83100.0,0.0
2026-09-30 06:34:00,83100.0,83107.9,83092.32,83107.89,0.0
2026-09-30 06:35:00,83107.9,83123.74,83092.0,83092.01,0.0
2026-09-30 06:36:00,83092.01,83118.65,83092.0,83118.65,0.0
2026-09-30 06:37:00,83118.65,83118.65,83083.52,83083.52,0.0
2026-09-30 06:38:00,83083.53,83126.0,83083.52,83118.0,0.0
2026-09-30 06:39:00,83118.01,83118.01,83056.77,83068.0,0.0
2026-09-30 06:40:00,83068.01,83107.9,83042.41,83107.89,0.0
2026-09-30 06:41:00,83107.89,83107.89,83056.65,83056.66,0.0
2026-09-30 06:42:00,83056.66,83126.01,83056.65,83126.01,0.0
2026-09-30 06:43:00,83126.01,83126.01,83102.0,83102.0,0.0
2026-09-30 06:44:00,83102.01,83123.11,83101.0,83106.0,0.0
2026-09-30 06:45:00,83106.01,83106.01,83010.0,83038.01,0.0
2026-09-30 06:46:00,83038.0,83038.01,83028.0,83028.01,0.0
2026-09-30 06:47:00,83028.01,83032.34,83010.01,83010.01,0.0
2026-09-30 06:48:00,83010.01,83010.01,83000.0,83000.0,0.0
2026-09-30 06:49:00,83000.0,83000.01,82994.01,83000.0,0.0
2026-09-30 06:50:00,82999.99,83011.6,82980.0,82980.01,0.0
2026-09-30 06:51:00,82980.01,83005.35,82980.0,83005.35,0.0
2026-09-30 06:52:00,83005.35,83067.58,83005.35,83067.57,0.0
2026-09-30 06:53:00,83067.58,83074.73,83052.01,83074.73,0.0
2026-09-30 06:54:00,83074.73,83094.0,83074.0,83094.0,0.0
2026-09-30 06:55:00,83093.99,83194.92,83093.99,83194.92,0.0
2026-09-30 06:56:00,83194.91,83194.93,83139.5,83139.5,0.0
2026-09-30 06:57:00,83139.5,83152.0,83139.5,83148.0,0.0
2026-09-30 06:58:00,83148.0,83153.61,83137.51,83146.01,0.0
2026-09-30 06:59:00,83146.0,83146.0,83012.92,83043.14,0.0
2026-09-30 07:00:00,83043.14,83044.01,82968.0,82968.01,0.0
2026-09-30 07:01:00,82968.01,83038.01,82956.11,83008.01,0.0
2026-09-30 07:02:00,83008.0,83078.01,83008.0,83078.01,0.0
2026-09-30 07:03:00,83078.01,83112.67,83076.93,83076.94,0.0
2026-09-30 07:04:00,83076.94,83076.94,83050.0,83050.01,0.0
2026-09-30 07:05:00,83050.01,83050.01,83023.76,83048.0,0.0
2026-09-30 07:06:00,83048.0,83048.01,82997.16,83006.01,0.0
2026-09-30 07:07:00,83006.01,83022.3,83006.0,83009.25,0.0
2026-09-30 07:08:00,83009.26,83042.01,83009.25,83042.01,0.0
2026-09-30 07:09:00,83042.01,83050.24,83022.0,83050.24,0.0
2026-09-30 07:10:00,83050.23,83052.69,83037.13,83052.68,0.0
2026-09-30 07:11:00,83052.69,83052.69,83016.44,83016.44,0.0
2026-09-30 07:12:00,83016.44,83016.44,83003.07,83003.07,0.0
2026-09-30 07:13:00,83003.07,83015.52,83000.0,83015.51,0.0
2026-09-30 07:14:00,83015.51,83038.73,83015.51,83016.03,0.0
2026-09-30 07:15:00,83016.03,83063.59,83016.02,83063.59,0.0
2026-09-30 07:16:00,83063.59,83100.0,83063.58,83099.99,0.0
2026-09-30 07:17:00,83100.0,83105.56,83098.33,83105.56,0.0
2026-09-30 07:18:00,83105.55,83158.01,83105.55,83156.6,0.0
2026-09-30 07:19:00,83156.6,83256.52,83156.6,83247.09,0.0
2026-09-30 07:20:00,83247.1,83263.76,83236.47,83248.0,0.0
2026-09-30 07:21:00,83248.0,83256.41,83248.0,83253.24,0.0
2026-09-30 07:22:00,83253.24,83288.01,83253.24,83257.67,0.0
2026-09-30 07:23:00,83257.67,83346.9,83257.67,83346.89,0.0
2026-09-30 07:24:00,83346.89,83378.45,83324.34,83352.0,0.0
2026-09-30 07:25:00,83352.01,83393.38,83338.5,83358.01,0.0
2026-09-30 07:26:00,83358.01,83388.01,83352.0,83384.18,0.0
2026-09-30 07:27:00,83384.17,83400.0,83352.0,83352.0,0.0
2026-09-30 07:28:00,83352.0,83352.01,83303.71,83303.71,0.0
2026-09-30 07:29:00,83303.71,83308.01,83284.34,83308.01,0.0
2026-09-30 07:30:00,83308.0,83308.01,83268.0,83302.0,0.0
2026-09-30 07:31:00,83302.01,83330.0,83302.0,83330.0,0.0
2026-09-30 07:32:00,83330.01,83335.35,83318.96,83319.54,0.0
2026-09-30 07:33:00,83319.55,83342.66,83318.96,83342.65,0.0
2026-09-30 07:34:00,83342.66,83343.67,83330.99,83340.3,0.0
2026-09-30 07:35:00,83340.31,83400.0,83340.3,83399.99,0.0
2026-09-30 07:36:00,83400.0,83436.01,83399.99,83405.85,0.0
2026-09-30 07:37:00,83405.85,83427.83,83405.84,83409.67,0.0
2026-09-30 07:38:00,83409.67,83418.85,83388.98,83399.66,0.0
2026-09-30 07:39:00,83399.67,83418.01,83399.66,83399.66,0.0
2026-09-30 07:40:00,83399.67,83403.4,83396.0,83403.4,0.0
2026-09-30 07:41:00,83403.4,83403.4,83403.39,83403.4,0.0
2026-09-30 07:42:00,83403.4,83410.0,83401.72,83409.99,0.0
2026-09-30 07:43:00,83410.0,83410.0,83409.99,83409.99,0.0
2026-09-30 07:44:00,83410.0,83428.13,83409.99,83425.67,0.0
2026-09-30 07:45:00,83425.67,83432.84,83425.67,83432.83,0.0
2026-09-30 07:46:00,83432.84,83433.67,83396.36,83398.02,0.0
2026-09-30 07:47:00,83398.02,83407.68,83396.36,83398.71,0.0
2026-09-30 07:48:00,83398.71,83399.36,83398.7,83399.36,0.0
2026-09-30 07:49:00,83399.36,83427.75,83399.35,83427.75,0.0
2026-09-30 07:50:00,83427.74,83469.53,83427.74,83469.52,0.0
2026-09-30 07:51:00,83469.53,83470.0,83429.58,83430.51,0.0
2026-09-30 07:52:00,83430.51,83448.36,83430.5,83432.01,0.0
2026-09-30 07:53:00,83432.01,83442.69,83430.32,83432.71,0.0
2026-09-30 07:54:00,83432.71,83442.69,83394.76,83395.59,0.0
2026-09-30 07:55:00,83395.6,83401.33,83393.92,83393.92,0.0
2026-09-30 07:56:00,83393.93,83393.93,83346.0,83346.0,0.0
2026-09-30 07:57:00,83346.01,83352.9,83332.25,83336.01,0.0
2026-09-30 07:58:00,83336.01,83360.01,83336.0,83346.15,0.0
2026-09-30 07:59:00,83346.16,83346.16,83300.0,83304.92,0.0
2026-09-30 08:00:00,83304.92,83304.92,83282.0,83284.01,0.0
2026-09-30 08:01:00,83284.01,83296.01,83264.0,83269.99,0.0
2026-09-30 08:02:00,83269.98,83269.99,83244.71,83263.44,0.0
2026-09-30 08:03:00,83263.45,83320.84,83263.44,83320.84,0.0
2026-09-30 08:04:00,83320.83,83339.91,83283.97,83305.03,0.0
2026-09-30 08:05:00,83305.03,83305.87,83254.0,83266.0,0.0
2026-09-30 08:06:00,83266.01,83284.84,83266.01,83277.96,0.0
2026-09-30 08:07:00,83277.97,83277.97,83221.95,83221.95,0.0
2026-09-30 08:08:00,83221.96,83244.84,83221.95,83233.47,0.0
2026-09-30 08:09:00,83233.48,83240.56,83220.18,83220.19,0.0
2026-09-30 08:10:00,83220.18,83220.19,83213.02,83216.0,0.0
2026-09-30 08:11:00,83216.01,83216.01,83168.0,83168.01,0.0
2026-09-30 08:12:00,83168.01,83183.81,83157.38,83160.89,0.0
2026-09-30 08:13:00,83160.9,83165.92,83156.53,83156.54,0.0
2026-09-30 08:14:00,83156.54,83156.54,83125.7,83130.01,0.0
2026-09-30 08:15:00,83130.0,83165.92,83119.02,83163.19,0.0
2026-09-30 08:16:00,83163.19,83179.87,83159.42,83176.7,0.0
2026-09-30 08:17:00,83176.7,83222.23,83176.7,83221.13,0.0
2026-09-30 08:18:00,83221.14,83284.31,83221.14,83284.31,0.0
2026-09-30 08:19:00,83284.31,83288.65,83201.53,83201.54,0.0
2026-09-30 08:20:00,83201.53,83246.02,83194.0,83246.01,0.0
2026-09-30 08:21:00,83246.02,83271.46,83240.73,83271.46,0.0
2026-09-30 08:22:00,83271.45,83272.01,83244.46,83244.47,0.0
2026-09-30 08:23:00,83244.46,83253.67,83227.75,83227.76,0.0
2026-09-30 08:24:00,83227.76,83227.76,83168.0,83202.84,0.0
2026-09-30 08:25:00,83202.85,83202.85,83166.24,83166.24,0.0
2026-09-30 08:26:00,83166.24,83166.24,83141.68,83166.01,0.0
2026-09-30 08:27:00,83166.0,83173.54,83144.44,83173.53,0.0
2026-09-30 08:28:00,83173.54,83196.5,83151.36,83166.73,0.0
2026-09-30 08:29:00,83166.72,83166.73,83133.99,83133.99,0.0
2026-09-30 08:30:00,83134.0,83134.0,83068.12,83069.45,0.0
2026-09-30 08:31:00,83069.45,83092.75,83060.0,83060.01,0.0
2026-09-30 08:32:00,83060.0,83072.01,83037.0,83049.82,0.0
2026-09-30 08:33:00,83049.83,83069.51,83037.0,83037.01,0.0
2026-09-30 08:34:00,83037.0,83082.59,83037.0,83070.77,0.0
2026-09-30 08:35:00,83070.76,83073.67,83042.56,83064.01,0.0
2026-09-30 08:36:00,83064.0,83082.01,83046.19,83046.19,0.0
2026-09-30 08:37:00,83046.19,83089.35,83046.19,83089.35,0.0
2026-09-30 08:38:00,83089.35,83136.16,83086.0,83136.15,0.0
2026-09-30 08:39:00,83136.16,83140.17,83135.0,83140.17,0.0
2026-09-30 08:40:00,83140.17,83140.55,83116.18,83138.25,0.0
2026-09-30 08:41:00,83138.24,83138.25,83095.79,83106.0,0.0
2026-09-30 08:42:00,83106.0,83106.01,83083.01,83085.06,0.0
2026-09-30 08:43:00,83085.06,83088.24,83066.0,83066.0,0.0
2026-09-30 08:44:00,83066.0,83085.73,83066.0,83080.01,0.0
2026-09-30 08:45:00,83080.0,83086.01,83068.0,83068.0,0.0
2026-09-30 08:46:00,83068.01,83102.01,83068.0,83102.0,0.0
2026-09-30 08:47:00,83102.01,83136.09,83102.0,83122.0,0.0
2026-09-30 08:48:00,83122.01,83148.01,83114.0,83148.01,0.0
2026-09-30 08:49:00,83148.0,83172.6,83142.0,83142.24,0.0
2026-09-30 08:50:00,83142.24,83156.42,83117.2,83118.0,0.0
2026-09-30 08:51:00,83118.0,83121.41,83023.69,83061.62,0.0
2026-09-30 08:52:00,83061.63,83082.01,83038.25,83052.01,0.0
2026-09-30 08:53:00,83052.0,83054.09,83052.0,83054.09,0.0
2026-09-30 08:54:00,83054.08,83062.95,83038.25,83046.0,0.0
2026-09-30 08:55:00,83046.0,83046.01,83032.37,83042.13,0.0
2026-09-30 08:56:00,83042.14,83059.87,83042.12,83059.87,0.0
2026-09-30 08:57:00,83059.87,83068.65,83059.87,83068.65,0.0
2026-09-30 08:58:00,83068.65,83082.01,83068.64,83072.89,0.0
2026-09-30 08:59:00,83072.88,83074.0,83062.4,83062.41,0.0
2026-09-30 09:00:00,83062.41,83082.01,83058.0,83082.0,0.0
2026-09-30 09:01:00,83082.01,83088.49,83082.0,83088.48,0.0
2026-09-30 09:02:00,83088.48,83166.32,83088.44,83166.32,0.0
2026-09-30 09:03:00,83166.32,83172.25,83156.94,83172.24,0.0
2026-09-30 09:04:00,83172.25,83190.91,83172.24,83190.91,0.0
2026-09-30 09:05:00,83190.97,83245.09,83190.96,83245.09,0.0
2026-09-30 09:06:00,83245.08,83264.16,83242.07,83264.16,0.0
2026-09-30 09:07:00,83264.15,83264.16,83231.01,83231.02,0.0
2026-09-30 09:08:00,83231.01,83290.06,83231.01,83240.0,0.0
2026-09-30 09:09:00,83240.01,83244.01,83220.13,83244.0,0.0
2026-09-30 09:10:00,83244.01,83272.01,83244.0,83260.02,0.0
2026-09-30 09:11:00,83260.03,83260.03,83240.89,83256.0,0.0
2026-09-30 09:12:00,83256.01,83289.08,83244.0,83249.52,0.0
2026-09-30 09:13:00,83249.51,83268.01,83249.51,83268.01,0.0
2026-09-30 09:14:00,83268.0,83291.95,83268.0,83291.94,0.0
2026-09-30 09:15:00,83291.94,83291.95,83291.94,83291.95,0.0
2026-09-30 09:16:00,83291.94,83291.95,83278.02,83284.01,0.0
2026-09-30 09:17:00,83284.0,83316.0,83284.0,83291.04,0.0
2026-09-30 09:18:00,83291.03,83310.02,83277.25,83310.01,0.0
2026-09-30 09:19:00,83310.01,83318.54,83307.0,83307.01,0.0
2026-09-30 09:20:00,83307.0,83335.75,83283.19,83335.74,0.0
2026-09-30 09:21:00,83335.75,83368.02,83335.74,83358.93,0.0
2026-09-30 09:22:00,83358.92,83362.01,83325.17,83344.0,0.0
2026-09-30 09:23:00,83344.0,83362.67,83344.0,83362.67,0.0
2026-09-30 09:24:00,83362.66,83395.18,83348.99,83395.17,0.0
2026-09-30 09:25:00,83395.18,83420.93,83391.15,83400.0,0.0
2026-09-30 09:26:00,83400.01,83424.01,83400.0,83423.33,0.0
2026-09-30 09:27:00,83423.33,83440.99,83423.33,83440.98,0.0
2026-09-30 09:28:00,83440.99,83440.99,83417.61,83417.62,0.0
2026-09-30 09:29:00,83417.61,83426.96,83417.61,83426.95,0.0
2026-09-30 09:30:00,83426.96,83524.8,83426.95,83444.0,0.0
2026-09-30 09:31:00,83444.01,83529.0,83444.0,83514.0,0.0
2026-09-30 09:32:00,83514.01,83787.0,83514.01,83781.63,0.0
2026-09-30 09:33:00,83781.63,83812.41,83718.79,83756.87,0.0
2026-09-30 09:34:00,83756.88,83794.3,83693.08,83695.75,0.0
2026-09-30 09:35:00,83695.74,83723.83,83618.18,83708.25,0.0
2026-09-30 09:36:00,83708.26,83733.48,83652.0,83652.01,0.0
2026-09-30 09:37:00,83652.01,83652.01,83602.26,83606.0,0.0
2026-09-30 09:38:00,83606.0,83622.01,83574.89,83622.0,0.0
2026-09-30 09:39:00,83622.01,83622.01,83574.28,83574.29,0.0
2026-09-30 09:40:00,83574.28,83574.29,83547.73,83555.0,0.0
2026-09-30 09:41:00,83555.0,83555.01,83522.65,83543.62,0.0
2026-09-30 09:42:00,83543.61,83562.01,83543.61,83548.11,0.0
2026-09-30 09:43:00,83548.11,83548.12,83532.16,83532.16,0.0
2026-09-30 09:44:00,83532.17,83574.4,83532.16,83574.4,0.0
2026-09-30 09:45:00,83574.39,83583.0,83537.21,83565.34,0.0
2026-09-30 09:46:00,83565.34,83583.0,83565.34,83582.99,0.0
2026-09-30 09:47:00,83582.99,83583.0,83567.08,83583.0,0.0
2026-09-30 09:48:00,83583.0,83596.01,83582.99,83596.01,0.0
2026-09-30 09:49:00,83596.0,83604.01,83580.26,83604.01,0.0
2026-09-30 09:50:00,83604.01,83629.05,83604.0,83618.0,0.0
2026-09-30 09:51:00,83618.0,83645.0,83617.96,83629.13,0.0
2026-09-30 09:52:00,83629.12,83629.12,83578.01,83584.01,0.0
2026-09-30 09:53:00,83584.01,83586.01,83569.72,83586.0,0.0
2026-09-30 09:54:00,83586.01,83629.35,83572.45,83629.35,0.0
2026-09-30 09:55:00,83629.35,83656.01,83629.34,83634.39,0.0
2026-09-30 09:56:00,83634.39,83634.4,83604.0,83618.01,0.0
2026-09-30 09:57:00,83618.0,83640.81,83618.0,83640.81,0.0
2026-09-30 09:58:00,83640.8,83644.01,83640.8,83640.8,0.0
2026-09-30 09:59:00,83640.81,83640.81,83627.48,83632.01,0.0
2026-09-30 10:00:00,83632.01,83746.77,83632.01,83731.29,0.0
2026-09-30 10:01:00,83731.29,83745.89,83699.4,83699.4,0.0
2026-09-30 10:02:00,83699.4,83745.89,83680.29,83745.86,0.0
2026-09-30 10:03:00,83745.85,83745.86,83717.65,83726.17,0.0
2026-09-30 10:04:00,83726.17,83796.73,83724.2,83772.01,0.0
2026-09-30 10:05:00,83772.0,83772.01,83751.65,83752.53,0.0
2026-09-30 10:06:00,83752.54,83764.35,83752.53,83752.66,0.0
2026-09-30 10:07:00,83752.66,83752.67,83736.08,83740.01,0.0
2026-09-30 10:08:00,83740.01,83760.0,83740.0,83760.0,0.0
2026-09-30 10:09:00,83759.99,83760.0,83727.74,83729.09,0.0
2026-09-30 10:10:00,83729.08,83730.0,83727.74,83729.1,0.0
2026-09-30 10:11:00,83729.1,83748.01,83729.1,83747.79,0.0
2026-09-30 10:12:00,83747.78,83754.92,83747.78,83754.92,0.0
2026-09-30 10:13:00,83754.91,83764.01,83754.91,83759.98,0.0
2026-09-30 10:14:00,83759.98,83759.99,83706.53,83706.53,0.0
2026-09-30 10:15:00,83706.02,83718.01,83698.0,83704.0,0.0
2026-09-30 10:16:00,83704.0,83708.75,83678.0,83694.0,0.0
2026-09-30 10:17:00,83694.01,83722.01,83694.0,83722.01,0.0
2026-09-30 10:18:00,83722.01,83722.01,83698.0,83698.01,0.0
2026-09-30 10:19:00,83698.01,83740.0,83698.01,83740.0,0.0
2026-09-30 10:20:00,83740.0,83796.73,83739.99,83796.72,0.0
2026-09-30 10:21:00,83796.72,83845.0,83796.72,83818.24,0.0
2026-09-30 10:22:00,83818.24,83822.16,83760.74,83760.75,0.0
2026-09-30 10:23:00,83760.74,83779.19,83746.0,83746.01,0.0
2026-09-30 10:24:00,83746.0,83804.26,83743.48,83804.26,0.0
2026-09-30 10:25:00,83804.26,83866.33,83804.25,83866.32,0.0
2026-09-30 10:26:00,83866.32,83866.33,83855.25,83859.3,0.0
2026-09-30 10:27:00,83859.29,83859.3,83798.52,83798.52,0.0
2026-09-30 10:28:00,83798.53,83806.9,83788.0,83806.89,0.0
2026-09-30 10:29:00,83806.9,83806.9,83783.48,83787.92,0.0
2026-09-30 10:30:00,83787.91,83845.0,83787.91,83844.99,0.0
2026-09-30 10:31:00,83845.0,83857.27,83844.99,83857.27,0.0
2026-09-30 10:32:00,83857.26,83872.8,83857.26,83872.8,0.0
2026-09-30 10:33:00,83872.8,83875.0,83866.0,83872.68,0.0
2026-09-30 10:34:00,83872.68,83874.51,83860.96,83874.5,0.0
2026-09-30 10:35:00,83874.5,83875.0,83868.0,83875.0,0.0
2026-09-30 10:36:00,83874.99,83875.0,83871.71,83875.0,0.0
2026-09-30 10:37:00,83875.0,83926.33,83874.99,83913.76,0.0
2026-09-30 10:38:00,83913.76,83916.94,83913.76,83916.94,0.0
2026-09-30 10:39:00,83916.94,83926.32,83854.82,83854.82,0.0
2026-09-30 10:40:00,83854.82,83858.86,83854.82,83858.85,0.0
2026-09-30 10:41:00,83858.85,83880.0,83854.82,83880.0,0.0
2026-09-30 10:42:00,83880.0,83907.49,83879.99,83896.66,0.0
2026-09-30 10:43:00,83896.66,83903.56,83878.78,83903.55,0.0
2026-09-30 10:44:00,83903.56,83903.56,83888.58,83888.58,0.0
2026-09-30 10:45:00,83888.58,83902.71,83869.13,83869.13,0.0
2026-09-30 10:46:00,83869.13,83869.14,83862.13,83862.13,0.0
2026-09-30 10:47:00,83862.12,83902.71,83862.12,83902.7,0.0
2026-09-30 10:48:00,83902.7,83905.14,83896.33,83905.13,0.0
2026-09-30 10:49:00,83905.14,83938.75,83901.93,83901.95,0.0
2026-09-30 10:50:00,83901.96,83919.32,83901.95,83919.32,0.0
2026-09-30 10:51:00,83919.31,83919.32,83906.36,83912.91,0.0
2026-09-30 10:52:00,83912.91,83937.95,83912.91,83937.94,0.0
2026-09-30 10:53:00,83937.95,83937.95,83935.52,83935.53,0.0
2026-09-30 10:54:00,83935.53,83950.0,83935.52,83949.99,0.0
2026-09-30 10:55:00,83949.99,83950.0,83936.0,83936.0,0.0
2026-09-30 10:56:00,83936.01,83936.01,83882.14,83932.17,0.0
2026-09-30 10:57:00,83932.17,83932.17,83918.0,83930.83,0.0
2026-09-30 10:58:00,83930.83,83930.83,83918.0,83918.01,0.0
2026-09-30 10:59:00,83918.01,83918.01,83918.0,83918.01,0.0
2026-09-30 11:00:00,83918.0,83918.0,83852.0,83852.0,0.0
2026-09-30 11:01:00,83852.0,83852.0,83767.63,83772.0,0.0
2026-09-30 11:02:00,83772.0,83777.94,83767.63,83767.64,0.0
2026-09-30 11:03:00,83767.63,83809.53,83764.0,83805.31,0.0
2026-09-30 11:04:00,83805.31,83805.31,83766.0,83766.0,0.0
2026-09-30 11:05:00,83766.0,83776.3,83750.35,83750.36,0.0
2026-09-30 11:06:00,83750.36,83750.36,83720.4,83720.41,0.0
2026-09-30 11:07:00,83720.41,83720.41,83696.0,83703.96,0.0
2026-09-30 11:08:00,83703.96,83765.45,83703.95,83756.89,0.0
2026-09-30 11:09:00,83756.9,83770.0,83712.0,83712.0,0.0
2026-09-30 11:10:00,83712.0,83726.01,83708.0,83726.0,0.0
2026-09-30 11:11:00,83726.0,83730.01,83714.0,83726.0,0.0
2026-09-30 11:12:00,83725.99,83827.38,83725.99,83827.37,0.0
2026-09-30 11:13:00,83827.38,83861.77,83827.37,83832.01,0.0
2026-09-30 11:14:00,83832.01,83845.0,83814.75,83844.99,0.0
2026-09-30 11:15:00,83844.99,83860.01,83839.5,83839.5,0.0
2026-09-30 11:16:00,83839.05,83839.05,83828.29,83830.01,0.0
2026-09-30 11:17:00,83830.0,83830.01,83791.37,83812.01,0.0
2026-09-30 11:18:00,83812.0,83825.16,83810.86,83825.15,0.0
2026-09-30 11:19:00,83825.16,83830.0,83739.7,83739.7,0.0
2026-09-30 11:20:00,83739.7,83739.71,83716.0,83716.01,0.0
2026-09-30 11:21:00,83716.0,83732.39,83716.0,83732.39,0.0
2026-09-30 11:22:00,83732.39,83780.01,83732.38,83780.0,0.0
2026-09-30 11:23:00,83780.0,83870.33,83780.0,83870.32,0.0
2026-09-30 11:24:00,83870.32,83879.64,83854.41,83854.41,0.0
2026-09-30 11:25:00,83854.41,83864.01,83846.0,83864.01,0.0
2026-09-30 11:26:00,83864.01,83879.02,83862.68,83862.68,0.0
2026-09-30 11:27:00,83862.68,83862.69,83848.0,83848.0,0.0
2026-09-30 11:28:00,83848.0,83850.01,83848.0,83850.01,0.0
2026-09-30 11:29:00,83850.01,83858.01,83850.0,83858.0,0.0
2026-09-30 11:30:00,83858.01,83858.01,83825.37,83828.13,0.0
2026-09-30 11:31:00,83828.14,83828.14,83766.0,83766.01,0.0
2026-09-30 11:32:00,83766.0,83766.0,83747.65,83757.99,0.0
2026-09-30 11:33:00,83757.99,83782.01,83757.99,83782.01,0.0
2026-09-30 11:34:00,83782.0,83813.98,83782.0,83813.98,0.0
2026-09-30 11:35:00,83813.98,83829.35,83813.97,83829.34,0.0
2026-09-30 11:36:00,83829.34,83829.35,83790.0,83812.01,0.0
2026-09-30 11:37:00,83812.01,83838.01,83812.01,83837.75,0.0
2026-09-30 11:38:00,83837.75,83874.0,83837.75,83873.99,0.0
2026-09-30 11:39:00,83874.0,83900.0,83858.0,83900.0,0.0
2026-09-30 11:40:00,83900.01,83940.0,83900.0,83940.0,0.0
2026-09-30 11:41:00,83940.0,83981.11,83929.92,83932.09,0.0
2026-09-30 11:42:00,83932.09,83932.09,83908.01,83920.01,0.0
2026-09-30 11:43:00,83920.01,83976.01,83920.01,83962.03,0.0
2026-09-30 11:44:00,83962.02,83962.03,83932.0,83934.01,0.0
2026-09-30 11:45:00,83934.01,83936.01,83906.42,83910.79,0.0
2026-09-30 11:46:00,83910.78,83976.0,83897.42,83946.0,0.0
2026-09-30 11:47:00,83946.0,83946.01,83873.46,83908.01,0.0
2026-09-30 11:48:00,83908.01,83908.01,83882.0,83884.0,0.0
2026-09-30 11:49:00,83884.01,83900.0,83872.0,83899.68,0.0
2026-09-30 11:50:00,83899.68,83899.69,83868.0,83868.01,0.0
2026-09-30 11:51:00,83868.01,83872.01,83852.0,83852.01,0.0
2026-09-30 11:52:00,83852.0,83852.01,83840.62,83840.63,0.0
2026-09-30 11:53:00,83840.62,83856.01,83837.62,83837.62,0.0
2026-09-30 11:54:00,83837.62,83837.62,83820.01,83834.0,0.0
2026-09-30 11:55:00,83834.01,83834.01,83832.0,83832.0,0.0
2026-09-30 11:56:00,83832.01,83857.07,83832.0,83852.01,0.0
2026-09-30 11:57:00,83852.01,83860.4,83852.0,83860.39,0.0
2026-09-30 11:58:00,83860.4,83860.4,83849.91,83860.0,0.0
2026-09-30 11:59:00,83860.01,83915.17,83860.01,83915.16,0.0
2026-09-30 12:00:00,83915.17,83942.01,83899.99,83942.01,0.0
2026-09-30 12:01:00,83942.01,83942.01,83905.57,83905.57,0.0
2026-09-30 12:02:00,83905.57,83905.58,83866.0,83866.0,0.0
2026-09-30 12:03:00,83866.0,83870.0,83831.83,83831.83,0.0
2026-09-30 12:04:00,83831.83,83858.55,83831.82,83838.0,0.0
2026-09-30 12:05:00,83838.0,83839.36,83819.61,83819.62,0.0
2026-09-30 12:06:00,83819.61,83819.62,83788.53,83788.54,0.0
2026-09-30 12:07:00,83788.54,83804.01,83768.89,83804.0,0.0
2026-09-30 12:08:00,83804.01,83804.01,83790.06,83796.61,0.0
2026-09-30 12:09:00,83796.6,83806.01,83796.0,83796.0,0.0
2026-09-30 12:10:00,83796.0,83822.01,83796.0,83822.01,0.0
2026-09-30 12:11:00,83822.0,83832.01,83822.0,83832.01,0.0
2026-09-30 12:12:00,83832.01,83846.0,83832.0,83846.0,0.0
2026-09-30 12:13:00,83846.0,83868.01,83846.0,83852.0,0.0
2026-09-30 12:14:00,83852.01,83883.95,83852.0,83883.94,0.0
2026-09-30 12:15:00,83883.95,83883.95,83814.0,83814.0,0.0
2026-09-30 12:16:00,83814.01,83814.01,83768.0,83784.0,0.0
2026-09-30 12:17:00,83784.0,83806.81,83768.01,83796.47,0.0
2026-09-30 12:18:00,83796.46,83806.81,83796.46,83806.8,0.0
2026-09-30 12:19:00,83806.8,83820.97,83802.77,83804.0,0.0
2026-09-30 12:20:00,83804.0,83804.01,83774.44,83774.44,0.0
2026-09-30 12:21:00,83774.45,83828.01,83774.45,83828.0,0.0
2026-09-30 12:22:00,83828.0,83913.94,83828.0,83913.94,0.0
2026-09-30 12:23:00,83913.94,83924.01,83842.49,83842.49,0.0
2026-09-30 12:24:00,83842.49,83900.0,83842.49,83890.0,0.0
2026-09-30 12:25:00,83890.01,83926.01,83890.0,83902.12,0.0
2026-09-30 12:26:00,83902.12,83925.0,83889.63,83889.63,0.0
2026-09-30 12:27:00,83889.64,83902.01,83888.27,83902.01,0.0
2026-09-30 12:28:00,83902.01,83926.01,83888.27,83926.0,0.0
2026-09-30 12:29:00,83926.01,83975.0,83890.86,83939.61,0.0
2026-09-30 12:30:00,83939.61,84280.33,83874.0,84256.71,0.0
2026-09-30 12:31:00,84254.86,84498.0,84250.78,84468.81,0.0
2026-09-30 12:32:00,84468.8,84488.46,84400.0,84426.13,0.0
2026-09-30 12:33:00,84426.12,84426.12,84284.14,84291.12,0.0
2026-09-30 12:34:00,84291.13,84498.01,84275.75,84494.91,0.0
2026-09-30 12:35:00,84494.9,84866.0,84482.34,84751.08,0.0
2026-09-30 12:36:00,84751.07,84754.01,84593.69,84593.7,0.0
2026-09-30 12:37:00,84593.7,84650.01,84550.0,84640.82,0.0
2026-09-30 12:38:00,84640.82,84807.99,84636.62,84745.03,0.0
2026-09-30 12:39:00,84745.03,84870.58,84730.81,84839.07,0.0
2026-09-30 12:40:00,84839.06,85072.01,84000.0,85060.92,0.0
2026-09-30 12:41:00,85060.92,85060.93,84640.0,84900.9,0.0
2026-09-30 12:42:00,84900.9,84942.9,84594.55,84828.32,0.0
2026-09-30 12:43:00,84828.31,84931.5,84819.56,84924.43,0.0
2026-09-30 12:44:00,84924.43,84925.72,84780.65,84828.16,0.0
2026-09-30 12:45:00,84828.17,84996.01,84828.15,84979.0,0.0
2026-09-30 12:46:00,84979.01,84993.0,84905.68,84905.68,0.0
2026-09-30 12:47:00,84905.68,84938.01,84741.25,84904.41,0.0
2026-09-30 12:48:00,84904.41,85128.19,84904.41,85104.79,0.0
2026-09-30 12:49:00,85104.78,85222.0,85068.0,85139.31,0.0
2026-09-30 12:50:00,85139.31,85449.79,85139.31,85442.85,0.0
2026-09-30 12:51:00,85442.85,85458.55,85302.77,85452.4,0.0
2026-09-30 12:52:00,85452.39,85475.0,85394.28,85442.53,0.0
2026-09-30 12:53:00,85442.52,85462.0,85379.64,85396.35,0.0
2026-09-30 12:54:00,85396.34,85500.0,85396.34,85483.75,0.0
2026-09-30 12:55:00,85483.75,85514.0,85443.32,85509.59,0.0
2026-09-30 12:56:00,85509.59,85513.99,85386.34,85446.0,0.0
2026-09-30 12:57:00,85446.0,85493.97,85446.0,85462.41,0.0
2026-09-30 12:58:00,85462.4,85462.41,85310.17,85310.17,0.0
2026-09-30 12:59:00,85310.18,85342.01,85290.32,85290.32,0.0
2026-09-30 13:00:00,85290.32,85336.42,85244.28,85264.79,0.0
2026-09-30 13:01:00,85264.79,85268.89,85135.36,85154.06,0.0
2026-09-30 13:02:00,85154.05,85192.01,85104.65,85173.43,0.0
2026-09-30 13:03:00,85173.43,85242.73,85118.84,85242.25,0.0
2026-09-30 13:04:00,85242.24,85246.53,85206.88,85238.39,0.0
2026-09-30 13:05:00,85238.39,85272.03,85205.81,85252.0,0.0
2026-09-30 13:06:00,85252.0,85400.0,85250.06,85335.35,0.0
2026-09-30 13:07:00,85335.36,85362.16,85279.18,85281.91,0.0
2026-09-30 13:08:00,85281.92,85394.24,85281.91,85357.28,0.0
2026-09-30 13:09:00,85357.28,85649.95,85357.28,85596.17,0.0
2026-09-30 13:10:00,85596.0,85596.01,85472.0,85503.99,0.0
2026-09-30 13:11:00,85504.0,85612.86,85485.63,85583.31,0.0
2026-09-30 13:12:00,85583.3,85586.69,85498.0,85501.03,0.0
2026-09-30 13:13:00,85501.03,85501.03,85412.3,85412.31,0.0
2026-09-30 13:14:00,85412.31,85414.01,85373.52,85394.57,0.0
2026-09-30 13:15:00,85394.57,85454.01,85394.57,85434.97,0.0
2026-09-30 13:16:00,85434.96,85483.86,85410.48,85483.85,0.0
2026-09-30 13:17:00,85483.86,85500.01,85412.11,85442.49,0.0
2026-09-30 13:18:00,85442.49,85446.01,85412.71,85412.72,0.0
2026-09-30 13:19:00,85412.72,85412.72,85310.25,85312.01,0.0
2026-09-30 13:20:00,85312.01,85355.63,85300.0,85355.63,0.0
2026-09-30 13:21:00,85355.64,85370.07,85304.59,85335.73,0.0
2026-09-30 13:22:00,85335.73,85372.01,85313.91,85313.92,0.0
2026-09-30 13:23:00,85313.91,85334.01,85304.59,85312.37,0.0
2026-09-30 13:24:00,85312.35,85327.73,85304.59,85327.73,0.0
2026-09-30 13:25:00,85327.72,85337.24,85300.01,85300.02,0.0
2026-09-30 13:26:00,85300.03,85349.32,85300.03,85349.32,0.0
2026-09-30 13:27:00,85349.31,85353.93,85300.0,85304.0,0.0
2026-09-30 13:28:00,85304.01,85304.01,85170.0,85170.01,0.0
2026-09-30 13:29:00,85170.0,85188.01,85168.0,85188.0,0.0
2026-09-30 13:30:00,85188.01,85342.01,85159.14,85342.0,0.0
2026-09-30 13:31:00,85342.01,85544.66,85342.01,85541.97,0.0
2026-09-30 13:32:00,85541.97,85563.0,85356.54,85378.53,0.0
2026-09-30 13:33:00,85378.53,85378.54,85260.0,85268.71,0.0
2026-09-30 13:34:00,85268.71,85319.2,85230.0,85230.0,0.0
2026-09-30 13:35:00,85230.0,85230.0,84772.34,84822.92,0.0
2026-09-30 13:36:00,84822.92,84829.06,84619.39,84780.19,0.0
2026-09-30 13:37:00,84780.2,84808.5,84587.88,84630.16,0.0
2026-09-30 13:38:00,84630.15,84642.66,84301.12,84396.62,0.0
2026-09-30 13:39:00,84396.38,84431.71,84200.0,84234.73,0.0
2026-09-30 13:40:00,84234.72,84375.78,84019.39,84063.19,0.0
2026-09-30 13:41:00,84063.18,84268.69,84043.4,84262.0,0.0
2026-09-30 13:42:00,84261.99,84567.04,84241.23,84535.39,0.0
2026-09-30 13:43:00,84535.38,84588.23,84435.74,84435.74,0.0
2026-09-30 13:44:00,84435.48,84517.84,84411.71,84515.45,0.0
2026-09-30 13:45:00,84515.46,84565.27,84400.0,84413.8,0.0
2026-09-30 13:46:00,84413.81,84600.0,84400.0,84600.0,0.0
2026-09-30 13:47:00,84599.99,84677.52,84552.64,84656.03,0.0
2026-09-30 13:48:00,84656.02,84665.3,84500.0,84511.87,0.0
2026-09-30 13:49:00,84511.99,84673.46,84476.8,84615.67,0.0
2026-09-30 13:50:00,84615.68,84648.01,84544.28,84580.01,0.0
2026-09-30 13:51:00,84580.0,84757.07,84580.0,84690.01,0.0
2026-09-30 13:52:00,84690.01,84690.01,84582.08,84584.64,0.0
2026-09-30 13:53:00,84584.65,84670.01,84522.05,84670.01,0.0
2026-09-30 13:54:00,84670.01,84670.01,84578.0,84581.78,0.0
2026-09-30 13:55:00,84581.78,84670.0,84562.0,84579.04,0.0
2026-09-30 13:56:00,84578.35,84612.01,84526.01,84554.25,0.0
2026-09-30 13:57:00,84554.26,84596.01,84476.8,84522.15,0.0
2026-09-30 13:58:00,84522.02,84533.05,84476.8,84530.01,0.0
2026-09-30 13:59:00,84530.0,84637.74,84530.0,84637.74,0.0
2026-09-30 14:00:00,84637.74,84644.83,84460.17,84470.52,0.0
2026-09-30 14:01:00,84470.52,84560.01,84354.01,84354.01,0.0
2026-09-30 14:02:00,84354.0,84440.01,84286.12,84404.97,0.0
2026-09-30 14:03:00,84404.97,84456.01,84386.0,84456.0,0.0
2026-09-30 14:04:00,84456.01,84616.01,84456.0,84553.52,0.0
2026-09-30 14:05:00,84552.01,84572.0,84516.0,84572.0,0.0
2026-09-30 14:06:00,84572.01,84637.74,84544.0,84544.01,0.0
2026-09-30 14:07:00,84544.01,84544.01,84342.0,84350.99,0.0
2026-09-30 14:08:00,84350.99,84380.01,84275.35,84377.99,0.0
2026-09-30 14:09:00,84378.0,84406.01,84322.0,84394.01,0.0
2026-09-30 14:10:00,84394.0,84404.01,84272.0,84289.6,0.0
2026-09-30 14:11:00,84289.61,84289.61,84138.59,84258.01,0.0
2026-09-30 14:12:00,84258.0,84434.01,84256.0,84388.01,0.0
2026-09-30 14:13:00,84388.0,84519.16,84356.0,84368.97,0.0
2026-09-30 14:14:00,84368.97,84390.01,84329.7,84354.01,0.0
2026-09-30 14:15:00,84354.01,84358.01,84255.0,84298.01,0.0
2026-09-30 14:16:00,84298.01,84301.36,84169.86,84215.15,0.0
2026-09-30 14:17:00,84214.88,84249.28,84107.68,84107.68,0.0
2026-09-30 14:18:00,84107.68,84152.71,84009.0,84074.14,0.0
2026-09-30 14:19:00,84074.14,84130.86,84022.21,84130.86,0.0
2026-09-30 14:20:00,84130.86,84133.64,84063.18,84133.64,0.0
2026-09-30 14:21:00,84133.64,84178.01,84078.01,84078.01,0.0
2026-09-30 14:22:00,84078.01,84078.02,83850.01,83850.02,0.0
2026-09-30 14:23:00,83850.02,83876.38,83647.28,83873.07,0.0
2026-09-30 14:24:00,83873.08,83887.25,83827.86,83886.47,0.0
2026-09-30 14:25:00,83886.47,83965.51,83886.47,83957.08,0.0
2026-09-30 14:26:00,83957.07,83999.39,83902.74,83940.01,0.0
2026-09-30 14:27:00,83940.0,83940.01,83735.18,83758.56,0.0
2026-09-30 14:28:00,83758.57,83800.0,83669.6,83713.49,0.0
2026-09-30 14:29:00,83713.48,83773.61,83656.07,83768.38,0.0
2026-09-30 14:30:00,83768.38,83831.96,83711.61,83802.54,0.0
2026-09-30 14:31:00,83802.55,83829.5,83732.0,83732.01,0.0
2026-09-30 14:32:00,83732.01,83738.01,83373.0,83460.51,0.0
2026-09-30 14:33:00,83460.5,83552.27,83373.76,83552.26,0.0
2026-09-30 14:34:00,83552.27,83588.48,83437.57,83442.56,0.0
2026-09-30 14:35:00,83442.55,83512.01,83379.62,83456.01,0.0
2026-09-30 14:36:00,83456.01,83570.01,83446.28,83455.7,0.0
2026-09-30 14:37:00,83455.7,83676.01,83455.7,83650.01,0.0
2026-09-30 14:38:00,83650.01,83725.51,83624.4,83725.5,0.0
2026-09-30 14:39:00,83725.5,83725.51,83620.0,83620.72,0.0
2026-09-30 14:40:00,83620.72,83620.72,83500.0,83600.42,0.0
2026-09-30 14:41:00,83600.41,83652.79,83512.81,83652.78,0.0
2026-09-30 14:42:00,83652.79,83722.59,83640.01,83688.01,0.0
2026-09-30 14:43:00,83688.01,83749.7,83586.01,83609.87,0.0
2026-09-30 14:44:00,83609.87,83609.87,83544.61,83553.98,0.0
2026-09-30 14:45:00,83553.98,83634.4,83544.61,83601.68,0.0
2026-09-30 14:46:00,83601.68,83638.01,83580.0,83638.01,0.0
2026-09-30 14:47:00,83638.01,83720.0,83615.28,83717.09,0.0
2026-09-30 14:48:00,83717.08,83807.8,83710.0,83713.36,0.0
2026-09-30 14:49:00,83713.36,83738.01,83680.0,83730.01,0.0
2026-09-30 14:50:00,83730.01,83760.0,83686.01,83730.02,0.0
2026-09-30 14:51:00,83730.02,83795.17,83710.01,83730.78,0.0
2026-09-30 14:52:00,83730.79,83884.01,83730.78,83806.0,0.0
2026-09-30 14:53:00,83805.51,83880.01,83802.63,83820.73,0.0
2026-09-30 14:54:00,83820.73,83887.25,83770.57,83868.07,0.0
2026-09-30 14:55:00,83868.06,83974.01,83868.01,83974.0,0.0
2026-09-30 14:56:00,83974.01,83987.78,83896.0,83896.0,0.0
2026-09-30 14:57:00,83896.01,83925.99,83878.0,83879.09,0.0
2026-09-30 14:58:00,83879.09,83879.09,83811.61,83814.3,0.0
2026-09-30 14:59:00,83814.29,83832.99,83800.0,83800.01,0.0
2026-09-30 15:00:00,83800.01,83841.64,83748.01,83823.29,0.0
2026-09-30 15:01:00,83823.29,83838.0,83724.0,83838.0,0.0
2026-09-30 15:02:00,83837.99,83838.0,83749.63,83764.0,0.0
2026-09-30 15:03:00,83763.99,83928.01,83749.99,83928.0,0.0
2026-09-30 15:04:00,83928.0,83928.0,83846.0,83898.01,0.0
2026-09-30 15:05:00,83898.0,83945.76,83885.6,83912.3,0.0
2026-09-30 15:06:00,83912.31,83912.31,83840.0,83908.0,0.0
2026-09-30 15:07:00,83908.01,83922.01,83887.52,83890.84,0.0
2026-09-30 15:08:00,83890.85,83894.01,83868.0,83890.01,0.0
2026-09-30 15:09:00,83890.0,83942.01,83888.0,83926.7,0.0
2026-09-30 15:10:00,83926.71,83981.11,83926.7,83938.0,0.0
2026-09-30 15:11:00,83938.01,84000.0,83938.0,83938.0,0.0
2026-09-30 15:12:00,83938.0,83950.3,83856.0,83923.44,0.0
2026-09-30 15:13:00,83923.44,83989.46,83923.44,83952.01,0.0
2026-09-30 15:14:00,83952.0,84000.0,83943.6,83952.98,0.0
2026-09-30 15:15:00,83952.98,83992.75,83936.0,83980.0,0.0
2026-09-30 15:16:00,83980.0,84021.58,83958.0,84014.01,0.0
2026-09-30 15:17:00,84014.0,84014.01,83894.01,83894.01,0.0
2026-09-30 15:18:00,83894.02,83894.02,83794.0,83796.0,0.0
2026-09-30 15:19:00,83796.0,83841.42,83760.0,83812.02,0.0
2026-09-30 15:20:00,83812.03,83882.92,83786.97,83882.91,0.0
2026-09-30 15:21:00,83882.91,83911.89,83856.83,83911.89,0.0
2026-09-30 15:22:00,83911.89,83992.01,83888.0,83888.01,0.0
2026-09-30 15:23:00,83888.0,83915.65,83846.0,83846.01,0.0
2026-09-30 15:24:00,83846.0,83847.94,83720.01,83720.01,0.0
2026-09-30 15:25:00,83720.0,83752.01,83696.0,83696.01,0.0
2026-09-30 15:26:00,83696.0,83750.58,83694.0,83740.01,0.0
2026-09-30 15:27:00,83740.01,83765.41,83694.0,83765.41,0.0
2026-09-30 15:28:00,83765.41,83832.02,83752.0,83830.65,0.0
2026-09-30 15:29:00,83830.65,83895.49,83830.65,83895.48,0.0
2026-09-30 15:30:00,83895.49,84012.98,83895.48,84012.97,0.0
2026-09-30 15:31:00,84012.98,84275.69,84012.97,84260.55,0.0
2026-09-30 15:32:00,84260.56,84295.71,84160.9,84178.0,0.0
2026-09-30 15:33:00,84178.0,84178.01,84112.01,84134.78,0.0
2026-09-30 15:34:00,84134.79,84160.35,84109.35,84127.52,0.0
2026-09-30 15:35:00,84127.52,84145.96,84114.25,84130.0,0.0
2026-09-30 15:36:00,84130.0,84138.61,84112.0,84112.0,0.0
2026-09-30 15:37:00,84112.0,84214.61,84064.04,84213.26,0.0
2026-09-30 15:38:00,84213.26,84238.01,84174.0,84174.0,0.0
2026-09-30 15:39:00,84174.0,84236.51,84161.59,84236.5,0.0
2026-09-30 15:40:00,84236.51,84282.89,84204.17,84204.17,0.0
2026-09-30 15:41:00,84204.18,84236.01,84169.58,84169.59,0.0
2026-09-30 15:42:00,84169.59,84229.61,84169.59,84204.18,0.0
2026-09-30 15:43:00,84204.17,84204.18,84145.26,84170.01,0.0
2026-09-30 15:44:00,84170.01,84170.01,84098.0,84114.01,0.0
2026-09-30 15:45:00,84114.01,84156.7,84105.59,84140.71,0.0
2026-09-30 15:46:00,84140.7,84182.01,84140.7,84182.01,0.0
2026-09-30 15:47:00,84182.01,84214.52,84180.0,84211.97,0.0
2026-09-30 15:48:00,84211.97,84286.01,84211.96,84278.96,0.0
2026-09-30 15:49:00,84278.95,84278.96,84245.11,84274.49,0.0
2026-09-30 15:50:00,84274.48,84285.27,84254.04,84264.14,0.0
2026-09-30 15:51:00,84264.13,84289.29,84245.11,84245.12,0.0
2026-09-30 15:52:00,84245.12,84263.29,84227.34,84234.01,0.0
2026-09-30 15:53:00,84234.01,84250.84,84227.34,84250.83,0.0
2026-09-30 15:54:00,84250.83,84260.97,84200.01,84200.01,0.0
2026-09-30 15:55:00,84200.0,84200.01,84130.02,84130.03,0.0
2026-09-30 15:56:00,84130.03,84166.01,84130.02,84166.0,0.0
2026-09-30 15:57:00,84166.0,84166.0,84131.61,84131.61,0.0
2026-09-30 15:58:00,84131.61,84144.52,84131.61,84144.51,0.0
2026-09-30 15:59:00,84144.51,84144.52,84133.44,84134.43,0.0
2026-09-30 16:00:00,84134.43,84160.25,84134.43,84160.25,0.0
2026-09-30 16:01:00,84160.26,84167.16,84144.0,84167.16,0.0
2026-09-30 16:02:00,84167.16,84260.01,84167.16,84246.01,0.0
2026-09-30 16:03:00,84246.01,84274.01,84219.67,84274.0,0.0
2026-09-30 16:04:00,84274.01,84291.24,84262.0,84281.72,0.0
2026-09-30 16:05:00,84281.73,84326.01,84274.31,84326.01,0.0
2026-09-30 16:06:00,84326.0,84341.44,84326.0,84341.44,0.0
2026-09-30 16:07:00,84341.43,84345.43,84314.39,84314.39,0.0
2026-09-30 16:08:00,84314.39,84331.66,84306.0,84331.65,0.0
2026-09-30 16:09:00,84331.65,84385.32,84331.65,84385.31,0.0
2026-09-30 16:10:00,84385.31,84385.31,84326.0,84326.0,0.0
2026-09-30 16:11:00,84326.01,84342.01,84297.41,84329.92,0.0
2026-09-30 16:12:00,84329.92,84333.15,84266.2,84266.2,0.0
2026-09-30 16:13:00,84266.21,84337.07,84266.2,84337.07,0.0
2026-09-30 16:14:00,84337.06,84361.99,84337.06,84361.98,0.0
2026-09-30 16:15:00,84361.97,84391.5,84294.4,84341.08,0.0
2026-09-30 16:16:00,84341.08,84358.01,84341.08,84354.46,0.0
2026-09-30 16:17:00,84354.47,84354.47,84310.4,84321.7,0.0
2026-09-30 16:18:00,84321.69,84379.15,84300.86,84379.14,0.0
2026-09-30 16:19:00,84379.14,84414.7,84379.14,84391.5,0.0
2026-09-30 16:20:00,84391.49,84399.99,84364.52,84399.99,0.0
2026-09-30 16:21:00,84399.99,84422.11,84398.01,84415.35,0.0
2026-09-30 16:22:00,84415.35,84460.0,84415.35,84438.0,0.0
2026-09-30 16:23:00,84438.0,84462.01,84424.1,84455.87,0.0
2026-09-30 16:24:00,84455.87,84490.01,84455.55,84466.14,0.0
2026-09-30 16:25:00,84466.13,84479.7,84455.56,84472.01,0.0
2026-09-30 16:26:00,84472.0,84472.0,84386.29,84401.37,0.0
2026-09-30 16:27:00,84401.37,84401.37,84360.0,84370.01,0.0
2026-09-30 16:28:00,84370.01,84400.24,84370.0,84374.01,0.0
2026-09-30 16:29:00,84374.01,84374.01,84294.0,84294.0,0.0
2026-09-30 16:30:00,84294.01,84304.77,84259.84,84259.84,0.0
2026-09-30 16:31:00,84259.85,84298.76,84259.84,84272.0,0.0
2026-09-30 16:32:00,84272.0,84292.01,84268.0,84279.52,0.0
2026-09-30 16:33:00,84279.51,84342.36,84279.51,84322.0,0.0
2026-09-30 16:34:00,84322.01,84362.55,84322.0,84336.82,0.0
2026-09-30 16:35:00,84336.82,84336.82,84269.68,84269.68,0.0
2026-09-30 16:36:00,84269.68,84269.69,84217.78,84217.78,0.0
2026-09-30 16:37:00,84217.79,84285.96,84217.78,84257.62,0.0
2026-09-30 16:38:00,84257.63,84287.0,84251.19,84286.99,0.0
2026-09-30 16:39:00,84286.99,84301.24,84274.0,84294.0,0.0
2026-09-30 16:40:00,84294.01,84298.01,84270.99,84292.39,0.0
2026-09-30 16:41:00,84292.4,84305.88,84270.25,84270.25,0.0
2026-09-30 16:42:00,84270.25,84298.01,84266.72,84298.0,0.0
2026-09-30 16:43:00,84298.01,84344.71,84298.0,84344.7,0.0
2026-09-30 16:44:00,84344.7,84362.01,84344.0,84356.01,0.0
2026-09-30 16:45:00,84356.01,84368.01,84334.62,84363.33,0.0
2026-09-30 16:46:00,84363.34,84418.01,84357.56,84418.01,0.0
2026-09-30 16:47:00,84418.0,84473.58,84418.0,84450.01,0.0
2026-09-30 16:48:00,84450.0,84450.0,84370.09,84381.61,0.0
2026-09-30 16:49:00,84381.6,84385.64,84360.0,84371.49,0.0
2026-09-30 16:50:00,84371.49,84410.33,84371.49,84386.64,0.0
2026-09-30 16:51:00,84386.63,84386.64,84351.79,84351.8,0.0
2026-09-30 16:52:00,84351.8,84386.64,84340.29,84361.59,0.0
2026-09-30 16:53:00,84361.6,84364.01,84348.33,84357.98,0.0
2026-09-30 16:54:00,84357.99,84371.5,84351.27,84351.28,0.0
2026-09-30 16:55:00,84351.28,84360.01,84325.75,84327.11,0.0
2026-09-30 16:56:00,84327.11,84348.01,84309.42,84309.43,0.0
2026-09-30 16:57:00,84309.42,84323.6,84309.42,84323.6,0.0
2026-09-30 16:58:00,84323.59,84348.01,84322.0,84322.01,0.0
2026-09-30 16:59:00,84322.01,84349.44,84322.0,84349.44,0.0
2026-09-30 17:00:00,84349.44,84356.02,84320.29,84324.01,0.0
2026-09-30 17:01:00,84324.01,84330.0,84320.3,84329.99,0.0
2026-09-30 17:02:00,84329.99,84330.0,84308.01,84308.01,0.0
2026-09-30 17:03:00,84308.0,84334.01,84294.11,84334.0,0.0
2026-09-30 17:04:00,84334.01,84353.9,84283.57,84283.57,0.0
2026-09-30 17:05:00,84283.58,84335.87,84283.57,84316.46,0.0
2026-09-30 17:06:00,84316.47,84336.36,84300.0,84325.94,0.0
2026-09-30 17:07:00,84325.94,84363.4,84325.94,84350.01,0.0
2026-09-30 17:08:00,84350.0,84435.26,84350.0,84411.74,0.0
2026-09-30 17:09:00,84411.75,84425.95,84310.0,84334.0,0.0
2026-09-30 17:10:00,84334.01,84358.01,84334.0,84347.29,0.0
2026-09-30 17:11:00,84347.29,84354.01,84293.97,84293.98,0.0
2026-09-30 17:12:00,84293.97,84311.57,84293.97,84301.5,0.0
2026-09-30 17:13:00,84301.5,84342.42,84281.99,84306.0,0.0
2026-09-30 17:14:00,84306.0,84340.08,84298.0,84298.01,0.0
2026-09-30 17:15:00,84298.0,84298.01,84185.36,84185.37,0.0
2026-09-30 17:16:00,84185.36,84192.01,84174.0,84183.72,0.0
2026-09-30 17:17:00,84183.72,84196.0,84161.58,84188.0,0.0
2026-09-30 17:18:00,84188.01,84256.0,84186.01,84236.8,0.0
2026-09-30 17:19:00,84236.79,84236.8,84160.9,84160.91,0.0
2026-09-30 17:20:00,84160.91,84166.01,84124.0,84138.0,0.0
2026-09-30 17:21:00,84138.0,84200.0,84138.0,84190.01,0.0
2026-09-30 17:22:00,84190.01,84190.01,84120.0,84120.0,0.0
2026-09-30 17:23:00,84120.0,84120.01,84096.1,84112.01,0.0
2026-09-30 17:24:00,84112.0,84136.45,84112.0,84130.0,0.0
2026-09-30 17:25:00,84130.0,84130.01,84090.0,84090.0,0.0
2026-09-30 17:26:00,84090.01,84090.01,84016.0,84016.01,0.0
2026-09-30 17:27:00,84016.01,84128.01,84016.0,84128.01,0.0
2026-09-30 17:28:00,84128.01,84146.75,84114.0,84138.68,0.0
2026-09-30 17:29:00,84138.67,84217.37,84138.67,84217.37,0.0
2026-09-30 17:30:00,84217.36,84217.36,84162.0,84164.01,0.0
2026-09-30 17:31:00,84164.01,84166.01,84095.98,84106.01,0.0
2026-09-30 17:32:00,84106.01,84140.0,84095.59,84102.01,0.0
2026-09-30 17:33:00,84102.01,84104.01,84085.05,84092.35,0.0
2026-09-30 17:34:00,84092.35,84092.36,84048.0,84048.01,0.0
2026-09-30 17:35:00,84048.0,84066.01,84028.0,84037.32,0.0
2026-09-30 17:36:00,84037.33,84085.03,84030.0,84034.01,0.0
2026-09-30 17:37:00,84034.0,84034.01,83923.71,83923.72,0.0
2026-09-30 17:38:00,83923.72,84017.16,83923.72,84017.16,0.0
2026-09-30 17:39:00,84017.15,84042.01,84008.0,84008.01,0.0
2026-09-30 17:40:00,84008.01,84014.87,83982.0,84014.86,0.0
2026-09-30 17:41:00,84014.86,84022.25,84004.0,84022.25,0.0
2026-09-30 17:42:00,84022.24,84038.01,84010.0,84038.0,0.0
2026-09-30 17:43:00,84038.01,84055.6,84038.01,84046.01,0.0
2026-09-30 17:44:00,84046.01,84046.01,84008.0,84008.0,0.0
2026-09-30 17:45:00,84008.0,84014.01,83980.0,84014.0,0.0
2026-09-30 17:46:00,84014.0,84053.11,84014.0,84053.11,0.0
2026-09-30 17:47:00,84053.11,84158.01,84053.11,84056.01,0.0
2026-09-30 17:48:00,84056.0,84115.66,84053.74,84115.65,0.0
2026-09-30 17:49:00,84115.65,84115.66,84086.0,84104.99,0.0
2026-09-30 17:50:00,84104.99,84138.16,84104.98,84119.83,0.0
2026-09-30 17:51:00,84119.08,84119.08,84094.0,84094.01,0.0
2026-09-30 17:52:00,84094.0,84094.0,84046.0,84046.0,0.0
2026-09-30 17:53:00,84046.0,84046.0,84032.11,84032.12,0.0
2026-09-30 17:54:00,84032.11,84043.22,84031.48,84031.49,0.0
2026-09-30 17:55:00,84031.48,84031.49,84000.7,84026.01,0.0
2026-09-30 17:56:00,84026.01,84026.01,84015.62,84015.62,0.0
2026-09-30 17:57:00,84015.63,84015.63,84006.72,84006.73,0.0
2026-09-30 17:58:00,84006.73,84035.36,84006.72,84035.35,0.0
2026-09-30 17:59:00,84035.36,84050.15,84031.46,84031.46,0.0
2026-09-30 18:00:00,84031.47,84078.55,84016.0,84040.01,0.0
2026-09-30 18:01:00,84040.01,84043.1,83991.77,83991.78,0.0
2026-09-30 18:02:00,83991.77,83991.8,83950.3,83952.0,0.0
2026-09-30 18:03:00,83952.0,84014.01,83952.0,83978.36,0.0
2026-09-30 18:04:00,83978.36,84042.71,83967.38,84040.04,0.0
2026-09-30 18:05:00,84040.04,84040.04,83986.0,83986.0,0.0
2026-09-30 18:06:00,83986.0,83986.0,83930.15,83952.8,0.0
2026-09-30 18:07:00,83952.81,83994.01,83952.0,83994.01,0.0
2026-09-30 18:08:00,83994.01,84026.01,83968.0,84026.0,0.0
2026-09-30 18:09:00,84026.01,84066.01,84012.0,84066.0,0.0
2026-09-30 18:10:00,84066.01,84066.01,84026.0,84026.01,0.0
2026-09-30 18:11:00,84026.0,84066.01,84026.0,84066.01,0.0
2026-09-30 18:12:00,84066.01,84070.01,84048.0,84070.0,0.0
2026-09-30 18:13:00,84070.0,84070.01,84045.01,84045.02,0.0
2026-09-30 18:14:00,84045.01,84062.25,84006.0,84006.0,0.0
2026-09-30 18:15:00,84006.0,84024.65,83990.0,84000.01,0.0
2026-09-30 18:16:00,84000.0,84020.46,84000.0,84000.0,0.0
2026-09-30 18:17:00,84000.0,84000.0,83978.0,83978.01,0.0
2026-09-30 18:18:00,83978.01,84000.01,83946.0,84000.0,0.0
2026-09-30 18:19:00,84000.01,84000.01,83968.0,83982.15,0.0
2026-09-30 18:20:00,83982.16,83998.01,83982.16,83996.51,0.0
2026-09-30 18:21:00,83996.5,83996.51,83939.04,83946.02,0.0
2026-09-30 18:22:00,83946.02,83962.02,83946.02,83958.01,0.0
2026-09-30 18:23:00,83958.01,83958.01,83914.0,83914.0,0.0
2026-09-30 18:24:00,83914.01,83928.01,83896.0,83900.37,0.0
2026-09-30 18:25:00,83900.38,83900.38,83876.0,83880.99,0.0
2026-09-30 18:26:00,83880.99,83908.92,83880.99,83907.56,0.0
2026-09-30 18:27:00,83907.57,83907.57,83897.99,83897.99,0.0
2026-09-30 18:28:00,83897.99,83914.01,83897.99,83904.69,0.0
2026-09-30 18:29:00,83904.69,83919.82,83900.76,83919.81,0.0
2026-09-30 18:30:00,83919.81,83945.46,83904.0,83945.46,0.0
2026-09-30 18:31:00,83945.46,83945.46,83886.56,83886.57,0.0
2026-09-30 18:32:00,83886.56,83886.56,83868.78,83868.79,0.0
2026-09-30 18:33:00,83868.79,83883.65,83850.0,83880.0,0.0
2026-09-30 18:34:00,83879.99,83879.99,83850.0,83864.0,0.0
2026-09-30 18:35:00,83864.01,83864.01,83828.12,83828.12,0.0
2026-09-30 18:36:00,83828.12,83834.27,83816.94,83816.94,0.0
2026-09-30 18:37:00,83816.95,83816.95,83811.95,83811.96,0.0
2026-09-30 18:38:00,83811.95,83827.8,83810.93,83827.8,0.0
2026-09-30 18:39:00,83827.8,83829.29,83817.03,83817.04,0.0
2026-09-30 18:40:00,83817.04,83862.87,83814.73,83862.01,0.0
2026-09-30 18:41:00,83862.01,83862.01,83832.2,83847.98,0.0
2026-09-30 18:42:00,83847.98,83849.03,83837.57,83849.03,0.0
2026-09-30 18:43:00,83849.02,83876.01,83849.02,83870.01,0.0
2026-09-30 18:44:00,83870.01,83877.21,83854.46,83854.46,0.0
2026-09-30 18:45:00,83854.46,83854.47,83821.42,83829.21,0.0
2026-09-30 18:46:00,83829.2,83843.0,83825.08,83827.0,0.0
2026-09-30 18:47:00,83826.99,83827.0,83821.42,83821.42,0.0
2026-09-30 18:48:00,83821.42,83821.42,83792.98,83792.99,0.0
2026-09-30 18:49:00,83792.98,83866.88,83792.98,83866.88,0.0
2026-09-30 18:50:00,83866.87,83937.6,83866.87,83907.16,0.0
2026-09-30 18:51:00,83907.15,83920.52,83898.0,83919.26,0.0
2026-09-30 18:52:00,83919.26,83933.97,83884.0,83933.97,0.0
2026-09-30 18:53:00,83933.96,83950.3,83904.85,83904.86,0.0
2026-09-30 18:54:00,83904.85,83928.99,83899.02,83928.98,0.0
2026-09-30 18:55:00,83928.99,83938.89,83922.0,83938.88,0.0
2026-09-30 18:56:00,83938.88,83964.0,83936.0,83963.98,0.0
2026-09-30 18:57:00,83963.97,83963.98,83939.95,83958.61,0.0
2026-09-30 18:58:00,83958.61,83986.01,83954.57,83986.0,0.0
2026-09-30 18:59:00,83986.0,83986.01,83950.0,83950.0,0.0
2026-09-30 19:00:00,83950.01,83958.01,83903.7,83903.71,0.0
2026-09-30 19:01:00,83903.7,83926.01,83886.21,83890.0,0.0
2026-09-30 19:02:00,83890.0,83921.24,83878.0,83921.23,0.0
2026-09-30 19:03:00,83921.24,83935.01,83916.28,83920.01,0.0
2026-09-30 19:04:00,83920.0,83923.71,83908.0,83922.0,0.0
2026-09-30 19:05:00,83922.0,83943.11,83892.0,83892.0,0.0
2026-09-30 19:06:00,83892.0,83893.36,83876.03,83878.0,0.0
2026-09-30 19:07:00,83878.0,83890.01,83878.0,83890.01,0.0
2026-09-30 19:08:00,83890.0,83890.01,83838.0,83838.0,0.0
2026-09-30 19:09:00,83838.0,83838.0,83824.0,83824.0,0.0
2026-09-30 19:10:00,83824.0,83824.0,83792.98,83792.98,0.0
2026-09-30 19:11:00,83792.98,83792.99,83776.0,83778.49,0.0
2026-09-30 19:12:00,83778.5,83778.5,83728.65,83759.97,0.0
2026-09-30 19:13:00,83759.97,83773.37,83749.99,83767.14,0.0
2026-09-30 19:14:00,83767.15,83784.01,83756.0,83760.0,0.0
2026-09-30 19:15:00,83760.0,83760.0,83721.0,83721.0,0.0
2026-09-30 19:16:00,83721.01,83721.01,83708.0,83708.01,0.0
2026-09-30 19:17:00,83708.0,83708.0,83613.8,83660.0,0.0
2026-09-30 19:18:00,83660.0,83698.01,83644.0,83698.0,0.0
2026-09-30 19:19:00,83698.0,83760.45,83698.0,83760.45,0.0
2026-09-30 19:20:00,83760.45,83760.45,83732.0,83732.67,0.0
2026-09-30 19:21:00,83732.66,83779.91,83732.66,83749.34,0.0
2026-09-30 19:22:00,83749.34,83749.34,83730.0,83733.97,0.0
2026-09-30 19:23:00,83733.98,83733.98,83710.0,83710.0,0.0
2026-09-30 19:24:00,83710.01,83711.1,83696.1,83711.08,0.0
2026-09-30 19:25:00,83711.09,83739.7,83708.0,83739.7,0.0
2026-09-30 19:26:00,83739.7,83786.01,83739.7,83740.0,0.0
2026-09-30 19:27:00,83740.0,83754.71,83740.0,83754.71,0.0
2026-09-30 19:28:00,83754.7,83784.02,83754.7,83783.97,0.0
2026-09-30 19:29:00,83783.97,83785.89,83749.24,83749.24,0.0
2026-09-30 19:30:00,83749.24,83799.54,83749.24,83799.54,0.0
2026-09-30 19:31:00,83799.54,83834.01,83799.53,83825.95,0.0
2026-09-30 19:32:00,83825.95,83835.62,83822.0,83835.61,0.0
2026-09-30 19:33:00,83835.62,83864.01,83835.61,83864.01,0.0
2026-09-30 19:34:00,83864.01,83876.49,83832.02,83858.01,0.0
2026-09-30 19:35:00,83858.02,83887.17,83852.76,83866.82,0.0
2026-09-30 19:36:00,83866.83,83866.83,83864.67,83864.68,0.0
2026-09-30 19:37:00,83864.68,83903.55,83864.67,83901.94,0.0
2026-09-30 19:38:00,83901.94,83940.6,83901.93,83938.01,0.0
2026-09-30 19:39:00,83938.0,83938.01,83888.22,83915.32,0.0
2026-09-30 19:40:00,83915.31,83915.32,83858.0,83858.0,0.0
2026-09-30 19:41:00,83858.0,83882.26,83848.0,83858.01,0.0
2026-09-30 19:42:00,83858.01,83870.5,83833.21,83833.21,0.0
2026-09-30 19:43:00,83833.22,83839.88,83824.0,83824.0,0.0
2026-09-30 19:44:00,83824.01,83825.85,83824.0,83824.02,0.0
2026-09-30 19:45:00,83824.01,83824.02,83816.94,83816.95,0.0
2026-09-30 19:46:00,83816.94,83824.01,83816.94,83816.95,0.0
2026-09-30 19:47:00,83816.94,83834.23,83721.62,83721.63,0.0
2026-09-30 19:48:00,83721.62,83784.41,83688.0,83688.01,0.0
2026-09-30 19:49:00,83688.01,83700.0,83686.0,83699.99,0.0
2026-09-30 19:50:00,83699.99,83718.01,83646.82,83646.82,0.0
2026-09-30 19:51:00,83646.82,83646.83,83541.32,83552.29,0.0
2026-09-30 19:52:00,83552.28,83598.62,83529.41,83539.87,0.0
2026-09-30 19:53:00,83539.87,83600.34,83510.0,83512.53,0.0
2026-09-30 19:54:00,83512.53,83552.01,83508.61,83516.01,0.0
2026-09-30 19:55:00,83516.0,83598.01,83503.18,83598.01,0.0
2026-09-30 19:56:00,83598.0,83610.01,83560.91,83569.93,0.0
2026-09-30 19:57:00,83569.92,83569.93,83556.0,83569.89,0.0
2026-09-30 19:58:00,83569.9,83583.85,83564.0,83583.84,0.0
2026-09-30 19:59:00,83583.84,83618.01,83583.84,83603.16,0.0
2026-09-30 20:00:00,83603.16,83670.0,83592.24,83620.95,0.0
2026-09-30 20:01:00,83620.94,83620.94,83548.0,83598.0,0.0
2026-09-30 20:02:00,83598.0,83608.01,83550.0,83565.81,0.0
2026-09-30 20:03:00,83565.81,83596.01,83560.0,83596.01,0.0
2026-09-30 20:04:00,83596.01,83619.34,83560.03,83592.0,0.0
2026-09-30 20:05:00,83592.0,83613.98,83586.0,83600.93,0.0
2026-09-30 20:06:00,83600.94,83620.01,83530.11,83588.0,0.0
2026-09-30 20:07:00,83588.0,83614.01,83588.0,83614.01,0.0
2026-09-30 20:08:00,83614.01,83614.01,83598.0,83598.01,0.0
2026-09-30 20:09:00,83598.01,83621.67,83590.99,83590.99,0.0
2026-09-30 20:10:00,83590.99,83630.9,83590.99,83630.9,0.0
2026-09-30 20:11:00,83630.9,83664.01,83625.44,83625.45,0.0
2026-09-30 20:12:00,83625.44,83625.45,83625.44,83625.44,0.0
2026-09-30 20:13:00,83625.44,83625.45,83612.06,83624.02,0.0
2026-09-30 20:14:00,83624.01,83655.75,83624.01,83655.74,0.0
2026-09-30 20:15:00,83655.75,83655.75,83639.45,83639.45,0.0
2026-09-30 20:16:00,83639.45,83639.46,83617.04,83617.05,0.0
2026-09-30 20:17:00,83617.05,83617.05,83608.0,83608.0,0.0
2026-09-30 20:18:00,83608.0,83616.01,83601.64,83609.15,0.0
2026-09-30 20:19:00,83609.14,83657.76,83609.14,83657.76,0.0
2026-09-30 20:20:00,83657.76,83675.32,83657.75,83663.6,0.0
2026-09-30 20:21:00,83663.59,83684.01,83660.01,83684.01,0.0
2026-09-30 20:22:00,83684.01,83712.93,83684.01,83712.93,0.0
2026-09-30 20:23:00,83712.93,83731.15,83712.93,83731.15,0.0
2026-09-30 20:24:00,83731.15,83746.01,83717.02,83726.01,0.0
2026-09-30 20:25:00,83726.01,83746.01,83726.01,83746.01,0.0
2026-09-30 20:26:00,83746.01,83746.83,83746.0,83746.82,0.0
2026-09-30 20:27:00,83746.82,83768.0,83746.82,83767.62,0.0
2026-09-30 20:28:00,83767.63,83767.63,83748.0,83750.0,0.0
2026-09-30 20:29:00,83750.0,83771.16,83725.98,83725.99,0.0
2026-09-30 20:30:00,83725.99,83725.99,83707.3,83707.3,0.0
2026-09-30 20:31:00,83707.3,83707.3,83664.0,83664.01,0.0
2026-09-30 20:32:00,83664.01,83664.01,83649.82,83658.13,0.0
2026-09-30 20:33:00,83658.14,83670.01,83651.36,83659.73,0.0
2026-09-30 20:34:00,83659.73,83675.02,83636.59,83648.01,0.0
2026-09-30 20:35:00,83648.01,83695.53,83648.01,83676.01,0.0
2026-09-30 20:36:00,83676.01,83676.01,83664.32,83664.33,0.0
2026-09-30 20:37:00,83664.32,83688.01,83648.04,83688.01,0.0
2026-09-30 20:38:00,83688.0,83703.75,83688.0,83700.0,0.0
2026-09-30 20:39:00,83700.0,83732.47,83700.0,83723.63,0.0
2026-09-30 20:40:00,83723.64,83730.78,83723.63,83730.77,0.0
2026-09-30 20:41:00,83730.77,83730.78,83717.94,83728.91,0.0
2026-09-30 20:42:00,83728.92,83728.92,83695.0,83695.0,0.0
2026-09-30 20:43:00,83695.0,83695.01,83686.0,83689.41,0.0
2026-09-30 20:44:00,83689.41,83689.41,83689.4,83689.4,0.0
2026-09-30 20:45:00,83689.4,83695.01,83686.0,83695.01,0.0
2026-09-30 20:46:00,83695.01,83695.01,83681.21,83681.21,0.0
2026-09-30 20:47:00,83681.22,83684.46,83678.25,83684.45,0.0
2026-09-30 20:48:00,83684.46,83684.46,83672.07,83672.08,0.0
2026-09-30 20:49:00,83672.07,83672.08,83640.02,83658.01,0.0
2026-09-30 20:50:00,83658.01,83666.01,83650.0,83666.0,0.0
2026-09-30 20:51:00,83666.01,83694.01,83666.0,83694.01,0.0
2026-09-30 20:52:00,83694.01,83719.81,83694.0,83719.8,0.0
2026-09-30 20:53:00,83719.81,83719.81,83716.0,83716.0,0.0
2026-09-30 20:54:00,83716.0,83716.01,83702.38,83702.38,0.0
2026-09-30 20:55:00,83702.39,83702.39,83672.0,83672.0,0.0
2026-09-30 20:56:00,83672.01,83672.01,83652.8,83652.81,0.0
2026-09-30 20:57:00,83652.81,83652.81,83638.38,83641.06,0.0
2026-09-30 20:58:00,83641.06,83651.47,83641.06,83651.4,0.0
2026-09-30 20:59:00,83651.39,83674.01,83651.39,83673.99,0.0
2026-09-30 21:00:00,83673.99,83715.64,83673.99,83715.63,0.0
2026-09-30 21:01:00,83715.64,83739.7,83707.66,83707.66,0.0
2026-09-30 21:02:00,83707.66,83711.9,83696.01,83708.8,0.0
2026-09-30 21:03:00,83708.81,83754.01,83708.8,83752.87,0.0
2026-09-30 21:04:00,83752.87,83759.72,83752.87,83759.71,0.0
2026-09-30 21:05:00,83759.71,83759.72,83744.0,83744.0,0.0
2026-09-30 21:06:00,83744.0,83744.01,83735.08,83744.0,0.0
2026-09-30 21:07:00,83744.01,83747.47,83740.0,83740.01,0.0
2026-09-30 21:08:00,83740.0,83740.01,83728.94,83732.69,0.0
2026-09-30 21:09:00,83732.69,83746.67,83730.42,83746.67,0.0
2026-09-30 21:10:00,83746.67,83775.04,83746.67,83749.99,0.0
2026-09-30 21:11:00,83749.99,83764.3,83734.05,83764.3,0.0
2026-09-30 21:12:00,83764.3,83808.82,83764.29,83786.01,0.0
2026-09-30 21:13:00,83786.01,83786.01,83756.0,83756.0,0.0
2026-09-30 21:14:00,83756.01,83774.48,83756.0,83766.01,0.0
2026-09-30 21:15:00,83766.01,83766.02,83744.0,83744.0,0.0
2026-09-30 21:16:00,83744.0,83777.99,83734.87,83777.98,0.0
2026-09-30 21:17:00,83777.99,83786.0,83777.98,83785.99,0.0
2026-09-30 21:18:00,83785.99,83818.83,83785.99,83810.74,0.0
2026-09-30 21:19:00,83810.74,83813.06,83790.0,83790.0,0.0
2026-09-30 21:20:00,83790.01,83790.57,83790.0,83790.57,0.0
2026-09-30 21:21:00,83790.58,83791.92,83786.7,83786.71,0.0
2026-09-30 21:22:00,83786.7,83786.7,83780.0,83780.01,0.0
2026-09-30 21:23:00,83780.0,83780.01,83780.0,83780.01,0.0
2026-09-30 21:24:00,83780.0,83780.01,83727.02,83727.03,0.0
2026-09-30 21:25:00,83727.03,83741.29,83727.02,83727.82,0.0
2026-09-30 21:26:00,83727.82,83749.47,83727.81,83749.46,0.0
2026-09-30 21:27:00,83749.47,83752.01,83749.46,83752.0,0.0
2026-09-30 21:28:00,83752.01,83752.01,83749.46,83749.46,0.0
2026-09-30 21:29:00,83749.47,83749.47,83725.99,83726.0,0.0
2026-09-30 21:30:00,83726.0,83726.0,83720.0,83725.99,0.0
2026-09-30 21:31:00,83725.99,83750.0,83725.99,83750.0,0.0
2026-09-30 21:32:00,83750.0,83784.01,83749.99,83757.15,0.0
2026-09-30 21:33:00,83757.16,83768.01,83757.15,83768.0,0.0
2026-09-30 21:34:00,83768.01,83785.89,83768.0,83785.88,0.0
2026-09-30 21:35:00,83785.88,83798.89,83785.88,83798.89,0.0
2026-09-30 21:36:00,83798.88,83816.05,83798.88,83816.04,0.0
2026-09-30 21:37:00,83816.04,83816.04,83788.0,83788.0,0.0
2026-09-30 21:38:00,83788.01,83790.01,83788.0,83789.99,0.0
2026-09-30 21:39:00,83790.0,83790.0,83759.74,83759.74,0.0
2026-09-30 21:40:00,83759.74,83759.75,83744.0,83759.74,0.0
2026-09-30 21:41:00,83759.74,83759.75,83748.5,83748.5,0.0
2026-09-30 21:42:00,83748.51,83756.89,83744.0,83744.0,0.0
2026-09-30 21:43:00,83744.0,83747.81,83740.45,83740.45,0.0
2026-09-30 21:44:00,83740.46,83740.46,83707.76,83708.25,0.0
2026-09-30 21:45:00,83708.26,83717.38,83708.25,83717.37,0.0
2026-09-30 21:46:00,83717.38,83746.08,83717.37,83746.08,0.0
2026-09-30 21:47:00,83746.08,83749.37,83746.07,83749.36,0.0
2026-09-30 21:48:00,83749.37,83760.01,83744.0,83744.01,0.0
2026-09-30 21:49:00,83744.0,83748.01,83735.0,83735.0,0.0
2026-09-30 21:50:00,83735.0,83755.96,83734.86,83750.01,0.0
2026-09-30 21:51:00,83750.01,83750.01,83726.41,83726.42,0.0
2026-09-30 21:52:00,83726.42,83749.22,83722.01,83741.04,0.0
2026-09-30 21:53:00,83741.04,83755.24,83738.0,83738.0,0.0
2026-09-30 21:54:00,83738.01,83750.01,83738.0,83750.0,0.0
2026-09-30 21:55:00,83750.0,83750.01,83749.6,83749.6,0.0
2026-09-30 21:56:00,83749.61,83750.01,83742.78,83750.01,0.0
2026-09-30 21:57:00,83750.0,83757.63,83750.0,83757.62,0.0
2026-09-30 21:58:00,83757.63,83757.73,83757.63,83757.73,0.0
2026-09-30 21:59:00,83757.72,83757.73,83757.72,83757.72,0.0
2026-09-30 22:00:00,83757.73,83781.79,83757.73,83772.0,0.0
2026-09-30 22:01:00,83772.01,83772.01,83752.0,83752.36,0.0
2026-09-30 22:02:00,83752.36,83752.37,83752.36,83752.37,0.0
2026-09-30 22:03:00,83752.36,83752.37,83708.0,83709.01,0.0
2026-09-30 22:04:00,83709.01,83724.01,83709.01,83711.51,0.0
2026-09-30 22:05:00,83711.52,83718.95,83711.51,83718.94,0.0
2026-09-30 22:06:00,83718.94,83718.94,83652.84,83652.84,0.0
2026-09-30 22:07:00,83652.85,83652.85,83580.29,83594.01,0.0
2026-09-30 22:08:00,83594.01,83619.99,83590.92,83607.82,0.0
2026-09-30 22:09:00,83607.83,83607.83,83600.52,83606.0,0.0
2026-09-30 22:10:00,83606.0,83641.91,83606.0,83641.9,0.0
2026-09-30 22:11:00,83641.91,83654.62,83641.9,83654.61,0.0
2026-09-30 22:12:00,83654.61,83669.11,83654.61,83669.11,0.0
2026-09-30 22:13:00,83669.11,83697.39,83669.1,83697.38,0.0
2026-09-30 22:14:00,83697.38,83728.69,83697.38,83728.69,0.0
2026-09-30 22:15:00,83728.69,83739.7,83728.68,83739.7,0.0
2026-09-30 22:16:00,83739.7,83744.01,83739.69,83744.0,0.0
2026-09-30 22:17:00,83744.01,83751.72,83744.0,83751.72,0.0
2026-09-30 22:18:00,83751.72,83759.75,83714.71,83735.72,0.0
2026-09-30 22:19:00,83735.72,83739.7,83735.71,83739.69,0.0
2026-09-30 22:20:00,83739.7,83739.7,83736.66,83736.67,0.0
2026-09-30 22:21:00,83736.67,83736.67,83736.0,83736.0,0.0
2026-09-30 22:22:00,83736.0,83744.92,83735.75,83744.91,0.0
2026-09-30 22:23:00,83744.91,83767.87,83744.91,83767.86,0.0
2026-09-30 22:24:00,83767.87,83767.87,83767.86,83767.87,0.0
2026-09-30 22:25:00,83767.87,83800.0,83767.86,83800.0,0.0
2026-09-30 22:26:00,83800.0,83810.26,83799.99,83810.01,0.0
2026-09-30 22:27:00,83810.0,83810.01,83808.38,83808.39,0.0
2026-09-30 22:28:00,83808.38,83809.44,83808.38,83809.44,0.0
2026-09-30 22:29:00,83809.44,83824.01,83809.43,83824.01,0.0
2026-09-30 22:30:00,83824.0,83825.0,83816.5,83822.01,0.0
2026-09-30 22:31:00,83822.01,83845.0,83822.01,83840.97,0.0
2026-09-30 22:32:00,83840.98,83840.98,83827.57,83827.57,0.0
2026-09-30 22:33:00,83827.57,83830.54,83816.0,83830.53,0.0
2026-09-30 22:34:00,83830.53,83835.42,83830.53,83835.42,0.0
2026-09-30 22:35:00,83835.41,83835.42,83835.41,83835.41,0.0
2026-09-30 22:36:00,83835.42,83835.42,83833.18,83833.99,0.0
2026-09-30 22:37:00,83833.98,83834.4,83829.94,83834.4,0.0
2026-09-30 22:38:00,83834.4,83836.33,83834.39,83836.32,0.0
2026-09-30 22:39:00,83836.33,83836.33,83818.0,83818.0,0.0
2026-09-30 22:40:00,83818.0,83831.39,83818.0,83831.39,0.0
2026-09-30 22:41:00,83831.4,83835.46,83831.39,83834.52,0.0
2026-09-30 22:42:00,83834.52,83835.46,83834.52,83835.46,0.0
2026-09-30 22:43:00,83835.46,83835.46,83802.0,83802.0,0.0
2026-09-30 22:44:00,83802.01,83814.01,83802.0,83810.16,0.0
2026-09-30 22:45:00,83810.17,83822.13,83810.16,83810.66,0.0
2026-09-30 22:46:00,83810.65,83810.65,83804.0,83804.0,0.0
2026-09-30 22:47:00,83804.0,83804.01,83798.0,83798.01,0.0
2026-09-30 22:48:00,83798.01,83798.01,83773.98,83775.07,0.0
2026-09-30 22:49:00,83775.08,83775.08,83754.0,83763.05,0.0
2026-09-30 22:50:00,83763.04,83775.56,83753.38,83753.38,0.0
2026-09-30 22:51:00,83753.38,83753.38,83715.22,83715.23,0.0
2026-09-30 22:52:00,83715.22,83746.01,83715.22,83746.01,0.0
2026-09-30 22:53:00,83746.0,83746.01,83724.36,83724.36,0.0
2026-09-30 22:54:00,83724.37,83742.01,83724.36,83730.0,0.0
2026-09-30 22:55:00,83730.0,83754.0,83710.0,83710.01,0.0
2026-09-30 22:56:00,83710.01,83728.01,83710.0,83728.0,0.0
2026-09-30 22:57:00,83728.01,83739.69,83704.0,83704.01,0.0
2026-09-30 22:58:00,83704.01,83712.01,83700.0,83706.0,0.0
2026-09-30 22:59:00,83706.01,83706.01,83685.85,83685.85,0.0
2026-09-30 23:00:00,83685.86,83712.56,83677.13,83712.56,0.0
2026-09-30 23:01:00,83712.56,83738.07,83712.56,83716.0,0.0
2026-09-30 23:02:00,83716.01,83746.01,83716.0,83746.0,0.0
2026-09-30 23:03:00,83746.01,83774.86,83720.0,83756.01,0.0
2026-09-30 23:04:00,83756.0,83756.01,83734.0,83734.0,0.0
2026-09-30 23:05:00,83734.0,83744.01,83716.0,83716.0,0.0
2026-09-30 23:06:00,83716.01,83728.01,83700.0,83700.0,0.0
2026-09-30 23:07:00,83700.01,83706.01,83682.0,83692.01,0.0
2026-09-30 23:08:00,83692.0,83692.0,83646.0,83646.78,0.0
2026-09-30 23:09:00,83646.77,83668.01,83646.77,83668.01,0.0
2026-09-30 23:10:00,83668.0,83668.0,83660.0,83660.0,0.0
2026-09-30 23:11:00,83660.0,83660.01,83636.0,83636.0,0.0
2026-09-30 23:12:00,83636.01,83660.0,83636.0,83659.99,0.0
2026-09-30 23:13:00,83659.99,83709.0,83659.99,83709.0,0.0
2026-09-30 23:14:00,83709.0,83726.01,83700.63,83700.63,0.0
2026-09-30 23:15:00,83700.64,83711.43,83682.0,83682.0,0.0
2026-09-30 23:16:00,83682.0,83749.04,83671.02,83729.64,0.0
2026-09-30 23:17:00,83729.63,83739.7,83716.0,83716.02,0.0
2026-09-30 23:18:00,83716.02,83733.86,83708.01,83718.57,0.0
2026-09-30 23:19:00,83718.57,83728.46,83718.56,83728.46,0.0
2026-09-30 23:20:00,83728.45,83728.46,83713.35,83720.46,0.0
2026-09-30 23:21:00,83720.47,83836.07,83720.46,83756.01,0.0
2026-09-30 23:22:00,83756.01,83756.01,83748.0,83748.01,0.0
2026-09-30 23:23:00,83748.01,83766.01,83743.14,83766.0,0.0
2026-09-30 23:24:00,83766.0,83766.01,83750.44,83759.23,0.0
2026-09-30 23:25:00,83759.22,83771.61,83759.22,83764.0,0.0
2026-09-30 23:26:00,83764.0,83774.86,83760.0,83770.0,0.0
2026-09-30 23:27:00,83770.0,83770.01,83762.0,83762.01,0.0
2026-09-30 23:28:00,83762.0,83762.01,83683.16,83683.17,0.0
2026-09-30 23:29:00,83683.17,83683.17,83661.22,83662.01,0.0
2026-09-30 23:30:00,83662.0,83681.87,83662.0,83681.86,0.0
2026-09-30 23:31:00,83681.86,83684.51,83640.0,83640.0,0.0
2026-09-30 23:32:00,83640.01,83640.01,83625.12,83626.13,0.0
2026-09-30 23:33:00,83626.14,83626.14,83523.65,83562.68,0.0
2026-09-30 23:34:00,83562.67,83608.59,83562.67,83602.01,0.0
2026-09-30 23:35:00,83602.0,83625.08,83597.65,83608.0,0.0
2026-09-30 23:36:00,83608.01,83687.99,83608.01,83636.01,0.0
2026-09-30 23:37:00,83636.0,83669.05,83632.0,83669.04,0.0
2026-09-30 23:38:00,83669.05,83674.57,83662.34,83664.0,0.0
2026-09-30 23:39:00,83664.01,83664.01,83649.08,83649.08,0.0
2026-09-30 23:40:00,83649.08,83650.0,83635.63,83647.69,0.0
2026-09-30 23:41:00,83647.68,83654.83,83647.68,83652.01,0.0
2026-09-30 23:42:00,83652.01,83652.01,83618.0,83618.01,0.0
2026-09-30 23:43:00,83618.01,83618.53,83612.0,83618.53,0.0
2026-09-30 23:44:00,83618.53,83621.6,83618.52,83621.6,0.0
2026-09-30 23:45:00,83621.59,83621.6,83588.4,83588.4,0.0
2026-09-30 23:46:00,83588.4,83588.4,83566.0,83580.67,0.0
2026-09-30 23:47:00,83580.66,83596.08,83574.0,83574.01,0.0
2026-09-30 23:48:00,83574.0,83574.0,83552.0,83563.63,0.0
2026-09-30 23:49:00,83563.64,83582.01,83563.63,83575.31,0.0
2026-09-30 23:50:00,83575.3,83612.19,83561.26,83574.0,0.0
2026-09-30 23:51:00,83574.01,83652.29,83572.0,83584.01,0.0
2026-09-30 23:52:00,83584.01,83634.4,83582.01,83599.74,0.0
2026-09-30 23:53:00,83599.74,83654.01,83599.73,83630.27,0.0
2026-09-30 23:54:00,83630.26,83634.0,83594.01,83599.29,0.0
2026-09-30 23:55:00,83599.29,83599.29,83594.0,83594.01,0.0
2026-09-30 23:56:00,83594.0,83594.01,83589.2,83589.21,0.0
2026-09-30 23:57:00,83589.21,83594.54,83580.0,83586.09,0.0
2026-09-30 23:58:00,83586.09,83604.62,83586.08,83604.62,0.0
2026-09-30 23:59:00,83604.62,83623.6,83604.61,83623.6,0.0
2026-10-01 00:00:00,83623.59,83660.01,83578.0,83578.01,0.0
2026-10-01 00:01:00,83578.01,83578.01,83550.0,83557.25,0.0
2026-10-01 00:02:00,83557.25,83557.26,83534.01,83534.02,0.0
2026-10-01 00:03:00,83534.02,83554.83,83534.01,83554.83,0.0
2026-10-01 00:04:00,83554.83,83559.39,83532.75,83534.89,0.0
2026-10-01 00:05:00,83534.89,83536.29,83534.88,83536.28,0.0
2026-10-01 00:06:00,83536.28,83536.29,83509.43,83518.75,0.0
2026-10-01 00:07:00,83518.75,83542.96,83518.75,83542.96,0.0
2026-10-01 00:08:00,83542.96,83552.24,83542.95,83552.23,0.0
2026-10-01 00:09:00,83552.23,83552.23,83483.3,83483.31,0.0
2026-10-01 00:10:00,83483.31,83496.01,83458.15,83472.95,0.0
2026-10-01 00:11:00,83472.94,83524.0,83472.94,83524.0,0.0
2026-10-01 00:12:00,83524.01,83550.59,83524.0,83546.24,0.0
2026-10-01 00:13:00,83546.25,83546.25,83546.24,83546.24,0.0
2026-10-01 00:14:00,83546.25,83546.25,83509.05,83509.05,0.0
2026-10-01 00:15:00,83509.04,83512.44,83482.0,83482.01,0.0
2026-10-01 00:16:00,83482.0,83506.76,83458.16,83458.17,0.0
2026-10-01 00:17:00,83458.17,83484.0,83458.16,83458.29,0.0
2026-10-01 00:18:00,83458.29,83472.15,83429.8,83458.09,0.0
2026-10-01 00:19:00,83458.09,83458.09,83443.8,83455.8,0.0
2026-10-01 00:20:00,83455.79,83507.95,83455.79,83502.16,0.0
2026-10-01 00:21:00,83502.16,83509.84,83487.3,83487.3,0.0
2026-10-01 00:22:00,83487.31,83493.99,83470.01,83470.02,0.0
2026-10-01 00:23:00,83470.02,83475.97,83460.0,83460.01,0.0
2026-10-01 00:24:00,83460.01,83487.55,83460.0,83470.61,0.0
2026-10-01 00:25:00,83470.62,83487.47,83466.42,83487.47,0.0
2026-10-01 00:26:00,83487.47,83502.42,83480.0,83480.5,0.0
2026-10-01 00:27:00,83480.51,83480.51,83480.5,83480.5,0.0
2026-10-01 00:28:00,83480.51,83480.51,83468.4,83478.01,0.0
2026-10-01 00:29:00,83478.01,83502.35,83478.0,83488.01,0.0
2026-10-01 00:30:00,83488.01,83488.01,83438.72,83463.53,0.0
2026-10-01 00:31:00,83463.53,83492.01,83446.12,83492.0,0.0
2026-10-01 00:32:00,83492.01,83495.21,83486.0,83486.0,0.0
2026-10-01 00:33:00,83486.0,83486.01,83470.89,83479.44,0.0
2026-10-01 00:34:00,83479.44,83492.22,83467.99,83468.01,0.0
2026-10-01 00:35:00,83468.0,83468.0,83464.0,83464.01,0.0
2026-10-01 00:36:00,83464.01,83516.0,83464.0,83516.0,0.0
2026-10-01 00:37:00,83516.01,83518.01,83501.22,83501.65,0.0
2026-10-01 00:38:00,83501.64,83501.65,83493.89,83498.43,0.0
2026-10-01 00:39:00,83498.42,83532.01,83498.42,83521.92,0.0
2026-10-01 00:40:00,83521.92,83524.01,83507.03,83524.01,0.0
2026-10-01 00:41:00,83524.01,83554.56,83515.09,83515.1,0.0
2026-10-01 00:42:00,83515.1,83529.1,83515.09,83529.09,0.0
2026-10-01 00:43:00,83529.09,83529.1,83524.0,83529.09,0.0
2026-10-01 00:44:00,83529.1,83570.72,83529.1,83570.72,0.0
2026-10-01 00:45:00,83570.71,83591.41,83550.0,83550.0,0.0
2026-10-01 00:46:00,83550.01,83550.01,83523.06,83528.48,0.0
2026-10-01 00:47:00,83528.48,83528.49,83504.01,83506.0,0.0
2026-10-01 00:48:00,83506.0,83524.71,83506.0,83524.71,0.0
2026-10-01 00:49:00,83524.71,83537.85,83524.7,83537.84,0.0
2026-10-01 00:50:00,83537.84,83541.88,83506.0,83506.01,0.0
2026-10-01 00:51:00,83506.01,83521.41,83487.63,83521.41,0.0
2026-10-01 00:52:00,83521.41,83529.09,83521.41,83529.09,0.0
2026-10-01 00:53:00,83529.08,83530.92,83506.0,83506.0,0.0
2026-10-01 00:54:00,83506.0,83507.99,83498.16,83498.16,0.0
2026-10-01 00:55:00,83498.17,83529.1,83498.16,83529.1,0.0
2026-10-01 00:56:00,83529.09,83547.38,83529.09,83539.02,0.0
2026-10-01 00:57:00,83539.03,83539.03,83539.02,83539.02,0.0
2026-10-01 00:58:00,83539.03,83539.03,83527.13,83532.0,0.0
2026-10-01 00:59:00,83532.01,83533.03,83509.03,83509.03,0.0
2026-10-01 01:00:00,83509.03,83520.74,83500.0,83510.65,0.0
2026-10-01 01:01:00,83510.65,83524.76,83500.0,83500.01,0.0
2026-10-01 01:02:00,83500.01,83560.6,83500.0,83542.01,0.0
2026-10-01 01:03:00,83542.0,83583.52,83512.57,83512.57,0.0
2026-10-01 01:04:00,83512.56,83541.34,83512.56,83533.06,0.0
2026-10-01 01:05:00,83533.06,83587.72,83533.06,83587.72,0.0
2026-10-01 01:06:00,83587.71,83590.0,83587.71,83590.0,0.0
2026-10-01 01:07:00,83590.0,83614.01,83589.99,83595.65,0.0
2026-10-01 01:08:00,83595.65,83602.64,83581.88,83602.64,0.0
2026-10-01 01:09:00,83602.64,83613.99,83601.58,83601.58,0.0
2026-10-01 01:10:00,83601.59,83601.59,83585.8,83585.81,0.0
2026-10-01 01:11:00,83585.8,83585.81,83558.0,83565.91,0.0
2026-10-01 01:12:00,83565.92,83587.96,83565.92,83587.96,0.0
2026-10-01 01:13:00,83588.01,83607.46,83588.01,83607.46,0.0
2026-10-01 01:14:00,83607.46,83613.99,83590.0,83590.0,0.0
2026-10-01 01:15:00,83590.0,83590.0,83533.06,83590.0,0.0
2026-10-01 01:16:00,83590.01,83596.01,83588.0,83590.01,0.0
2026-10-01 01:17:00,83590.01,83636.79,83590.0,83632.89,0.0
2026-10-01 01:18:00,83632.89,83652.79,83632.89,83644.42,0.0
2026-10-01 01:19:00,83644.41,83666.01,83642.67,83642.68,0.0
2026-10-01 01:20:00,83642.67,83682.01,83637.25,83682.01,0.0
2026-10-01 01:21:00,83682.0,83692.0,83652.0,83652.01,0.0
2026-10-01 01:22:00,83652.0,83652.01,83634.99,83640.01,0.0
2026-10-01 01:23:00,83640.01,83670.01,83640.01,83670.0,0.0
2026-10-01 01:24:00,83670.01,83673.99,83654.35,83671.68,0.0
2026-10-01 01:25:00,83671.68,83671.68,83671.67,83671.68,0.0
2026-10-01 01:26:00,83671.68,83676.01,83671.67,83676.01,0.0
2026-10-01 01:27:00,83676.01,83676.01,83658.0,83658.0,0.0
2026-10-01 01:28:00,83658.0,83658.0,83648.74,83648.74,0.0
2026-10-01 01:29:00,83648.75,83648.75,83635.0,83635.01,0.0
2026-10-01 01:30:00,83635.01,83635.01,83564.0,83564.0,0.0
2026-10-01 01:31:00,83564.0,83564.0,83500.03,83511.41,0.0
2026-10-01 01:32:00,83511.4,83564.01,83511.4,83564.01,0.0
2026-10-01 01:33:00,83564.0,83580.01,83560.75,83560.75,0.0
2026-10-01 01:34:00,83560.75,83574.01,83560.75,83574.01,0.0
2026-10-01 01:35:00,83574.0,83574.01,83516.73,83517.14,0.0
2026-10-01 01:36:00,83517.14,83517.93,83500.0,83500.0,0.0
2026-10-01 01:37:00,83500.01,83510.01,83482.2,83510.0,0.0
2026-10-01 01:38:00,83510.0,83552.21,83501.9,83552.21,0.0
2026-10-01 01:39:00,83552.2,83560.54,83552.2,83560.54,0.0
2026-10-01 01:40:00,83560.54,83598.01,83560.53,83598.01,0.0
2026-10-01 01:41:00,83598.01,83600.58,83552.0,83552.0,0.0
2026-10-01 01:42:00,83552.01,83598.01,83552.0,83598.01,0.0
2026-10-01 01:43:00,83598.0,83612.29,83598.0,83610.0,0.0
2026-10-01 01:44:00,83610.01,83610.01,83600.52,83600.53,0.0
2026-10-01 01:45:00,83600.52,83609.99,83568.01,83568.02,0.0
2026-10-01 01:46:00,83568.02,83568.02,83550.0,83550.0,0.0
2026-10-01 01:47:00,83550.0,83550.01,83533.89,83545.32,0.0
2026-10-01 01:48:00,83545.32,83545.33,83544.48,83544.48,0.0
2026-10-01 01:49:00,83544.49,83554.01,83512.0,83512.0,0.0
2026-10-01 01:50:00,83512.01,83566.01,83512.0,83566.0,0.0
2026-10-01 01:51:00,83566.01,83568.37,83550.0,83568.36,0.0
2026-10-01 01:52:00,83568.37,83571.63,83522.0,83529.1,0.0
2026-10-01 01:53:00,83529.09,83540.1,83512.0,83540.09,0.0
2026-10-01 01:54:00,83540.1,83542.01,83536.0,83542.01,0.0
2026-10-01 01:55:00,83542.0,83556.9,83524.36,83556.82,0.0
2026-10-01 01:56:00,83556.82,83566.87,83556.82,83558.01,0.0
2026-10-01 01:57:00,83558.0,83558.0,83530.0,83530.0,0.0
2026-10-01 01:58:00,83530.0,83530.01,83520.0,83520.0,0.0
2026-10-01 01:59:00,83520.0,83520.01,83518.07,83518.07,0.0
2026-10-01 02:00:00,83518.07,83564.01,83518.07,83560.01,0.0
2026-10-01 02:01:00,83560.01,83567.63,83560.0,83562.0,0.0
2026-10-01 02:02:00,83562.01,83562.01,83528.0,83528.0,0.0
2026-10-01 02:03:00,83528.01,83528.01,83519.65,83519.65,0.0
2026-10-01 02:04:00,83519.65,83532.01,83508.67,83527.2,0.0
2026-10-01 02:05:00,83527.2,83570.01,83527.2,83551.64,0.0
2026-10-01 02:06:00,83551.64,83580.01,83544.08,83568.01,0.0
2026-10-01 02:07:00,83568.0,83568.0,83530.0,83558.0,0.0
2026-10-01 02:08:00,83558.01,83634.4,83558.01,83634.39,0.0
2026-10-01 02:09:00,83634.39,83634.4,83626.0,83628.0,0.0
2026-10-01 02:10:00,83628.01,83634.01,83618.0,83629.54,0.0
2026-10-01 02:11:00,83629.54,83648.01,83622.0,83648.01,0.0
2026-10-01 02:12:00,83648.01,83668.01,83640.0,83640.01,0.0
2026-10-01 02:13:00,83640.01,83643.8,83628.0,83628.0,0.0
2026-10-01 02:14:00,83628.01,83628.01,83600.0,83600.01,0.0
2026-10-01 02:15:00,83600.01,83600.01,83581.73,83581.74,0.0
2026-10-01 02:16:00,83581.74,83591.64,83568.01,83568.01,0.0
2026-10-01 02:17:00,83568.01,83588.01,83568.01,83573.78,0.0
2026-10-01 02:18:00,83573.77,83573.77,83520.0,83520.0,0.0
2026-10-01 02:19:00,83520.0,83520.01,83514.0,83520.01,0.0
2026-10-01 02:20:00,83520.01,83520.01,83468.0,83494.0,0.0
2026-10-01 02:21:00,83494.01,83494.01,83457.48,83457.49,0.0
2026-10-01 02:22:00,83457.48,83538.0,83457.48,83492.0,0.0
2026-10-01 02:23:00,83492.01,83534.01,83492.0,83520.01,0.0
2026-10-01 02:24:00,83520.01,83528.01,83512.0,83512.0,0.0
2026-10-01 02:25:00,83512.0,83512.0,83446.02,83446.03,0.0
2026-10-01 02:26:00,83446.03,83446.03,83439.0,83439.01,0.0
2026-10-01 02:27:00,83439.01,83450.01,83425.82,83425.83,0.0
2026-10-01 02:28:00,83425.82,83478.94,83425.82,83478.94,0.0
2026-10-01 02:29:00,83478.94,83541.32,83478.94,83541.31,0.0
2026-10-01 02:30:00,83541.32,83596.5,83541.31,83557.84,0.0
2026-10-01 02:31:00,83557.84,83564.01,83538.0,83546.46,0.0
2026-10-01 02:32:00,83546.46,83590.01,83546.45,83583.49,0.0
2026-10-01 02:33:00,83583.49,83583.5,83558.01,83558.01,0.0
2026-10-01 02:34:00,83558.01,83558.01,83520.0,83541.38,0.0
2026-10-01 02:35:00,83541.38,83554.01,83536.03,83536.03,0.0
2026-10-01 02:36:00,83536.03,83536.04,83500.0,83500.01,0.0
2026-10-01 02:37:00,83500.01,83500.01,83467.6,83467.61,0.0
2026-10-01 02:38:00,83467.6,83467.61,83441.89,83453.04,0.0
2026-10-01 02:39:00,83453.05,83457.89,83423.92,83437.49,0.0
2026-10-01 02:40:00,83437.49,83454.23,83432.42,83452.57,0.0
2026-10-01 02:41:00,83452.57,83468.01,83451.88,83451.88,0.0
2026-10-01 02:42:00,83451.89,83470.01,83448.31,83460.92,0.0
2026-10-01 02:43:00,83460.92,83460.92,83453.71,83453.71,0.0
2026-10-01 02:44:00,83453.72,83453.72,83447.75,83447.75,0.0
2026-10-01 02:45:00,83447.75,83447.75,83424.96,83424.98,0.0
2026-10-01 02:46:00,83424.98,83424.98,83424.97,83424.98,0.0
2026-10-01 02:47:00,83424.98,83424.98,83423.8,83423.81,0.0
2026-10-01 02:48:00,83423.81,83444.27,83423.8,83423.8,0.0
2026-10-01 02:49:00,83423.8,83423.81,83410.39,83410.4,0.0
2026-10-01 02:50:00,83410.4,83445.66,83410.39,83440.65,0.0
2026-10-01 02:51:00,83439.96,83456.76,83434.21,83451.06,0.0
2026-10-01 02:52:00,83451.06,83466.0,83451.05,83466.0,0.0
2026-10-01 02:53:00,83466.0,83497.55,83465.99,83495.54,0.0
2026-10-01 02:54:00,83495.55,83495.55,83490.82,83490.83,0.0
2026-10-01 02:55:00,83490.83,83499.31,83486.0,83486.0,0.0
2026-10-01 02:56:00,83486.0,83515.88,83486.0,83515.88,0.0
2026-10-01 02:57:00,83515.87,83522.01,83515.87,83522.0,0.0
2026-10-01 02:58:00,83522.01,83522.01,83504.3,83520.0,0.0
2026-10-01 02:59:00,83520.01,83520.01,83490.78,83490.78,0.0
2026-10-01 03:00:00,83490.78,83520.0,83484.0,83520.0,0.0
2026-10-01 03:01:00,83519.99,83529.1,83519.99,83520.39,0.0
2026-10-01 03:02:00,83520.39,83520.39,83502.0,83502.01,0.0
2026-10-01 03:03:00,83502.0,83502.01,83484.16,83484.17,0.0
2026-10-01 03:04:00,83484.17,83484.17,83455.53,83456.01,0.0
2026-10-01 03:05:00,83456.01,83474.57,83456.0,83474.56,0.0
2026-10-01 03:06:00,83474.56,83474.56,83424.58,83424.58,0.0
2026-10-01 03:07:00,83424.59,83471.66,83424.58,83461.13,0.0
2026-10-01 03:08:00,83461.14,83470.0,83461.13,83469.99,0.0
2026-10-01 03:09:00,83469.99,83474.74,83462.74,83474.74,0.0
2026-10-01 03:10:00,83474.73,83490.01,83474.73,83490.01,0.0
2026-10-01 03:11:00,83490.01,83513.86,83490.01,83498.01,0.0
2026-10-01 03:12:00,83498.01,83498.01,83491.6,83491.61,0.0
2026-10-01 03:13:00,83491.61,83491.61,83482.0,83482.0,0.0
2026-10-01 03:14:00,83482.0,83482.01,83474.0,83474.01,0.0
2026-10-01 03:15:00,83474.01,83482.01,83474.0,83482.01,0.0
2026-10-01 03:16:00,83482.01,83504.64,83480.5,83504.63,0.0
2026-10-01 03:17:00,83504.64,83537.51,83504.63,83504.64,0.0
2026-10-01 03:18:00,83504.64,83504.64,83473.79,83476.0,0.0
2026-10-01 03:19:00,83476.01,83477.34,83476.0,83477.34,0.0
2026-10-01 03:20:00,83477.33,83477.34,83462.13,83462.13,0.0
2026-10-01 03:21:00,83462.13,83462.13,83441.07,83441.07,0.0
2026-10-01 03:22:00,83441.07,83441.08,83441.07,83441.08,0.0
2026-10-01 03:23:00,83441.08,83471.89,83441.07,83465.78,0.0
2026-10-01 03:24:00,83465.79,83465.79,83448.87,83448.87,0.0
2026-10-01 03:25:00,83448.88,83448.88,83448.87,83448.87,0.0
2026-10-01 03:26:00,83448.88,83500.95,83448.87,83500.95,0.0
2026-10-01 03:27:00,83500.95,83516.01,83500.95,83506.17,0.0
2026-10-01 03:28:00,83506.18,83506.19,83506.17,83506.19,0.0
2026-10-01 03:29:00,83506.18,83535.31,83506.18,83529.33,0.0
2026-10-01 03:30:00,83529.32,83529.32,83498.02,83498.02,0.0
2026-10-01 03:31:00,83498.02,83498.02,83470.0,83470.0,0.0
2026-10-01 03:32:00,83470.0,83496.01,83470.0,83496.01,0.0
2026-10-01 03:33:00,83496.01,83529.1,83496.0,83529.1,0.0
2026-10-01 03:34:00,83529.1,83529.1,83524.0,83529.09,0.0
2026-10-01 03:35:00,83529.1,83540.01,83526.95,83526.96,0.0
2026-10-01 03:36:00,83526.96,83565.69,83526.95,83565.69,0.0
2026-10-01 03:37:00,83566.01,83608.26,83566.01,83586.01,0.0
2026-10-01 03:38:00,83586.01,83588.01,83582.89,83586.53,0.0
2026-10-01 03:39:00,83586.53,83622.38,83586.53,83622.38,0.0
2026-10-01 03:40:00,83622.38,83622.38,83616.01,83616.02,0.0
2026-10-01 03:41:00,83616.01,83647.22,83616.01,83638.01,0.0
2026-10-01 03:42:00,83638.01,83683.16,83638.0,83683.16,0.0
2026-10-01 03:43:00,83683.16,83713.72,83683.16,83713.72,0.0
2026-10-01 03:44:00,83713.73,83732.01,83713.72,83714.2,0.0
2026-10-01 03:45:00,83714.2,83729.78,83678.31,83678.32,0.0
2026-10-01 03:46:00,83678.31,83724.01,83676.0,83698.01,0.0
2026-10-01 03:47:00,83698.01,83699.92,83680.0,83683.22,0.0
2026-10-01 03:48:00,83683.21,83683.22,83638.89,83638.9,0.0
2026-10-01 03:49:00,83638.9,83668.01,83638.2,83654.41,0.0
2026-10-01 03:50:00,83654.42,83728.01,83654.41,83728.01,0.0
2026-10-01 03:51:00,83728.0,83749.58,83724.0,83724.01,0.0
2026-10-01 03:52:00,83724.01,83750.22,83724.0,83739.69,0.0
2026-10-01 03:53:00,83739.69,83744.01,83739.69,83744.01,0.0
2026-10-01 03:54:00,83744.01,83748.01,83722.95,83748.01,0.0
2026-10-01 03:55:00,83748.01,83751.44,83704.92,83718.29,0.0
2026-10-01 03:56:00,83718.3,83753.61,83718.29,83751.23,0.0
2026-10-01 03:57:00,83751.24,83776.01,83751.23,83773.6,0.0
2026-10-01 03:58:00,83773.61,83778.25,83764.0,83764.01,0.0
2026-10-01 03:59:00,83764.01,83780.14,83750.0,83754.01,0.0
2026-10-01 04:00:00,83754.01,83771.69,83754.01,83771.69,0.0
2026-10-01 04:01:00,83771.69,83797.22,83771.68,83773.68,0.0
2026-10-01 04:02:00,83773.67,83773.68,83765.07,83765.07,0.0
2026-10-01 04:03:00,83765.07,83765.08,83765.07,83765.07,0.0
2026-10-01 04:04:00,83765.07,83783.35,83760.7,83783.34,0.0
2026-10-01 04:05:00,83783.34,83788.01,83773.46,83782.0,0.0
2026-10-01 04:06:00,83782.01,83814.01,83782.0,83814.0,0.0
2026-10-01 04:07:00,83814.0,83822.01,83783.64,83783.65,0.0
2026-10-01 04:08:00,83783.64,83783.65,83760.94,83760.95,0.0
2026-10-01 04:09:00,83760.95,83865.0,83760.95,83865.0,0.0
2026-10-01 04:10:00,83865.0,83880.0,83858.71,83878.01,0.0
2026-10-01 04:11:00,83878.01,83934.01,83874.0,83880.01,0.0
2026-10-01 04:12:00,83880.01,83888.01,83869.08,83874.01,0.0
2026-10-01 04:13:00,83874.01,83896.83,83874.0,83895.47,0.0
2026-10-01 04:14:00,83895.47,83938.2,83895.47,83934.91,0.0
2026-10-01 04:15:00,83934.91,83934.92,83896.0,83896.0,0.0
2026-10-01 04:16:00,83896.0,83929.96,83895.79,83895.8,0.0
2026-10-01 04:17:00,83895.8,83905.29,83810.0,83834.71,0.0
2026-10-01 04:18:00,83834.7,83843.13,83790.11,83806.73,0.0
2026-10-01 04:19:00,83806.75,83808.01,83746.0,83746.01,0.0
2026-10-01 04:20:00,83746.02,83764.01,83724.0,83744.0,0.0
2026-10-01 04:21:00,83744.01,83778.54,83720.4,83764.0,0.0
2026-10-01 04:22:00,83764.01,83810.01,83756.04,83810.01,0.0
2026-10-01 04:23:00,83810.0,83824.01,83805.5,83805.5,0.0
2026-10-01 04:24:00,83805.51,83805.51,83788.0,83798.0,0.0
2026-10-01 04:25:00,83798.01,83798.01,83790.0,83790.0,0.0
2026-10-01 04:26:00,83790.0,83793.87,83790.0,83793.87,0.0
2026-10-01 04:27:00,83793.86,83844.0,83793.86,83844.0,0.0
2026-10-01 04:28:00,83843.99,83867.96,83840.0,83866.01,0.0
2026-10-01 04:29:00,83866.0,83866.01,83850.98,83860.01,0.0
2026-10-01 04:30:00,83860.0,83896.01,83860.0,83882.17,0.0
2026-10-01 04:31:00,83882.16,83882.17,83846.0,83846.0,0.0
2026-10-01 04:32:00,83846.0,83846.01,83797.54,83797.54,0.0
2026-10-01 04:33:00,83797.55,83808.86,83782.84,83792.01,0.0
2026-10-01 04:34:00,83792.0,83806.01,83792.0,83806.01,0.0
2026-10-01 04:35:00,83806.01,83818.01,83806.0,83818.0,0.0
2026-10-01 04:36:00,83818.01,83856.87,83818.0,83856.87,0.0
2026-10-01 04:37:00,83856.87,83881.24,83856.86,83858.62,0.0
2026-10-01 04:38:00,83858.62,83888.55,83858.62,83882.01,0.0
2026-10-01 04:39:00,83882.02,83914.0,83878.0,83900.0,0.0
2026-10-01 04:40:00,83900.01,83904.01,83890.0,83896.0,0.0
2026-10-01 04:41:00,83896.01,83916.0,83896.0,83909.1,0.0
2026-10-01 04:42:00,83909.1,83909.1,83900.0,83900.01,0.0
2026-10-01 04:43:00,83900.0,83913.54,83900.0,83908.0,0.0
2026-10-01 04:44:00,83908.01,83930.88,83908.0,83930.88,0.0
2026-10-01 04:45:00,83930.88,83939.02,83930.87,83933.29,0.0
2026-10-01 04:46:00,83933.3,84118.01,83933.3,84116.88,0.0
2026-10-01 04:47:00,84116.89,84116.89,84024.01,84036.01,0.0
2026-10-01 04:48:00,84036.01,84115.77,84036.01,84115.76,0.0
2026-10-01 04:49:00,84115.76,84140.0,84094.28,84110.01,0.0
2026-10-01 04:50:00,84110.01,84160.89,84106.0,84160.89,0.0
2026-10-01 04:51:00,84160.89,84181.64,84138.0,84168.0,0.0
2026-10-01 04:52:00,84168.0,84207.53,84160.0,84180.24,0.0
2026-10-01 04:53:00,84180.23,84180.23,84100.0,84100.0,0.0
2026-10-01 04:54:00,84100.0,84124.01,84100.0,84106.01,0.0
2026-10-01 04:55:00,84106.01,84112.01,84046.01,84048.03,0.0
2026-10-01 04:56:00,84048.02,84054.01,83993.35,83993.36,0.0
2026-10-01 04:57:00,83993.35,84010.93,83993.35,84010.93,0.0
2026-10-01 04:58:00,84010.93,84055.6,84010.92,84055.59,0.0
2026-10-01 04:59:00,84055.59,84110.01,84055.59,84110.01,0.0
2026-10-01 05:00:00,84110.01,84110.01,84052.32,84084.01,0.0
2026-10-01 05:01:00,84084.01,84104.01,84048.0,84048.0,0.0
2026-10-01 05:02:00,84048.0,84064.01,84032.0,84064.01,0.0
2026-10-01 05:03:00,84064.02,84136.59,84064.02,84136.58,0.0
2026-10-01 05:04:00,84136.59,84204.71,84136.59,84204.71,0.0
2026-10-01 05:05:00,84204.72,84227.35,84184.31,84198.01,0.0
2026-10-01 05:06:00,84198.02,84239.0,84176.0,84227.35,0.0
2026-10-01 05:07:00,84227.35,84227.35,84170.98,84170.98,0.0
2026-10-01 05:08:00,84170.98,84172.01,84162.0,84170.01,0.0
2026-10-01 05:09:00,84170.01,84175.65,84160.01,84175.65,0.0
2026-10-01 05:10:00,84175.65,84175.65,84164.01,84164.01,0.0
2026-10-01 05:11:00,84164.01,84278.07,84164.01,84265.69,0.0
2026-10-01 05:12:00,84265.7,84265.7,84240.0,84240.0,0.0
2026-10-01 05:13:00,84240.01,84240.01,84230.17,84232.0,0.0
2026-10-01 05:14:00,84232.0,84246.01,84224.0,84246.01,0.0
2026-10-01 05:15:00,84246.0,84276.43,84238.98,84270.01,0.0
2026-10-01 05:16:00,84270.01,84270.01,84260.45,84260.46,0.0
2026-10-01 05:17:00,84260.46,84262.01,84254.0,84262.01,0.0
2026-10-01 05:18:00,84262.0,84262.02,84250.82,84250.83,0.0
2026-10-01 05:19:00,84250.83,84314.26,84250.82,84310.33,0.0
2026-10-01 05:20:00,84310.33,84310.34,84285.45,84295.99,0.0
2026-10-01 05:21:00,84295.99,84318.61,84285.92,84318.61,0.0
2026-10-01 05:22:00,84318.6,84318.61,84298.0,84318.61,0.0
2026-10-01 05:23:00,84318.61,84318.61,84273.06,84280.44,0.0
2026-10-01 05:24:00,84280.44,84283.49,84263.56,84263.56,0.0
2026-10-01 05:25:00,84263.57,84272.36,84263.56,84270.0,0.0
2026-10-01 05:26:00,84270.0,84270.01,84258.0,84258.71,0.0
2026-10-01 05:27:00,84258.72,84266.2,84258.71,84266.2,0.0
2026-10-01 05:28:00,84266.19,84281.79,84266.19,84281.79,0.0
2026-10-01 05:29:00,84281.79,84288.2,84278.01,84288.2,0.0
2026-10-01 05:30:00,84288.21,84300.0,84284.0,84284.01,0.0
2026-10-01 05:31:00,84284.01,84284.01,84280.08,84280.09,0.0
2026-10-01 05:32:00,84280.08,84289.28,84276.0,84276.01,0.0
2026-10-01 05:33:00,84276.01,84276.44,84255.02,84273.25,0.0
2026-10-01 05:34:00,84273.25,84301.59,84273.25,84301.58,0.0
2026-10-01 05:35:00,84301.58,84309.27,84291.53,84291.53,0.0
2026-10-01 05:36:00,84291.54,84308.45,84274.41,84274.41,0.0
2026-10-01 05:37:00,84274.42,84303.57,84270.32,84303.56,0.0
2026-10-01 05:38:00,84303.56,84311.22,84300.04,84311.22,0.0
2026-10-01 05:39:00,84311.22,84326.01,84293.11,84293.11,0.0
2026-10-01 05:40:00,84293.12,84318.01,84293.11,84312.0,0.0
2026-10-01 05:41:00,84312.0,84312.01,84273.84,84273.84,0.0
2026-10-01 05:42:00,84273.84,84273.85,84264.98,84268.38,0.0
2026-10-01 05:43:00,84268.38,84268.39,84224.0,84224.0,0.0
2026-10-01 05:44:00,84224.01,84224.01,84208.0,84212.01,0.0
2026-10-01 05:45:00,84212.01,84230.01,84212.01,84230.01,0.0
2026-10-01 05:46:00,84230.01,84230.01,84226.75,84229.99,0.0
2026-10-01 05:47:00,84229.99,84230.0,84229.99,84229.99,0.0
2026-10-01 05:48:00,84229.99,84240.01,84229.99,84240.01,0.0
2026-10-01 05:49:00,84240.01,84287.85,84240.0,84287.85,0.0
2026-10-01 05:50:00,84287.85,84309.43,84287.85,84303.03,0.0
2026-10-01 05:51:00,84303.02,84323.04,84303.02,84323.04,0.0
2026-10-01 05:52:00,84323.03,84323.04,84323.03,84323.04,0.0
2026-10-01 05:53:00,84323.03,84333.33,84320.36,84333.32,0.0
2026-10-01 05:54:00,84333.33,84368.0,84333.33,84349.59,0.0
2026-10-01 05:55:00,84349.59,84349.6,84316.0,84316.01,0.0
2026-10-01 05:56:00,84316.01,84316.01,84304.21,84304.21,0.0
2026-10-01 05:57:00,84304.21,84304.22,84280.55,84282.0,0.0
2026-10-01 05:58:00,84282.0,84282.01,84264.63,84264.65,0.0
2026-10-01 05:59:00,84264.65,84291.49,84264.64,84291.48,0.0
2026-10-01 06:00:00,84291.49,84297.89,84290.13,84297.89,0.0
2026-10-01 06:01:00,84297.89,84300.0,84240.35,84240.36,0.0
2026-10-01 06:02:00,84240.35,84266.2,84240.35,84264.61,0.0
2026-10-01 06:03:00,84264.61,84270.01,84264.61,84270.01,0.0
2026-10-01 06:04:00,84270.0,84294.01,84270.0,84294.0,0.0
2026-10-01 06:05:00,84294.01,84325.5,84294.01,84302.25,0.0
2026-10-01 06:06:00,84302.25,84304.45,84296.69,84298.56,0.0
2026-10-01 06:07:00,84298.56,84298.57,84278.91,84286.05,0.0
2026-10-01 06:08:00,84286.05,84286.06,84279.19,84279.19,0.0
2026-10-01 06:09:00,84279.2,84297.47,84279.19,84297.46,0.0
2026-10-01 06:10:00,84297.46,84333.36,84297.46,84327.35,0.0
2026-10-01 06:11:00,84327.35,84341.63,84327.35,84341.63,0.0
2026-10-01 06:12:00,84341.63,84390.01,84341.62,84388.01,0.0
2026-10-01 06:13:00,84388.0,84402.21,84379.32,84399.99,0.0
2026-10-01 06:14:00,84400.0,84419.69,84376.01,84376.01,0.0
2026-10-01 06:15:00,84376.02,84376.02,84368.56,84375.81,0.0
2026-10-01 06:16:00,84375.81,84384.09,84366.0,84366.01,0.0
2026-10-01 06:17:00,84366.01,84384.01,84366.0,84366.0,0.0
2026-10-01 06:18:00,84366.01,84366.01,84350.91,84350.92,0.0
2026-10-01 06:19:00,84350.91,84350.92,84324.37,84324.38,0.0
2026-10-01 06:20:00,84324.38,84324.38,84313.47,84313.48,0.0
2026-10-01 06:21:00,84313.47,84313.48,84310.01,84310.01,0.0
2026-10-01 06:22:00,84310.01,84339.01,84310.01,84339.01,0.0
2026-10-01 06:23:00,84339.01,84339.01,84306.51,84323.91,0.0
2026-10-01 06:24:00,84323.91,84339.01,84323.91,84339.01,0.0
2026-10-01 06:25:00,84339.01,84340.01,84312.01,84332.0,0.0
2026-10-01 06:26:00,84332.0,84356.01,84332.0,84341.4,0.0
2026-10-01 06:27:00,84341.4,84341.41,84322.84,84333.35,0.0
2026-10-01 06:28:00,84333.35,84345.87,84323.79,84332.01,0.0
2026-10-01 06:29:00,84332.01,84347.35,84332.0,84347.35,0.0
2026-10-01 06:30:00,84347.34,84359.22,84332.0,84332.0,0.0
2026-10-01 06:31:00,84332.01,84332.01,84288.96,84288.96,0.0
2026-10-01 06:32:00,84288.96,84288.97,84182.68,84184.04,0.0
2026-10-01 06:33:00,84184.05,84231.88,84177.33,84228.0,0.0
2026-10-01 06:34:00,84228.0,84228.01,84208.06,84214.0,0.0
2026-10-01 06:35:00,84214.0,84272.01,84214.0,84246.01,0.0
2026-10-01 06:36:00,84246.01,84246.01,84208.0,84208.0,0.0
2026-10-01 06:37:00,84208.0,84208.0,84184.06,84184.07,0.0
2026-10-01 06:38:00,84184.07,84184.07,84176.13,84176.13,0.0
2026-10-01 06:39:00,84176.14,84176.14,84137.93,84145.89,0.0
2026-10-01 06:40:00,84145.88,84167.9,84130.57,84130.57,0.0
2026-10-01 06:41:00,84130.57,84130.58,84119.78,84119.79,0.0
2026-10-01 06:42:00,84119.78,84135.84,84105.76,84135.83,0.0
2026-10-01 06:43:00,84135.83,84152.0,84135.83,84152.0,0.0
2026-10-01 06:44:00,84152.0,84160.9,84146.0,84160.89,0.0
2026-10-01 06:45:00,84160.89,84160.9,84148.0,84148.0,0.0
2026-10-01 06:46:00,84148.01,84160.9,84148.0,84153.83,0.0
2026-10-01 06:47:00,84153.83,84192.88,84153.83,84192.87,0.0
2026-10-01 06:48:00,84192.87,84192.87,84166.29,84166.29,0.0
2026-10-01 06:49:00,84166.29,84166.29,84120.0,84120.0,0.0
2026-10-01 06:50:00,84120.01,84128.43,84120.0,84122.53,0.0
2026-10-01 06:51:00,84122.53,84181.85,84122.53,84181.84,0.0
2026-10-01 06:52:00,84181.85,84194.54,84169.22,84184.4,0.0
2026-10-01 06:53:00,84184.4,84198.01,84184.39,84194.01,0.0
2026-10-01 06:54:00,84194.01,84194.01,84193.3,84193.31,0.0
2026-10-01 06:55:00,84193.31,84201.73,84170.7,84170.7,0.0
2026-10-01 06:56:00,84170.7,84170.71,84170.7,84170.7,0.0
2026-10-01 06:57:00,84170.71,84170.71,84150.35,84155.1,0.0
2026-10-01 06:58:00,84155.09,84160.01,84146.0,84146.01,0.0
2026-10-01 06:59:00,84146.01,84146.01,84121.44,84121.45,0.0
2026-10-01 07:00:00,84121.45,84130.01,84114.0,84130.0,0.0
2026-10-01 07:01:00,84130.01,84130.01,84072.0,84073.35,0.0
2026-10-01 07:02:00,84073.36,84080.95,84060.08,84080.95,0.0
2026-10-01 07:03:00,84080.95,84080.95,84074.0,84074.01,0.0
2026-10-01 07:04:00,84074.0,84127.33,84074.0,84127.32,0.0
2026-10-01 07:05:00,84127.33,84143.39,84107.33,84143.38,0.0
2026-10-01 07:06:00,84143.38,84143.38,84116.29,84126.07,0.0
2026-10-01 07:07:00,84126.07,84143.39,84110.0,84126.01,0.0
2026-10-01 07:08:00,84126.02,84168.79,84114.01,84168.78,0.0
2026-10-01 07:09:00,84168.78,84213.94,84168.78,84196.11,0.0
2026-10-01 07:10:00,84196.11,84214.18,84185.5,84188.41,0.0
2026-10-01 07:11:00,84188.41,84189.76,84134.02,84134.02,0.0
2026-10-01 07:12:00,84134.02,84134.02,84100.0,84100.01,0.0
2026-10-01 07:13:00,84100.0,84100.0,84055.6,84055.61,0.0
2026-10-01 07:14:00,84055.6,84064.02,84055.6,84055.62,0.0
2026-10-01 07:15:00,84055.61,84055.62,84037.99,84055.59,0.0
2026-10-01 07:16:00,84055.6,84088.96,84044.24,84044.25,0.0
2026-10-01 07:17:00,84044.24,84044.25,83924.0,83924.0,0.0
2026-10-01 07:18:00,83924.01,83977.57,83924.0,83938.69,0.0
2026-10-01 07:19:00,83938.7,83938.7,83854.71,83854.71,0.0
2026-10-01 07:20:00,83854.72,83854.72,83700.0,83710.61,0.0
2026-10-01 07:21:00,83710.7,83713.57,83610.0,83652.65,0.0
2026-10-01 07:22:00,83652.65,83704.68,83613.61,83665.87,0.0
2026-10-01 07:23:00,83665.87,83680.13,83596.86,83596.86,0.0
2026-10-01 07:24:00,83596.87,83596.87,83400.0,83404.0,0.0
2026-10-01 07:25:00,83404.01,83484.34,83374.46,83375.11,0.0
2026-10-01 07:26:00,83375.1,83467.96,83333.7,83380.51,0.0
2026-10-01 07:27:00,83380.51,83389.36,83321.71,83349.03,0.0
2026-10-01 07:28:00,83349.02,83394.13,83330.29,83361.15,0.0
2026-10-01 07:29:00,83361.15,83390.99,83321.72,83364.29,0.0
2026-10-01 07:30:00,83364.3,83471.19,83343.41,83465.16,0.0
2026-10-01 07:31:00,83465.16,83521.38,83449.62,83516.31,0.0
2026-10-01 07:32:00,83516.32,83569.58,83513.32,83547.27,0.0
2026-10-01 07:33:00,83547.27,83635.08,83547.26,83634.41,0.0
2026-10-01 07:34:00,83634.41,83652.9,83608.47,83652.9,0.0
2026-10-01 07:35:00,83652.91,83672.71,83576.66,83576.66,0.0
2026-10-01 07:36:00,83576.66,83582.02,83478.94,83560.97,0.0
2026-10-01 07:37:00,83560.97,83593.78,83528.02,83540.09,0.0
2026-10-01 07:38:00,83540.08,83597.51,83530.5,83565.54,0.0
2026-10-01 07:39:00,83565.53,83596.54,83515.18,83515.19,0.0
2026-10-01 07:40:00,83515.18,83515.19,83388.37,83394.08,0.0
2026-10-01 07:41:00,83394.08,83519.58,83381.56,83494.24,0.0
2026-10-01 07:42:00,83494.24,83529.1,83494.24,83529.1,0.0
2026-10-01 07:43:00,83529.09,83564.12,83529.09,83541.48,0.0
2026-10-01 07:44:00,83541.48,83590.14,83501.57,83544.14,0.0
2026-10-01 07:45:00,83544.14,83595.91,83501.57,83595.9,0.0
2026-10-01 07:46:00,83595.9,83610.57,83565.07,83597.86,0.0
2026-10-01 07:47:00,83597.85,83646.06,83590.4,83646.05,0.0
2026-10-01 07:48:00,83646.05,83658.52,83570.0,83596.65,0.0
2026-10-01 07:49:00,83596.65,83596.65,83550.62,83550.62,0.0
2026-10-01 07:50:00,83550.63,83595.26,83550.62,83575.78,0.0
2026-10-01 07:51:00,83575.77,83621.44,83575.77,83605.48,0.0
2026-10-01 07:52:00,83605.47,83615.89,83540.0,83540.19,0.0
2026-10-01 07:53:00,83540.19,83557.72,83531.23,83535.24,0.0
2026-10-01 07:54:00,83535.23,83561.55,83531.17,83531.18,0.0
2026-10-01 07:55:00,83531.18,83580.0,83531.18,83579.99,0.0
2026-10-01 07:56:00,83579.99,83587.3,83550.86,83562.38,0.0
2026-10-01 07:57:00,83562.38,83562.39,83414.27,83414.28,0.0
2026-10-01 07:58:00,83414.27,83470.7,83400.0,83470.69,0.0
2026-10-01 07:59:00,83470.69,83470.7,83429.93,83429.93,0.0
2026-10-01 08:00:00,83429.93,83493.36,83423.79,83467.13,0.0
2026-10-01 08:01:00,83467.12,83474.82,83420.42,83420.43,0.0
2026-10-01 08:02:00,83420.42,83471.4,83400.0,83471.39,0.0
2026-10-01 08:03:00,83471.39,83526.45,83467.64,83509.04,0.0
2026-10-01 08:04:00,83509.04,83529.1,83479.33,83508.74,0.0
2026-10-01 08:05:00,83508.73,83508.73,83429.31,83429.32,0.0
2026-10-01 08:06:00,83429.31,83442.55,83393.66,83416.36,0.0
2026-10-01 08:07:00,83416.36,83445.84,83416.36,83445.83,0.0
2026-10-01 08:08:00,83445.83,83453.04,83365.48,83372.18,0.0
2026-10-01 08:09:00,83372.19,83401.18,83340.0,83401.17,0.0
2026-10-01 08:10:00,83401.17,83450.0,83380.0,83450.0,0.0
2026-10-01 08:11:00,83450.0,83457.59,83380.0,83406.96,0.0
2026-10-01 08:12:00,83406.96,83431.35,83372.0,83388.29,0.0
2026-10-01 08:13:00,83388.3,83407.54,83364.0,83372.43,0.0
2026-10-01 08:14:00,83372.43,83392.96,83358.0,83392.95,0.0
2026-10-01 08:15:00,83392.96,83421.02,83374.95,83398.73,0.0
2026-10-01 08:16:00,83398.72,83456.87,83398.72,83442.01,0.0
2026-10-01 08:17:00,83442.0,83442.01,83382.0,83439.27,0.0
2026-10-01 08:18:00,83439.27,83477.7,83430.0,83431.5,0.0
2026-10-01 08:19:00,83431.5,83439.49,83391.45,83391.45,0.0
2026-10-01 08:20:00,83391.46,83392.34,83350.0,83350.0,0.0
2026-10-01 08:21:00,83350.0,83409.49,83350.0,83384.0,0.0
2026-10-01 08:22:00,83384.01,83439.5,83384.0,83420.58,0.0
2026-10-01 08:23:00,83420.59,83444.21,83403.1,83434.53,0.0
2026-10-01 08:24:00,83434.54,83434.54,83412.0,83412.0,0.0
2026-10-01 08:25:00,83412.01,83458.01,83412.0,83457.52,0.0
2026-10-01 08:26:00,83457.53,83477.7,83442.0,83477.69,0.0
2026-10-01 08:27:00,83477.69,83477.7,83446.0,83446.01,0.0
2026-10-01 08:28:00,83446.0,83452.15,83431.3,83431.3,0.0
2026-10-01 08:29:00,83431.3,83440.0,83431.3,83431.3,0.0
2026-10-01 08:30:00,83431.3,83431.3,83331.82,83365.91,0.0
2026-10-01 08:31:00,83366.01,83393.18,83294.11,83294.11,0.0
2026-10-01 08:32:00,83294.12,83308.88,83196.72,83196.73,0.0
2026-10-01 08:33:00,83196.73,83263.15,83188.0,83263.15,0.0
2026-10-01 08:34:00,83263.14,83263.15,83216.0,83216.01,0.0
2026-10-01 08:35:00,83216.0,83254.72,83186.0,83251.72,0.0
2026-10-01 08:36:00,83251.72,83366.91,83251.72,83324.47,0.0
2026-10-01 08:37:00,83324.47,83386.4,83316.18,83384.0,0.0
2026-10-01 08:38:00,83384.0,83425.89,83350.02,83410.01,0.0
2026-10-01 08:39:00,83410.0,83500.01,83410.0,83491.12,0.0
2026-10-01 08:40:00,83491.21,83498.0,83426.49,83436.02,0.0
2026-10-01 08:41:00,83436.01,83491.12,83420.65,83491.11,0.0
2026-10-01 08:42:00,83491.11,83565.34,83491.11,83562.66,0.0
2026-10-01 08:43:00,83562.65,83562.65,83508.16,83508.17,0.0
2026-10-01 08:44:00,83508.17,83517.6,83491.11,83491.18,0.0
2026-10-01 08:45:00,83491.18,83496.01,83469.01,83469.01,0.0
2026-10-01 08:46:00,83469.02,83483.57,83450.0,83470.67,0.0
2026-10-01 08:47:00,83470.67,83520.0,83470.66,83516.01,0.0
2026-10-01 08:48:00,83516.01,83520.0,83484.0,83518.65,0.0
2026-10-01 08:49:00,83518.66,83518.66,83488.63,83491.1,0.0
2026-10-01 08:50:00,83491.11,83492.37,83456.33,83456.33,0.0
2026-10-01 08:51:00,83456.33,83544.01,83441.68,83543.77,0.0
2026-10-01 08:52:00,83543.78,83560.0,83543.78,83552.01,0.0
2026-10-01 08:53:00,83552.0,83552.01,83497.68,83497.69,0.0
2026-10-01 08:54:00,83497.68,83529.1,83490.89,83524.01,0.0
2026-10-01 08:55:00,83524.01,83565.34,83504.0,83565.34,0.0
2026-10-01 08:56:00,83565.33,83582.44,83565.33,83578.0,0.0
2026-10-01 08:57:00,83578.01,83578.01,83548.84,83551.35,0.0
2026-10-01 08:58:00,83551.34,83566.0,83551.34,83560.99,0.0
2026-10-01 08:59:00,83561.0,83566.98,83558.58,83566.97,0.0
2026-10-01 09:00:00,83566.98,83614.28,83566.97,83577.67,0.0
2026-10-01 09:01:00,83577.67,83577.67,83558.46,83558.46,0.0
2026-10-01 09:02:00,83558.47,83581.61,83558.46,83562.06,0.0
2026-10-01 09:03:00,83562.06,83577.99,83562.06,83574.0,0.0
2026-10-01 09:04:00,83574.01,83600.53,83574.0,83600.53,0.0
2026-10-01 09:05:00,83600.53,83611.6,83600.53,83602.0,0.0
2026-10-01 09:06:00,83602.01,83617.57,83602.0,83613.54,0.0
2026-10-01 09:07:00,83613.54,83646.67,83613.54,83626.0,0.0
2026-10-01 09:08:00,83626.01,83630.92,83625.0,83625.0,0.0
2026-10-01 09:09:00,83625.01,83638.96,83625.0,83638.96,0.0
2026-10-01 09:10:00,83638.95,83705.99,83638.95,83705.99,0.0
2026-10-01 09:11:00,83705.99,83762.01,83665.49,83685.99,0.0
2026-10-01 09:12:00,83685.99,83703.09,83667.27,83667.27,0.0
2026-10-01 09:13:00,83667.28,83685.35,83635.16,83685.34,0.0
2026-10-01 09:14:00,83685.35,83690.38,83677.69,83690.38,0.0
2026-10-01 09:15:00,83690.38,83710.45,83684.0,83684.0,0.0
2026-10-01 09:16:00,83684.01,83698.57,83682.0,83682.0,0.0
2026-10-01 09:17:00,83682.01,83695.07,83675.38,83691.18,0.0
2026-10-01 09:18:00,83691.18,83739.7,83691.18,83733.34,0.0
2026-10-01 09:19:00,83733.35,83733.35,83711.87,83713.21,0.0
2026-10-01 09:20:00,83713.21,83733.35,83713.21,83718.01,0.0
2026-10-01 09:21:00,83718.0,83775.02,83718.0,83770.99,0.0
2026-10-01 09:22:00,83770.99,83793.1,83770.0,83770.0,0.0
2026-10-01 09:23:00,83770.0,83770.01,83718.0,83718.01,0.0
2026-10-01 09:24:00,83718.0,83751.77,83718.0,83742.0,0.0
2026-10-01 09:25:00,83742.0,83747.8,83736.43,83747.79,0.0
2026-10-01 09:26:00,83747.8,83747.8,83738.0,83738.0,0.0
2026-10-01 09:27:00,83738.01,83738.01,83709.83,83709.84,0.0
2026-10-01 09:28:00,83709.83,83754.01,83709.83,83754.0,0.0
2026-10-01 09:29:00,83754.0,83761.88,83754.0,83761.88,0.0
2026-10-01 09:30:00,83761.88,83818.18,83761.88,83804.01,0.0
2026-10-01 09:31:00,83804.0,83826.01,83804.0,83826.01,0.0
2026-10-01 09:32:00,83826.0,83887.25,83826.0,83878.0,0.0
2026-10-01 09:33:00,83878.0,83878.0,83843.47,83843.48,0.0
2026-10-01 09:34:00,83843.48,83843.48,83804.0,83808.0,0.0
2026-10-01 09:35:00,83808.0,83838.01,83807.99,83838.01,0.0
2026-10-01 09:36:00,83838.01,83838.42,83801.03,83801.04,0.0
2026-10-01 09:37:00,83801.04,83838.42,83801.03,83838.41,0.0
2026-10-01 09:38:00,83838.41,83838.42,83820.11,83820.11,0.0
2026-10-01 09:39:00,83820.12,83840.01,83808.65,83840.01,0.0
2026-10-01 09:40:00,83840.01,83849.43,83840.0,83849.43,0.0
2026-10-01 09:41:00,83849.42,83854.47,83843.85,83854.46,0.0
2026-10-01 09:42:00,83854.46,83854.47,83850.78,83854.47,0.0
2026-10-01 09:43:00,83854.47,83874.91,83854.47,83874.9,0.0
2026-10-01 09:44:00,83874.91,83887.25,83874.9,83887.25,0.0
2026-10-01 09:45:00,83887.24,83887.25,83851.11,83857.04,0.0
2026-10-01 09:46:00,83857.04,83873.62,83857.04,83870.0,0.0
2026-10-01 09:47:00,83870.01,83881.0,83870.0,83880.99,0.0
2026-10-01 09:48:00,83880.99,83896.01,83880.42,83880.42,0.0
2026-10-01 09:49:00,83880.43,83880.43,83838.0,83852.0,0.0
2026-10-01 09:50:00,83852.0,83854.08,83816.94,83854.08,0.0
2026-10-01 09:51:00,83854.08,83854.08,83844.01,83848.01,0.0
2026-10-01 09:52:00,83848.0,83848.01,83813.91,83813.92,0.0
2026-10-01 09:53:00,83813.92,83813.92,83782.23,83805.82,0.0
2026-10-01 09:54:00,83805.83,83806.01,83796.31,83806.0,0.0
2026-10-01 09:55:00,83806.0,83806.01,83775.57,83775.57,0.0
2026-10-01 09:56:00,83775.57,83775.58,83748.0,83758.02,0.0
2026-10-01 09:57:00,83758.01,83790.01,83758.0,83790.01,0.0
2026-10-01 09:58:00,83790.0,83795.18,83790.0,83792.01,0.0
2026-10-01 09:59:00,83792.01,83797.63,83776.0,83782.01,0.0
2026-10-01 10:00:00,83782.01,83817.54,83720.0,83720.01,0.0
2026-10-01 10:01:00,83720.01,83720.01,83628.0,83629.72,0.0
2026-10-01 10:02:00,83629.72,83629.72,83568.0,83583.48,0.0
2026-10-01 10:03:00,83583.48,83602.01,83570.71,83576.0,0.0
2026-10-01 10:04:00,83576.0,83576.0,83476.51,83476.52,0.0
2026-10-01 10:05:00,83476.51,83486.82,83418.23,83447.24,0.0
2026-10-01 10:06:00,83447.24,83482.01,83418.98,83482.01,0.0
2026-10-01 10:07:00,83482.01,83632.01,83482.0,83630.0,0.0
2026-10-01 10:08:00,83630.0,83682.01,83630.0,83682.0,0.0
2026-10-01 10:09:00,83682.0,83690.01,83666.03,83672.01,0.0
2026-10-01 10:10:00,83672.01,83672.53,83648.64,83663.27,0.0
2026-10-01 10:11:00,83663.26,83663.93,83626.0,83663.93,0.0
2026-10-01 10:12:00,83663.94,83673.28,83663.94,83670.31,0.0
2026-10-01 10:13:00,83670.3,83706.69,83670.3,83678.01,0.0
2026-10-01 10:14:00,83678.01,83703.56,83678.01,83703.56,0.0
2026-10-01 10:15:00,83703.55,83703.56,83623.19,83623.19,0.0
2026-10-01 10:16:00,83623.19,83630.01,83584.46,83584.47,0.0
2026-10-01 10:17:00,83584.46,83624.01,83548.8,83624.0,0.0
2026-10-01 10:18:00,83624.01,83771.82,83624.01,83750.01,0.0
2026-10-01 10:19:00,83750.0,83750.01,83682.0,83682.0,0.0
2026-10-01 10:20:00,83682.01,83718.01,83682.0,83718.01,0.0
2026-10-01 10:21:00,83718.0,83765.73,83705.29,83750.01,0.0
2026-10-01 10:22:00,83750.01,83762.01,83707.7,83707.7,0.0
2026-10-01 10:23:00,83707.71,83720.01,83707.7,83716.01,0.0
2026-10-01 10:24:00,83716.0,83716.0,83696.0,83696.01,0.0
2026-10-01 10:25:00,83696.0,83696.01,83672.86,83672.87,0.0
2026-10-01 10:26:00,83672.86,83677.66,83638.7,83638.7,0.0
2026-10-01 10:27:00,83638.71,83648.01,83613.09,83613.09,0.0
2026-10-01 10:28:00,83613.1,83671.39,83593.82,83671.37,0.0
2026-10-01 10:29:00,83671.37,83687.45,83658.84,83686.65,0.0
2026-10-01 10:30:00,83686.64,83736.01,83686.64,83736.0,0.0
2026-10-01 10:31:00,83736.0,83782.01,83736.0,83776.03,0.0
2026-10-01 10:32:00,83776.02,83793.73,83776.02,83786.04,0.0
2026-10-01 10:33:00,83786.03,83786.04,83784.0,83784.0,0.0
2026-10-01 10:34:00,83784.01,83809.03,83770.0,83770.0,0.0
2026-10-01 10:35:00,83770.01,83780.47,83758.0,83770.01,0.0
2026-10-01 10:36:00,83770.01,83770.01,83755.4,83758.01,0.0
2026-10-01 10:37:00,83758.01,83764.01,83756.32,83756.33,0.0
2026-10-01 10:38:00,83756.32,83756.33,83743.52,83743.53,0.0
2026-10-01 10:39:00,83743.52,83743.53,83731.88,83731.89,0.0
2026-10-01 10:40:00,83731.88,83735.97,83719.38,83719.39,0.0
2026-10-01 10:41:00,83719.38,83752.81,83719.38,83752.8,0.0
2026-10-01 10:42:00,83752.81,83838.42,83752.8,83838.42,0.0
2026-10-01 10:43:00,83838.42,83856.89,83838.41,83856.89,0.0
2026-10-01 10:44:00,83856.88,83887.25,83849.28,83884.73,0.0
2026-10-01 10:45:00,83884.73,83907.3,83866.0,83866.0,0.0
2026-10-01 10:46:00,83866.01,83893.77,83866.0,83893.77,0.0
2026-10-01 10:47:00,83893.76,83993.18,83893.76,83986.01,0.0
2026-10-01 10:48:00,83986.0,83991.84,83965.45,83970.06,0.0
2026-10-01 10:49:00,83970.06,83972.01,83931.24,83964.0,0.0
2026-10-01 10:50:00,83964.0,83970.01,83952.0,83956.0,0.0
2026-10-01 10:51:00,83956.01,83974.55,83944.67,83948.71,0.0
2026-10-01 10:52:00,83948.7,83970.01,83948.7,83970.01,0.0
2026-10-01 10:53:00,83970.01,83994.01,83968.0,83989.96,0.0
2026-10-01 10:54:00,83989.95,84098.01,83989.95,84094.44,0.0
2026-10-01 10:55:00,84094.43,84094.43,84010.0,84010.0,0.0
2026-10-01 10:56:00,84010.01,84010.01,83982.0,83985.08,0.0
2026-10-01 10:57:00,83985.07,83996.01,83976.0,83976.01,0.0
2026-10-01 10:58:00,83976.01,83976.01,83936.67,83942.93,0.0
2026-10-01 10:59:00,83942.92,83976.01,83942.92,83966.28,0.0
2026-10-01 11:00:00,83966.27,83966.28,83900.0,83900.0,0.0
2026-10-01 11:01:00,83900.01,83900.01,83835.47,83840.01,0.0
2026-10-01 11:02:00,83840.01,83851.84,83818.01,83818.02,0.0
2026-10-01 11:03:00,83818.01,83860.0,83818.01,83840.0,0.0
2026-10-01 11:04:00,83840.0,83890.01,83836.0,83890.01,0.0
2026-10-01 11:05:00,83890.0,83890.01,83832.0,83866.01,0.0
2026-10-01 11:06:00,83866.01,83902.01,83866.01,83888.01,0.0
2026-10-01 11:07:00,83888.01,83920.01,83882.0,83900.0,0.0
2026-10-01 11:08:00,83900.0,83907.95,83883.99,83888.01,0.0
2026-10-01 11:09:00,83888.0,83890.01,83884.0,83884.01,0.0
2026-10-01 11:10:00,83884.01,83884.01,83846.05,83884.0,0.0
2026-10-01 11:11:00,83884.01,83914.95,83870.29,83870.29,0.0
2026-10-01 11:12:00,83870.28,83870.28,83862.0,83869.12,0.0
2026-10-01 11:13:00,83869.11,83895.66,83869.11,83895.65,0.0
2026-10-01 11:14:00,83895.66,83895.66,83866.63,83866.65,0.0
2026-10-01 11:15:00,83866.65,83866.65,83844.63,83844.63,0.0
2026-10-01 11:16:00,83844.64,83852.0,83844.63,83851.99,0.0
2026-10-01 11:17:00,83852.0,83852.0,83831.07,83831.08,0.0
2026-10-01 11:18:00,83831.08,83845.0,83821.28,83845.0,0.0
2026-10-01 11:19:00,83845.0,83850.01,83830.0,83850.01,0.0
2026-10-01 11:20:00,83850.01,83850.01,83818.61,83818.61,0.0
2026-10-01 11:21:00,83818.61,83818.62,83810.31,83810.31,0.0
2026-10-01 11:22:00,83810.31,83873.17,83792.25,83830.0,0.0
2026-10-01 11:23:00,83830.0,83837.33,83827.63,83827.63,0.0
2026-10-01 11:24:00,83827.64,83827.64,83791.43,83791.44,0.0
2026-10-01 11:25:00,83791.44,83794.01,83780.8,83787.53,0.0
2026-10-01 11:26:00,83787.53,83787.53,83787.52,83787.52,0.0
2026-10-01 11:27:00,83787.53,83811.5,83787.12,83811.49,0.0
2026-10-01 11:28:00,83811.5,83813.56,83811.49,83813.55,0.0
2026-10-01 11:29:00,83813.55,83874.01,83813.55,83874.01,0.0
2026-10-01 11:30:00,83874.01,83886.01,83868.12,83884.21,0.0
2026-10-01 11:31:00,83884.21,83913.6,83850.03,83850.04,0.0
2026-10-01 11:32:00,83850.04,83850.04,83795.71,83795.72,0.0
2026-10-01 11:33:00,83795.72,83828.3,83795.71,83828.29,0.0
2026-10-01 11:34:00,83828.3,83845.0,83828.22,83845.0,0.0
2026-10-01 11:35:00,83845.0,83864.01,83844.99,83862.01,0.0
2026-10-01 11:36:00,83862.01,83896.01,83862.01,83896.01,0.0
2026-10-01 11:37:00,83896.01,83950.3,83896.0,83930.43,0.0
2026-10-01 11:38:00,83930.42,83931.77,83903.63,83926.83,0.0
2026-10-01 11:39:00,83926.83,83964.74,83926.83,83950.0,0.0
2026-10-01 11:40:00,83950.01,83960.7,83936.69,83960.21,0.0
2026-10-01 11:41:00,83960.22,83981.11,83960.21,83974.09,0.0
2026-10-01 11:42:00,83974.09,83974.09,83952.0,83952.01,0.0
2026-10-01 11:43:00,83952.01,83975.89,83952.0,83967.57,0.0
2026-10-01 11:44:00,83967.57,83980.0,83948.0,83956.22,0.0
2026-10-01 11:45:00,83956.23,83996.8,83956.22,83996.8,0.0
2026-10-01 11:46:00,83996.8,83996.8,83984.31,83994.3,0.0
2026-10-01 11:47:00,83994.3,84023.78,83975.97,84023.78,0.0
2026-10-01 11:48:00,84023.77,84048.01,83977.27,83984.65,0.0
2026-10-01 11:49:00,83984.64,83984.65,83948.99,83956.0,0.0
2026-10-01 11:50:00,83956.0,83996.01,83939.15,83996.0,0.0
2026-10-01 11:51:00,83996.0,84012.01,83996.0,84012.01,0.0
2026-10-01 11:52:00,84012.01,84014.01,83952.0,83952.0,0.0
2026-10-01 11:53:00,83952.0,83959.87,83952.0,83959.86,0.0
2026-10-01 11:54:00,83959.87,83967.0,83959.86,83967.0,0.0
2026-10-01 11:55:00,83967.0,83975.99,83938.03,83940.95,0.0
2026-10-01 11:56:00,83940.95,83971.82,83940.95,83971.82,0.0
2026-10-01 11:57:00,83971.81,83977.84,83971.81,83977.84,0.0
2026-10-01 11:58:00,83977.83,83979.51,83933.04,83933.05,0.0
2026-10-01 11:59:00,83933.05,83933.05,83901.11,83905.76,0.0
2026-10-01 12:00:00,83905.76,83981.88,83905.75,83968.53,0.0
2026-10-01 12:01:00,83968.53,83981.88,83961.36,83981.88,0.0
2026-10-01 12:02:00,83981.88,83984.01,83970.74,83972.83,0.0
2026-10-01 12:03:00,83972.83,83978.69,83964.55,83964.55,0.0
2026-10-01 12:04:00,83964.56,83964.56,83924.8,83924.8,0.0
2026-10-01 12:05:00,83924.8,83934.01,83920.01,83934.01,0.0
2026-10-01 12:06:00,83934.01,83960.01,83934.0,83939.53,0.0
2026-10-01 12:07:00,83939.54,83956.01,83939.53,83950.29,0.0
2026-10-01 12:08:00,83950.3,83970.01,83950.3,83970.0,0.0
2026-10-01 12:09:00,83970.0,83988.8,83970.0,83986.85,0.0
2026-10-01 12:10:00,83986.85,84000.53,83986.85,84000.52,0.0
2026-10-01 12:11:00,84000.53,84012.74,83992.85,83998.0,0.0
2026-10-01 12:12:00,83998.0,83998.0,83985.0,83991.42,0.0
2026-10-01 12:13:00,83991.41,84000.0,83991.41,83992.69,0.0
2026-10-01 12:14:00,83992.69,83992.69,83992.68,83992.69,0.0
2026-10-01 12:15:00,83992.68,83992.69,83960.0,83960.01,0.0
2026-10-01 12:16:00,83960.0,83960.01,83951.99,83952.0,0.0
2026-10-01 12:17:00,83952.0,83952.0,83866.84,83866.85,0.0
2026-10-01 12:18:00,83866.85,83965.14,83866.85,83954.0,0.0
2026-10-01 12:19:00,83954.01,83968.01,83954.0,83956.01,0.0
2026-10-01 12:20:00,83956.0,83956.01,83914.0,83914.0,0.0
2026-10-01 12:21:00,83914.01,83974.01,83914.0,83974.0,0.0
2026-10-01 12:22:00,83974.0,83974.0,83924.0,83947.71,0.0
2026-10-01 12:23:00,83947.72,83947.72,83926.06,83937.16,0.0
2026-10-01 12:24:00,83937.16,83937.17,83908.0,83926.64,0.0
2026-10-01 12:25:00,83926.63,83958.01,83926.63,83958.01,0.0
2026-10-01 12:26:00,83958.0,83990.02,83908.34,83990.01,0.0
2026-10-01 12:27:00,83990.02,83990.02,83961.7,83966.37,0.0
2026-10-01 12:28:00,83966.38,83972.01,83966.37,83972.01,0.0
2026-10-01 12:29:00,83972.01,83972.01,83906.0,83912.01,0.0
2026-10-01 12:30:00,83912.01,83926.02,83906.62,83916.0,0.0
2026-10-01 12:31:00,83916.01,83916.01,83898.45,83908.11,0.0
2026-10-01 12:32:00,83908.11,83912.81,83854.73,83854.73,0.0
2026-10-01 12:33:00,83854.74,83870.01,83840.0,83870.0,0.0
2026-10-01 12:34:00,83870.01,83958.0,83870.0,83958.0,0.0
2026-10-01 12:35:00,83957.99,83958.0,83906.0,83906.0,0.0
2026-10-01 12:36:00,83906.0,83906.01,83890.0,83890.01,0.0
2026-10-01 12:37:00,83890.01,83890.01,83888.0,83889.36,0.0
2026-10-01 12:38:00,83889.36,83898.01,83889.35,83898.0,0.0
2026-10-01 12:39:00,83898.0,83964.99,83898.0,83964.99,0.0
2026-10-01 12:40:00,83965.0,84008.92,83965.0,84000.0,0.0
2026-10-01 12:41:00,84000.01,84054.01,84000.0,84014.0,0.0
2026-10-01 12:42:00,84014.01,84014.01,83921.0,83921.01,0.0
2026-10-01 12:43:00,83921.01,83938.01,83921.01,83922.06,0.0
2026-10-01 12:44:00,83922.06,83937.89,83902.0,83902.0,0.0
2026-10-01 12:45:00,83902.0,83902.01,83888.0,83899.48,0.0
2026-10-01 12:46:00,83899.49,83912.36,83899.49,83912.36,0.0
2026-10-01 12:47:00,83912.35,83930.02,83854.19,83854.2,0.0
2026-10-01 12:48:00,83854.2,83854.2,83823.97,83823.98,0.0
2026-10-01 12:49:00,83823.98,83823.98,83796.0,83796.0,0.0
2026-10-01 12:50:00,83796.0,83800.01,83745.67,83779.91,0.0
2026-10-01 12:51:00,83779.92,83785.52,83765.34,83765.35,0.0
2026-10-01 12:52:00,83765.35,83814.34,83763.71,83806.01,0.0
2026-10-01 12:53:00,83806.01,83806.01,83719.42,83734.51,0.0
2026-10-01 12:54:00,83734.0,83744.0,83676.0,83734.01,0.0
2026-10-01 12:55:00,83734.0,83764.01,83708.0,83708.0,0.0
2026-10-01 12:56:00,83708.01,83762.54,83704.78,83724.0,0.0
2026-10-01 12:57:00,83724.01,83739.11,83657.02,83739.11,0.0
2026-10-01 12:58:00,83739.1,83757.35,83726.0,83734.26,0.0
2026-10-01 12:59:00,83734.26,83772.53,83734.25,83736.02,0.0
2026-10-01 13:00:00,83736.02,83744.01,83676.0,83677.35,0.0
2026-10-01 13:01:00,83677.34,83710.01,83643.01,83710.0,0.0
2026-10-01 13:02:00,83710.0,83739.69,83682.0,83682.0,0.0
2026-10-01 13:03:00,83682.0,83688.01,83640.01,83640.01,0.0
2026-10-01 13:04:00,83640.0,83650.01,83609.37,83609.38,0.0
2026-10-01 13:05:00,83609.37,83630.01,83544.41,83563.33,0.0
2026-10-01 13:06:00,83563.33,83586.01,83535.5,83578.0,0.0
2026-10-01 13:07:00,83578.0,83643.93,83564.32,83636.0,0.0
2026-10-01 13:08:00,83636.0,83656.01,83620.0,83620.0,0.0
2026-10-01 13:09:00,83620.01,83620.01,83557.29,83557.29,0.0
2026-10-01 13:10:00,83557.29,83574.01,83529.1,83529.1,0.0
2026-10-01 13:11:00,83529.1,83549.91,83520.0,83544.01,0.0
2026-10-01 13:12:00,83544.0,83589.24,83542.66,83574.01,0.0
2026-10-01 13:13:00,83574.01,83574.01,83518.0,83518.0,0.0
2026-10-01 13:14:00,83518.01,83526.01,83502.22,83523.41,0.0
2026-10-01 13:15:00,83523.41,83546.01,83481.5,83504.01,0.0
2026-10-01 13:16:00,83504.01,83522.01,83492.1,83514.01,0.0
2026-10-01 13:17:00,83514.01,83566.01,83514.0,83566.0,0.0
2026-10-01 13:18:00,83566.0,83570.01,83548.13,83548.14,0.0
2026-10-01 13:19:00,83548.13,83570.01,83522.0,83570.01,0.0
2026-10-01 13:20:00,83570.01,83620.01,83554.0,83616.0,0.0
2026-10-01 13:21:00,83616.01,83620.01,83605.74,83607.11,0.0
2026-10-01 13:22:00,83607.1,83607.1,83552.0,83552.01,0.0
2026-10-01 13:23:00,83552.0,83558.01,83494.0,83494.0,0.0
2026-10-01 13:24:00,83494.0,83546.53,83477.14,83546.52,0.0
2026-10-01 13:25:00,83546.53,83562.75,83493.38,83493.38,0.0
2026-10-01 13:26:00,83493.38,83495.53,83472.1,83472.1,0.0
2026-10-01 13:27:00,83472.1,83496.29,83400.0,83496.28,0.0
2026-10-01 13:28:00,83496.29,83548.01,83496.29,83508.87,0.0
2026-10-01 13:29:00,83508.86,83508.87,83476.04,83476.04,0.0
2026-10-01 13:30:00,83476.04,83529.1,83467.33,83488.01,0.0
2026-10-01 13:31:00,83488.01,83549.93,83470.01,83508.01,0.0
2026-10-01 13:32:00,83508.01,83570.64,83464.0,83570.63,0.0
2026-10-01 13:33:00,83570.63,83732.18,83558.2,83716.44,0.0
2026-10-01 13:34:00,83716.44,83797.83,83643.99,83700.0,0.0
2026-10-01 13:35:00,83700.01,83764.01,83692.48,83756.64,0.0
2026-10-01 13:36:00,83756.65,83756.65,83700.0,83700.0,0.0
2026-10-01 13:37:00,83700.0,83868.01,83652.01,83866.75,0.0
2026-10-01 13:38:00,83866.75,83966.41,83826.0,83917.77,0.0
2026-10-01 13:39:00,83917.77,83972.01,83804.7,83806.0,0.0
2026-10-01 13:40:00,83806.01,83889.5,83770.0,83781.0,0.0
2026-10-01 13:41:00,83781.01,83915.16,83768.74,83852.0,0.0
2026-10-01 13:42:00,83852.0,83880.01,83789.44,83821.32,0.0
2026-10-01 13:43:00,83821.31,83898.0,83818.0,83850.01,0.0
2026-10-01 13:44:00,83850.0,83941.37,83850.0,83940.01,0.0
2026-10-01 13:45:00,83940.01,84023.78,83914.0,83938.35,0.0
2026-10-01 13:46:00,83938.35,83998.01,83886.01,83947.99,0.0
2026-10-01 13:47:00,83948.0,84016.01,83876.41,83986.01,0.0
2026-10-01 13:48:00,83986.0,83986.01,83896.0,83900.0,0.0
2026-10-01 13:49:00,83900.0,83916.01,83667.0,83667.0,0.0
2026-10-01 13:50:00,83667.01,83816.0,83667.0,83774.04,0.0
2026-10-01 13:51:00,83774.03,83827.47,83768.85,83782.63,0.0
2026-10-01 13:52:00,83782.62,83905.47,83762.0,83884.01,0.0
2026-10-01 13:53:00,83884.0,83884.01,83840.0,83866.0,0.0
2026-10-01 13:54:00,83866.01,83924.3,83857.59,83924.3,0.0
2026-10-01 13:55:00,83924.29,83971.66,83854.0,83868.01,0.0
2026-10-01 13:56:00,83868.01,83868.01,83798.0,83836.01,0.0
2026-10-01 13:57:00,83836.01,83886.01,83836.0,83874.0,0.0
2026-10-01 13:58:00,83874.01,83914.01,83872.0,83912.0,0.0
2026-10-01 13:59:00,83912.01,83958.01,83892.79,83939.67,0.0
2026-10-01 14:00:00,83938.6,83958.01,83776.01,83776.01,0.0
2026-10-01 14:01:00,83776.0,83776.0,83694.77,83722.01,0.0
2026-10-01 14:02:00,83722.01,83756.44,83613.8,83728.01,0.0
2026-10-01 14:03:00,83728.0,83826.01,83716.0,83725.92,0.0
2026-10-01 14:04:00,83725.93,83778.01,83656.0,83658.0,0.0
2026-10-01 14:05:00,83658.01,83674.01,83552.66,83674.01,0.0
2026-10-01 14:06:00,83674.01,83770.01,83662.0,83750.01,0.0
2026-10-01 14:07:00,83750.01,83866.01,83750.01,83828.0,0.0
2026-10-01 14:08:00,83828.01,83985.0,83828.01,83910.6,0.0
2026-10-01 14:09:00,83909.1,84041.13,83880.0,84040.0,0.0
2026-10-01 14:10:00,84040.01,84040.01,83940.0,83960.0,0.0
2026-10-01 14:11:00,83960.0,83960.01,83835.46,83845.8,0.0
2026-10-01 14:12:00,83845.79,83880.01,83796.82,83797.24,0.0
2026-10-01 14:13:00,83797.23,83840.01,83750.5,83778.02,0.0
2026-10-01 14:14:00,83778.02,83800.0,83708.29,83800.0,0.0
2026-10-01 14:15:00,83800.0,83862.85,83791.52,83846.07,0.0
2026-10-01 14:16:00,83846.07,83908.95,83818.0,83879.8,0.0
2026-10-01 14:17:00,83879.8,84028.01,83860.0,84028.01,0.0
2026-10-01 14:18:00,84028.01,84036.01,83970.0,83978.0,0.0
2026-10-01 14:19:00,83978.0,84040.0,83890.0,83972.78,0.0
2026-10-01 14:20:00,83972.77,83992.01,83930.0,83960.0,0.0
2026-10-01 14:21:00,83960.0,84025.27,83914.0,83914.0,0.0
2026-10-01 14:22:00,83914.01,83972.01,83849.7,83849.71,0.0
2026-10-01 14:23:00,83849.7,83927.14,83816.48,83922.01,0.0
2026-10-01 14:24:00,83922.0,84041.22,83916.0,84033.17,0.0
2026-10-01 14:25:00,84033.17,84070.0,84020.01,84020.01,0.0
2026-10-01 14:26:00,84020.01,84186.38,83992.0,84186.37,0.0
2026-10-01 14:27:00,84186.37,84221.72,84144.05,84166.0,0.0
2026-10-01 14:28:00,84166.0,84166.01,84032.09,84118.0,0.0
2026-10-01 14:29:00,84118.0,84152.01,84110.0,84120.0,0.0
2026-10-01 14:30:00,84120.0,84182.37,84098.27,84169.36,0.0
2026-10-01 14:31:00,84169.35,84208.39,84060.63,84068.68,0.0
2026-10-01 14:32:00,84068.68,84200.0,84068.67,84132.01,0.0
2026-10-01 14:33:00,84132.0,84216.86,84124.0,84124.01,0.0
2026-10-01 14:34:00,84124.0,84196.01,84072.0,84196.01,0.0
2026-10-01 14:35:00,84196.01,84227.35,84174.9,84214.0,0.0
2026-10-01 14:36:00,84213.99,84309.82,84194.0,84281.25,0.0
2026-10-01 14:37:00,84281.25,84332.01,84228.91,84228.91,0.0
2026-10-01 14:38:00,84228.92,84240.01,84174.98,84216.01,0.0
2026-10-01 14:39:00,84216.0,84234.0,84188.16,84188.16,0.0
2026-10-01 14:40:00,84188.0,84194.0,84094.0,84094.0,0.0
2026-10-01 14:41:00,84094.0,84094.0,83995.98,84014.0,0.0
2026-10-01 14:42:00,84014.0,84068.38,84002.0,84032.01,0.0
2026-10-01 14:43:00,84032.0,84068.14,83998.0,84060.01,0.0
2026-10-01 14:44:00,84060.0,84060.01,83994.0,84020.01,0.0
2026-10-01 14:45:00,84020.0,84062.01,84012.0,84062.01,0.0
2026-10-01 14:46:00,84062.01,84070.01,83940.0,83964.0,0.0
2026-10-01 14:47:00,83964.0,83970.01,83900.0,83900.01,0.0
2026-10-01 14:48:00,83900.01,83900.01,83840.01,83840.01,0.0
2026-10-01 14:49:00,83840.0,83940.01,83780.28,83915.31,0.0
2026-10-01 14:50:00,83915.3,83931.9,83812.62,83864.0,0.0
2026-10-01 14:51:00,83864.01,83916.01,83826.0,83826.01,0.0
2026-10-01 14:52:00,83826.0,83826.01,83773.56,83782.01,0.0
2026-10-01 14:53:00,83782.0,83892.01,83782.0,83876.0,0.0
2026-10-01 14:54:00,83876.0,83920.01,83870.01,83920.01,0.0
2026-10-01 14:55:00,83920.0,83967.78,83883.52,83928.01,0.0
2026-10-01 14:56:00,83928.0,83960.01,83894.11,83944.22,0.0
2026-10-01 14:57:00,83944.21,83984.01,83910.01,83984.0,0.0
2026-10-01 14:58:00,83984.01,84091.65,83968.0,83968.01,0.0
2026-10-01 14:59:00,83968.0,84052.01,83960.0,84050.65,0.0
2026-10-01 15:00:00,84050.65,84092.45,84018.0,84021.11,0.0
2026-10-01 15:01:00,84021.12,84052.01,83986.0,84001.99,0.0
2026-10-01 15:02:00,84002.0,84060.01,84001.99,84020.18,0.0
2026-10-01 15:03:00,84020.19,84152.43,84020.18,84113.22,0.0
2026-10-01 15:04:00,84113.22,84567.0,84108.0,84156.01,0.0
2026-10-01 15:05:00,84156.0,84744.0,84156.0,84192.0,0.0
2026-10-01 15:06:00,84192.0,84192.0,84073.18,84073.19,0.0
2026-10-01 15:07:00,84073.18,84111.35,84042.0,84042.01,0.0
2026-10-01 15:08:00,84042.01,84042.01,84018.01,84024.0,0.0
2026-10-01 15:09:00,84024.0,84024.01,83890.29,83890.29,0.0
2026-10-01 15:10:00,83890.29,83964.0,83850.0,83964.0,0.0
2026-10-01 15:11:00,83964.0,84010.01,83922.2,83984.01,0.0
2026-10-01 15:12:00,83984.01,83984.59,83924.0,83934.01,0.0
2026-10-01 15:13:00,83934.01,84006.55,83934.01,84006.54,0.0
2026-10-01 15:14:00,84006.55,84092.8,84006.54,84092.8,0.0
2026-10-01 15:15:00,84092.79,84116.49,84063.18,84093.98,0.0
2026-10-01 15:16:00,84093.99,84127.72,84071.1,84127.72,0.0
2026-10-01 15:17:00,84127.73,84189.92,84116.0,84189.92,0.0
2026-10-01 15:18:00,84189.92,84228.44,84180.76,84190.68,0.0
2026-10-01 15:19:00,84190.68,84245.12,84182.2,84234.72,0.0
2026-10-01 15:20:00,84234.72,84248.5,84227.57,84246.96,0.0
2026-10-01 15:21:00,84246.96,84248.86,84222.09,84229.26,0.0
2026-10-01 15:22:00,84229.26,84229.26,84190.34,84206.13,0.0
2026-10-01 15:23:00,84206.13,84220.79,84178.0,84179.35,0.0
2026-10-01 15:24:00,84179.35,84197.18,84154.0,84154.0,0.0
2026-10-01 15:25:00,84154.01,84167.13,84122.63,84132.61,0.0
2026-10-01 15:26:00,84132.6,84160.89,84120.47,84160.89,0.0
2026-10-01 15:27:00,84160.89,84168.97,84160.89,84166.17,0.0
2026-10-01 15:28:00,84166.18,84173.14,84123.92,84130.01,0.0
2026-10-01 15:29:00,84130.0,84132.08,84094.26,84094.26,0.0
2026-10-01 15:30:00,84094.27,84094.27,84000.0,84000.0,0.0
2026-10-01 15:31:00,84000.01,84000.01,83851.52,83855.79,0.0
2026-10-01 15:32:00,83855.78,83956.01,83836.01,83937.61,0.0
2026-10-01 15:33:00,83937.61,83981.11,83880.05,83930.75,0.0
2026-10-01 15:34:00,83930.74,83930.75,83831.99,83860.56,0.0
2026-10-01 15:35:00,83860.56,83872.0,83846.0,83858.01,0.0
2026-10-01 15:36:00,83858.0,83897.7,83857.16,83869.64,0.0
2026-10-01 15:37:00,83869.63,83908.86,83848.62,83908.85,0.0
2026-10-01 15:38:00,83908.85,83967.72,83908.0,83958.64,0.0
2026-10-01 15:39:00,83958.64,84010.76,83955.87,83955.87,0.0
2026-10-01 15:40:00,83955.87,83989.23,83942.91,83957.93,0.0
2026-10-01 15:41:00,83957.93,83969.15,83912.39,83912.39,0.0
2026-10-01 15:42:00,83912.39,83941.32,83912.39,83929.95,0.0
2026-10-01 15:43:00,83929.94,83936.01,83852.48,83852.49,0.0
2026-10-01 15:44:00,83852.49,83889.44,83838.0,83889.44,0.0
2026-10-01 15:45:00,83889.44,83956.0,83889.02,83956.0,0.0
2026-10-01 15:46:00,83956.01,84000.8,83928.57,83945.25,0.0
2026-10-01 15:47:00,83945.25,84070.01,83930.26,84063.53,0.0
2026-10-01 15:48:00,84063.54,84249.69,84063.54,84249.69,0.0
2026-10-01 15:49:00,84249.84,84308.92,84196.48,84257.67,0.0
2026-10-01 15:50:00,84257.68,84285.54,84188.0,84188.01,0.0
2026-10-01 15:51:00,84188.0,84216.01,84140.69,84158.01,0.0
2026-10-01 15:52:00,84158.0,84172.01,84116.99,84152.01,0.0
2026-10-01 15:53:00,84152.01,84152.01,84103.14,84106.0,0.0
2026-10-01 15:54:00,84106.0,84137.5,84106.0,84126.01,0.0
2026-10-01 15:55:00,84126.0,84134.8,84107.72,84126.0,0.0
2026-10-01 15:56:00,84126.0,84212.01,84108.0,84146.01,0.0
2026-10-01 15:57:00,84146.01,84196.01,84133.98,84180.01,0.0
2026-10-01 15:58:00,84180.01,84180.01,84106.0,84106.01,0.0
2026-10-01 15:59:00,84106.0,84162.66,84106.0,84162.65,0.0
2026-10-01 16:00:00,84162.66,84196.0,84145.26,84195.99,0.0
2026-10-01 16:01:00,84195.99,84202.01,84162.0,84202.01,0.0
2026-10-01 16:02:00,84202.01,84236.92,84202.0,84236.91,0.0
2026-10-01 16:03:00,84236.91,84252.22,84232.04,84252.21,0.0
2026-10-01 16:04:00,84252.22,84258.01,84220.72,84230.01,0.0
2026-10-01 16:05:00,84230.01,84230.02,84216.0,84222.73,0.0
2026-10-01 16:06:00,84222.73,84293.56,84216.64,84293.55,0.0
2026-10-01 16:07:00,84293.56,84295.37,84246.0,84246.01,0.0
2026-10-01 16:08:00,84246.0,84286.01,84222.0,84227.34,0.0
2026-10-01 16:09:00,84227.35,84227.35,84152.0,84176.01,0.0
2026-10-01 16:10:00,84176.01,84232.01,84170.0,84170.0,0.0
2026-10-01 16:11:00,84170.0,84170.0,84146.0,84146.0,0.0
2026-10-01 16:12:00,84146.0,84254.01,84139.24,84254.0,0.0
2026-10-01 16:13:00,84254.0,84302.1,84232.0,84232.01,0.0
2026-10-01 16:14:00,84232.0,84317.29,84224.01,84317.29,0.0
2026-10-01 16:15:00,84317.29,84426.24,84317.28,84360.0,0.0
2026-10-01 16:16:00,84359.99,84382.84,84332.0,84332.01,0.0
2026-10-01 16:17:00,84332.01,84382.01,84306.01,84369.99,0.0
2026-10-01 16:18:00,84369.98,84369.99,84310.01,84322.01,0.0
2026-10-01 16:19:00,84322.01,84386.01,84294.0,84356.0,0.0
2026-10-01 16:20:00,84356.01,84356.01,84324.0,84340.01,0.0
2026-10-01 16:21:00,84340.01,84346.01,84312.0,84312.01,0.0
2026-10-01 16:22:00,84312.0,84341.08,84308.0,84328.01,0.0
2026-10-01 16:23:00,84328.0,84328.0,84268.0,84302.72,0.0
2026-10-01 16:24:00,84302.72,84356.9,84302.72,84340.02,0.0
2026-10-01 16:25:00,84340.02,84353.0,84338.0,84353.0,0.0
2026-10-01 16:26:00,84352.99,84371.5,84317.01,84317.91,0.0
2026-10-01 16:27:00,84317.9,84317.91,84283.82,84283.83,0.0
2026-10-01 16:28:00,84283.82,84283.83,84265.82,84270.61,0.0
2026-10-01 16:29:00,84270.61,84305.5,84269.93,84305.49,0.0
2026-10-01 16:30:00,84305.49,84350.01,84305.49,84334.01,0.0
2026-10-01 16:31:00,84334.01,84382.75,84334.0,84382.75,0.0
2026-10-01 16:32:00,84382.74,84418.0,84382.74,84418.0,0.0
2026-10-01 16:33:00,84417.99,84481.27,84417.99,84481.26,0.0
2026-10-01 16:34:00,84481.26,84501.0,84448.0,84491.4,0.0
2026-10-01 16:35:00,84491.39,84625.98,84491.39,84623.89,0.0
2026-10-01 16:36:00,84623.88,84623.89,84510.01,84510.02,0.0
2026-10-01 16:37:00,84510.01,84510.01,84328.61,84338.01,0.0
2026-10-01 16:38:00,84338.0,84338.01,84225.14,84240.01,0.0
2026-10-01 16:39:00,84240.0,84280.01,84208.0,84218.0,0.0
2026-10-01 16:40:00,84218.01,84276.01,84211.56,84226.0,0.0
2026-10-01 16:41:00,84226.0,84260.01,84218.34,84232.25,0.0
2026-10-01 16:42:00,84232.25,84246.01,84196.0,84242.0,0.0
2026-10-01 16:43:00,84242.0,84330.01,84240.65,84316.0,0.0
2026-10-01 16:44:00,84316.01,84329.82,84304.0,84329.81,0.0
2026-10-01 16:45:00,84329.82,84412.01,84329.81,84403.18,0.0
2026-10-01 16:46:00,84403.18,84403.18,84345.91,84358.0,0.0
2026-10-01 16:47:00,84358.01,84362.01,84338.38,84347.99,0.0
2026-10-01 16:48:00,84347.99,84402.31,84276.14,84276.15,0.0
2026-10-01 16:49:00,84276.14,84300.0,84245.95,84266.19,0.0
2026-10-01 16:50:00,84266.19,84266.2,84214.42,84219.09,0.0
2026-10-01 16:51:00,84219.08,84219.09,84173.43,84196.19,0.0
2026-10-01 16:52:00,84196.19,84236.01,84176.0,84236.01,0.0
2026-10-01 16:53:00,84236.0,84254.01,84211.16,84218.67,0.0
2026-10-01 16:54:00,84218.67,84218.67,84186.68,84186.68,0.0
2026-10-01 16:55:00,84186.67,84186.68,84146.81,84146.81,0.0
2026-10-01 16:56:00,84146.81,84146.82,84064.0,84102.0,0.0
2026-10-01 16:57:00,84102.01,84122.01,84102.0,84122.0,0.0
2026-10-01 16:58:00,84122.0,84174.01,84122.0,84146.01,0.0
2026-10-01 16:59:00,84146.0,84202.01,84146.0,84202.01,0.0
2026-10-01 17:00:00,84202.0,84220.01,84198.0,84220.01,0.0
2026-10-01 17:01:00,84220.01,84260.0,84208.01,84260.0,0.0
2026-10-01 17:02:00,84260.01,84439.94,84260.01,84402.0,0.0
2026-10-01 17:03:00,84402.01,84468.01,84402.0,84462.01,0.0
2026-10-01 17:04:00,84462.0,84484.01,84415.91,84443.7,0.0
2026-10-01 17:05:00,84443.7,84450.01,84410.0,84436.01,0.0
2026-10-01 17:06:00,84436.01,84486.01,84436.01,84472.96,0.0
2026-10-01 17:07:00,84472.96,84474.01,84428.0,84428.01,0.0
2026-10-01 17:08:00,84428.0,84438.01,84408.0,84412.54,0.0
2026-10-01 17:09:00,84412.54,84412.54,84394.0,84394.01,0.0
2026-10-01 17:10:00,84394.0,84434.01,84394.0,84426.0,0.0
2026-10-01 17:11:00,84426.01,84460.01,84407.12,84460.0,0.0
2026-10-01 17:12:00,84460.01,84470.01,84371.5,84430.02,0.0
2026-10-01 17:13:00,84430.02,84444.43,84418.0,84444.05,0.0
2026-10-01 17:14:00,84444.04,84472.01,84426.01,84432.89,0.0
2026-10-01 17:15:00,84432.9,84496.34,84432.9,84489.87,0.0
2026-10-01 17:16:00,84489.87,84545.0,84474.0,84545.0,0.0
2026-10-01 17:17:00,84544.99,84733.99,84544.99,84700.2,0.0
2026-10-01 17:18:00,84700.19,84728.55,84618.84,84629.85,0.0
2026-10-01 17:19:00,84629.86,84761.82,84629.85,84756.6,0.0
2026-10-01 17:20:00,84756.56,84793.0,84738.95,84768.29,0.0
2026-10-01 17:21:00,84768.3,84789.88,84721.95,84785.09,0.0
2026-10-01 17:22:00,84785.08,84801.9,84738.34,84748.68,0.0
2026-10-01 17:23:00,84748.69,84756.91,84697.15,84718.46,0.0
2026-10-01 17:24:00,84718.46,84781.04,84678.01,84776.96,0.0
2026-10-01 17:25:00,84776.96,84792.7,84750.72,84778.89,0.0
2026-10-01 17:26:00,84778.9,84840.01,84770.27,84781.99,0.0
2026-10-01 17:27:00,84781.99,84838.54,84767.56,84838.53,0.0
2026-10-01 17:28:00,84838.53,84920.0,84804.85,84912.88,0.0
2026-10-01 17:29:00,84912.88,84919.19,84863.15,84919.19,0.0
2026-10-01 17:30:00,84919.18,85028.5,84904.16,84978.0,0.0
2026-10-01 17:31:00,84977.99,84988.33,84876.72,84935.2,0.0
2026-10-01 17:32:00,84934.56,84934.56,84823.87,84868.42,0.0
2026-10-01 17:33:00,84868.42,84888.03,84821.52,84850.53,0.0
2026-10-01 17:34:00,84850.53,84862.66,84772.38,84792.69,0.0
2026-10-01 17:35:00,84792.7,84843.14,84792.69,84793.3,0.0
2026-10-01 17:36:00,84793.29,84873.35,84780.27,84868.19,0.0
2026-10-01 17:37:00,84868.16,84947.13,84824.15,84947.13,0.0
2026-10-01 17:38:00,84947.83,85020.8,84919.23,85020.8,0.0
2026-10-01 17:39:00,85020.8,85033.0,84960.29,84965.33,0.0
2026-10-01 17:40:00,84965.34,85037.86,84965.33,85000.68,0.0
2026-10-01 17:41:00,85000.68,85046.21,84997.38,85046.2,0.0
2026-10-01 17:42:00,85046.2,85046.21,84992.97,84992.97,0.0
2026-10-01 17:43:00,84992.98,85024.67,84992.97,85011.43,0.0
2026-10-01 17:44:00,85011.43,85055.0,85000.0,85054.99,0.0
2026-10-01 17:45:00,85054.99,85055.0,85026.58,85032.0,0.0
2026-10-01 17:46:00,85032.0,85078.85,85012.41,85074.02,0.0
2026-10-01 17:47:00,85074.02,85074.02,85016.98,85043.45,0.0
2026-10-01 17:48:00,85043.44,85048.94,85003.33,85042.53,0.0
2026-10-01 17:49:00,85042.52,85045.6,84998.19,85013.99,0.0
2026-10-01 17:50:00,85013.99,85024.08,84991.32,85021.4,0.0
2026-10-01 17:51:00,85021.4,85037.18,85016.15,85037.18,0.0
2026-10-01 17:52:00,85037.18,85041.26,85037.17,85037.18,0.0
2026-10-01 17:53:00,85037.17,85049.0,85018.18,85049.0,0.0
2026-10-01 17:54:00,85049.0,85049.0,84863.38,84863.38,0.0
2026-10-01 17:55:00,84863.38,84915.78,84862.0,84914.0,0.0
2026-10-01 17:56:00,84914.01,84945.27,84870.0,84896.01,0.0
2026-10-01 17:57:00,84896.0,84896.0,84792.7,84851.65,0.0
2026-10-01 17:58:00,84851.66,84851.66,84812.82,84812.82,0.0
2026-10-01 17:59:00,84812.83,84908.01,84812.82,84908.01,0.0
2026-10-01 18:00:00,84908.0,84908.01,84779.99,84808.01,0.0
2026-10-01 18:01:00,84808.0,84847.0,84781.67,84846.98,0.0
2026-10-01 18:02:00,84846.99,84862.01,84783.82,84783.82,0.0
2026-10-01 18:03:00,84783.82,84783.83,84720.0,84720.01,0.0
2026-10-01 18:04:00,84720.01,84744.27,84714.61,84720.01,0.0
2026-10-01 18:05:00,84720.0,84736.11,84700.94,84734.08,0.0
2026-10-01 18:06:00,84734.07,84734.07,84700.0,84700.05,0.0
2026-10-01 18:07:00,84700.06,84765.99,84692.35,84765.99,0.0
2026-10-01 18:08:00,84765.98,84801.9,84748.43,84765.4,0.0
2026-10-01 18:09:00,84765.4,84883.27,84765.4,84883.26,0.0
2026-10-01 18:10:00,84883.27,84916.44,84849.87,84857.37,0.0
2026-10-01 18:11:00,84857.37,84934.01,84857.37,84934.0,0.0
2026-10-01 18:12:00,84934.01,84967.64,84934.0,84953.9,0.0
2026-10-01 18:13:00,84953.9,84989.29,84913.71,84948.0,0.0
2026-10-01 18:14:00,84948.01,84953.38,84881.46,84881.46,0.0
2026-10-01 18:15:00,84881.47,84904.81,84850.0,84850.01,0.0
2026-10-01 18:16:00,84850.01,84850.01,84818.0,84834.03,0.0
2026-10-01 18:17:00,84834.03,84868.53,84834.02,84840.83,0.0
2026-10-01 18:18:00,84840.83,84882.42,84840.82,84871.52,0.0
2026-10-01 18:19:00,84871.51,84871.52,84808.05,84816.53,0.0
2026-10-01 18:20:00,84816.54,84823.46,84816.53,84823.35,0.0
2026-10-01 18:21:00,84823.35,84855.28,84823.35,84840.16,0.0
2026-10-01 18:22:00,84840.16,84840.16,84802.51,84833.81,0.0
2026-10-01 18:23:00,84833.81,84934.01,84827.97,84934.0,0.0
2026-10-01 18:24:00,84934.01,84947.28,84894.18,84894.19,0.0
2026-10-01 18:25:00,84894.18,84898.0,84870.0,84897.99,0.0
2026-10-01 18:26:00,84897.99,84898.0,84874.0,84874.0,0.0
2026-10-01 18:27:00,84874.0,84880.93,84838.0,84839.71,0.0
2026-10-01 18:28:00,84839.7,84860.47,84828.48,84829.84,0.0
2026-10-01 18:29:00,84829.85,84842.0,84802.95,84802.95,0.0
2026-10-01 18:30:00,84802.95,84830.01,84793.44,84830.01,0.0
2026-10-01 18:31:00,84830.0,84860.06,84820.0,84856.0,0.0
2026-10-01 18:32:00,84856.0,84878.01,84844.21,84870.63,0.0
2026-10-01 18:33:00,84870.63,84870.63,84846.05,84866.0,0.0
2026-10-01 18:34:00,84866.01,84958.04,84866.0,84958.04,0.0
2026-10-01 18:35:00,84958.04,85066.01,84934.0,85066.0,0.0
2026-10-01 18:36:00,85066.0,85066.01,85010.37,85026.0,0.0
2026-10-01 18:37:00,85026.0,85095.67,84998.84,85095.66,0.0
2026-10-01 18:38:00,85095.66,85260.0,85095.66,85231.72,0.0
2026-10-01 18:39:00,85231.71,85273.65,85171.23,85178.43,0.0
2026-10-01 18:40:00,85178.44,85178.44,85019.16,85019.17,0.0
2026-10-01 18:41:00,85019.16,85062.3,84988.93,85034.0,0.0
2026-10-01 18:42:00,85034.01,85085.56,84988.94,84995.15,0.0
2026-10-01 18:43:00,84995.14,84995.15,84908.02,84916.66,0.0
2026-10-01 18:44:00,84916.66,84972.74,84916.65,84972.0,0.0
2026-10-01 18:45:00,84972.01,84972.01,84948.0,84960.97,0.0
2026-10-01 18:46:00,84960.96,84960.97,84940.0,84942.01,0.0
2026-10-01 18:47:00,84942.0,84942.65,84856.0,84856.38,0.0
2026-10-01 18:48:00,84856.38,84862.83,84765.0,84773.88,0.0
2026-10-01 18:49:00,84773.87,84773.87,84725.56,84740.93,0.0
2026-10-01 18:50:00,84740.94,84742.01,84719.9,84734.01,0.0
2026-10-01 18:51:00,84734.0,84734.83,84728.0,84734.83,0.0
2026-10-01 18:52:00,84734.82,84734.83,84671.01,84692.01,0.0
2026-10-01 18:53:00,84692.0,84759.45,84692.0,84759.45,0.0
2026-10-01 18:54:00,84759.44,84784.01,84759.44,84784.0,0.0
2026-10-01 18:55:00,84784.0,84792.7,84780.0,84785.34,0.0
2026-10-01 18:56:00,84785.33,84794.2,84785.33,84792.69,0.0
2026-10-01 18:57:00,84792.7,84820.61,84792.69,84820.61,0.0
2026-10-01 18:58:00,84820.61,84822.01,84810.46,84813.19,0.0
2026-10-01 18:59:00,84813.18,84820.65,84802.01,84802.02,0.0
2026-10-01 19:00:00,84802.02,84819.99,84794.03,84819.98,0.0
2026-10-01 19:01:00,84819.98,84819.99,84740.91,84740.92,0.0
2026-10-01 19:02:00,84740.92,84748.93,84740.91,84748.92,0.0
2026-10-01 19:03:00,84748.92,84765.87,84733.52,84765.87,0.0
2026-10-01 19:04:00,84766.01,84806.01,84766.0,84806.01,0.0
2026-10-01 19:05:00,84806.01,84806.02,84799.99,84800.0,0.0
2026-10-01 19:06:00,84799.99,84818.82,84787.0,84818.81,0.0
2026-10-01 19:07:00,84818.81,84859.43,84802.08,84824.0,0.0
2026-10-01 19:08:00,84824.01,84854.01,84798.0,84854.0,0.0
2026-10-01 19:09:00,84854.0,84884.01,84854.0,84874.69,0.0
2026-10-01 19:10:00,84874.69,84892.01,84874.69,84876.94,0.0
2026-10-01 19:11:00,84876.94,84876.94,84812.81,84814.03,0.0
2026-10-01 19:12:00,84814.02,84814.03,84785.56,84785.56,0.0
2026-10-01 19:13:00,84785.56,84812.01,84785.56,84812.0,0.0
2026-10-01 19:14:00,84812.0,84812.01,84792.0,84800.19,0.0
2026-10-01 19:15:00,84800.18,84820.0,84787.13,84819.99,0.0
2026-10-01 19:16:00,84819.99,84820.0,84812.84,84812.84,0.0
2026-10-01 19:17:00,84812.84,84820.0,84780.0,84780.01,0.0
2026-10-01 19:18:00,84780.0,84787.65,84757.06,84787.65,0.0
2026-10-01 19:19:00,84787.65,84802.22,84787.64,84796.03,0.0
2026-10-01 19:20:00,84796.02,84796.02,84746.91,84746.91,0.0
2026-10-01 19:21:00,84746.91,84756.01,84717.68,84741.28,0.0
2026-10-01 19:22:00,84741.27,84741.27,84654.86,84663.29,0.0
2026-10-01 19:23:00,84663.29,84663.3,84620.93,84633.18,0.0
2026-10-01 19:24:00,84633.18,84633.18,84610.0,84615.44,0.0
2026-10-01 19:25:00,84615.68,84697.2,84615.67,84679.61,0.0
2026-10-01 19:26:00,84679.6,84697.19,84679.6,84682.19,0.0
2026-10-01 19:27:00,84682.19,84682.2,84601.0,84601.0,0.0
2026-10-01 19:28:00,84601.01,84632.01,84601.0,84632.0,0.0
2026-10-01 19:29:00,84632.0,84640.01,84605.23,84612.01,0.0
2026-10-01 19:30:00,84612.0,84641.47,84601.0,84641.47,0.0
2026-10-01 19:31:00,84642.0,84724.02,84642.0,84724.01,0.0
2026-10-01 19:32:00,84724.01,84753.81,84718.86,84753.81,0.0
2026-10-01 19:33:00,84753.8,84766.0,84746.77,84746.78,0.0
2026-10-01 19:34:00,84746.78,84762.0,84713.62,84742.01,0.0
2026-10-01 19:35:00,84742.0,84742.01,84701.26,84714.78,0.0
2026-10-01 19:36:00,84714.78,84721.89,84652.59,84652.59,0.0
2026-10-01 19:37:00,84652.6,84652.6,84632.0,84632.0,0.0
2026-10-01 19:38:00,84632.0,84650.01,84626.03,84642.0,0.0
2026-10-01 19:39:00,84642.0,84656.01,84641.71,84650.1,0.0
2026-10-01 19:40:00,84650.11,84668.01,84631.08,84668.01,0.0
2026-10-01 19:41:00,84668.0,84702.01,84668.0,84688.61,0.0
2026-10-01 19:42:00,84688.61,84688.61,84649.31,84649.31,0.0
2026-10-01 19:43:00,84649.3,84653.19,84647.79,84653.18,0.0
2026-10-01 19:44:00,84653.18,84663.24,84646.0,84648.48,0.0
2026-10-01 19:45:00,84648.48,84648.48,84641.03,84644.02,0.0
2026-10-01 19:46:00,84644.01,84652.01,84638.65,84652.01,0.0
2026-10-01 19:47:00,84652.01,84652.01,84644.01,84644.01,0.0
2026-10-01 19:48:00,84644.02,84644.02,84585.83,84585.84,0.0
2026-10-01 19:49:00,84585.83,84625.65,84585.83,84590.44,0.0
2026-10-01 19:50:00,84590.43,84670.48,84590.43,84670.48,0.0
2026-10-01 19:51:00,84670.47,84698.01,84670.47,84698.0,0.0
2026-10-01 19:52:00,84698.0,84698.0,84660.01,84696.0,0.0
2026-10-01 19:53:00,84696.0,84696.01,84664.68,84672.37,0.0
2026-10-01 19:54:00,84672.37,84690.97,84644.0,84648.0,0.0
2026-10-01 19:55:00,84648.0,84648.01,84585.81,84592.01,0.0
2026-10-01 19:56:00,84592.0,84616.01,84592.0,84616.01,0.0
2026-10-01 19:57:00,84616.01,84650.0,84616.0,84646.02,0.0
2026-10-01 19:58:00,84646.01,84687.4,84646.0,84687.39,0.0
2026-10-01 19:59:00,84687.39,84687.4,84646.0,84675.36,0.0
2026-10-01 20:00:00,84675.36,84756.01,84675.35,84756.0,0.0
2026-10-01 20:01:00,84756.01,84777.18,84747.84,84777.18,0.0
2026-10-01 20:02:00,84777.19,84791.03,84776.45,84776.46,0.0
2026-10-01 20:03:00,84776.45,84792.7,84766.69,84782.0,0.0
2026-10-01 20:04:00,84782.0,84855.87,84782.0,84853.51,0.0
2026-10-01 20:05:00,84853.5,84860.05,84815.28,84815.28,0.0
2026-10-01 20:06:00,84815.28,84836.01,84793.53,84836.0,0.0
2026-10-01 20:07:00,84836.01,84844.01,84790.08,84798.01,0.0
2026-10-01 20:08:00,84798.0,84800.01,84796.67,84796.67,0.0
2026-10-01 20:09:00,84796.67,84806.01,84789.15,84806.0,0.0
2026-10-01 20:10:00,84806.0,84806.0,84755.11,84767.42,0.0
2026-10-01 20:11:00,84767.41,84792.7,84767.41,84775.67,0.0
2026-10-01 20:12:00,84775.67,84780.27,84772.0,84772.0,0.0
2026-10-01 20:13:00,84772.0,84800.0,84772.0,84798.96,0.0
2026-10-01 20:14:00,84798.95,84800.0,84786.0,84786.01,0.0
2026-10-01 20:15:00,84786.0,84792.7,84786.0,84790.0,0.0
2026-10-01 20:16:00,84790.0,84845.05,84776.1,84776.11,0.0
2026-10-01 20:17:00,84776.1,84780.01,84776.1,84780.01,0.0
2026-10-01 20:18:00,84780.0,84792.7,84777.92,84792.7,0.0
2026-10-01 20:19:00,84792.7,84813.88,84792.69,84800.92,0.0
2026-10-01 20:20:00,84800.91,84819.58,84800.91,84819.58,0.0
2026-10-01 20:21:00,84819.58,84828.01,84819.58,84821.4,0.0
2026-10-01 20:22:00,84821.39,84824.14,84814.09,84824.13,0.0
2026-10-01 20:23:00,84824.14,84832.01,84818.01,84830.0,0.0
2026-10-01 20:24:00,84830.0,84832.01,84824.14,84825.4,0.0
2026-10-01 20:25:00,84825.4,84825.4,84825.39,84825.39,0.0
2026-10-01 20:26:00,84825.4,84825.4,84784.0,84784.01,0.0
2026-10-01 20:27:00,84784.01,84792.7,84784.0,84792.7,0.0
2026-10-01 20:28:00,84792.7,84792.84,84790.63,84790.63,0.0
2026-10-01 20:29:00,84790.63,84790.63,84766.65,84766.65,0.0
2026-10-01 20:30:00,84766.66,84768.01,84766.65,84768.0,0.0
2026-10-01 20:31:00,84768.01,84768.01,84758.11,84758.12,0.0
2026-10-01 20:32:00,84758.11,84758.12,84745.55,84745.55,0.0
2026-10-01 20:33:00,84745.55,84749.66,84738.16,84749.65,0.0
2026-10-01 20:34:00,84749.65,84749.66,84749.65,84749.66,0.0
2026-10-01 20:35:00,84749.65,84749.66,84749.65,84749.65,0.0
2026-10-01 20:36:00,84749.66,84749.66,84737.7,84744.24,0.0
2026-10-01 20:37:00,84744.25,84744.25,84703.61,84718.08,0.0
2026-10-01 20:38:00,84718.08,84720.0,84716.14,84716.15,0.0
2026-10-01 20:39:00,84716.14,84716.14,84687.4,84687.4,0.0
2026-10-01 20:40:00,84687.4,84687.41,84664.0,84671.09,0.0
2026-10-01 20:41:00,84671.1,84671.1,84633.01,84633.01,0.0
2026-10-01 20:42:00,84633.02,84633.02,84603.43,84605.9,0.0
2026-10-01 20:43:00,84605.9,84610.0,84605.9,84610.0,0.0
2026-10-01 20:44:00,84610.0,84610.0,84609.99,84609.99,0.0
2026-10-01 20:45:00,84609.99,84610.0,84563.54,84563.54,0.0
2026-10-01 20:46:00,84563.55,84610.0,84563.54,84610.0,0.0
2026-10-01 20:47:00,84609.99,84624.01,84609.99,84624.01,0.0
2026-10-01 20:48:00,84624.01,84624.01,84618.02,84618.02,0.0
2026-10-01 20:49:00,84618.02,84633.93,84598.52,84598.52,0.0
2026-10-01 20:50:00,84598.53,84643.71,84598.52,84643.7,0.0
2026-10-01 20:51:00,84643.7,84665.31,84634.22,84634.22,0.0
2026-10-01 20:52:00,84634.23,84634.23,84634.22,84634.22,0.0
2026-10-01 20:53:00,84634.23,84634.23,84634.22,84634.22,0.0
2026-10-01 20:54:00,84634.23,84647.83,84618.0,84645.42,0.0
2026-10-01 20:55:00,84645.42,84658.0,84645.42,84657.99,0.0
2026-10-01 20:56:00,84657.99,84658.0,84646.17,84646.18,0.0
2026-10-01 20:57:00,84646.18,84646.18,84646.17,84646.18,0.0
2026-10-01 20:58:00,84646.17,84646.18,84634.0,84634.0,0.0
2026-10-01 20:59:00,84634.0,84634.01,84634.0,84634.0,0.0
2026-10-01 21:00:00,84634.01,84634.01,84634.0,84634.01,0.0
2026-10-01 21:01:00,84634.0,84634.01,84634.0,84634.01,0.0
2026-10-01 21:02:00,84634.01,84643.44,84634.0,84639.29,0.0
2026-10-01 21:03:00,84639.29,84639.3,84622.1,84622.1,0.0
2026-10-01 21:04:00,84622.1,84622.11,84620.85,84620.85,0.0
2026-10-01 21:05:00,84620.86,84620.86,84620.85,84620.85,0.0
2026-10-01 21:06:00,84620.86,84658.01,84620.86,84658.01,0.0
2026-10-01 21:07:00,84658.0,84658.01,84648.48,84648.48,0.0
2026-10-01 21:08:00,84648.48,84648.49,84646.06,84646.06,0.0
2026-10-01 21:09:00,84646.06,84646.07,84632.8,84632.81,0.0
2026-10-01 21:10:00,84632.81,84632.81,84632.8,84632.81,0.0
2026-10-01 21:11:00,84632.8,84634.01,84632.8,84634.0,0.0
2026-10-01 21:12:00,84634.0,84634.38,84634.0,84634.38,0.0
2026-10-01 21:13:00,84634.38,84646.01,84634.38,84642.92,0.0
2026-10-01 21:14:00,84642.92,84642.93,84619.55,84619.56,0.0
2026-10-01 21:15:00,84619.55,84619.56,84584.5,84584.5,0.0
2026-10-01 21:16:00,84584.51,84589.27,84566.02,84589.27,0.0
2026-10-01 21:17:00,84589.74,84624.01,84589.74,84624.01,0.0
2026-10-01 21:18:00,84624.01,84624.01,84604.83,84604.84,0.0
2026-10-01 21:19:00,84604.84,84622.01,84602.0,84622.01,0.0
2026-10-01 21:20:00,84622.01,84687.4,84622.01,84675.1,0.0
2026-10-01 21:21:00,84675.1,84675.1,84657.99,84657.99,0.0
2026-10-01 21:22:00,84657.99,84658.0,84633.63,84640.01,0.0
2026-10-01 21:23:00,84640.0,84640.01,84640.0,84640.0,0.0
2026-10-01 21:24:00,84640.0,84640.01,84616.92,84616.92,0.0
2026-10-01 21:25:00,84616.93,84616.93,84598.51,84598.52,0.0
2026-10-01 21:26:00,84598.51,84605.14,84598.51,84605.14,0.0
2026-10-01 21:27:00,84605.13,84608.01,84603.71,84608.01,0.0
2026-10-01 21:28:00,84608.01,84608.01,84598.51,84598.52,0.0
2026-10-01 21:29:00,84598.52,84598.52,84591.34,84591.35,0.0
2026-10-01 21:30:00,84591.34,84591.35,84571.54,84571.55,0.0
2026-10-01 21:31:00,84571.54,84571.95,84564.32,84571.95,0.0
2026-10-01 21:32:00,84571.94,84614.01,84571.94,84609.95,0.0
2026-10-01 21:33:00,84609.95,84609.95,84557.15,84557.15,0.0
2026-10-01 21:34:00,84557.15,84557.16,84546.84,84548.2,0.0
2026-10-01 21:35:00,84548.21,84560.01,84544.27,84560.0,0.0
2026-10-01 21:36:00,84560.01,84560.01,84560.0,84560.01,0.0
2026-10-01 21:37:00,84560.0,84560.01,84530.9,84530.9,0.0
2026-10-01 21:38:00,84530.9,84535.99,84517.72,84534.0,0.0
2026-10-01 21:39:00,84534.0,84534.01,84511.47,84533.12,0.0
2026-10-01 21:40:00,84533.12,84533.12,84507.64,84507.64,0.0
2026-10-01 21:41:00,84507.64,84520.0,84497.86,84520.0,0.0
2026-10-01 21:42:00,84519.99,84520.0,84502.63,84502.63,0.0
2026-10-01 21:43:00,84502.64,84502.64,84493.35,84502.16,0.0
2026-10-01 21:44:00,84502.16,84502.64,84494.07,84494.07,0.0
2026-10-01 21:45:00,84494.06,84498.28,84494.06,84498.28,0.0
2026-10-01 21:46:00,84498.27,84517.56,84498.27,84514.01,0.0
2026-10-01 21:47:00,84514.02,84568.56,84514.01,84568.56,0.0
2026-10-01 21:48:00,84568.56,84568.56,84560.03,84560.04,0.0
2026-10-01 21:49:00,84560.03,84572.0,84560.03,84572.0,0.0
2026-10-01 21:50:00,84571.99,84572.0,84543.38,84543.39,0.0
2026-10-01 21:51:00,84543.38,84543.39,84530.42,84530.43,0.0
2026-10-01 21:52:00,84530.43,84530.43,84520.26,84520.28,0.0
2026-10-01 21:53:00,84520.28,84535.19,84520.27,84535.18,0.0
2026-10-01 21:54:00,84535.19,84550.27,84535.18,84549.35,0.0
2026-10-01 21:55:00,84549.35,84549.36,84549.35,84549.35,0.0
2026-10-01 21:56:00,84549.36,84562.01,84549.35,84562.01,0.0
2026-10-01 21:57:00,84562.0,84562.01,84524.0,84539.78,0.0
2026-10-01 21:58:00,84539.79,84552.01,84539.78,84552.01,0.0
2026-10-01 21:59:00,84552.0,84568.0,84544.98,84544.99,0.0
2026-10-01 22:00:00,84544.99,84603.96,84537.12,84603.96,0.0
2026-10-01 22:01:00,84603.97,84648.01,84603.97,84648.01,0.0
2026-10-01 22:02:00,84648.0,84719.51,84648.0,84708.16,0.0
2026-10-01 22:03:00,84708.15,84719.82,84699.99,84702.03,0.0
2026-10-01 22:04:00,84702.02,84732.43,84675.72,84732.43,0.0
2026-10-01 22:05:00,84732.42,84780.0,84732.42,84758.1,0.0
2026-10-01 22:06:00,84758.1,84762.69,84742.99,84756.01,0.0
2026-10-01 22:07:00,84756.01,84781.15,84752.61,84752.61,0.0
2026-10-01 22:08:00,84752.61,84752.62,84719.81,84719.82,0.0
2026-10-01 22:09:00,84719.82,84723.37,84693.19,84693.2,0.0
2026-10-01 22:10:00,84693.2,84788.01,84693.19,84788.0,0.0
2026-10-01 22:11:00,84788.0,84788.01,84763.33,84770.38,0.0
2026-10-01 22:12:00,84770.01,84782.01,84752.0,84769.87,0.0
2026-10-01 22:13:00,84769.87,84769.88,84754.0,84754.01,0.0
2026-10-01 22:14:00,84754.01,84762.01,84748.59,84748.6,0.0
2026-10-01 22:15:00,84748.59,84748.6,84722.92,84726.0,0.0
2026-10-01 22:16:00,84726.01,84737.38,84725.71,84725.72,0.0
2026-10-01 22:17:00,84725.72,84769.74,84725.71,84769.74,0.0
2026-10-01 22:18:00,84769.74,84769.74,84733.63,84733.64,0.0
2026-10-01 22:19:00,84733.63,84743.56,84728.74,84734.79,0.0
2026-10-01 22:20:00,84734.79,84736.77,84709.18,84709.19,0.0
2026-10-01 22:21:00,84709.19,84750.0,84709.18,84750.0,0.0
2026-10-01 22:22:00,84749.99,84751.76,84749.99,84751.76,0.0
2026-10-01 22:23:00,84751.75,84751.76,84711.23,84718.6,0.0
2026-10-01 22:24:00,84718.6,84733.53,84718.6,84733.52,0.0
2026-10-01 22:25:00,84733.53,84736.01,84728.01,84728.02,0.0
2026-10-01 22:26:00,84728.02,84737.56,84728.01,84737.56,0.0
2026-10-01 22:27:00,84737.55,84737.56,84717.59,84717.59,0.0
2026-10-01 22:28:00,84717.59,84717.61,84717.59,84717.61,0.0
2026-10-01 22:29:00,84717.61,84717.61,84702.34,84702.34,0.0
2026-10-01 22:30:00,84702.34,84702.35,84686.4,84695.5,0.0
2026-10-01 22:31:00,84695.49,84710.01,84695.49,84710.01,0.0
2026-10-01 22:32:00,84710.0,84714.01,84705.36,84705.37,0.0
2026-10-01 22:33:00,84705.36,84708.01,84659.46,84659.47,0.0
2026-10-01 22:34:00,84659.47,84668.4,84659.47,84668.39,0.0
2026-10-01 22:35:00,84668.39,84736.01,84668.39,84736.0,0.0
2026-10-01 22:36:00,84736.0,84743.61,84734.4,84734.4,0.0
2026-10-01 22:37:00,84734.41,84758.28,84734.41,84758.27,0.0
2026-10-01 22:38:00,84758.28,84785.07,84758.27,84785.06,0.0
2026-10-01 22:39:00,84785.06,84785.07,84767.4,84767.4,0.0
2026-10-01 22:40:00,84767.4,84767.41,84754.0,84754.0,0.0
2026-10-01 22:41:00,84754.0,84756.01,84754.0,84756.01,0.0
2026-10-01 22:42:00,84756.0,84756.01,84740.26,84740.26,0.0
2026-10-01 22:43:00,84740.26,84740.26,84672.74,84684.35,0.0
2026-10-01 22:44:00,84684.36,84697.24,84678.18,84678.18,0.0
2026-10-01 22:45:00,84678.18,84678.19,84656.0,84656.01,0.0
2026-10-01 22:46:00,84656.0,84668.01,84653.74,84653.75,0.0
2026-10-01 22:47:00,84653.75,84653.75,84642.66,84642.67,0.0
2026-10-01 22:48:00,84642.67,84643.25,84642.66,84643.25,0.0
2026-10-01 22:49:00,84643.24,84643.25,84643.22,84643.23,0.0
2026-10-01 22:50:00,84643.23,84643.23,84637.59,84637.59,0.0
2026-10-01 22:51:00,84637.59,84637.59,84622.88,84622.88,0.0
2026-10-01 22:52:00,84622.89,84686.36,84622.88,84686.35,0.0
2026-10-01 22:53:00,84686.36,84711.77,84686.36,84711.76,0.0
2026-10-01 22:54:00,84711.76,84753.46,84711.76,84753.46,0.0
2026-10-01 22:55:00,84753.45,84780.01,84753.45,84767.01,0.0
2026-10-01 22:56:00,84767.0,84767.01,84754.68,84754.68,0.0
2026-10-01 22:57:00,84754.67,84754.68,84734.62,84736.0,0.0
2026-10-01 22:58:00,84736.0,84737.6,84736.0,84737.6,0.0
2026-10-01 22:59:00,84737.59,84749.74,84737.59,84749.73,0.0
2026-10-01 23:00:00,84749.74,84749.74,84682.0,84682.01,0.0
2026-10-01 23:01:00,84682.01,84692.01,84678.0,84692.01,0.0
2026-10-01 23:02:00,84692.01,84704.62,84692.0,84701.57,0.0
2026-10-01 23:03:00,84701.57,84736.01,84701.56,84736.01,0.0
2026-10-01 23:04:00,84736.0,84736.01,84727.01,84727.01,0.0
2026-10-01 23:05:00,84727.01,84727.02,84691.81,84691.81,0.0
2026-10-01 23:06:00,84691.81,84700.01,84691.81,84695.72,0.0
2026-10-01 23:07:00,84695.72,84713.61,84695.71,84696.38,0.0
2026-10-01 23:08:00,84696.38,84698.01,84693.22,84693.87,0.0
2026-10-01 23:09:00,84693.86,84693.87,84690.14,84692.03,0.0
2026-10-01 23:10:00,84692.04,84692.06,84692.03,84692.03,0.0
2026-10-01 23:11:00,84692.03,84692.04,84682.74,84682.75,0.0
2026-10-01 23:12:00,84682.74,84682.75,84679.35,84679.36,0.0
2026-10-01 23:13:00,84679.36,84679.36,84674.0,84674.01,0.0
2026-10-01 23:14:00,84674.01,84674.01,84668.12,84668.13,0.0
2026-10-01 23:15:00,84668.13,84668.13,84644.69,84644.7,0.0
2026-10-01 23:16:00,84644.69,84682.01,84644.69,84682.0,0.0
2026-10-01 23:17:00,84682.01,84695.18,84682.0,84695.18,0.0
2026-10-01 23:18:00,84695.17,84736.01,84695.17,84736.01,0.0
2026-10-01 23:19:00,84736.0,84763.59,84736.0,84763.59,0.0
2026-10-01 23:20:00,84763.58,84763.59,84738.0,84739.12,0.0
2026-10-01 23:21:00,84739.12,84739.12,84733.23,84733.23,0.0
2026-10-01 23:22:00,84733.23,84755.17,84733.23,84755.17,0.0
2026-10-01 23:23:00,84755.16,84755.17,84755.16,84755.16,0.0
2026-10-01 23:24:00,84755.17,84755.17,84755.16,84755.16,0.0
2026-10-01 23:25:00,84755.16,84755.17,84755.16,84755.16,0.0
2026-10-01 23:26:00,84755.16,84755.17,84755.16,84755.17,0.0
2026-10-01 23:27:00,84755.16,84760.0,84754.0,84760.0,0.0
2026-10-01 23:28:00,84760.0,84760.0,84739.74,84739.99,0.0
2026-10-01 23:29:00,84740.0,84769.0,84729.98,84729.98,0.0
2026-10-01 23:30:00,84729.99,84729.99,84713.91,84713.92,0.0
2026-10-01 23:31:00,84713.91,84745.71,84703.48,84745.7,0.0
2026-10-01 23:32:00,84745.71,84780.0,84745.7,84778.05,0.0
2026-10-01 23:33:00,84778.04,84794.01,84778.04,84794.01,0.0
2026-10-01 23:34:00,84794.01,84807.48,84794.0,84799.37,0.0
2026-10-01 23:35:00,84799.36,84841.06,84799.36,84828.46,0.0
2026-10-01 23:36:00,84828.46,84828.46,84823.83,84823.83,0.0
2026-10-01 23:37:00,84823.83,84823.84,84796.0,84796.0,0.0
2026-10-01 23:38:00,84796.01,84825.54,84796.0,84825.53,0.0
2026-10-01 23:39:00,84825.54,84832.01,84825.54,84830.65,0.0
2026-10-01 23:40:00,84830.65,84830.65,84816.95,84816.96,0.0
2026-10-01 23:41:00,84816.95,84816.96,84810.34,84810.34,0.0
2026-10-01 23:42:00,84810.34,84823.73,84803.9,84823.73,0.0
2026-10-01 23:43:00,84823.73,84847.89,84823.72,84847.89,0.0
2026-10-01 23:44:00,84847.89,84858.57,84838.01,84838.01,0.0
2026-10-01 23:45:00,84838.0,84838.01,84796.0,84796.0,0.0
2026-10-01 23:46:00,84796.01,84796.01,84793.22,84796.0,0.0
2026-10-01 23:47:00,84796.01,84796.01,84790.0,84790.01,0.0
2026-10-01 23:48:00,84790.0,84790.01,84790.0,84790.0,0.0
2026-10-01 23:49:00,84790.01,84836.94,84790.0,84836.94,0.0
2026-10-01 23:50:00,84836.93,84842.83,84833.42,84842.83,0.0
2026-10-01 23:51:00,84842.82,84849.11,84810.35,84849.1,0.0
2026-10-01 23:52:00,84849.11,84849.11,84808.0,84812.01,0.0
2026-10-01 23:53:00,84812.01,84845.64,84812.0,84845.63,0.0
2026-10-01 23:54:00,84845.63,84845.63,84807.22,84837.25,0.0
2026-10-01 23:55:00,84837.24,84841.67,84837.24,84841.67,0.0
2026-10-01 23:56:00,84841.67,84849.11,84841.66,84849.1,0.0
2026-10-01 23:57:00,84849.11,84858.03,84849.1,84858.02,0.0
2026-10-01 23:58:00,84858.03,84893.86,84858.03,84882.01,0.0
2026-10-01 23:59:00,84882.0,84900.0,84880.04,84880.05,0.0
2026-10-02 00:00:00,84880.05,84880.05,84816.01,84816.07,0.0
2026-10-02 00:01:00,84816.07,84836.47,84808.76,84831.19,0.0
2026-10-02 00:02:00,84831.19,84831.19,84810.54,84810.54,0.0
2026-10-02 00:03:00,84810.55,84810.55,84792.7,84792.7,0.0
2026-10-02 00:04:00,84792.7,84792.71,84772.21,84772.22,0.0
2026-10-02 00:05:00,84772.21,84816.01,84772.21,84816.0,0.0
2026-10-02 00:06:00,84816.01,84818.01,84816.0,84816.0,0.0
2026-10-02 00:07:00,84816.01,84838.89,84809.36,84809.36,0.0
2026-10-02 00:08:00,84809.36,84809.37,84780.0,84780.0,0.0
2026-10-02 00:09:00,84780.01,84796.01,84780.0,84794.35,0.0
2026-10-02 00:10:00,84794.35,84836.68,84794.35,84836.68,0.0
2026-10-02 00:11:00,84836.67,84843.56,84824.16,84824.16,0.0
2026-10-02 00:12:00,84824.16,84833.85,84816.0,84833.85,0.0
2026-10-02 00:13:00,84833.85,84917.24,84833.84,84903.0,0.0
2026-10-02 00:14:00,84903.01,84920.01,84888.52,84888.53,0.0
2026-10-02 00:15:00,84888.52,84936.81,84860.71,84936.8,0.0
2026-10-02 00:16:00,84936.81,84958.48,84834.48,84850.01,0.0
2026-10-02 00:17:00,84850.01,84913.9,84850.01,84902.01,0.0
2026-10-02 00:18:00,84902.01,84938.81,84898.0,84936.01,0.0
2026-10-02 00:19:00,84936.01,84940.0,84936.01,84939.98,0.0
2026-10-02 00:20:00,84939.98,84939.99,84918.0,84918.01,0.0
2026-10-02 00:21:00,84918.0,84926.01,84864.53,84869.01,0.0
2026-10-02 00:22:00,84869.0,84869.01,84847.43,84847.44,0.0
2026-10-02 00:23:00,84847.44,84898.0,84847.43,84898.0,0.0
2026-10-02 00:24:00,84898.0,84898.0,84892.0,84892.0,0.0
2026-10-02 00:25:00,84892.01,84892.01,84845.83,84856.0,0.0
2026-10-02 00:26:00,84856.0,84863.87,84820.34,84834.0,0.0
2026-10-02 00:27:00,84834.01,84840.41,84804.0,84821.21,0.0
2026-10-02 00:28:00,84821.21,84840.41,84821.21,84821.98,0.0
2026-10-02 00:29:00,84821.99,84821.99,84802.02,84802.02,0.0
2026-10-02 00:30:00,84802.02,84802.03,84730.29,84730.29,0.0
2026-10-02 00:31:00,84730.29,84769.64,84730.29,84748.72,0.0
2026-10-02 00:32:00,84748.73,84775.86,84748.72,84762.01,0.0
2026-10-02 00:33:00,84762.01,84765.36,84753.11,84753.14,0.0
2026-10-02 00:34:00,84753.15,84756.01,84730.0,84756.0,0.0
2026-10-02 00:35:00,84756.01,84764.01,84754.02,84764.0,0.0
2026-10-02 00:36:00,84764.0,84786.01,84764.0,84773.83,0.0
2026-10-02 00:37:00,84773.83,84773.83,84730.0,84730.0,0.0
2026-10-02 00:38:00,84730.01,84730.01,84705.04,84709.51,0.0
2026-10-02 00:39:00,84709.5,84752.35,84709.5,84752.35,0.0
2026-10-02 00:40:00,84752.34,84870.01,84750.0,84848.0,0.0
2026-10-02 00:41:00,84848.01,84890.01,84841.65,84846.55,0.0
2026-10-02 00:42:00,84846.55,84862.01,84838.19,84841.08,0.0
2026-10-02 00:43:00,84841.08,84867.84,84841.08,84867.84,0.0
2026-10-02 00:44:00,84867.83,84867.84,84824.15,84824.15,0.0
2026-10-02 00:45:00,84824.15,84824.16,84747.94,84747.94,0.0
2026-10-02 00:46:00,84747.94,84768.01,84723.52,84768.01,0.0
2026-10-02 00:47:00,84768.0,84787.53,84762.57,84776.01,0.0
2026-10-02 00:48:00,84776.01,84792.7,84776.0,84792.69,0.0
2026-10-02 00:49:00,84792.7,84792.7,84782.15,84782.16,0.0
2026-10-02 00:50:00,84782.16,84782.16,84782.15,84782.15,0.0
2026-10-02 00:51:00,84782.15,84790.01,84782.14,84782.16,0.0
2026-10-02 00:52:00,84782.16,84786.19,84769.76,84769.76,0.0
2026-10-02 00:53:00,84769.77,84789.77,84769.76,84789.76,0.0
2026-10-02 00:54:00,84789.77,84796.01,84789.76,84796.0,0.0
2026-10-02 00:55:00,84796.01,84806.01,84769.4,84769.4,0.0
2026-10-02 00:56:00,84769.41,84769.41,84742.0,84742.0,0.0
2026-10-02 00:57:00,84742.01,84810.85,84742.0,84810.85,0.0
2026-10-02 00:58:00,84810.84,84810.85,84802.0,84802.0,0.0
2026-10-02 00:59:00,84802.01,84802.01,84772.5,84784.89,0.0
2026-10-02 01:00:00,84784.89,84792.7,84750.55,84750.56,0.0
2026-10-02 01:01:00,84750.56,84764.01,84744.0,84756.82,0.0
2026-10-02 01:02:00,84756.81,84756.82,84750.56,84750.57,0.0
2026-10-02 01:03:00,84750.56,84750.56,84740.98,84740.98,0.0
2026-10-02 01:04:00,84740.98,84740.99,84733.36,84733.36,0.0
2026-10-02 01:05:00,84732.21,84741.7,84727.95,84741.7,0.0
2026-10-02 01:06:00,84741.7,84741.7,84708.52,84709.88,0.0
2026-10-02 01:07:00,84709.88,84710.01,84709.0,84709.0,0.0
2026-10-02 01:08:00,84709.01,84737.22,84709.0,84720.09,0.0
2026-10-02 01:09:00,84720.09,84720.09,84703.0,84703.0,0.0
2026-10-02 01:10:00,84703.0,84703.01,84692.23,84693.67,0.0
2026-10-02 01:11:00,84693.67,84693.67,84680.06,84687.39,0.0
2026-10-02 01:12:00,84687.4,84693.67,84684.65,84684.65,0.0
2026-10-02 01:13:00,84684.66,84684.66,84670.01,84670.02,0.0
2026-10-02 01:14:00,84670.01,84670.02,84667.64,84667.64,0.0
2026-10-02 01:15:00,84667.65,84667.65,84655.96,84655.97,0.0
2026-10-02 01:16:00,84655.97,84683.58,84655.95,84683.58,0.0
2026-10-02 01:17:00,84683.57,84700.01,84676.0,84676.01,0.0
2026-10-02 01:18:00,84676.0,84676.01,84665.26,84665.26,0.0
2026-10-02 01:19:00,84665.26,84665.27,84634.0,84637.28,0.0
2026-10-02 01:20:00,84637.27,84637.27,84582.1,84582.11,0.0
2026-10-02 01:21:00,84582.1,84582.11,84520.0,84546.1,0.0
2026-10-02 01:22:00,84546.1,84578.01,84532.0,84578.01,0.0
2026-10-02 01:23:00,84578.01,84608.01,84578.0,84599.31,0.0
2026-10-02 01:24:00,84599.31,84640.01,84595.59,84640.0,0.0
2026-10-02 01:25:00,84640.0,84658.03,84620.01,84624.93,0.0
2026-10-02 01:26:00,84624.94,84624.94,84584.0,84606.01,0.0
2026-10-02 01:27:00,84606.01,84620.01,84591.41,84591.42,0.0
2026-10-02 01:28:00,84591.41,84594.01,84588.0,84588.01,0.0
2026-10-02 01:29:00,84588.01,84614.01,84588.0,84614.01,0.0
2026-10-02 01:30:00,84614.0,84624.01,84606.0,84606.0,0.0
2026-10-02 01:31:00,84606.01,84610.0,84592.0,84610.0,0.0
2026-10-02 01:32:00,84609.99,84620.75,84605.63,84605.64,0.0
2026-10-02 01:33:00,84605.64,84628.01,84605.63,84628.01,0.0
2026-10-02 01:34:00,84628.0,84650.0,84600.0,84600.01,0.0
2026-10-02 01:35:00,84600.01,84610.01,84588.0,84608.01,0.0
2026-10-02 01:36:00,84608.01,84620.0,84589.37,84611.02,0.0
2026-10-02 01:37:00,84611.03,84650.0,84611.03,84625.44,0.0
2026-10-02 01:38:00,84625.44,84628.01,84625.44,84628.01,0.0
2026-10-02 01:39:00,84628.01,84628.01,84611.02,84611.02,0.0
2026-10-02 01:40:00,84611.03,84611.03,84606.0,84608.0,0.0
2026-10-02 01:41:00,84608.01,84608.01,84594.56,84594.57,0.0
2026-10-02 01:42:00,84594.57,84606.01,84586.0,84586.0,0.0
2026-10-02 01:43:00,84586.0,84586.01,84584.02,84584.03,0.0
2026-10-02 01:44:00,84584.03,84584.03,84578.0,84578.01,0.0
2026-10-02 01:45:00,84578.01,84592.01,84577.14,84580.01,0.0
2026-10-02 01:46:00,84580.0,84625.44,84580.0,84625.44,0.0
2026-10-02 01:47:00,84625.43,84650.0,84625.43,84650.0,0.0
2026-10-02 01:48:00,84650.0,84671.43,84649.99,84671.42,0.0
2026-10-02 01:49:00,84671.42,84671.43,84666.72,84666.72,0.0
2026-10-02 01:50:00,84666.73,84726.01,84661.33,84726.0,0.0
2026-10-02 01:51:00,84726.01,84868.08,84726.01,84864.0,0.0
2026-10-02 01:52:00,84864.0,84908.0,84856.0,84876.01,0.0
2026-10-02 01:53:00,84876.01,84986.39,84876.01,84956.0,0.0
2026-10-02 01:54:00,84956.0,84956.01,84850.0,84850.0,0.0
2026-10-02 01:55:00,84850.01,84915.99,84830.0,84915.99,0.0
2026-10-02 01:56:00,84915.99,84945.16,84912.0,84912.01,0.0
2026-10-02 01:57:00,84912.0,84926.01,84912.0,84916.99,0.0
2026-10-02 01:58:00,84917.0,84917.0,84914.97,84916.99,0.0
2026-10-02 01:59:00,84917.0,84917.0,84910.0,84910.0,0.0
2026-10-02 02:00:00,84910.01,84910.01,84866.51,84902.01,0.0
2026-10-02 02:01:00,84902.0,84950.0,84902.0,84917.49,0.0
2026-10-02 02:02:00,84917.5,84958.01,84917.49,84952.99,0.0
2026-10-02 02:03:00,84953.0,84967.61,84928.77,84928.77,0.0
2026-10-02 02:04:00,84928.78,85014.0,84928.77,85013.99,0.0
2026-10-02 02:05:00,85013.99,85045.45,84996.0,85023.07,0.0
2026-10-02 02:06:00,85023.06,85032.01,85002.0,85010.01,0.0
2026-10-02 02:07:00,85010.0,85014.01,84984.31,84984.32,0.0
2026-10-02 02:08:00,84984.31,85076.01,84984.31,85076.0,0.0
2026-10-02 02:09:00,85076.0,85109.0,85067.35,85102.12,0.0
2026-10-02 02:10:00,85102.11,85108.6,85094.35,85094.35,0.0
2026-10-02 02:11:00,85094.35,85094.36,85032.0,85032.0,0.0
2026-10-02 02:12:00,85032.01,85038.01,85018.0,85038.01,0.0
2026-10-02 02:13:00,85038.0,85082.0,85038.0,85082.0,0.0
2026-10-02 02:14:00,85082.0,85099.74,85081.99,85086.02,0.0
